#ifndef K_SERVER_DEX_H
#define K_SERVER_DEX_H

unsigned char k_server_dex_data[] = {
  0x64, 0x65, 0x78, 0x0a, 0x30, 0x33, 0x37, 0x00, 0x55, 0xdf, 0xc0, 0x7f,
  0x9a, 0xd5, 0x26, 0xde, 0x05, 0x7d, 0x8b, 0xfe, 0x90, 0xaa, 0x11, 0x42,
  0x81, 0x84, 0x07, 0x02, 0xa6, 0x93, 0x01, 0xfe, 0x44, 0xa9, 0x00, 0x00,
  0x70, 0x00, 0x00, 0x00, 0x78, 0x56, 0x34, 0x12, 0x00, 0x00, 0x00, 0x00,
  0x00, 0x00, 0x00, 0x00, 0x74, 0xa8, 0x00, 0x00, 0xb9, 0x02, 0x00, 0x00,
  0x70, 0x00, 0x00, 0x00, 0x64, 0x00, 0x00, 0x00, 0x54, 0x0b, 0x00, 0x00,
  0x73, 0x00, 0x00, 0x00, 0xe4, 0x0c, 0x00, 0x00, 0x67, 0x00, 0x00, 0x00,
  0x48, 0x12, 0x00, 0x00, 0x09, 0x01, 0x00, 0x00, 0x80, 0x15, 0x00, 0x00,
  0x16, 0x00, 0x00, 0x00, 0xc8, 0x1d, 0x00, 0x00, 0xbc, 0x88, 0x00, 0x00,
  0x88, 0x20, 0x00, 0x00, 0x92, 0x5d, 0x00, 0x00, 0xb0, 0x5d, 0x00, 0x00,
  0xcf, 0x5d, 0x00, 0x00, 0xed, 0x5d, 0x00, 0x00, 0x1a, 0x5e, 0x00, 0x00,
  0x4a, 0x5e, 0x00, 0x00, 0x7a, 0x5e, 0x00, 0x00, 0xce, 0x5e, 0x00, 0x00,
  0x1e, 0x5f, 0x00, 0x00, 0x62, 0x5f, 0x00, 0x00, 0x9e, 0x5f, 0x00, 0x00,
  0xcb, 0x5f, 0x00, 0x00, 0x14, 0x60, 0x00, 0x00, 0x45, 0x60, 0x00, 0x00,
  0x68, 0x60, 0x00, 0x00, 0xa7, 0x60, 0x00, 0x00, 0xb2, 0x60, 0x00, 0x00,
  0xca, 0x60, 0x00, 0x00, 0xd3, 0x60, 0x00, 0x00, 0xfc, 0x60, 0x00, 0x00,
  0x05, 0x61, 0x00, 0x00, 0x1a, 0x61, 0x00, 0x00, 0x23, 0x61, 0x00, 0x00,
  0x26, 0x61, 0x00, 0x00, 0x2b, 0x61, 0x00, 0x00, 0x3f, 0x61, 0x00, 0x00,
  0x4e, 0x61, 0x00, 0x00, 0x5b, 0x61, 0x00, 0x00, 0x6a, 0x61, 0x00, 0x00,
  0x7a, 0x61, 0x00, 0x00, 0x87, 0x61, 0x00, 0x00, 0x93, 0x61, 0x00, 0x00,
  0xa4, 0x61, 0x00, 0x00, 0xaf, 0x61, 0x00, 0x00, 0xb2, 0x61, 0x00, 0x00,
  0xbb, 0x61, 0x00, 0x00, 0xc3, 0x61, 0x00, 0x00, 0xce, 0x61, 0x00, 0x00,
  0xda, 0x61, 0x00, 0x00, 0xe2, 0x61, 0x00, 0x00, 0xeb, 0x61, 0x00, 0x00,
  0xf9, 0x61, 0x00, 0x00, 0x08, 0x62, 0x00, 0x00, 0x13, 0x62, 0x00, 0x00,
  0x1f, 0x62, 0x00, 0x00, 0x2a, 0x62, 0x00, 0x00, 0x36, 0x62, 0x00, 0x00,
  0x41, 0x62, 0x00, 0x00, 0x45, 0x62, 0x00, 0x00, 0x49, 0x62, 0x00, 0x00,
  0x5a, 0x62, 0x00, 0x00, 0x61, 0x62, 0x00, 0x00, 0x6c, 0x62, 0x00, 0x00,
  0x6f, 0x62, 0x00, 0x00, 0x75, 0x62, 0x00, 0x00, 0x7f, 0x62, 0x00, 0x00,
  0x87, 0x62, 0x00, 0x00, 0x8b, 0x62, 0x00, 0x00, 0x9f, 0x62, 0x00, 0x00,
  0xb3, 0x62, 0x00, 0x00, 0xc7, 0x62, 0x00, 0x00, 0xdb, 0x62, 0x00, 0x00,
  0xef, 0x62, 0x00, 0x00, 0x03, 0x63, 0x00, 0x00, 0x17, 0x63, 0x00, 0x00,
  0x29, 0x63, 0x00, 0x00, 0x3c, 0x63, 0x00, 0x00, 0x4f, 0x63, 0x00, 0x00,
  0x62, 0x63, 0x00, 0x00, 0x76, 0x63, 0x00, 0x00, 0x89, 0x63, 0x00, 0x00,
  0x9c, 0x63, 0x00, 0x00, 0xaf, 0x63, 0x00, 0x00, 0xc5, 0x63, 0x00, 0x00,
  0xdb, 0x63, 0x00, 0x00, 0xec, 0x63, 0x00, 0x00, 0xef, 0x63, 0x00, 0x00,
  0x04, 0x64, 0x00, 0x00, 0x0b, 0x64, 0x00, 0x00, 0x15, 0x64, 0x00, 0x00,
  0x1d, 0x64, 0x00, 0x00, 0x2a, 0x64, 0x00, 0x00, 0x37, 0x64, 0x00, 0x00,
  0x44, 0x64, 0x00, 0x00, 0x51, 0x64, 0x00, 0x00, 0x5f, 0x64, 0x00, 0x00,
  0x78, 0x64, 0x00, 0x00, 0x7f, 0x64, 0x00, 0x00, 0x8b, 0x64, 0x00, 0x00,
  0x9d, 0x64, 0x00, 0x00, 0xb2, 0x64, 0x00, 0x00, 0xb9, 0x64, 0x00, 0x00,
  0xda, 0x64, 0x00, 0x00, 0xec, 0x64, 0x00, 0x00, 0xff, 0x64, 0x00, 0x00,
  0x02, 0x65, 0x00, 0x00, 0x07, 0x65, 0x00, 0x00, 0x0f, 0x65, 0x00, 0x00,
  0x18, 0x65, 0x00, 0x00, 0x1c, 0x65, 0x00, 0x00, 0x20, 0x65, 0x00, 0x00,
  0x25, 0x65, 0x00, 0x00, 0x2b, 0x65, 0x00, 0x00, 0x31, 0x65, 0x00, 0x00,
  0x3b, 0x65, 0x00, 0x00, 0x3f, 0x65, 0x00, 0x00, 0x42, 0x65, 0x00, 0x00,
  0x70, 0x65, 0x00, 0x00, 0x73, 0x65, 0x00, 0x00, 0x77, 0x65, 0x00, 0x00,
  0x7b, 0x65, 0x00, 0x00, 0x82, 0x65, 0x00, 0x00, 0x91, 0x65, 0x00, 0x00,
  0x95, 0x65, 0x00, 0x00, 0x99, 0x65, 0x00, 0x00, 0x9e, 0x65, 0x00, 0x00,
  0xa4, 0x65, 0x00, 0x00, 0xac, 0x65, 0x00, 0x00, 0xb1, 0x65, 0x00, 0x00,
  0xb6, 0x65, 0x00, 0x00, 0xba, 0x65, 0x00, 0x00, 0xdd, 0x65, 0x00, 0x00,
  0x0a, 0x66, 0x00, 0x00, 0x2f, 0x66, 0x00, 0x00, 0x4a, 0x66, 0x00, 0x00,
  0x6c, 0x66, 0x00, 0x00, 0x92, 0x66, 0x00, 0x00, 0xcd, 0x66, 0x00, 0x00,
  0xf2, 0x66, 0x00, 0x00, 0x0b, 0x67, 0x00, 0x00, 0x36, 0x67, 0x00, 0x00,
  0x61, 0x67, 0x00, 0x00, 0x7e, 0x67, 0x00, 0x00, 0x95, 0x67, 0x00, 0x00,
  0xcb, 0x67, 0x00, 0x00, 0xe8, 0x67, 0x00, 0x00, 0x04, 0x68, 0x00, 0x00,
  0x1a, 0x68, 0x00, 0x00, 0x36, 0x68, 0x00, 0x00, 0x4c, 0x68, 0x00, 0x00,
  0x61, 0x68, 0x00, 0x00, 0x75, 0x68, 0x00, 0x00, 0x8d, 0x68, 0x00, 0x00,
  0x97, 0x68, 0x00, 0x00, 0xa6, 0x68, 0x00, 0x00, 0xcf, 0x68, 0x00, 0x00,
  0xf4, 0x68, 0x00, 0x00, 0x20, 0x69, 0x00, 0x00, 0x45, 0x69, 0x00, 0x00,
  0x6c, 0x69, 0x00, 0x00, 0x9e, 0x69, 0x00, 0x00, 0xbf, 0x69, 0x00, 0x00,
  0xf0, 0x69, 0x00, 0x00, 0x21, 0x6a, 0x00, 0x00, 0x52, 0x6a, 0x00, 0x00,
  0x7d, 0x6a, 0x00, 0x00, 0x9f, 0x6a, 0x00, 0x00, 0xc1, 0x6a, 0x00, 0x00,
  0xe7, 0x6a, 0x00, 0x00, 0x0d, 0x6b, 0x00, 0x00, 0x31, 0x6b, 0x00, 0x00,
  0x51, 0x6b, 0x00, 0x00, 0x83, 0x6b, 0x00, 0x00, 0xb5, 0x6b, 0x00, 0x00,
  0xe5, 0x6b, 0x00, 0x00, 0x07, 0x6c, 0x00, 0x00, 0x2e, 0x6c, 0x00, 0x00,
  0x52, 0x6c, 0x00, 0x00, 0x77, 0x6c, 0x00, 0x00, 0x97, 0x6c, 0x00, 0x00,
  0xba, 0x6c, 0x00, 0x00, 0xd9, 0x6c, 0x00, 0x00, 0xf5, 0x6c, 0x00, 0x00,
  0xfc, 0x6c, 0x00, 0x00, 0x0c, 0x6d, 0x00, 0x00, 0x26, 0x6d, 0x00, 0x00,
  0x42, 0x6d, 0x00, 0x00, 0x5a, 0x6d, 0x00, 0x00, 0x71, 0x6d, 0x00, 0x00,
  0x8d, 0x6d, 0x00, 0x00, 0xa2, 0x6d, 0x00, 0x00, 0xb4, 0x6d, 0x00, 0x00,
  0xc7, 0x6d, 0x00, 0x00, 0xdd, 0x6d, 0x00, 0x00, 0x01, 0x6e, 0x00, 0x00,
  0x12, 0x6e, 0x00, 0x00, 0x24, 0x6e, 0x00, 0x00, 0x3b, 0x6e, 0x00, 0x00,
  0x61, 0x6e, 0x00, 0x00, 0x76, 0x6e, 0x00, 0x00, 0x98, 0x6e, 0x00, 0x00,
  0xaa, 0x6e, 0x00, 0x00, 0xbc, 0x6e, 0x00, 0x00, 0xda, 0x6e, 0x00, 0x00,
  0xfd, 0x6e, 0x00, 0x00, 0x20, 0x6f, 0x00, 0x00, 0x34, 0x6f, 0x00, 0x00,
  0x5e, 0x6f, 0x00, 0x00, 0x74, 0x6f, 0x00, 0x00, 0x92, 0x6f, 0x00, 0x00,
  0xa6, 0x6f, 0x00, 0x00, 0xc1, 0x6f, 0x00, 0x00, 0xd5, 0x6f, 0x00, 0x00,
  0x02, 0x70, 0x00, 0x00, 0x16, 0x70, 0x00, 0x00, 0x2d, 0x70, 0x00, 0x00,
  0x48, 0x70, 0x00, 0x00, 0x64, 0x70, 0x00, 0x00, 0x7b, 0x70, 0x00, 0x00,
  0x91, 0x70, 0x00, 0x00, 0xa5, 0x70, 0x00, 0x00, 0xba, 0x70, 0x00, 0x00,
  0xe7, 0x70, 0x00, 0x00, 0xf0, 0x70, 0x00, 0x00, 0x03, 0x71, 0x00, 0x00,
  0x21, 0x71, 0x00, 0x00, 0x43, 0x71, 0x00, 0x00, 0x56, 0x71, 0x00, 0x00,
  0x61, 0x71, 0x00, 0x00, 0x73, 0x71, 0x00, 0x00, 0x81, 0x71, 0x00, 0x00,
  0x94, 0x71, 0x00, 0x00, 0xa4, 0x71, 0x00, 0x00, 0xac, 0x71, 0x00, 0x00,
  0xb8, 0x71, 0x00, 0x00, 0xda, 0x71, 0x00, 0x00, 0xe4, 0x71, 0x00, 0x00,
  0xee, 0x71, 0x00, 0x00, 0xf1, 0x71, 0x00, 0x00, 0xfa, 0x71, 0x00, 0x00,
  0x09, 0x72, 0x00, 0x00, 0x1f, 0x72, 0x00, 0x00, 0x35, 0x72, 0x00, 0x00,
  0x50, 0x72, 0x00, 0x00, 0x5d, 0x72, 0x00, 0x00, 0x72, 0x72, 0x00, 0x00,
  0x84, 0x72, 0x00, 0x00, 0x8f, 0x72, 0x00, 0x00, 0xa4, 0x72, 0x00, 0x00,
  0xc1, 0x72, 0x00, 0x00, 0xc6, 0x72, 0x00, 0x00, 0xd2, 0x72, 0x00, 0x00,
  0xed, 0x72, 0x00, 0x00, 0xf3, 0x72, 0x00, 0x00, 0x00, 0x73, 0x00, 0x00,
  0x1c, 0x73, 0x00, 0x00, 0x39, 0x73, 0x00, 0x00, 0x3c, 0x73, 0x00, 0x00,
  0x45, 0x73, 0x00, 0x00, 0x4e, 0x73, 0x00, 0x00, 0x52, 0x73, 0x00, 0x00,
  0x57, 0x73, 0x00, 0x00, 0x5e, 0x73, 0x00, 0x00, 0x68, 0x73, 0x00, 0x00,
  0x6c, 0x73, 0x00, 0x00, 0x70, 0x73, 0x00, 0x00, 0x75, 0x73, 0x00, 0x00,
  0x7b, 0x73, 0x00, 0x00, 0x83, 0x73, 0x00, 0x00, 0x8a, 0x73, 0x00, 0x00,
  0x8f, 0x73, 0x00, 0x00, 0x97, 0x73, 0x00, 0x00, 0x9b, 0x73, 0x00, 0x00,
  0xa0, 0x73, 0x00, 0x00, 0xa8, 0x73, 0x00, 0x00, 0xae, 0x73, 0x00, 0x00,
  0xb1, 0x73, 0x00, 0x00, 0xb5, 0x73, 0x00, 0x00, 0xba, 0x73, 0x00, 0x00,
  0xbe, 0x73, 0x00, 0x00, 0xc2, 0x73, 0x00, 0x00, 0xea, 0x73, 0x00, 0x00,
  0x12, 0x74, 0x00, 0x00, 0x36, 0x74, 0x00, 0x00, 0x3a, 0x74, 0x00, 0x00,
  0x58, 0x74, 0x00, 0x00, 0x6c, 0x74, 0x00, 0x00, 0x8f, 0x74, 0x00, 0x00,
  0xaf, 0x74, 0x00, 0x00, 0xd5, 0x74, 0x00, 0x00, 0xf8, 0x74, 0x00, 0x00,
  0x1b, 0x75, 0x00, 0x00, 0x38, 0x75, 0x00, 0x00, 0x66, 0x75, 0x00, 0x00,
  0x94, 0x75, 0x00, 0x00, 0xd7, 0x75, 0x00, 0x00, 0xfb, 0x75, 0x00, 0x00,
  0x36, 0x76, 0x00, 0x00, 0x66, 0x76, 0x00, 0x00, 0x96, 0x76, 0x00, 0x00,
  0xcc, 0x76, 0x00, 0x00, 0xfc, 0x76, 0x00, 0x00, 0x30, 0x77, 0x00, 0x00,
  0x55, 0x77, 0x00, 0x00, 0x7a, 0x77, 0x00, 0x00, 0x9c, 0x77, 0x00, 0x00,
  0xba, 0x77, 0x00, 0x00, 0xdc, 0x77, 0x00, 0x00, 0x0a, 0x78, 0x00, 0x00,
  0x29, 0x78, 0x00, 0x00, 0x57, 0x78, 0x00, 0x00, 0x79, 0x78, 0x00, 0x00,
  0x9b, 0x78, 0x00, 0x00, 0xc0, 0x78, 0x00, 0x00, 0xe4, 0x78, 0x00, 0x00,
  0x08, 0x79, 0x00, 0x00, 0x23, 0x79, 0x00, 0x00, 0x37, 0x79, 0x00, 0x00,
  0x55, 0x79, 0x00, 0x00, 0x73, 0x79, 0x00, 0x00, 0x9a, 0x79, 0x00, 0x00,
  0xbe, 0x79, 0x00, 0x00, 0xdc, 0x79, 0x00, 0x00, 0xfd, 0x79, 0x00, 0x00,
  0x1f, 0x7a, 0x00, 0x00, 0x3e, 0x7a, 0x00, 0x00, 0x60, 0x7a, 0x00, 0x00,
  0x8a, 0x7a, 0x00, 0x00, 0xb4, 0x7a, 0x00, 0x00, 0xe8, 0x7a, 0x00, 0x00,
  0x10, 0x7b, 0x00, 0x00, 0x38, 0x7b, 0x00, 0x00, 0x59, 0x7b, 0x00, 0x00,
  0x6d, 0x7b, 0x00, 0x00, 0x82, 0x7b, 0x00, 0x00, 0x97, 0x7b, 0x00, 0x00,
  0xc8, 0x7b, 0x00, 0x00, 0x00, 0x7c, 0x00, 0x00, 0x38, 0x7c, 0x00, 0x00,
  0x89, 0x7c, 0x00, 0x00, 0xd4, 0x7c, 0x00, 0x00, 0x05, 0x7d, 0x00, 0x00,
  0x50, 0x7d, 0x00, 0x00, 0x84, 0x7d, 0x00, 0x00, 0xb5, 0x7d, 0x00, 0x00,
  0xe9, 0x7d, 0x00, 0x00, 0x1a, 0x7e, 0x00, 0x00, 0x4b, 0x7e, 0x00, 0x00,
  0x79, 0x7e, 0x00, 0x00, 0xb8, 0x7e, 0x00, 0x00, 0xe9, 0x7e, 0x00, 0x00,
  0x17, 0x7f, 0x00, 0x00, 0x48, 0x7f, 0x00, 0x00, 0x80, 0x7f, 0x00, 0x00,
  0xbf, 0x7f, 0x00, 0x00, 0xe6, 0x7f, 0x00, 0x00, 0x20, 0x80, 0x00, 0x00,
  0x57, 0x80, 0x00, 0x00, 0x8e, 0x80, 0x00, 0x00, 0xc2, 0x80, 0x00, 0x00,
  0xfc, 0x80, 0x00, 0x00, 0x33, 0x81, 0x00, 0x00, 0x69, 0x81, 0x00, 0x00,
  0xa3, 0x81, 0x00, 0x00, 0xda, 0x81, 0x00, 0x00, 0x0b, 0x82, 0x00, 0x00,
  0x45, 0x82, 0x00, 0x00, 0x76, 0x82, 0x00, 0x00, 0xb0, 0x82, 0x00, 0x00,
  0xed, 0x82, 0x00, 0x00, 0x2c, 0x83, 0x00, 0x00, 0x60, 0x83, 0x00, 0x00,
  0x94, 0x83, 0x00, 0x00, 0xc8, 0x83, 0x00, 0x00, 0xf9, 0x83, 0x00, 0x00,
  0x2a, 0x84, 0x00, 0x00, 0x58, 0x84, 0x00, 0x00, 0x90, 0x84, 0x00, 0x00,
  0xbb, 0x84, 0x00, 0x00, 0xfb, 0x84, 0x00, 0x00, 0x2f, 0x85, 0x00, 0x00,
  0x63, 0x85, 0x00, 0x00, 0x9a, 0x85, 0x00, 0x00, 0xd8, 0x85, 0x00, 0x00,
  0x06, 0x86, 0x00, 0x00, 0x37, 0x86, 0x00, 0x00, 0x44, 0x86, 0x00, 0x00,
  0x58, 0x86, 0x00, 0x00, 0x6c, 0x86, 0x00, 0x00, 0x7f, 0x86, 0x00, 0x00,
  0x95, 0x86, 0x00, 0x00, 0xa8, 0x86, 0x00, 0x00, 0xcb, 0x86, 0x00, 0x00,
  0xf7, 0x86, 0x00, 0x00, 0x0c, 0x87, 0x00, 0x00, 0x32, 0x87, 0x00, 0x00,
  0x5e, 0x87, 0x00, 0x00, 0x91, 0x87, 0x00, 0x00, 0xc2, 0x87, 0x00, 0x00,
  0xe8, 0x87, 0x00, 0x00, 0x0e, 0x88, 0x00, 0x00, 0x2e, 0x88, 0x00, 0x00,
  0x55, 0x88, 0x00, 0x00, 0x78, 0x88, 0x00, 0x00, 0x98, 0x88, 0x00, 0x00,
  0xc1, 0x88, 0x00, 0x00, 0xe7, 0x88, 0x00, 0x00, 0xee, 0x88, 0x00, 0x00,
  0xfa, 0x88, 0x00, 0x00, 0x06, 0x89, 0x00, 0x00, 0x12, 0x89, 0x00, 0x00,
  0x1f, 0x89, 0x00, 0x00, 0x33, 0x89, 0x00, 0x00, 0x43, 0x89, 0x00, 0x00,
  0x58, 0x89, 0x00, 0x00, 0x61, 0x89, 0x00, 0x00, 0x7d, 0x89, 0x00, 0x00,
  0xac, 0x89, 0x00, 0x00, 0xc9, 0x89, 0x00, 0x00, 0xd1, 0x89, 0x00, 0x00,
  0xd6, 0x89, 0x00, 0x00, 0xdc, 0x89, 0x00, 0x00, 0xe7, 0x89, 0x00, 0x00,
  0xea, 0x89, 0x00, 0x00, 0xfd, 0x89, 0x00, 0x00, 0x0f, 0x8a, 0x00, 0x00,
  0x17, 0x8a, 0x00, 0x00, 0x1e, 0x8a, 0x00, 0x00, 0x27, 0x8a, 0x00, 0x00,
  0x2e, 0x8a, 0x00, 0x00, 0x3d, 0x8a, 0x00, 0x00, 0x46, 0x8a, 0x00, 0x00,
  0x66, 0x8a, 0x00, 0x00, 0x7d, 0x8a, 0x00, 0x00, 0x84, 0x8a, 0x00, 0x00,
  0x8b, 0x8a, 0x00, 0x00, 0x9d, 0x8a, 0x00, 0x00, 0xa2, 0x8a, 0x00, 0x00,
  0xb5, 0x8a, 0x00, 0x00, 0xbf, 0x8a, 0x00, 0x00, 0xc7, 0x8a, 0x00, 0x00,
  0xd0, 0x8a, 0x00, 0x00, 0xd8, 0x8a, 0x00, 0x00, 0xe7, 0x8a, 0x00, 0x00,
  0xfa, 0x8a, 0x00, 0x00, 0x10, 0x8b, 0x00, 0x00, 0x2c, 0x8b, 0x00, 0x00,
  0x3f, 0x8b, 0x00, 0x00, 0x42, 0x8b, 0x00, 0x00, 0x48, 0x8b, 0x00, 0x00,
  0x52, 0x8b, 0x00, 0x00, 0x6a, 0x8b, 0x00, 0x00, 0x76, 0x8b, 0x00, 0x00,
  0x86, 0x8b, 0x00, 0x00, 0x92, 0x8b, 0x00, 0x00, 0xa8, 0x8b, 0x00, 0x00,
  0xb4, 0x8b, 0x00, 0x00, 0xbf, 0x8b, 0x00, 0x00, 0xd2, 0x8b, 0x00, 0x00,
  0xdf, 0x8b, 0x00, 0x00, 0xef, 0x8b, 0x00, 0x00, 0xfc, 0x8b, 0x00, 0x00,
  0x0a, 0x8c, 0x00, 0x00, 0x0f, 0x8c, 0x00, 0x00, 0x14, 0x8c, 0x00, 0x00,
  0x17, 0x8c, 0x00, 0x00, 0x1f, 0x8c, 0x00, 0x00, 0x24, 0x8c, 0x00, 0x00,
  0x2a, 0x8c, 0x00, 0x00, 0x3d, 0x8c, 0x00, 0x00, 0x44, 0x8c, 0x00, 0x00,
  0x4d, 0x8c, 0x00, 0x00, 0x55, 0x8c, 0x00, 0x00, 0x5a, 0x8c, 0x00, 0x00,
  0x6e, 0x8c, 0x00, 0x00, 0x84, 0x8c, 0x00, 0x00, 0x8f, 0x8c, 0x00, 0x00,
  0xa2, 0x8c, 0x00, 0x00, 0xbb, 0x8c, 0x00, 0x00, 0xc5, 0x8c, 0x00, 0x00,
  0xe4, 0x8c, 0x00, 0x00, 0xed, 0x8c, 0x00, 0x00, 0xfa, 0x8c, 0x00, 0x00,
  0x0c, 0x8d, 0x00, 0x00, 0x1f, 0x8d, 0x00, 0x00, 0x2d, 0x8d, 0x00, 0x00,
  0x3c, 0x8d, 0x00, 0x00, 0x4c, 0x8d, 0x00, 0x00, 0x62, 0x8d, 0x00, 0x00,
  0x75, 0x8d, 0x00, 0x00, 0x7d, 0x8d, 0x00, 0x00, 0x87, 0x8d, 0x00, 0x00,
  0xa3, 0x8d, 0x00, 0x00, 0xbc, 0x8d, 0x00, 0x00, 0xdc, 0x8d, 0x00, 0x00,
  0xfe, 0x8d, 0x00, 0x00, 0x09, 0x8e, 0x00, 0x00, 0x16, 0x8e, 0x00, 0x00,
  0x29, 0x8e, 0x00, 0x00, 0x31, 0x8e, 0x00, 0x00, 0x4a, 0x8e, 0x00, 0x00,
  0x59, 0x8e, 0x00, 0x00, 0x65, 0x8e, 0x00, 0x00, 0x70, 0x8e, 0x00, 0x00,
  0x78, 0x8e, 0x00, 0x00, 0x87, 0x8e, 0x00, 0x00, 0x93, 0x8e, 0x00, 0x00,
  0x9e, 0x8e, 0x00, 0x00, 0xa7, 0x8e, 0x00, 0x00, 0xb5, 0x8e, 0x00, 0x00,
  0xbe, 0x8e, 0x00, 0x00, 0xd0, 0x8e, 0x00, 0x00, 0xe3, 0x8e, 0x00, 0x00,
  0xf3, 0x8e, 0x00, 0x00, 0xfe, 0x8e, 0x00, 0x00, 0x15, 0x8f, 0x00, 0x00,
  0x32, 0x8f, 0x00, 0x00, 0x4b, 0x8f, 0x00, 0x00, 0x6a, 0x8f, 0x00, 0x00,
  0x7a, 0x8f, 0x00, 0x00, 0x85, 0x8f, 0x00, 0x00, 0x98, 0x8f, 0x00, 0x00,
  0xa5, 0x8f, 0x00, 0x00, 0xb2, 0x8f, 0x00, 0x00, 0xc0, 0x8f, 0x00, 0x00,
  0xd9, 0x8f, 0x00, 0x00, 0xf7, 0x8f, 0x00, 0x00, 0x00, 0x90, 0x00, 0x00,
  0x0f, 0x90, 0x00, 0x00, 0x1e, 0x90, 0x00, 0x00, 0x2a, 0x90, 0x00, 0x00,
  0x3c, 0x90, 0x00, 0x00, 0x48, 0x90, 0x00, 0x00, 0x54, 0x90, 0x00, 0x00,
  0x61, 0x90, 0x00, 0x00, 0x6b, 0x90, 0x00, 0x00, 0x6e, 0x90, 0x00, 0x00,
  0x8a, 0x90, 0x00, 0x00, 0xaa, 0x90, 0x00, 0x00, 0xb0, 0x90, 0x00, 0x00,
  0xba, 0x90, 0x00, 0x00, 0xc8, 0x90, 0x00, 0x00, 0xd0, 0x90, 0x00, 0x00,
  0xd3, 0x90, 0x00, 0x00, 0xda, 0x90, 0x00, 0x00, 0xe7, 0x90, 0x00, 0x00,
  0xf2, 0x90, 0x00, 0x00, 0xff, 0x90, 0x00, 0x00, 0x0b, 0x91, 0x00, 0x00,
  0x19, 0x91, 0x00, 0x00, 0x2c, 0x91, 0x00, 0x00, 0x3e, 0x91, 0x00, 0x00,
  0x54, 0x91, 0x00, 0x00, 0x5c, 0x91, 0x00, 0x00, 0x65, 0x91, 0x00, 0x00,
  0x70, 0x91, 0x00, 0x00, 0x7f, 0x91, 0x00, 0x00, 0x8a, 0x91, 0x00, 0x00,
  0x95, 0x91, 0x00, 0x00, 0x98, 0x91, 0x00, 0x00, 0xa9, 0x91, 0x00, 0x00,
  0xaf, 0x91, 0x00, 0x00, 0xb9, 0x91, 0x00, 0x00, 0xcb, 0x91, 0x00, 0x00,
  0xdd, 0x91, 0x00, 0x00, 0xec, 0x91, 0x00, 0x00, 0xf8, 0x91, 0x00, 0x00,
  0x08, 0x92, 0x00, 0x00, 0x0d, 0x92, 0x00, 0x00, 0x15, 0x92, 0x00, 0x00,
  0x1c, 0x92, 0x00, 0x00, 0x25, 0x92, 0x00, 0x00, 0x2c, 0x92, 0x00, 0x00,
  0x32, 0x92, 0x00, 0x00, 0x45, 0x92, 0x00, 0x00, 0x54, 0x92, 0x00, 0x00,
  0x62, 0x92, 0x00, 0x00, 0x68, 0x92, 0x00, 0x00, 0x6e, 0x92, 0x00, 0x00,
  0x75, 0x92, 0x00, 0x00, 0x7e, 0x92, 0x00, 0x00, 0x83, 0x92, 0x00, 0x00,
  0x92, 0x92, 0x00, 0x00, 0x9d, 0x92, 0x00, 0x00, 0xa6, 0x92, 0x00, 0x00,
  0xb2, 0x92, 0x00, 0x00, 0xbb, 0x92, 0x00, 0x00, 0xc3, 0x92, 0x00, 0x00,
  0xca, 0x92, 0x00, 0x00, 0xd0, 0x92, 0x00, 0x00, 0xd4, 0x92, 0x00, 0x00,
  0xda, 0x92, 0x00, 0x00, 0xe7, 0x92, 0x00, 0x00, 0xf1, 0x92, 0x00, 0x00,
  0xfb, 0x92, 0x00, 0x00, 0x07, 0x93, 0x00, 0x00, 0x0a, 0x93, 0x00, 0x00,
  0x0f, 0x93, 0x00, 0x00, 0x14, 0x93, 0x00, 0x00, 0x26, 0x93, 0x00, 0x00,
  0x37, 0x93, 0x00, 0x00, 0x3e, 0x93, 0x00, 0x00, 0x47, 0x93, 0x00, 0x00,
  0x54, 0x93, 0x00, 0x00, 0x59, 0x93, 0x00, 0x00, 0x69, 0x93, 0x00, 0x00,
  0x73, 0x93, 0x00, 0x00, 0x86, 0x93, 0x00, 0x00, 0x93, 0x93, 0x00, 0x00,
  0x9a, 0x93, 0x00, 0x00, 0xa0, 0x93, 0x00, 0x00, 0xaa, 0x93, 0x00, 0x00,
  0xb0, 0x93, 0x00, 0x00, 0xc3, 0x93, 0x00, 0x00, 0xca, 0x93, 0x00, 0x00,
  0xdb, 0x93, 0x00, 0x00, 0xe7, 0x93, 0x00, 0x00, 0xf0, 0x93, 0x00, 0x00,
  0xfe, 0x93, 0x00, 0x00, 0x10, 0x94, 0x00, 0x00, 0x20, 0x94, 0x00, 0x00,
  0x28, 0x94, 0x00, 0x00, 0x34, 0x94, 0x00, 0x00, 0x3c, 0x94, 0x00, 0x00,
  0x45, 0x94, 0x00, 0x00, 0x55, 0x94, 0x00, 0x00, 0x5f, 0x94, 0x00, 0x00,
  0x67, 0x94, 0x00, 0x00, 0x7a, 0x94, 0x00, 0x00, 0x82, 0x94, 0x00, 0x00,
  0x8c, 0x94, 0x00, 0x00, 0x94, 0x94, 0x00, 0x00, 0x9f, 0x94, 0x00, 0x00,
  0xab, 0x94, 0x00, 0x00, 0xb6, 0x94, 0x00, 0x00, 0xbb, 0x94, 0x00, 0x00,
  0xd9, 0x94, 0x00, 0x00, 0xef, 0x94, 0x00, 0x00, 0xfb, 0x94, 0x00, 0x00,
  0x07, 0x95, 0x00, 0x00, 0x0f, 0x95, 0x00, 0x00, 0x19, 0x95, 0x00, 0x00,
  0x1e, 0x95, 0x00, 0x00, 0x42, 0x95, 0x00, 0x00, 0x58, 0x95, 0x00, 0x00,
  0x6d, 0x95, 0x00, 0x00, 0x88, 0x95, 0x00, 0x00, 0x9e, 0x95, 0x00, 0x00,
  0xb1, 0x95, 0x00, 0x00, 0xb9, 0x95, 0x00, 0x00, 0xc5, 0x95, 0x00, 0x00,
  0xd4, 0x95, 0x00, 0x00, 0xdd, 0x95, 0x00, 0x00, 0xfa, 0x95, 0x00, 0x00,
  0x02, 0x96, 0x00, 0x00, 0x12, 0x96, 0x00, 0x00, 0x21, 0x96, 0x00, 0x00,
  0x2d, 0x96, 0x00, 0x00, 0x39, 0x96, 0x00, 0x00, 0x45, 0x96, 0x00, 0x00,
  0x4b, 0x96, 0x00, 0x00, 0x52, 0x96, 0x00, 0x00, 0x5e, 0x96, 0x00, 0x00,
  0x65, 0x96, 0x00, 0x00, 0x70, 0x96, 0x00, 0x00, 0x89, 0x96, 0x00, 0x00,
  0xa2, 0x96, 0x00, 0x00, 0xae, 0x96, 0x00, 0x00, 0xb4, 0x96, 0x00, 0x00,
  0xbf, 0x96, 0x00, 0x00, 0xc8, 0x96, 0x00, 0x00, 0xd1, 0x96, 0x00, 0x00,
  0xdd, 0x96, 0x00, 0x00, 0xed, 0x96, 0x00, 0x00, 0xf6, 0x96, 0x00, 0x00,
  0xff, 0x96, 0x00, 0x00, 0x05, 0x97, 0x00, 0x00, 0x0d, 0x97, 0x00, 0x00,
  0x15, 0x97, 0x00, 0x00, 0x20, 0x97, 0x00, 0x00, 0x2b, 0x97, 0x00, 0x00,
  0x33, 0x97, 0x00, 0x00, 0x3d, 0x97, 0x00, 0x00, 0x4a, 0x97, 0x00, 0x00,
  0x51, 0x97, 0x00, 0x00, 0x5c, 0x97, 0x00, 0x00, 0x6f, 0x97, 0x00, 0x00,
  0x79, 0x97, 0x00, 0x00, 0x7c, 0x97, 0x00, 0x00, 0x8c, 0x97, 0x00, 0x00,
  0x93, 0x97, 0x00, 0x00, 0x9c, 0x97, 0x00, 0x00, 0xa4, 0x97, 0x00, 0x00,
  0xb4, 0x97, 0x00, 0x00, 0xc9, 0x97, 0x00, 0x00, 0xcc, 0x97, 0x00, 0x00,
  0xd3, 0x97, 0x00, 0x00, 0xd9, 0x97, 0x00, 0x00, 0xe0, 0x97, 0x00, 0x00,
  0xeb, 0x97, 0x00, 0x00, 0xee, 0x97, 0x00, 0x00, 0xf2, 0x97, 0x00, 0x00,
  0xf5, 0x97, 0x00, 0x00, 0x10, 0x98, 0x00, 0x00, 0x48, 0x98, 0x00, 0x00,
  0x51, 0x98, 0x00, 0x00, 0x60, 0x98, 0x00, 0x00, 0x4b, 0x00, 0x00, 0x00,
  0x5e, 0x00, 0x00, 0x00, 0x69, 0x00, 0x00, 0x00, 0x78, 0x00, 0x00, 0x00,
  0x79, 0x00, 0x00, 0x00, 0x7a, 0x00, 0x00, 0x00, 0x7b, 0x00, 0x00, 0x00,
  0x7c, 0x00, 0x00, 0x00, 0x7d, 0x00, 0x00, 0x00, 0x7e, 0x00, 0x00, 0x00,
  0x7f, 0x00, 0x00, 0x00, 0x80, 0x00, 0x00, 0x00, 0x81, 0x00, 0x00, 0x00,
  0x82, 0x00, 0x00, 0x00, 0x83, 0x00, 0x00, 0x00, 0x84, 0x00, 0x00, 0x00,
  0x85, 0x00, 0x00, 0x00, 0x86, 0x00, 0x00, 0x00, 0x87, 0x00, 0x00, 0x00,
  0x88, 0x00, 0x00, 0x00, 0x89, 0x00, 0x00, 0x00, 0x8a, 0x00, 0x00, 0x00,
  0x8b, 0x00, 0x00, 0x00, 0x8c, 0x00, 0x00, 0x00, 0x8d, 0x00, 0x00, 0x00,
  0x90, 0x00, 0x00, 0x00, 0x91, 0x00, 0x00, 0x00, 0x92, 0x00, 0x00, 0x00,
  0x93, 0x00, 0x00, 0x00, 0x94, 0x00, 0x00, 0x00, 0x95, 0x00, 0x00, 0x00,
  0x96, 0x00, 0x00, 0x00, 0x97, 0x00, 0x00, 0x00, 0x98, 0x00, 0x00, 0x00,
  0x99, 0x00, 0x00, 0x00, 0x9a, 0x00, 0x00, 0x00, 0x9b, 0x00, 0x00, 0x00,
  0x9c, 0x00, 0x00, 0x00, 0x9d, 0x00, 0x00, 0x00, 0x9e, 0x00, 0x00, 0x00,
  0x9f, 0x00, 0x00, 0x00, 0xa0, 0x00, 0x00, 0x00, 0xa1, 0x00, 0x00, 0x00,
  0xa2, 0x00, 0x00, 0x00, 0xa3, 0x00, 0x00, 0x00, 0xa4, 0x00, 0x00, 0x00,
  0xa5, 0x00, 0x00, 0x00, 0xa6, 0x00, 0x00, 0x00, 0xa7, 0x00, 0x00, 0x00,
  0xa8, 0x00, 0x00, 0x00, 0xa9, 0x00, 0x00, 0x00, 0xaa, 0x00, 0x00, 0x00,
  0xab, 0x00, 0x00, 0x00, 0xad, 0x00, 0x00, 0x00, 0xae, 0x00, 0x00, 0x00,
  0xaf, 0x00, 0x00, 0x00, 0xb0, 0x00, 0x00, 0x00, 0xb1, 0x00, 0x00, 0x00,
  0xb2, 0x00, 0x00, 0x00, 0xb3, 0x00, 0x00, 0x00, 0xb5, 0x00, 0x00, 0x00,
  0xb7, 0x00, 0x00, 0x00, 0xb9, 0x00, 0x00, 0x00, 0xba, 0x00, 0x00, 0x00,
  0xbb, 0x00, 0x00, 0x00, 0xbc, 0x00, 0x00, 0x00, 0xbd, 0x00, 0x00, 0x00,
  0xbe, 0x00, 0x00, 0x00, 0xbf, 0x00, 0x00, 0x00, 0xc0, 0x00, 0x00, 0x00,
  0xc1, 0x00, 0x00, 0x00, 0xc2, 0x00, 0x00, 0x00, 0xc3, 0x00, 0x00, 0x00,
  0xc4, 0x00, 0x00, 0x00, 0xc5, 0x00, 0x00, 0x00, 0xc6, 0x00, 0x00, 0x00,
  0xc7, 0x00, 0x00, 0x00, 0xc8, 0x00, 0x00, 0x00, 0xc9, 0x00, 0x00, 0x00,
  0xca, 0x00, 0x00, 0x00, 0xcb, 0x00, 0x00, 0x00, 0xcc, 0x00, 0x00, 0x00,
  0xcd, 0x00, 0x00, 0x00, 0xce, 0x00, 0x00, 0x00, 0xcf, 0x00, 0x00, 0x00,
  0xd0, 0x00, 0x00, 0x00, 0xd1, 0x00, 0x00, 0x00, 0xd2, 0x00, 0x00, 0x00,
  0xd3, 0x00, 0x00, 0x00, 0xf6, 0x00, 0x00, 0x00, 0x09, 0x01, 0x00, 0x00,
  0x0c, 0x01, 0x00, 0x00, 0x0d, 0x01, 0x00, 0x00, 0x11, 0x01, 0x00, 0x00,
  0x12, 0x01, 0x00, 0x00, 0x40, 0x01, 0x00, 0x00, 0x41, 0x01, 0x00, 0x00,
  0x42, 0x01, 0x00, 0x00, 0x43, 0x01, 0x00, 0x00, 0x44, 0x01, 0x00, 0x00,
  0x5e, 0x00, 0x00, 0x00, 0x01, 0x00, 0x00, 0x00, 0x00, 0x00, 0x00, 0x00,
  0x5f, 0x00, 0x00, 0x00, 0x01, 0x00, 0x00, 0x00, 0xc8, 0x5b, 0x00, 0x00,
  0x60, 0x00, 0x00, 0x00, 0x01, 0x00, 0x00, 0x00, 0xd0, 0x5b, 0x00, 0x00,
  0x61, 0x00, 0x00, 0x00, 0x01, 0x00, 0x00, 0x00, 0xe0, 0x5b, 0x00, 0x00,
  0x62, 0x00, 0x00, 0x00, 0x01, 0x00, 0x00, 0x00, 0xf0, 0x5b, 0x00, 0x00,
  0x63, 0x00, 0x00, 0x00, 0x01, 0x00, 0x00, 0x00, 0xf8, 0x5b, 0x00, 0x00,
  0x63, 0x00, 0x00, 0x00, 0x01, 0x00, 0x00, 0x00, 0x00, 0x5c, 0x00, 0x00,
  0x63, 0x00, 0x00, 0x00, 0x01, 0x00, 0x00, 0x00, 0x08, 0x5c, 0x00, 0x00,
  0x64, 0x00, 0x00, 0x00, 0x01, 0x00, 0x00, 0x00, 0x10, 0x5c, 0x00, 0x00,
  0x65, 0x00, 0x00, 0x00, 0x01, 0x00, 0x00, 0x00, 0x18, 0x5c, 0x00, 0x00,
  0x68, 0x00, 0x00, 0x00, 0x01, 0x00, 0x00, 0x00, 0x24, 0x5c, 0x00, 0x00,
  0x63, 0x00, 0x00, 0x00, 0x01, 0x00, 0x00, 0x00, 0x2c, 0x5c, 0x00, 0x00,
  0x63, 0x00, 0x00, 0x00, 0x01, 0x00, 0x00, 0x00, 0x34, 0x5c, 0x00, 0x00,
  0x69, 0x00, 0x00, 0x00, 0x02, 0x00, 0x00, 0x00, 0x00, 0x00, 0x00, 0x00,
  0x71, 0x00, 0x00, 0x00, 0x04, 0x00, 0x00, 0x00, 0x08, 0x5c, 0x00, 0x00,
  0x6b, 0x00, 0x00, 0x00, 0x05, 0x00, 0x00, 0x00, 0x00, 0x00, 0x00, 0x00,
  0x6b, 0x00, 0x00, 0x00, 0x06, 0x00, 0x00, 0x00, 0x00, 0x00, 0x00, 0x00,
  0x6b, 0x00, 0x00, 0x00, 0x08, 0x00, 0x00, 0x00, 0x00, 0x00, 0x00, 0x00,
  0x72, 0x00, 0x00, 0x00, 0x08, 0x00, 0x00, 0x00, 0x3c, 0x5c, 0x00, 0x00,
  0x6b, 0x00, 0x00, 0x00, 0x0a, 0x00, 0x00, 0x00, 0x00, 0x00, 0x00, 0x00,
  0x6b, 0x00, 0x00, 0x00, 0x0b, 0x00, 0x00, 0x00, 0x00, 0x00, 0x00, 0x00,
  0x74, 0x00, 0x00, 0x00, 0x0d, 0x00, 0x00, 0x00, 0x44, 0x5c, 0x00, 0x00,
  0x6b, 0x00, 0x00, 0x00, 0x0f, 0x00, 0x00, 0x00, 0x00, 0x00, 0x00, 0x00,
  0x6e, 0x00, 0x00, 0x00, 0x11, 0x00, 0x00, 0x00, 0x54, 0x5c, 0x00, 0x00,
  0x6b, 0x00, 0x00, 0x00, 0x15, 0x00, 0x00, 0x00, 0x00, 0x00, 0x00, 0x00,
  0x70, 0x00, 0x00, 0x00, 0x15, 0x00, 0x00, 0x00, 0xf0, 0x5b, 0x00, 0x00,
  0x76, 0x00, 0x00, 0x00, 0x15, 0x00, 0x00, 0x00, 0x60, 0x5c, 0x00, 0x00,
  0x6b, 0x00, 0x00, 0x00, 0x16, 0x00, 0x00, 0x00, 0x00, 0x00, 0x00, 0x00,
  0x6b, 0x00, 0x00, 0x00, 0x18, 0x00, 0x00, 0x00, 0x00, 0x00, 0x00, 0x00,
  0x6b, 0x00, 0x00, 0x00, 0x1a, 0x00, 0x00, 0x00, 0x00, 0x00, 0x00, 0x00,
  0x6d, 0x00, 0x00, 0x00, 0x1b, 0x00, 0x00, 0x00, 0x68, 0x5c, 0x00, 0x00,
  0x6b, 0x00, 0x00, 0x00, 0x1c, 0x00, 0x00, 0x00, 0x00, 0x00, 0x00, 0x00,
  0x6d, 0x00, 0x00, 0x00, 0x1c, 0x00, 0x00, 0x00, 0x68, 0x5c, 0x00, 0x00,
  0x71, 0x00, 0x00, 0x00, 0x1d, 0x00, 0x00, 0x00, 0x08, 0x5c, 0x00, 0x00,
  0x6b, 0x00, 0x00, 0x00, 0x20, 0x00, 0x00, 0x00, 0x00, 0x00, 0x00, 0x00,
  0x6b, 0x00, 0x00, 0x00, 0x23, 0x00, 0x00, 0x00, 0x00, 0x00, 0x00, 0x00,
  0x6b, 0x00, 0x00, 0x00, 0x29, 0x00, 0x00, 0x00, 0x00, 0x00, 0x00, 0x00,
  0x71, 0x00, 0x00, 0x00, 0x29, 0x00, 0x00, 0x00, 0x08, 0x5c, 0x00, 0x00,
  0x77, 0x00, 0x00, 0x00, 0x3b, 0x00, 0x00, 0x00, 0x24, 0x5c, 0x00, 0x00,
  0x6b, 0x00, 0x00, 0x00, 0x3c, 0x00, 0x00, 0x00, 0x00, 0x00, 0x00, 0x00,
  0x71, 0x00, 0x00, 0x00, 0x3c, 0x00, 0x00, 0x00, 0x08, 0x5c, 0x00, 0x00,
  0x75, 0x00, 0x00, 0x00, 0x3e, 0x00, 0x00, 0x00, 0x70, 0x5c, 0x00, 0x00,
  0x6d, 0x00, 0x00, 0x00, 0x41, 0x00, 0x00, 0x00, 0x68, 0x5c, 0x00, 0x00,
  0x70, 0x00, 0x00, 0x00, 0x43, 0x00, 0x00, 0x00, 0xf0, 0x5b, 0x00, 0x00,
  0x6b, 0x00, 0x00, 0x00, 0x48, 0x00, 0x00, 0x00, 0x00, 0x00, 0x00, 0x00,
  0x71, 0x00, 0x00, 0x00, 0x48, 0x00, 0x00, 0x00, 0x00, 0x5c, 0x00, 0x00,
  0x75, 0x00, 0x00, 0x00, 0x48, 0x00, 0x00, 0x00, 0x78, 0x5c, 0x00, 0x00,
  0x6b, 0x00, 0x00, 0x00, 0x4c, 0x00, 0x00, 0x00, 0x00, 0x00, 0x00, 0x00,
  0x6d, 0x00, 0x00, 0x00, 0x4c, 0x00, 0x00, 0x00, 0x68, 0x5c, 0x00, 0x00,
  0x71, 0x00, 0x00, 0x00, 0x4c, 0x00, 0x00, 0x00, 0x08, 0x5c, 0x00, 0x00,
  0x6c, 0x00, 0x00, 0x00, 0x4d, 0x00, 0x00, 0x00, 0x80, 0x5c, 0x00, 0x00,
  0x6d, 0x00, 0x00, 0x00, 0x4d, 0x00, 0x00, 0x00, 0x68, 0x5c, 0x00, 0x00,
  0x70, 0x00, 0x00, 0x00, 0x4d, 0x00, 0x00, 0x00, 0xf0, 0x5b, 0x00, 0x00,
  0x71, 0x00, 0x00, 0x00, 0x4d, 0x00, 0x00, 0x00, 0x00, 0x5c, 0x00, 0x00,
  0x71, 0x00, 0x00, 0x00, 0x4d, 0x00, 0x00, 0x00, 0x08, 0x5c, 0x00, 0x00,
  0x77, 0x00, 0x00, 0x00, 0x4d, 0x00, 0x00, 0x00, 0x24, 0x5c, 0x00, 0x00,
  0x71, 0x00, 0x00, 0x00, 0x52, 0x00, 0x00, 0x00, 0x08, 0x5c, 0x00, 0x00,
  0x6b, 0x00, 0x00, 0x00, 0x53, 0x00, 0x00, 0x00, 0x00, 0x00, 0x00, 0x00,
  0x75, 0x00, 0x00, 0x00, 0x53, 0x00, 0x00, 0x00, 0x88, 0x5c, 0x00, 0x00,
  0x6b, 0x00, 0x00, 0x00, 0x54, 0x00, 0x00, 0x00, 0x00, 0x00, 0x00, 0x00,
  0x6d, 0x00, 0x00, 0x00, 0x54, 0x00, 0x00, 0x00, 0x68, 0x5c, 0x00, 0x00,
  0x71, 0x00, 0x00, 0x00, 0x54, 0x00, 0x00, 0x00, 0x90, 0x5c, 0x00, 0x00,
  0x73, 0x00, 0x00, 0x00, 0x54, 0x00, 0x00, 0x00, 0x98, 0x5c, 0x00, 0x00,
  0x71, 0x00, 0x00, 0x00, 0x58, 0x00, 0x00, 0x00, 0xa4, 0x5c, 0x00, 0x00,
  0xf6, 0x00, 0x00, 0x00, 0x59, 0x00, 0x00, 0x00, 0x00, 0x00, 0x00, 0x00,
  0xf9, 0x00, 0x00, 0x00, 0x59, 0x00, 0x00, 0x00, 0x68, 0x5c, 0x00, 0x00,
  0xfa, 0x00, 0x00, 0x00, 0x59, 0x00, 0x00, 0x00, 0xc8, 0x5b, 0x00, 0x00,
  0xfb, 0x00, 0x00, 0x00, 0x59, 0x00, 0x00, 0x00, 0x54, 0x5c, 0x00, 0x00,
  0xfc, 0x00, 0x00, 0x00, 0x59, 0x00, 0x00, 0x00, 0xac, 0x5c, 0x00, 0x00,
  0xfd, 0x00, 0x00, 0x00, 0x59, 0x00, 0x00, 0x00, 0xf0, 0x5b, 0x00, 0x00,
  0xfe, 0x00, 0x00, 0x00, 0x59, 0x00, 0x00, 0x00, 0xc0, 0x5c, 0x00, 0x00,
  0xfe, 0x00, 0x00, 0x00, 0x59, 0x00, 0x00, 0x00, 0xc8, 0x5c, 0x00, 0x00,
  0x03, 0x01, 0x00, 0x00, 0x59, 0x00, 0x00, 0x00, 0xd0, 0x5c, 0x00, 0x00,
  0xfe, 0x00, 0x00, 0x00, 0x59, 0x00, 0x00, 0x00, 0xd8, 0x5c, 0x00, 0x00,
  0xfe, 0x00, 0x00, 0x00, 0x59, 0x00, 0x00, 0x00, 0xe0, 0x5c, 0x00, 0x00,
  0xff, 0x00, 0x00, 0x00, 0x59, 0x00, 0x00, 0x00, 0xe8, 0x5c, 0x00, 0x00,
  0x02, 0x01, 0x00, 0x00, 0x59, 0x00, 0x00, 0x00, 0xf0, 0x5c, 0x00, 0x00,
  0x03, 0x01, 0x00, 0x00, 0x59, 0x00, 0x00, 0x00, 0xfc, 0x5c, 0x00, 0x00,
  0x04, 0x01, 0x00, 0x00, 0x59, 0x00, 0x00, 0x00, 0x04, 0x5d, 0x00, 0x00,
  0xfe, 0x00, 0x00, 0x00, 0x59, 0x00, 0x00, 0x00, 0x14, 0x5d, 0x00, 0x00,
  0xfe, 0x00, 0x00, 0x00, 0x59, 0x00, 0x00, 0x00, 0x1c, 0x5d, 0x00, 0x00,
  0xfe, 0x00, 0x00, 0x00, 0x59, 0x00, 0x00, 0x00, 0x24, 0x5d, 0x00, 0x00,
  0xfe, 0x00, 0x00, 0x00, 0x59, 0x00, 0x00, 0x00, 0xf8, 0x5b, 0x00, 0x00,
  0x03, 0x01, 0x00, 0x00, 0x59, 0x00, 0x00, 0x00, 0x2c, 0x5d, 0x00, 0x00,
  0xfe, 0x00, 0x00, 0x00, 0x59, 0x00, 0x00, 0x00, 0xa4, 0x5c, 0x00, 0x00,
  0xfe, 0x00, 0x00, 0x00, 0x59, 0x00, 0x00, 0x00, 0x34, 0x5d, 0x00, 0x00,
  0xfe, 0x00, 0x00, 0x00, 0x59, 0x00, 0x00, 0x00, 0x3c, 0x5d, 0x00, 0x00,
  0xfe, 0x00, 0x00, 0x00, 0x59, 0x00, 0x00, 0x00, 0x44, 0x5d, 0x00, 0x00,
  0xfe, 0x00, 0x00, 0x00, 0x59, 0x00, 0x00, 0x00, 0x00, 0x5c, 0x00, 0x00,
  0x01, 0x01, 0x00, 0x00, 0x59, 0x00, 0x00, 0x00, 0x4c, 0x5d, 0x00, 0x00,
  0xfe, 0x00, 0x00, 0x00, 0x59, 0x00, 0x00, 0x00, 0x08, 0x5c, 0x00, 0x00,
  0xff, 0x00, 0x00, 0x00, 0x59, 0x00, 0x00, 0x00, 0x3c, 0x5c, 0x00, 0x00,
  0x03, 0x01, 0x00, 0x00, 0x59, 0x00, 0x00, 0x00, 0x5c, 0x5d, 0x00, 0x00,
  0xfe, 0x00, 0x00, 0x00, 0x59, 0x00, 0x00, 0x00, 0xb0, 0x5b, 0x00, 0x00,
  0x03, 0x01, 0x00, 0x00, 0x59, 0x00, 0x00, 0x00, 0x64, 0x5d, 0x00, 0x00,
  0xfe, 0x00, 0x00, 0x00, 0x59, 0x00, 0x00, 0x00, 0x6c, 0x5d, 0x00, 0x00,
  0x05, 0x01, 0x00, 0x00, 0x59, 0x00, 0x00, 0x00, 0x24, 0x5c, 0x00, 0x00,
  0x06, 0x01, 0x00, 0x00, 0x59, 0x00, 0x00, 0x00, 0x74, 0x5d, 0x00, 0x00,
  0x07, 0x01, 0x00, 0x00, 0x59, 0x00, 0x00, 0x00, 0x7c, 0x5d, 0x00, 0x00,
  0xfe, 0x00, 0x00, 0x00, 0x59, 0x00, 0x00, 0x00, 0x2c, 0x5c, 0x00, 0x00,
  0x00, 0x01, 0x00, 0x00, 0x59, 0x00, 0x00, 0x00, 0x98, 0x5c, 0x00, 0x00,
  0xfe, 0x00, 0x00, 0x00, 0x59, 0x00, 0x00, 0x00, 0x8c, 0x5d, 0x00, 0x00,
  0x09, 0x01, 0x00, 0x00, 0x5a, 0x00, 0x00, 0x00, 0x00, 0x00, 0x00, 0x00,
  0x0b, 0x01, 0x00, 0x00, 0x5a, 0x00, 0x00, 0x00, 0xe8, 0x5c, 0x00, 0x00,
  0x0a, 0x01, 0x00, 0x00, 0x5a, 0x00, 0x00, 0x00, 0x1c, 0x5d, 0x00, 0x00,
  0x0a, 0x01, 0x00, 0x00, 0x5a, 0x00, 0x00, 0x00, 0x00, 0x5c, 0x00, 0x00,
  0x0a, 0x01, 0x00, 0x00, 0x5a, 0x00, 0x00, 0x00, 0xc0, 0x5b, 0x00, 0x00,
  0x0a, 0x01, 0x00, 0x00, 0x5a, 0x00, 0x00, 0x00, 0x08, 0x5c, 0x00, 0x00,
  0x0a, 0x01, 0x00, 0x00, 0x5a, 0x00, 0x00, 0x00, 0x8c, 0x5d, 0x00, 0x00,
  0x6b, 0x00, 0x00, 0x00, 0x5b, 0x00, 0x00, 0x00, 0x00, 0x00, 0x00, 0x00,
  0x6b, 0x00, 0x00, 0x00, 0x5c, 0x00, 0x00, 0x00, 0x00, 0x00, 0x00, 0x00,
  0x6b, 0x00, 0x00, 0x00, 0x5d, 0x00, 0x00, 0x00, 0x00, 0x00, 0x00, 0x00,
  0x6b, 0x00, 0x00, 0x00, 0x5e, 0x00, 0x00, 0x00, 0x00, 0x00, 0x00, 0x00,
  0x6b, 0x00, 0x00, 0x00, 0x5f, 0x00, 0x00, 0x00, 0x00, 0x00, 0x00, 0x00,
  0x6b, 0x00, 0x00, 0x00, 0x60, 0x00, 0x00, 0x00, 0x00, 0x00, 0x00, 0x00,
  0x12, 0x00, 0x4c, 0x00, 0x4e, 0x00, 0x00, 0x00, 0x12, 0x00, 0x01, 0x00,
  0xe4, 0x00, 0x00, 0x00, 0x19, 0x00, 0x01, 0x00, 0x39, 0x00, 0x00, 0x00,
  0x19, 0x00, 0x01, 0x00, 0x3a, 0x00, 0x00, 0x00, 0x19, 0x00, 0x01, 0x00,
  0x3b, 0x00, 0x00, 0x00, 0x19, 0x00, 0x01, 0x00, 0x3c, 0x00, 0x00, 0x00,
  0x19, 0x00, 0x01, 0x00, 0x3d, 0x00, 0x00, 0x00, 0x19, 0x00, 0x01, 0x00,
  0x3e, 0x00, 0x00, 0x00, 0x19, 0x00, 0x01, 0x00, 0x3f, 0x00, 0x00, 0x00,
  0x19, 0x00, 0x01, 0x00, 0x40, 0x00, 0x00, 0x00, 0x19, 0x00, 0x01, 0x00,
  0x41, 0x00, 0x00, 0x00, 0x19, 0x00, 0x01, 0x00, 0x42, 0x00, 0x00, 0x00,
  0x19, 0x00, 0x01, 0x00, 0x43, 0x00, 0x00, 0x00, 0x19, 0x00, 0x01, 0x00,
  0x44, 0x00, 0x00, 0x00, 0x19, 0x00, 0x01, 0x00, 0x45, 0x00, 0x00, 0x00,
  0x19, 0x00, 0x01, 0x00, 0x46, 0x00, 0x00, 0x00, 0x19, 0x00, 0x01, 0x00,
  0x47, 0x00, 0x00, 0x00, 0x1a, 0x00, 0x1a, 0x00, 0x67, 0x00, 0x00, 0x00,
  0x1a, 0x00, 0x4c, 0x00, 0xdb, 0x00, 0x00, 0x00, 0x1a, 0x00, 0x01, 0x00,
  0xe1, 0x00, 0x00, 0x00, 0x1b, 0x00, 0x01, 0x00, 0x5b, 0x00, 0x00, 0x00,
  0x1b, 0x00, 0x01, 0x00, 0xbe, 0x01, 0x00, 0x00, 0x1b, 0x00, 0x01, 0x00,
  0xc5, 0x01, 0x00, 0x00, 0x1b, 0x00, 0x01, 0x00, 0xcb, 0x01, 0x00, 0x00,
  0x1b, 0x00, 0x01, 0x00, 0x2b, 0x02, 0x00, 0x00, 0x1b, 0x00, 0x01, 0x00,
  0x6b, 0x02, 0x00, 0x00, 0x1b, 0x00, 0x1c, 0x00, 0x89, 0x02, 0x00, 0x00,
  0x1b, 0x00, 0x4c, 0x00, 0xa4, 0x02, 0x00, 0x00, 0x1c, 0x00, 0x5a, 0x00,
  0x14, 0x00, 0x00, 0x00, 0x1c, 0x00, 0x01, 0x00, 0x13, 0x02, 0x00, 0x00,
  0x1c, 0x00, 0x01, 0x00, 0xad, 0x02, 0x00, 0x00, 0x1d, 0x00, 0x5f, 0x00,
  0x13, 0x00, 0x00, 0x00, 0x1d, 0x00, 0x1d, 0x00, 0x56, 0x00, 0x00, 0x00,
  0x1d, 0x00, 0x1d, 0x00, 0x5a, 0x00, 0x00, 0x00, 0x1d, 0x00, 0x1d, 0x00,
  0x66, 0x00, 0x00, 0x00, 0x1d, 0x00, 0x1d, 0x00, 0xf7, 0x00, 0x00, 0x00,
  0x1d, 0x00, 0x1d, 0x00, 0x08, 0x01, 0x00, 0x00, 0x1f, 0x00, 0x39, 0x00,
  0x50, 0x00, 0x00, 0x00, 0x1f, 0x00, 0x39, 0x00, 0x51, 0x00, 0x00, 0x00,
  0x1f, 0x00, 0x4c, 0x00, 0xde, 0x00, 0x00, 0x00, 0x1f, 0x00, 0x4c, 0x00,
  0xef, 0x00, 0x00, 0x00, 0x1f, 0x00, 0x1d, 0x00, 0x9c, 0x02, 0x00, 0x00,
  0x20, 0x00, 0x53, 0x00, 0xb3, 0x01, 0x00, 0x00, 0x20, 0x00, 0x53, 0x00,
  0xdd, 0x01, 0x00, 0x00, 0x20, 0x00, 0x48, 0x00, 0x39, 0x02, 0x00, 0x00,
  0x21, 0x00, 0x20, 0x00, 0xc1, 0x01, 0x00, 0x00, 0x22, 0x00, 0x3c, 0x00,
  0x4d, 0x00, 0x00, 0x00, 0x22, 0x00, 0x01, 0x00, 0xdc, 0x00, 0x00, 0x00,
  0x22, 0x00, 0x01, 0x00, 0xdd, 0x00, 0x00, 0x00, 0x22, 0x00, 0x53, 0x00,
  0xd3, 0x01, 0x00, 0x00, 0x22, 0x00, 0x53, 0x00, 0xf9, 0x01, 0x00, 0x00,
  0x22, 0x00, 0x53, 0x00, 0xfb, 0x01, 0x00, 0x00, 0x22, 0x00, 0x53, 0x00,
  0x7b, 0x02, 0x00, 0x00, 0x23, 0x00, 0x5b, 0x00, 0xb6, 0x01, 0x00, 0x00,
  0x23, 0x00, 0x01, 0x00, 0xb7, 0x01, 0x00, 0x00, 0x23, 0x00, 0x4c, 0x00,
  0x3f, 0x02, 0x00, 0x00, 0x23, 0x00, 0x02, 0x00, 0x61, 0x02, 0x00, 0x00,
  0x23, 0x00, 0x5a, 0x00, 0x93, 0x02, 0x00, 0x00, 0x25, 0x00, 0x4c, 0x00,
  0x30, 0x02, 0x00, 0x00, 0x25, 0x00, 0x01, 0x00, 0x3e, 0x02, 0x00, 0x00,
  0x25, 0x00, 0x29, 0x00, 0x42, 0x02, 0x00, 0x00, 0x25, 0x00, 0x4c, 0x00,
  0x8b, 0x02, 0x00, 0x00, 0x25, 0x00, 0x4c, 0x00, 0x97, 0x02, 0x00, 0x00,
  0x25, 0x00, 0x01, 0x00, 0x98, 0x02, 0x00, 0x00, 0x27, 0x00, 0x5c, 0x00,
  0x12, 0x00, 0x00, 0x00, 0x28, 0x00, 0x25, 0x00, 0x4f, 0x00, 0x00, 0x00,
  0x28, 0x00, 0x4c, 0x00, 0xef, 0x00, 0x00, 0x00, 0x28, 0x00, 0x4c, 0x00,
  0xf8, 0x00, 0x00, 0x00, 0x28, 0x00, 0x2c, 0x00, 0x72, 0x02, 0x00, 0x00,
  0x29, 0x00, 0x60, 0x00, 0x13, 0x00, 0x00, 0x00, 0x29, 0x00, 0x29, 0x00,
  0xe5, 0x00, 0x00, 0x00, 0x29, 0x00, 0x29, 0x00, 0xf0, 0x00, 0x00, 0x00,
  0x29, 0x00, 0x29, 0x00, 0xf3, 0x00, 0x00, 0x00, 0x2a, 0x00, 0x2c, 0x00,
  0x9a, 0x02, 0x00, 0x00, 0x2b, 0x00, 0x2c, 0x00, 0x9a, 0x02, 0x00, 0x00,
  0x2c, 0x00, 0x01, 0x00, 0x49, 0x00, 0x00, 0x00, 0x2c, 0x00, 0x01, 0x00,
  0x4a, 0x00, 0x00, 0x00, 0x2c, 0x00, 0x02, 0x00, 0x4c, 0x00, 0x00, 0x00,
  0x2c, 0x00, 0x01, 0x00, 0x57, 0x00, 0x00, 0x00, 0x2c, 0x00, 0x01, 0x00,
  0x5d, 0x00, 0x00, 0x00, 0x2c, 0x00, 0x01, 0x00, 0xd5, 0x00, 0x00, 0x00,
  0x2c, 0x00, 0x4c, 0x00, 0xef, 0x00, 0x00, 0x00, 0x2c, 0x00, 0x13, 0x00,
  0x9d, 0x01, 0x00, 0x00, 0x2c, 0x00, 0x14, 0x00, 0x9e, 0x01, 0x00, 0x00,
  0x2c, 0x00, 0x25, 0x00, 0xad, 0x01, 0x00, 0x00, 0x2c, 0x00, 0x1b, 0x00,
  0xc0, 0x01, 0x00, 0x00, 0x2c, 0x00, 0x20, 0x00, 0xc1, 0x01, 0x00, 0x00,
  0x2c, 0x00, 0x48, 0x00, 0x17, 0x02, 0x00, 0x00, 0x2c, 0x00, 0x11, 0x00,
  0x18, 0x02, 0x00, 0x00, 0x2c, 0x00, 0x58, 0x00, 0x22, 0x02, 0x00, 0x00,
  0x2c, 0x00, 0x02, 0x00, 0x2a, 0x02, 0x00, 0x00, 0x2c, 0x00, 0x5b, 0x00,
  0x69, 0x02, 0x00, 0x00, 0x2c, 0x00, 0x1c, 0x00, 0x74, 0x02, 0x00, 0x00,
  0x2c, 0x00, 0x58, 0x00, 0x88, 0x02, 0x00, 0x00, 0x2c, 0x00, 0x0d, 0x00,
  0xaa, 0x02, 0x00, 0x00, 0x2c, 0x00, 0x15, 0x00, 0xab, 0x02, 0x00, 0x00,
  0x36, 0x00, 0x36, 0x00, 0xc8, 0x01, 0x00, 0x00, 0x36, 0x00, 0x36, 0x00,
  0x51, 0x02, 0x00, 0x00, 0x3b, 0x00, 0x3c, 0x00, 0xf2, 0x00, 0x00, 0x00,
  0x41, 0x00, 0x3c, 0x00, 0xf2, 0x00, 0x00, 0x00, 0x43, 0x00, 0x3c, 0x00,
  0xf2, 0x00, 0x00, 0x00, 0x4e, 0x00, 0x39, 0x00, 0x51, 0x02, 0x00, 0x00,
  0x55, 0x00, 0x55, 0x00, 0x6f, 0x00, 0x00, 0x00, 0x04, 0x00, 0x41, 0x00,
  0x37, 0x00, 0x00, 0x00, 0x04, 0x00, 0x0f, 0x00, 0xa0, 0x01, 0x00, 0x00,
  0x04, 0x00, 0x0e, 0x00, 0x84, 0x02, 0x00, 0x00, 0x07, 0x00, 0x46, 0x00,
  0x37, 0x00, 0x00, 0x00, 0x07, 0x00, 0x13, 0x00, 0xf5, 0x01, 0x00, 0x00,
  0x0a, 0x00, 0x12, 0x00, 0xcf, 0x01, 0x00, 0x00, 0x0b, 0x00, 0x43, 0x00,
  0x37, 0x00, 0x00, 0x00, 0x0d, 0x00, 0x40, 0x00, 0x65, 0x02, 0x00, 0x00,
  0x0e, 0x00, 0x3b, 0x00, 0xd1, 0x01, 0x00, 0x00, 0x0e, 0x00, 0x00, 0x00,
  0xfc, 0x01, 0x00, 0x00, 0x0e, 0x00, 0x00, 0x00, 0x01, 0x02, 0x00, 0x00,
  0x0f, 0x00, 0x40, 0x00, 0xa8, 0x01, 0x00, 0x00, 0x0f, 0x00, 0x00, 0x00,
  0xe5, 0x01, 0x00, 0x00, 0x0f, 0x00, 0x70, 0x00, 0xfd, 0x01, 0x00, 0x00,
  0x0f, 0x00, 0x00, 0x00, 0x0c, 0x02, 0x00, 0x00, 0x11, 0x00, 0x16, 0x00,
  0x91, 0x01, 0x00, 0x00, 0x11, 0x00, 0x40, 0x00, 0xa8, 0x01, 0x00, 0x00,
  0x11, 0x00, 0x1c, 0x00, 0x07, 0x02, 0x00, 0x00, 0x11, 0x00, 0x17, 0x00,
  0x45, 0x02, 0x00, 0x00, 0x11, 0x00, 0x48, 0x00, 0x82, 0x02, 0x00, 0x00,
  0x13, 0x00, 0x4f, 0x00, 0x37, 0x00, 0x00, 0x00, 0x13, 0x00, 0x6a, 0x00,
  0x59, 0x02, 0x00, 0x00, 0x14, 0x00, 0x5a, 0x00, 0x37, 0x00, 0x00, 0x00,
  0x14, 0x00, 0x1b, 0x00, 0xec, 0x01, 0x00, 0x00, 0x14, 0x00, 0x45, 0x00,
  0x26, 0x02, 0x00, 0x00, 0x14, 0x00, 0x66, 0x00, 0x63, 0x02, 0x00, 0x00,
  0x14, 0x00, 0x40, 0x00, 0x8c, 0x02, 0x00, 0x00, 0x16, 0x00, 0x40, 0x00,
  0x36, 0x02, 0x00, 0x00, 0x16, 0x00, 0x40, 0x00, 0x5a, 0x02, 0x00, 0x00,
  0x17, 0x00, 0x08, 0x00, 0xb5, 0x01, 0x00, 0x00, 0x17, 0x00, 0x09, 0x00,
  0xc6, 0x01, 0x00, 0x00, 0x17, 0x00, 0x08, 0x00, 0x14, 0x02, 0x00, 0x00,
  0x17, 0x00, 0x08, 0x00, 0xa5, 0x02, 0x00, 0x00, 0x17, 0x00, 0x09, 0x00,
  0xac, 0x02, 0x00, 0x00, 0x19, 0x00, 0x40, 0x00, 0x37, 0x00, 0x00, 0x00,
  0x1a, 0x00, 0x40, 0x00, 0x36, 0x00, 0x00, 0x00, 0x1a, 0x00, 0x40, 0x00,
  0x37, 0x00, 0x00, 0x00, 0x1a, 0x00, 0x1d, 0x00, 0xce, 0x01, 0x00, 0x00,
  0x1a, 0x00, 0x11, 0x00, 0xcf, 0x01, 0x00, 0x00, 0x1a, 0x00, 0x0f, 0x00,
  0xd0, 0x01, 0x00, 0x00, 0x1a, 0x00, 0x2f, 0x00, 0xf4, 0x01, 0x00, 0x00,
  0x1a, 0x00, 0x2f, 0x00, 0xf6, 0x01, 0x00, 0x00, 0x1a, 0x00, 0x10, 0x00,
  0x08, 0x02, 0x00, 0x00, 0x1b, 0x00, 0x44, 0x00, 0x37, 0x00, 0x00, 0x00,
  0x1b, 0x00, 0x00, 0x00, 0xda, 0x01, 0x00, 0x00, 0x1b, 0x00, 0x00, 0x00,
  0xdf, 0x01, 0x00, 0x00, 0x1b, 0x00, 0x00, 0x00, 0xe0, 0x01, 0x00, 0x00,
  0x1b, 0x00, 0x00, 0x00, 0xea, 0x01, 0x00, 0x00, 0x1b, 0x00, 0x00, 0x00,
  0x00, 0x02, 0x00, 0x00, 0x1b, 0x00, 0x1f, 0x00, 0x04, 0x02, 0x00, 0x00,
  0x1b, 0x00, 0x2f, 0x00, 0x0b, 0x02, 0x00, 0x00, 0x1c, 0x00, 0x40, 0x00,
  0x36, 0x00, 0x00, 0x00, 0x1c, 0x00, 0x42, 0x00, 0x37, 0x00, 0x00, 0x00,
  0x1c, 0x00, 0x69, 0x00, 0xc7, 0x01, 0x00, 0x00, 0x1c, 0x00, 0x00, 0x00,
  0xe5, 0x01, 0x00, 0x00, 0x1c, 0x00, 0x00, 0x00, 0xed, 0x01, 0x00, 0x00,
  0x1c, 0x00, 0x00, 0x00, 0x0c, 0x02, 0x00, 0x00, 0x1c, 0x00, 0x00, 0x00,
  0x11, 0x02, 0x00, 0x00, 0x1c, 0x00, 0x66, 0x00, 0x21, 0x02, 0x00, 0x00,
  0x1c, 0x00, 0x20, 0x00, 0x31, 0x02, 0x00, 0x00, 0x1c, 0x00, 0x1f, 0x00,
  0x6a, 0x02, 0x00, 0x00, 0x1c, 0x00, 0x1f, 0x00, 0x6c, 0x02, 0x00, 0x00,
  0x1c, 0x00, 0x14, 0x00, 0x9e, 0x02, 0x00, 0x00, 0x1c, 0x00, 0x2f, 0x00,
  0x9f, 0x02, 0x00, 0x00, 0x1d, 0x00, 0x71, 0x00, 0x15, 0x00, 0x00, 0x00,
  0x1d, 0x00, 0x40, 0x00, 0x36, 0x00, 0x00, 0x00, 0x1d, 0x00, 0x5b, 0x00,
  0x37, 0x00, 0x00, 0x00, 0x1d, 0x00, 0x00, 0x00, 0x4f, 0x02, 0x00, 0x00,
  0x1d, 0x00, 0x21, 0x00, 0xa8, 0x02, 0x00, 0x00, 0x1d, 0x00, 0x71, 0x00,
  0xa9, 0x02, 0x00, 0x00, 0x1e, 0x00, 0x40, 0x00, 0x37, 0x00, 0x00, 0x00,
  0x1e, 0x00, 0x41, 0x00, 0xaf, 0x02, 0x00, 0x00, 0x1e, 0x00, 0x63, 0x00,
  0xaf, 0x02, 0x00, 0x00, 0x1e, 0x00, 0x64, 0x00, 0xaf, 0x02, 0x00, 0x00,
  0x1f, 0x00, 0x40, 0x00, 0x36, 0x00, 0x00, 0x00, 0x1f, 0x00, 0x40, 0x00,
  0x37, 0x00, 0x00, 0x00, 0x1f, 0x00, 0x5a, 0x00, 0xb5, 0x01, 0x00, 0x00,
  0x1f, 0x00, 0x40, 0x00, 0xbc, 0x01, 0x00, 0x00, 0x1f, 0x00, 0x5a, 0x00,
  0xc6, 0x01, 0x00, 0x00, 0x1f, 0x00, 0x5c, 0x00, 0xc6, 0x01, 0x00, 0x00,
  0x1f, 0x00, 0x5a, 0x00, 0x14, 0x02, 0x00, 0x00, 0x1f, 0x00, 0x50, 0x00,
  0x1a, 0x02, 0x00, 0x00, 0x1f, 0x00, 0x68, 0x00, 0x20, 0x02, 0x00, 0x00,
  0x1f, 0x00, 0x5a, 0x00, 0xa5, 0x02, 0x00, 0x00, 0x1f, 0x00, 0x5a, 0x00,
  0xac, 0x02, 0x00, 0x00, 0x1f, 0x00, 0x5c, 0x00, 0xac, 0x02, 0x00, 0x00,
  0x20, 0x00, 0x58, 0x00, 0x37, 0x00, 0x00, 0x00, 0x20, 0x00, 0x22, 0x00,
  0xaf, 0x01, 0x00, 0x00, 0x20, 0x00, 0x15, 0x00, 0xb2, 0x01, 0x00, 0x00,
  0x20, 0x00, 0x39, 0x00, 0xd5, 0x01, 0x00, 0x00, 0x20, 0x00, 0x6e, 0x00,
  0xdb, 0x01, 0x00, 0x00, 0x20, 0x00, 0x1e, 0x00, 0xdc, 0x01, 0x00, 0x00,
  0x20, 0x00, 0x39, 0x00, 0xe2, 0x01, 0x00, 0x00, 0x21, 0x00, 0x40, 0x00,
  0x37, 0x00, 0x00, 0x00, 0x21, 0x00, 0x22, 0x00, 0xde, 0x01, 0x00, 0x00,
  0x22, 0x00, 0x40, 0x00, 0x36, 0x00, 0x00, 0x00, 0x22, 0x00, 0x40, 0x00,
  0x37, 0x00, 0x00, 0x00, 0x22, 0x00, 0x40, 0x00, 0xa9, 0x01, 0x00, 0x00,
  0x22, 0x00, 0x1a, 0x00, 0xb0, 0x01, 0x00, 0x00, 0x22, 0x00, 0x4a, 0x00,
  0xba, 0x01, 0x00, 0x00, 0x22, 0x00, 0x18, 0x00, 0xd2, 0x01, 0x00, 0x00,
  0x22, 0x00, 0x39, 0x00, 0xe1, 0x01, 0x00, 0x00, 0x22, 0x00, 0x39, 0x00,
  0xe3, 0x01, 0x00, 0x00, 0x22, 0x00, 0x39, 0x00, 0xe4, 0x01, 0x00, 0x00,
  0x22, 0x00, 0x6f, 0x00, 0xf8, 0x01, 0x00, 0x00, 0x22, 0x00, 0x19, 0x00,
  0xfa, 0x01, 0x00, 0x00, 0x22, 0x00, 0x39, 0x00, 0x03, 0x02, 0x00, 0x00,
  0x22, 0x00, 0x66, 0x00, 0x0e, 0x02, 0x00, 0x00, 0x22, 0x00, 0x66, 0x00,
  0x0f, 0x02, 0x00, 0x00, 0x22, 0x00, 0x40, 0x00, 0x4d, 0x02, 0x00, 0x00,
  0x22, 0x00, 0x4b, 0x00, 0x79, 0x02, 0x00, 0x00, 0x22, 0x00, 0x67, 0x00,
  0x7a, 0x02, 0x00, 0x00, 0x22, 0x00, 0x4c, 0x00, 0x7c, 0x02, 0x00, 0x00,
  0x22, 0x00, 0x4d, 0x00, 0x7d, 0x02, 0x00, 0x00, 0x23, 0x00, 0x61, 0x00,
  0x37, 0x00, 0x00, 0x00, 0x23, 0x00, 0x62, 0x00, 0x37, 0x00, 0x00, 0x00,
  0x23, 0x00, 0x69, 0x00, 0xc7, 0x01, 0x00, 0x00, 0x23, 0x00, 0x6d, 0x00,
  0xd6, 0x01, 0x00, 0x00, 0x23, 0x00, 0x00, 0x00, 0xd7, 0x01, 0x00, 0x00,
  0x23, 0x00, 0x2f, 0x00, 0xef, 0x01, 0x00, 0x00, 0x23, 0x00, 0x0d, 0x00,
  0xfe, 0x01, 0x00, 0x00, 0x23, 0x00, 0x00, 0x00, 0x11, 0x02, 0x00, 0x00,
  0x23, 0x00, 0x66, 0x00, 0x23, 0x02, 0x00, 0x00, 0x24, 0x00, 0x40, 0x00,
  0x37, 0x00, 0x00, 0x00, 0x24, 0x00, 0x00, 0x00, 0xae, 0x01, 0x00, 0x00,
  0x24, 0x00, 0x40, 0x00, 0xbd, 0x01, 0x00, 0x00, 0x24, 0x00, 0x2f, 0x00,
  0x06, 0x02, 0x00, 0x00, 0x24, 0x00, 0x02, 0x00, 0x1d, 0x02, 0x00, 0x00,
  0x24, 0x00, 0x23, 0x00, 0x96, 0x02, 0x00, 0x00, 0x25, 0x00, 0x40, 0x00,
  0x37, 0x00, 0x00, 0x00, 0x25, 0x00, 0x52, 0x00, 0x37, 0x00, 0x00, 0x00,
  0x25, 0x00, 0x53, 0x00, 0x37, 0x00, 0x00, 0x00, 0x25, 0x00, 0x2f, 0x00,
  0xeb, 0x01, 0x00, 0x00, 0x25, 0x00, 0x00, 0x00, 0xee, 0x01, 0x00, 0x00,
  0x25, 0x00, 0x24, 0x00, 0xf1, 0x01, 0x00, 0x00, 0x25, 0x00, 0x2f, 0x00,
  0x05, 0x02, 0x00, 0x00, 0x25, 0x00, 0x2f, 0x00, 0x09, 0x02, 0x00, 0x00,
  0x25, 0x00, 0x00, 0x00, 0x0a, 0x02, 0x00, 0x00, 0x25, 0x00, 0x5a, 0x00,
  0x7f, 0x02, 0x00, 0x00, 0x25, 0x00, 0x41, 0x00, 0x80, 0x02, 0x00, 0x00,
  0x25, 0x00, 0x52, 0x00, 0x81, 0x02, 0x00, 0x00, 0x25, 0x00, 0x5a, 0x00,
  0x85, 0x02, 0x00, 0x00, 0x25, 0x00, 0x5a, 0x00, 0x86, 0x02, 0x00, 0x00,
  0x25, 0x00, 0x41, 0x00, 0x87, 0x02, 0x00, 0x00, 0x25, 0x00, 0x2f, 0x00,
  0x9f, 0x02, 0x00, 0x00, 0x26, 0x00, 0x40, 0x00, 0x37, 0x00, 0x00, 0x00,
  0x26, 0x00, 0x5e, 0x00, 0xa3, 0x02, 0x00, 0x00, 0x27, 0x00, 0x40, 0x00,
  0x36, 0x00, 0x00, 0x00, 0x28, 0x00, 0x40, 0x00, 0x36, 0x00, 0x00, 0x00,
  0x28, 0x00, 0x40, 0x00, 0x37, 0x00, 0x00, 0x00, 0x28, 0x00, 0x40, 0x00,
  0x8d, 0x01, 0x00, 0x00, 0x28, 0x00, 0x40, 0x00, 0xa4, 0x01, 0x00, 0x00,
  0x28, 0x00, 0x40, 0x00, 0x1c, 0x02, 0x00, 0x00, 0x28, 0x00, 0x65, 0x00,
  0x37, 0x02, 0x00, 0x00, 0x28, 0x00, 0x6c, 0x00, 0x52, 0x02, 0x00, 0x00,
  0x28, 0x00, 0x40, 0x00, 0x5d, 0x02, 0x00, 0x00, 0x28, 0x00, 0x6b, 0x00,
  0x81, 0x02, 0x00, 0x00, 0x28, 0x00, 0x66, 0x00, 0xa6, 0x02, 0x00, 0x00,
  0x29, 0x00, 0x72, 0x00, 0x15, 0x00, 0x00, 0x00, 0x29, 0x00, 0x40, 0x00,
  0x36, 0x00, 0x00, 0x00, 0x29, 0x00, 0x5b, 0x00, 0x37, 0x00, 0x00, 0x00,
  0x29, 0x00, 0x05, 0x00, 0xf2, 0x01, 0x00, 0x00, 0x29, 0x00, 0x00, 0x00,
  0x4f, 0x02, 0x00, 0x00, 0x29, 0x00, 0x25, 0x00, 0xa8, 0x02, 0x00, 0x00,
  0x29, 0x00, 0x72, 0x00, 0xa9, 0x02, 0x00, 0x00, 0x2a, 0x00, 0x54, 0x00,
  0x37, 0x00, 0x00, 0x00, 0x2a, 0x00, 0x49, 0x00, 0x4c, 0x02, 0x00, 0x00,
  0x2b, 0x00, 0x54, 0x00, 0x37, 0x00, 0x00, 0x00, 0x2b, 0x00, 0x40, 0x00,
  0x70, 0x02, 0x00, 0x00, 0x2c, 0x00, 0x51, 0x00, 0x37, 0x00, 0x00, 0x00,
  0x2c, 0x00, 0x3f, 0x00, 0x8d, 0x01, 0x00, 0x00, 0x2c, 0x00, 0x54, 0x00,
  0x8e, 0x01, 0x00, 0x00, 0x2c, 0x00, 0x54, 0x00, 0x8f, 0x01, 0x00, 0x00,
  0x2c, 0x00, 0x40, 0x00, 0xa5, 0x01, 0x00, 0x00, 0x2c, 0x00, 0x40, 0x00,
  0xa6, 0x01, 0x00, 0x00, 0x2c, 0x00, 0x17, 0x00, 0xb1, 0x01, 0x00, 0x00,
  0x2c, 0x00, 0x18, 0x00, 0xb2, 0x01, 0x00, 0x00, 0x2c, 0x00, 0x00, 0x00,
  0x02, 0x02, 0x00, 0x00, 0x2c, 0x00, 0x40, 0x00, 0x1b, 0x02, 0x00, 0x00,
  0x2c, 0x00, 0x66, 0x00, 0x22, 0x02, 0x00, 0x00, 0x2c, 0x00, 0x40, 0x00,
  0x5f, 0x02, 0x00, 0x00, 0x2c, 0x00, 0x47, 0x00, 0x60, 0x02, 0x00, 0x00,
  0x2c, 0x00, 0x40, 0x00, 0x71, 0x02, 0x00, 0x00, 0x2c, 0x00, 0x4e, 0x00,
  0x7d, 0x02, 0x00, 0x00, 0x2c, 0x00, 0x40, 0x00, 0x8c, 0x02, 0x00, 0x00,
  0x2c, 0x00, 0x40, 0x00, 0x8e, 0x02, 0x00, 0x00, 0x2c, 0x00, 0x40, 0x00,
  0x8f, 0x02, 0x00, 0x00, 0x2c, 0x00, 0x40, 0x00, 0x91, 0x02, 0x00, 0x00,
  0x2d, 0x00, 0x40, 0x00, 0x37, 0x00, 0x00, 0x00, 0x2d, 0x00, 0x2f, 0x00,
  0x06, 0x02, 0x00, 0x00, 0x2d, 0x00, 0x03, 0x00, 0x1d, 0x02, 0x00, 0x00,
  0x2d, 0x00, 0x00, 0x00, 0x8c, 0x02, 0x00, 0x00, 0x2d, 0x00, 0x00, 0x00,
  0x91, 0x02, 0x00, 0x00, 0x2d, 0x00, 0x0b, 0x00, 0xb0, 0x02, 0x00, 0x00,
  0x2e, 0x00, 0x40, 0x00, 0x37, 0x00, 0x00, 0x00, 0x35, 0x00, 0x5a, 0x00,
  0x37, 0x00, 0x00, 0x00, 0x35, 0x00, 0x2f, 0x00, 0xf7, 0x01, 0x00, 0x00,
  0x37, 0x00, 0x55, 0x00, 0x37, 0x00, 0x00, 0x00, 0x38, 0x00, 0x40, 0x00,
  0x37, 0x00, 0x00, 0x00, 0x39, 0x00, 0x56, 0x00, 0x37, 0x00, 0x00, 0x00,
  0x39, 0x00, 0x5a, 0x00, 0x5b, 0x02, 0x00, 0x00, 0x39, 0x00, 0x40, 0x00,
  0x5e, 0x02, 0x00, 0x00, 0x39, 0x00, 0x5a, 0x00, 0x5e, 0x02, 0x00, 0x00,
  0x3a, 0x00, 0x58, 0x00, 0x37, 0x00, 0x00, 0x00, 0x3b, 0x00, 0x0a, 0x00,
  0x11, 0x02, 0x00, 0x00, 0x3b, 0x00, 0x26, 0x00, 0xa8, 0x02, 0x00, 0x00,
  0x3c, 0x00, 0x66, 0x00, 0xb8, 0x01, 0x00, 0x00, 0x3c, 0x00, 0x28, 0x00,
  0xcc, 0x01, 0x00, 0x00, 0x3c, 0x00, 0x38, 0x00, 0xd8, 0x01, 0x00, 0x00,
  0x3c, 0x00, 0x3a, 0x00, 0xd9, 0x01, 0x00, 0x00, 0x3c, 0x00, 0x3a, 0x00,
  0xf0, 0x01, 0x00, 0x00, 0x3c, 0x00, 0x2f, 0x00, 0xf3, 0x01, 0x00, 0x00,
  0x3e, 0x00, 0x5b, 0x00, 0x37, 0x00, 0x00, 0x00, 0x3e, 0x00, 0x29, 0x00,
  0xa8, 0x02, 0x00, 0x00, 0x3f, 0x00, 0x5a, 0x00, 0x37, 0x00, 0x00, 0x00,
  0x3f, 0x00, 0x5c, 0x00, 0x37, 0x00, 0x00, 0x00, 0x41, 0x00, 0x07, 0x00,
  0x53, 0x02, 0x00, 0x00, 0x41, 0x00, 0x2a, 0x00, 0xa8, 0x02, 0x00, 0x00,
  0x43, 0x00, 0x04, 0x00, 0x11, 0x02, 0x00, 0x00, 0x43, 0x00, 0x2b, 0x00,
  0xa8, 0x02, 0x00, 0x00, 0x44, 0x00, 0x01, 0x00, 0x3a, 0x02, 0x00, 0x00,
  0x48, 0x00, 0x40, 0x00, 0x37, 0x00, 0x00, 0x00, 0x48, 0x00, 0x27, 0x00,
  0xd4, 0x01, 0x00, 0x00, 0x4b, 0x00, 0x5f, 0x00, 0x37, 0x00, 0x00, 0x00,
  0x4c, 0x00, 0x69, 0x00, 0xc7, 0x01, 0x00, 0x00, 0x4c, 0x00, 0x00, 0x00,
  0x11, 0x02, 0x00, 0x00, 0x4c, 0x00, 0x66, 0x00, 0x1f, 0x02, 0x00, 0x00,
  0x4c, 0x00, 0x00, 0x00, 0x2e, 0x02, 0x00, 0x00, 0x4c, 0x00, 0x6b, 0x00,
  0x90, 0x02, 0x00, 0x00, 0x4c, 0x00, 0x30, 0x00, 0x92, 0x02, 0x00, 0x00,
  0x4c, 0x00, 0x2f, 0x00, 0xa0, 0x02, 0x00, 0x00, 0x4d, 0x00, 0x40, 0x00,
  0x37, 0x00, 0x00, 0x00, 0x4d, 0x00, 0x32, 0x00, 0x98, 0x01, 0x00, 0x00,
  0x4d, 0x00, 0x33, 0x00, 0x98, 0x01, 0x00, 0x00, 0x4d, 0x00, 0x34, 0x00,
  0x98, 0x01, 0x00, 0x00, 0x4d, 0x00, 0x35, 0x00, 0x98, 0x01, 0x00, 0x00,
  0x4d, 0x00, 0x36, 0x00, 0x98, 0x01, 0x00, 0x00, 0x4d, 0x00, 0x37, 0x00,
  0x98, 0x01, 0x00, 0x00, 0x4d, 0x00, 0x2f, 0x00, 0x9f, 0x02, 0x00, 0x00,
  0x4e, 0x00, 0x59, 0x00, 0x9b, 0x01, 0x00, 0x00, 0x4e, 0x00, 0x0d, 0x00,
  0xb4, 0x01, 0x00, 0x00, 0x4e, 0x00, 0x41, 0x00, 0xc9, 0x01, 0x00, 0x00,
  0x4e, 0x00, 0x31, 0x00, 0xff, 0x01, 0x00, 0x00, 0x4e, 0x00, 0x5a, 0x00,
  0x32, 0x02, 0x00, 0x00, 0x4e, 0x00, 0x57, 0x00, 0x7e, 0x02, 0x00, 0x00,
  0x4e, 0x00, 0x57, 0x00, 0x83, 0x02, 0x00, 0x00, 0x50, 0x00, 0x2f, 0x00,
  0xf3, 0x01, 0x00, 0x00, 0x50, 0x00, 0x5d, 0x00, 0x78, 0x02, 0x00, 0x00,
  0x50, 0x00, 0x45, 0x00, 0x8a, 0x02, 0x00, 0x00, 0x51, 0x00, 0x57, 0x00,
  0x5c, 0x02, 0x00, 0x00, 0x52, 0x00, 0x2d, 0x00, 0xce, 0x01, 0x00, 0x00,
  0x52, 0x00, 0x06, 0x00, 0xe8, 0x01, 0x00, 0x00, 0x53, 0x00, 0x2e, 0x00,
  0x1e, 0x02, 0x00, 0x00, 0x54, 0x00, 0x3e, 0x00, 0xce, 0x01, 0x00, 0x00,
  0x54, 0x00, 0x3d, 0x00, 0x4e, 0x02, 0x00, 0x00, 0x54, 0x00, 0x3c, 0x00,
  0x62, 0x02, 0x00, 0x00, 0x54, 0x00, 0x3e, 0x00, 0xae, 0x02, 0x00, 0x00,
  0x56, 0x00, 0x0b, 0x00, 0x11, 0x02, 0x00, 0x00, 0x57, 0x00, 0x0c, 0x00,
  0x10, 0x02, 0x00, 0x00, 0x57, 0x00, 0x2d, 0x00, 0x66, 0x02, 0x00, 0x00,
  0x58, 0x00, 0x60, 0x00, 0x37, 0x00, 0x00, 0x00, 0x58, 0x00, 0x66, 0x00,
  0xce, 0x01, 0x00, 0x00, 0x58, 0x00, 0x60, 0x00, 0x77, 0x02, 0x00, 0x00,
  0x5f, 0x00, 0x2c, 0x00, 0xa7, 0x01, 0x00, 0x00, 0x60, 0x00, 0x2c, 0x00,
  0xa7, 0x01, 0x00, 0x00, 0x19, 0x00, 0x00, 0x00, 0x11, 0x00, 0x00, 0x00,
  0x48, 0x00, 0x00, 0x00, 0x00, 0x00, 0x00, 0x00, 0x48, 0x00, 0x00, 0x00,
  0x00, 0x00, 0x00, 0x00, 0x54, 0xa4, 0x00, 0x00, 0x0b, 0xa4, 0x00, 0x00,
  0x1a, 0x00, 0x00, 0x00, 0x11, 0x00, 0x00, 0x00, 0x07, 0x00, 0x00, 0x00,
  0x00, 0x00, 0x00, 0x00, 0x5c, 0x00, 0x00, 0x00, 0x38, 0x5a, 0x00, 0x00,
  0x7c, 0xa4, 0x00, 0x00, 0x2a, 0xa4, 0x00, 0x00, 0x1b, 0x00, 0x00, 0x00,
  0x11, 0x00, 0x00, 0x00, 0x48, 0x00, 0x00, 0x00, 0x00, 0x00, 0x00, 0x00,
  0x58, 0x00, 0x00, 0x00, 0x00, 0x00, 0x00, 0x00, 0xaa, 0xa4, 0x00, 0x00,
  0x2f, 0xa4, 0x00, 0x00, 0x1c, 0x00, 0x00, 0x00, 0x11, 0x00, 0x00, 0x00,
  0x48, 0x00, 0x00, 0x00, 0x00, 0x00, 0x00, 0x00, 0xec, 0x00, 0x00, 0x00,
  0x00, 0x00, 0x00, 0x00, 0xe0, 0xa4, 0x00, 0x00, 0x00, 0x00, 0x00, 0x00,
  0x1d, 0x00, 0x00, 0x00, 0x11, 0x40, 0x00, 0x00, 0x3e, 0x00, 0x00, 0x00,
  0x00, 0x00, 0x00, 0x00, 0xd4, 0x00, 0x00, 0x00, 0x48, 0x5a, 0x00, 0x00,
  0x23, 0xa5, 0x00, 0x00, 0x00, 0x00, 0x00, 0x00, 0x1e, 0x00, 0x00, 0x00,
  0x00, 0x00, 0x00, 0x00, 0x38, 0x00, 0x00, 0x00, 0x00, 0x00, 0x00, 0x00,
  0xd4, 0x00, 0x00, 0x00, 0x60, 0x5a, 0x00, 0x00, 0x57, 0xa5, 0x00, 0x00,
  0x00, 0x00, 0x00, 0x00, 0x1f, 0x00, 0x00, 0x00, 0x11, 0x00, 0x00, 0x00,
  0x48, 0x00, 0x00, 0x00, 0x00, 0x00, 0x00, 0x00, 0xd4, 0x00, 0x00, 0x00,
  0x70, 0x5a, 0x00, 0x00, 0x6d, 0xa5, 0x00, 0x00, 0x32, 0xa4, 0x00, 0x00,
  0x20, 0x00, 0x00, 0x00, 0x11, 0x00, 0x00, 0x00, 0x48, 0x00, 0x00, 0x00,
  0x00, 0x00, 0x00, 0x00, 0x59, 0x00, 0x00, 0x00, 0x80, 0x5a, 0x00, 0x00,
  0xaf, 0xa5, 0x00, 0x00, 0x00, 0x00, 0x00, 0x00, 0x21, 0x00, 0x00, 0x00,
  0x11, 0x00, 0x00, 0x00, 0x48, 0x00, 0x00, 0x00, 0x00, 0x00, 0x00, 0x00,
  0xea, 0x00, 0x00, 0x00, 0xa8, 0x5a, 0x00, 0x00, 0xd9, 0xa5, 0x00, 0x00,
  0x00, 0x00, 0x00, 0x00, 0x22, 0x00, 0x00, 0x00, 0x11, 0x00, 0x00, 0x00,
  0x48, 0x00, 0x00, 0x00, 0x00, 0x00, 0x00, 0x00, 0xed, 0x00, 0x00, 0x00,
  0xb8, 0x5a, 0x00, 0x00, 0xe9, 0xa5, 0x00, 0x00, 0x3b, 0xa4, 0x00, 0x00,
  0x23, 0x00, 0x00, 0x00, 0x01, 0x00, 0x00, 0x00, 0x48, 0x00, 0x00, 0x00,
  0x00, 0x00, 0x00, 0x00, 0x52, 0x00, 0x00, 0x00, 0xf8, 0x5a, 0x00, 0x00,
  0x4b, 0xa6, 0x00, 0x00, 0x00, 0x00, 0x00, 0x00, 0x24, 0x00, 0x00, 0x00,
  0x01, 0x00, 0x00, 0x00, 0x48, 0x00, 0x00, 0x00, 0x00, 0x00, 0x00, 0x00,
  0x52, 0x00, 0x00, 0x00, 0x08, 0x5b, 0x00, 0x00, 0x81, 0xa6, 0x00, 0x00,
  0x00, 0x00, 0x00, 0x00, 0x25, 0x00, 0x00, 0x00, 0x01, 0x00, 0x00, 0x00,
  0x48, 0x00, 0x00, 0x00, 0x00, 0x00, 0x00, 0x00, 0x53, 0x00, 0x00, 0x00,
  0x00, 0x00, 0x00, 0x00, 0x9f, 0xa6, 0x00, 0x00, 0x00, 0x00, 0x00, 0x00,
  0x26, 0x00, 0x00, 0x00, 0x00, 0x00, 0x00, 0x00, 0x48, 0x00, 0x00, 0x00,
  0xb0, 0x5b, 0x00, 0x00, 0x8f, 0x00, 0x00, 0x00, 0x18, 0x5b, 0x00, 0x00,
  0xf7, 0xa6, 0x00, 0x00, 0x00, 0x00, 0x00, 0x00, 0x27, 0x00, 0x00, 0x00,
  0x00, 0x10, 0x00, 0x00, 0x48, 0x00, 0x00, 0x00, 0x00, 0x00, 0x00, 0x00,
  0x8f, 0x00, 0x00, 0x00, 0x28, 0x5b, 0x00, 0x00, 0x07, 0xa7, 0x00, 0x00,
  0x00, 0x00, 0x00, 0x00, 0x28, 0x00, 0x00, 0x00, 0x01, 0x00, 0x00, 0x00,
  0x48, 0x00, 0x00, 0x00, 0x00, 0x00, 0x00, 0x00, 0x8f, 0x00, 0x00, 0x00,
  0x38, 0x5b, 0x00, 0x00, 0x15, 0xa7, 0x00, 0x00, 0x3f, 0xa4, 0x00, 0x00,
  0x29, 0x00, 0x00, 0x00, 0x11, 0x40, 0x00, 0x00, 0x3e, 0x00, 0x00, 0x00,
  0x00, 0x00, 0x00, 0x00, 0xd9, 0x00, 0x00, 0x00, 0x50, 0x5b, 0x00, 0x00,
  0x52, 0xa7, 0x00, 0x00, 0x00, 0x00, 0x00, 0x00, 0x2a, 0x00, 0x00, 0x00,
  0x00, 0x00, 0x00, 0x00, 0x48, 0x00, 0x00, 0x00, 0xb8, 0x5b, 0x00, 0x00,
  0xe8, 0x00, 0x00, 0x00, 0x68, 0x5b, 0x00, 0x00, 0x89, 0xa7, 0x00, 0x00,
  0x00, 0x00, 0x00, 0x00, 0x2b, 0x00, 0x00, 0x00, 0x00, 0x00, 0x00, 0x00,
  0x48, 0x00, 0x00, 0x00, 0xc0, 0x5b, 0x00, 0x00, 0xe8, 0x00, 0x00, 0x00,
  0x78, 0x5b, 0x00, 0x00, 0x9e, 0xa7, 0x00, 0x00, 0x00, 0x00, 0x00, 0x00,
  0x2c, 0x00, 0x00, 0x00, 0x01, 0x00, 0x00, 0x00, 0x48, 0x00, 0x00, 0x00,
  0x00, 0x00, 0x00, 0x00, 0xe8, 0x00, 0x00, 0x00, 0x88, 0x5b, 0x00, 0x00,
  0xb3, 0xa7, 0x00, 0x00, 0x45, 0xa4, 0x00, 0x00, 0x2d, 0x00, 0x00, 0x00,
  0x01, 0x00, 0x00, 0x00, 0x48, 0x00, 0x00, 0x00, 0x00, 0x00, 0x00, 0x00,
  0xe9, 0x00, 0x00, 0x00, 0x00, 0x00, 0x00, 0x00, 0x47, 0xa8, 0x00, 0x00,
  0x00, 0x00, 0x00, 0x00, 0x2e, 0x00, 0x00, 0x00, 0x01, 0x00, 0x00, 0x00,
  0x48, 0x00, 0x00, 0x00, 0x00, 0x00, 0x00, 0x00, 0xeb, 0x00, 0x00, 0x00,
  0x00, 0x00, 0x00, 0x00, 0x67, 0xa8, 0x00, 0x00, 0x00, 0x00, 0x00, 0x00,
  0x01, 0x00, 0x00, 0x00, 0x2e, 0xa3, 0x00, 0x00, 0x03, 0x00, 0x00, 0x00,
  0x37, 0xa3, 0x00, 0x00, 0x3e, 0xa3, 0x00, 0x00, 0x4a, 0xa3, 0x00, 0x00,
  0x01, 0x00, 0x00, 0x00, 0x59, 0xa3, 0x00, 0x00, 0x02, 0x00, 0x00, 0x00,
  0x37, 0xa3, 0x00, 0x00, 0x62, 0xa3, 0x00, 0x00, 0x01, 0x00, 0x00, 0x00,
  0x6d, 0xa3, 0x00, 0x00, 0x01, 0x00, 0x00, 0x00, 0x78, 0xa3, 0x00, 0x00,
  0x01, 0x00, 0x00, 0x00, 0x81, 0xa3, 0x00, 0x00, 0x01, 0x00, 0x00, 0x00,
  0x8a, 0xa3, 0x00, 0x00, 0x01, 0x00, 0x00, 0x00, 0x93, 0xa3, 0x00, 0x00,
  0x01, 0x00, 0x00, 0x00, 0x9c, 0xa3, 0x00, 0x00, 0x02, 0x00, 0x00, 0x00,
  0xa7, 0xa3, 0x00, 0x00, 0xae, 0xa3, 0x00, 0x00, 0x01, 0x00, 0x00, 0x00,
  0xb9, 0xa3, 0x00, 0x00, 0x02, 0x00, 0x00, 0x00, 0xc2, 0xa3, 0x00, 0x00,
  0xc9, 0xa3, 0x00, 0x00, 0x02, 0x00, 0x00, 0x00, 0xd3, 0xa3, 0x00, 0x00,
  0xda, 0xa3, 0x00, 0x00, 0x01, 0x00, 0x00, 0x00, 0xe5, 0xa3, 0x00, 0x00,
  0x01, 0x00, 0x00, 0x00, 0xee, 0xa3, 0x00, 0x00, 0x02, 0x00, 0x00, 0x00,
  0xfd, 0xa3, 0x00, 0x00, 0xc9, 0xa3, 0x00, 0x00, 0x02, 0x00, 0x00, 0x00,
  0x04, 0xa4, 0x00, 0x00, 0xc9, 0xa3, 0x00, 0x00, 0x01, 0x00, 0x01, 0x00,
  0x01, 0x00, 0x00, 0x00, 0x9c, 0x98, 0x00, 0x00, 0x04, 0x00, 0x00, 0x00,
  0x70, 0x10, 0xdd, 0x00, 0x00, 0x00, 0x0e, 0x00, 0x01, 0x00, 0x00, 0x00,
  0x01, 0x00, 0x00, 0x00, 0xa2, 0x98, 0x00, 0x00, 0x08, 0x00, 0x00, 0x00,
  0x22, 0x00, 0x1a, 0x00, 0x70, 0x10, 0x24, 0x00, 0x00, 0x00, 0x69, 0x00,
  0x11, 0x00, 0x0e, 0x00, 0x02, 0x00, 0x01, 0x00, 0x02, 0x00, 0x00, 0x00,
  0xa7, 0x98, 0x00, 0x00, 0x08, 0x00, 0x00, 0x00, 0x71, 0x00, 0x2a, 0x00,
  0x00, 0x00, 0x0c, 0x00, 0x70, 0x20, 0x03, 0x00, 0x01, 0x00, 0x0e, 0x00,
  0x01, 0x00, 0x00, 0x00, 0x00, 0x00, 0x00, 0x00, 0xad, 0x98, 0x00, 0x00,
  0x03, 0x00, 0x00, 0x00, 0x62, 0x00, 0x11, 0x00, 0x11, 0x00, 0x00, 0x00,
  0x06, 0x00, 0x00, 0x00, 0x03, 0x00, 0x01, 0x00, 0xb2, 0x98, 0x00, 0x00,
  0x31, 0x00, 0x00, 0x00, 0x1a, 0x03, 0x95, 0x01, 0x71, 0x10, 0xcf, 0x00,
  0x03, 0x00, 0x0c, 0x01, 0x1a, 0x03, 0x95, 0x02, 0x12, 0x04, 0x23, 0x44,
  0x61, 0x00, 0x6e, 0x30, 0xd2, 0x00, 0x31, 0x04, 0x0c, 0x03, 0x12, 0x04,
  0x12, 0x05, 0x23, 0x55, 0x62, 0x00, 0x6e, 0x30, 0xfc, 0x00, 0x43, 0x05,
  0x0c, 0x00, 0x1a, 0x03, 0x08, 0x02, 0x12, 0x04, 0x23, 0x44, 0x61, 0x00,
  0x6e, 0x30, 0xd2, 0x00, 0x31, 0x04, 0x0c, 0x03, 0x12, 0x04, 0x23, 0x44,
  0x62, 0x00, 0x6e, 0x30, 0xfc, 0x00, 0x03, 0x04, 0x0c, 0x03, 0x1f, 0x03,
  0x06, 0x00, 0x11, 0x03, 0x0d, 0x02, 0x22, 0x03, 0x3a, 0x00, 0x70, 0x20,
  0xcb, 0x00, 0x23, 0x00, 0x27, 0x03, 0x00, 0x00, 0x00, 0x00, 0x00, 0x00,
  0x29, 0x00, 0x01, 0x00, 0x01, 0x01, 0x3f, 0x2a, 0x05, 0x00, 0x01, 0x00,
  0x03, 0x00, 0x01, 0x00, 0xd2, 0x98, 0x00, 0x00, 0x13, 0x00, 0x00, 0x00,
  0x6f, 0x10, 0x04, 0x00, 0x04, 0x00, 0x0c, 0x01, 0x1a, 0x02, 0x94, 0x01,
  0x12, 0x03, 0x6e, 0x30, 0x05, 0x00, 0x21, 0x03, 0x0c, 0x01, 0x11, 0x01,
  0x0d, 0x00, 0x22, 0x01, 0x3a, 0x00, 0x70, 0x20, 0xcb, 0x00, 0x01, 0x00,
  0x27, 0x01, 0x00, 0x00, 0x00, 0x00, 0x00, 0x00, 0x0a, 0x00, 0x01, 0x00,
  0x01, 0x01, 0x09, 0x0c, 0x04, 0x00, 0x01, 0x00, 0x02, 0x00, 0x01, 0x00,
  0xde, 0x98, 0x00, 0x00, 0x14, 0x00, 0x00, 0x00, 0x22, 0x00, 0x04, 0x00,
  0x13, 0x02, 0xd0, 0x07, 0x70, 0x20, 0x00, 0x00, 0x20, 0x00, 0x1a, 0x02,
  0xab, 0x01, 0x6e, 0x20, 0x02, 0x00, 0x20, 0x00, 0x6e, 0x10, 0x01, 0x00,
  0x00, 0x00, 0x0c, 0x02, 0x11, 0x02, 0x0d, 0x01, 0x12, 0x02, 0x28, 0xfd,
  0x00, 0x00, 0x00, 0x00, 0x0f, 0x00, 0x01, 0x00, 0x01, 0x01, 0x3f, 0x11,
  0x02, 0x00, 0x01, 0x00, 0x00, 0x00, 0x00, 0x00, 0xf4, 0x98, 0x00, 0x00,
  0x03, 0x00, 0x00, 0x00, 0x1a, 0x00, 0xab, 0x01, 0x11, 0x00, 0x00, 0x00,
  0x02, 0x00, 0x01, 0x00, 0x00, 0x00, 0x00, 0x00, 0xf9, 0x98, 0x00, 0x00,
  0x03, 0x00, 0x00, 0x00, 0x1a, 0x00, 0xab, 0x01, 0x11, 0x00, 0x00, 0x00,
  0x08, 0x00, 0x08, 0x00, 0x01, 0x00, 0x00, 0x00, 0xfe, 0x98, 0x00, 0x00,
  0x12, 0x00, 0x00, 0x00, 0x70, 0x10, 0xdd, 0x00, 0x00, 0x00, 0x59, 0x01,
  0x15, 0x00, 0x5b, 0x02, 0x1a, 0x00, 0x59, 0x03, 0x19, 0x00, 0x59, 0x04,
  0x18, 0x00, 0x59, 0x05, 0x17, 0x00, 0x59, 0x06, 0x16, 0x00, 0x5b, 0x07,
  0x1b, 0x00, 0x0e, 0x00, 0x02, 0x00, 0x01, 0x00, 0x00, 0x00, 0x00, 0x00,
  0x19, 0x99, 0x00, 0x00, 0x03, 0x00, 0x00, 0x00, 0x52, 0x10, 0x15, 0x00,
  0x0f, 0x00, 0x00, 0x00, 0x02, 0x00, 0x01, 0x00, 0x00, 0x00, 0x00, 0x00,
  0x1e, 0x99, 0x00, 0x00, 0x03, 0x00, 0x00, 0x00, 0x52, 0x10, 0x16, 0x00,
  0x0f, 0x00, 0x00, 0x00, 0x02, 0x00, 0x01, 0x00, 0x00, 0x00, 0x00, 0x00,
  0x23, 0x99, 0x00, 0x00, 0x03, 0x00, 0x00, 0x00, 0x52, 0x10, 0x17, 0x00,
  0x0f, 0x00, 0x00, 0x00, 0x02, 0x00, 0x01, 0x00, 0x00, 0x00, 0x00, 0x00,
  0x28, 0x99, 0x00, 0x00, 0x03, 0x00, 0x00, 0x00, 0x52, 0x10, 0x18, 0x00,
  0x0f, 0x00, 0x00, 0x00, 0x02, 0x00, 0x01, 0x00, 0x00, 0x00, 0x00, 0x00,
  0x2d, 0x99, 0x00, 0x00, 0x03, 0x00, 0x00, 0x00, 0x52, 0x10, 0x19, 0x00,
  0x0f, 0x00, 0x00, 0x00, 0x02, 0x00, 0x01, 0x00, 0x00, 0x00, 0x00, 0x00,
  0x32, 0x99, 0x00, 0x00, 0x03, 0x00, 0x00, 0x00, 0x54, 0x10, 0x1a, 0x00,
  0x11, 0x00, 0x00, 0x00, 0x02, 0x00, 0x01, 0x00, 0x00, 0x00, 0x00, 0x00,
  0x37, 0x99, 0x00, 0x00, 0x03, 0x00, 0x00, 0x00, 0x54, 0x10, 0x1b, 0x00,
  0x11, 0x00, 0x00, 0x00, 0x01, 0x00, 0x00, 0x00, 0x01, 0x00, 0x00, 0x00,
  0x3c, 0x99, 0x00, 0x00, 0x0e, 0x00, 0x00, 0x00, 0x1c, 0x00, 0x1c, 0x00,
  0x6e, 0x10, 0xce, 0x00, 0x00, 0x00, 0x0a, 0x00, 0x39, 0x00, 0x06, 0x00,
  0x12, 0x10, 0x6a, 0x00, 0x1c, 0x00, 0x0e, 0x00, 0x12, 0x00, 0x28, 0xfc,
  0x03, 0x00, 0x03, 0x00, 0x01, 0x00, 0x00, 0x00, 0x41, 0x99, 0x00, 0x00,
  0x08, 0x00, 0x00, 0x00, 0x70, 0x10, 0xdd, 0x00, 0x00, 0x00, 0x59, 0x01,
  0x1e, 0x00, 0x59, 0x02, 0x1d, 0x00, 0x0e, 0x00, 0x07, 0x00, 0x02, 0x00,
  0x01, 0x00, 0x00, 0x00, 0x4d, 0x99, 0x00, 0x00, 0x24, 0x00, 0x00, 0x00,
  0x12, 0x11, 0x12, 0x02, 0x33, 0x65, 0x03, 0x00, 0x0f, 0x01, 0x38, 0x06,
  0x0c, 0x00, 0x6e, 0x10, 0xde, 0x00, 0x05, 0x00, 0x0c, 0x03, 0x6e, 0x10,
  0xde, 0x00, 0x06, 0x00, 0x0c, 0x04, 0x32, 0x43, 0x04, 0x00, 0x01, 0x21,
  0x28, 0xf2, 0x07, 0x60, 0x1f, 0x00, 0x1c, 0x00, 0x52, 0x53, 0x1e, 0x00,
  0x52, 0x04, 0x1e, 0x00, 0x33, 0x43, 0x08, 0x00, 0x52, 0x53, 0x1d, 0x00,
  0x52, 0x04, 0x1d, 0x00, 0x32, 0x43, 0xe4, 0xff, 0x01, 0x21, 0x28, 0xe1,
  0x02, 0x00, 0x01, 0x00, 0x00, 0x00, 0x00, 0x00, 0x5e, 0x99, 0x00, 0x00,
  0x03, 0x00, 0x00, 0x00, 0x52, 0x10, 0x1d, 0x00, 0x0f, 0x00, 0x00, 0x00,
  0x03, 0x00, 0x01, 0x00, 0x02, 0x00, 0x00, 0x00, 0x63, 0x99, 0x00, 0x00,
  0x09, 0x00, 0x00, 0x00, 0x52, 0x20, 0x1e, 0x00, 0x52, 0x21, 0x1d, 0x00,
  0x71, 0x20, 0xdc, 0x00, 0x10, 0x00, 0x0a, 0x00, 0x0f, 0x00, 0x00, 0x00,
  0x02, 0x00, 0x01, 0x00, 0x00, 0x00, 0x00, 0x00, 0x68, 0x99, 0x00, 0x00,
  0x03, 0x00, 0x00, 0x00, 0x52, 0x10, 0x1e, 0x00, 0x0f, 0x00, 0x00, 0x00,
  0x04, 0x00, 0x01, 0x00, 0x01, 0x00, 0x00, 0x00, 0x6d, 0x99, 0x00, 0x00,
  0x1a, 0x00, 0x00, 0x00, 0x12, 0x20, 0x23, 0x00, 0x62, 0x00, 0x12, 0x01,
  0x52, 0x32, 0x1e, 0x00, 0x71, 0x10, 0xd9, 0x00, 0x02, 0x00, 0x0c, 0x02,
  0x4d, 0x02, 0x00, 0x01, 0x12, 0x11, 0x52, 0x32, 0x1d, 0x00, 0x71, 0x10,
  0xd9, 0x00, 0x02, 0x00, 0x0c, 0x02, 0x4d, 0x02, 0x00, 0x01, 0x71, 0x10,
  0x02, 0x01, 0x00, 0x00, 0x0a, 0x00, 0x0f, 0x00, 0x02, 0x00, 0x01, 0x00,
  0x00, 0x00, 0x00, 0x00, 0x72, 0x99, 0x00, 0x00, 0x10, 0x00, 0x00, 0x00,
  0x52, 0x10, 0x1e, 0x00, 0xdd, 0x00, 0x00, 0x07, 0x39, 0x00, 0x0a, 0x00,
  0x52, 0x10, 0x1d, 0x00, 0xdd, 0x00, 0x00, 0x07, 0x39, 0x00, 0x04, 0x00,
  0x12, 0x10, 0x0f, 0x00, 0x12, 0x00, 0x28, 0xfe, 0x0b, 0x00, 0x02, 0x00,
  0x03, 0x00, 0x00, 0x00, 0x77, 0x99, 0x00, 0x00, 0x4f, 0x00, 0x00, 0x00,
  0x63, 0x07, 0x1c, 0x00, 0x39, 0x07, 0x0c, 0x00, 0x3b, 0x0a, 0x0a, 0x00,
  0x22, 0x07, 0x3a, 0x00, 0x1a, 0x08, 0xd6, 0x00, 0x70, 0x20, 0xcb, 0x00,
  0x87, 0x00, 0x27, 0x07, 0x63, 0x07, 0x1c, 0x00, 0x39, 0x07, 0x0e, 0x00,
  0xdc, 0x07, 0x0a, 0x08, 0x38, 0x07, 0x0a, 0x00, 0x22, 0x07, 0x3a, 0x00,
  0x1a, 0x08, 0xd7, 0x00, 0x70, 0x20, 0xcb, 0x00, 0x87, 0x00, 0x27, 0x07,
  0x39, 0x0a, 0x03, 0x00, 0x11, 0x09, 0x52, 0x97, 0x1d, 0x00, 0x52, 0x98,
  0x1e, 0x00, 0x37, 0x87, 0x1e, 0x00, 0x12, 0x15, 0x38, 0x05, 0x1d, 0x00,
  0x52, 0x91, 0x1d, 0x00, 0x37, 0xa1, 0xf4, 0xff, 0x38, 0x05, 0x1a, 0x00,
  0x52, 0x92, 0x1e, 0x00, 0x01, 0xa3, 0x92, 0x07, 0x0a, 0x02, 0x93, 0x04,
  0x07, 0x01, 0x38, 0x05, 0x14, 0x00, 0x01, 0x46, 0x38, 0x05, 0x13, 0x00,
  0x01, 0x30, 0x22, 0x09, 0x1c, 0x00, 0x70, 0x30, 0x34, 0x00, 0x69, 0x00,
  0x28, 0xde, 0x12, 0x05, 0x28, 0xe4, 0x52, 0x91, 0x1e, 0x00, 0x28, 0xe5,
  0x52, 0x92, 0x1d, 0x00, 0x28, 0xe8, 0x01, 0x36, 0x28, 0xee, 0x01, 0x40,
  0x28, 0xef, 0x00, 0x00, 0x04, 0x00, 0x01, 0x00, 0x03, 0x00, 0x00, 0x00,
  0xe2, 0x99, 0x00, 0x00, 0x0a, 0x00, 0x00, 0x00, 0x22, 0x00, 0x1c, 0x00,
  0x52, 0x31, 0x1d, 0x00, 0x52, 0x32, 0x1e, 0x00, 0x70, 0x30, 0x34, 0x00,
  0x10, 0x02, 0x11, 0x00, 0x08, 0x00, 0x01, 0x00, 0x03, 0x00, 0x00, 0x00,
  0xe7, 0x99, 0x00, 0x00, 0x37, 0x00, 0x00, 0x00, 0x6e, 0x10, 0x3a, 0x00,
  0x07, 0x00, 0x0a, 0x05, 0x38, 0x05, 0x03, 0x00, 0x11, 0x07, 0x52, 0x75,
  0x1d, 0x00, 0x52, 0x76, 0x1e, 0x00, 0x37, 0x65, 0x20, 0x00, 0x12, 0x13,
  0x38, 0x03, 0x1f, 0x00, 0x52, 0x71, 0x1d, 0x00, 0x38, 0x03, 0x1e, 0x00,
  0x52, 0x72, 0x1e, 0x00, 0xdd, 0x01, 0x01, 0xf8, 0xd8, 0x05, 0x02, 0x04,
  0xdd, 0x02, 0x05, 0xf8, 0x37, 0x12, 0x03, 0x00, 0x01, 0x12, 0x38, 0x03,
  0x14, 0x00, 0x01, 0x24, 0x38, 0x03, 0x13, 0x00, 0x01, 0x10, 0x22, 0x07,
  0x1c, 0x00, 0x70, 0x30, 0x34, 0x00, 0x47, 0x00, 0x28, 0xdc, 0x12, 0x03,
  0x28, 0xe2, 0x52, 0x71, 0x1e, 0x00, 0x28, 0xe3, 0x52, 0x72, 0x1d, 0x00,
  0x28, 0xe4, 0x01, 0x14, 0x28, 0xee, 0x01, 0x20, 0x28, 0xef, 0x00, 0x00,
  0x05, 0x00, 0x01, 0x00, 0x05, 0x00, 0x00, 0x00, 0x3b, 0x9a, 0x00, 0x00,
  0x0b, 0x00, 0x00, 0x00, 0x12, 0x03, 0x22, 0x00, 0x0b, 0x00, 0x52, 0x41,
  0x1e, 0x00, 0x52, 0x42, 0x1d, 0x00, 0x70, 0x52, 0x06, 0x00, 0x30, 0x13,
  0x11, 0x00, 0x00, 0x00, 0x03, 0x00, 0x01, 0x00, 0x02, 0x00, 0x00, 0x00,
  0x40, 0x9a, 0x00, 0x00, 0x1c, 0x00, 0x00, 0x00, 0x22, 0x00, 0x4d, 0x00,
  0x70, 0x10, 0xe7, 0x00, 0x00, 0x00, 0x52, 0x21, 0x1e, 0x00, 0x6e, 0x20,
  0xe9, 0x00, 0x10, 0x00, 0x0c, 0x00, 0x1a, 0x01, 0xb1, 0x02, 0x6e, 0x20,
  0xec, 0x00, 0x10, 0x00, 0x0c, 0x00, 0x52, 0x21, 0x1d, 0x00, 0x6e, 0x20,
  0xe9, 0x00, 0x10, 0x00, 0x0c, 0x00, 0x6e, 0x10, 0xee, 0x00, 0x00, 0x00,
  0x0c, 0x00, 0x11, 0x00, 0x03, 0x00, 0x00, 0x00, 0x00, 0x00, 0x00, 0x00,
  0x45, 0x9a, 0x00, 0x00, 0x1d, 0x00, 0x00, 0x00, 0x12, 0x50, 0x23, 0x00,
  0x5f, 0x00, 0x12, 0x01, 0x62, 0x02, 0x23, 0x00, 0x4d, 0x02, 0x00, 0x01,
  0x12, 0x11, 0x62, 0x02, 0x20, 0x00, 0x4d, 0x02, 0x00, 0x01, 0x12, 0x21,
  0x62, 0x02, 0x22, 0x00, 0x4d, 0x02, 0x00, 0x01, 0x12, 0x31, 0x62, 0x02,
  0x24, 0x00, 0x4d, 0x02, 0x00, 0x01, 0x12, 0x41, 0x62, 0x02, 0x21, 0x00,
  0x4d, 0x02, 0x00, 0x01, 0x11, 0x00, 0x00, 0x00, 0x03, 0x00, 0x00, 0x00,
  0x03, 0x00, 0x00, 0x00, 0x4a, 0x9a, 0x00, 0x00, 0x39, 0x00, 0x00, 0x00,
  0x22, 0x00, 0x1d, 0x00, 0x1a, 0x01, 0xf7, 0x00, 0x12, 0x02, 0x70, 0x30,
  0x42, 0x00, 0x10, 0x02, 0x69, 0x00, 0x23, 0x00, 0x22, 0x00, 0x1d, 0x00,
  0x1a, 0x01, 0x56, 0x00, 0x12, 0x12, 0x70, 0x30, 0x42, 0x00, 0x10, 0x02,
  0x69, 0x00, 0x20, 0x00, 0x22, 0x00, 0x1d, 0x00, 0x1a, 0x01, 0x66, 0x00,
  0x12, 0x22, 0x70, 0x30, 0x42, 0x00, 0x10, 0x02, 0x69, 0x00, 0x22, 0x00,
  0x22, 0x00, 0x1d, 0x00, 0x1a, 0x01, 0x08, 0x01, 0x12, 0x32, 0x70, 0x30,
  0x42, 0x00, 0x10, 0x02, 0x69, 0x00, 0x24, 0x00, 0x22, 0x00, 0x1d, 0x00,
  0x1a, 0x01, 0x5a, 0x00, 0x12, 0x42, 0x70, 0x30, 0x42, 0x00, 0x10, 0x02,
  0x69, 0x00, 0x21, 0x00, 0x71, 0x00, 0x40, 0x00, 0x00, 0x00, 0x0c, 0x00,
  0x69, 0x00, 0x1f, 0x00, 0x0e, 0x00, 0x00, 0x00, 0x03, 0x00, 0x03, 0x00,
  0x03, 0x00, 0x00, 0x00, 0x52, 0x9a, 0x00, 0x00, 0x04, 0x00, 0x00, 0x00,
  0x70, 0x30, 0xd4, 0x00, 0x10, 0x02, 0x0e, 0x00, 0x02, 0x00, 0x01, 0x00,
  0x02, 0x00, 0x00, 0x00, 0x59, 0x9a, 0x00, 0x00, 0x09, 0x00, 0x00, 0x00,
  0x1c, 0x00, 0x1d, 0x00, 0x71, 0x20, 0xd5, 0x00, 0x10, 0x00, 0x0c, 0x00,
  0x1f, 0x00, 0x1d, 0x00, 0x11, 0x00, 0x00, 0x00, 0x01, 0x00, 0x00, 0x00,
  0x01, 0x00, 0x00, 0x00, 0x60, 0x9a, 0x00, 0x00, 0x09, 0x00, 0x00, 0x00,
  0x62, 0x00, 0x1f, 0x00, 0x6e, 0x10, 0x07, 0x01, 0x00, 0x00, 0x0c, 0x00,
  0x1f, 0x00, 0x5f, 0x00, 0x11, 0x00, 0x00, 0x00, 0x01, 0x00, 0x01, 0x00,
  0x01, 0x00, 0x00, 0x00, 0x65, 0x9a, 0x00, 0x00, 0x04, 0x00, 0x00, 0x00,
  0x70, 0x10, 0xc6, 0x00, 0x00, 0x00, 0x0e, 0x00, 0x02, 0x00, 0x02, 0x00,
  0x00, 0x00, 0x00, 0x00, 0x6a, 0x9a, 0x00, 0x00, 0x01, 0x00, 0x00, 0x00,
  0x0e, 0x00, 0x00, 0x00, 0x02, 0x00, 0x02, 0x00, 0x00, 0x00, 0x00, 0x00,
  0x71, 0x9a, 0x00, 0x00, 0x01, 0x00, 0x00, 0x00, 0x0e, 0x00, 0x00, 0x00,
  0x04, 0x00, 0x04, 0x00, 0x00, 0x00, 0x00, 0x00, 0x78, 0x9a, 0x00, 0x00,
  0x01, 0x00, 0x00, 0x00, 0x0e, 0x00, 0x00, 0x00, 0x03, 0x00, 0x00, 0x00,
  0x02, 0x00, 0x00, 0x00, 0x83, 0x9a, 0x00, 0x00, 0x21, 0x00, 0x00, 0x00,
  0x22, 0x00, 0x39, 0x00, 0x22, 0x01, 0x37, 0x00, 0x62, 0x02, 0x61, 0x00,
  0x70, 0x20, 0xc5, 0x00, 0x21, 0x00, 0x70, 0x20, 0xc7, 0x00, 0x10, 0x00,
  0x69, 0x00, 0x26, 0x00, 0x22, 0x00, 0x39, 0x00, 0x22, 0x01, 0x37, 0x00,
  0x62, 0x02, 0x60, 0x00, 0x70, 0x20, 0xc5, 0x00, 0x21, 0x00, 0x70, 0x20,
  0xc7, 0x00, 0x10, 0x00, 0x69, 0x00, 0x25, 0x00, 0x62, 0x00, 0x22, 0x00,
  0x69, 0x00, 0x29, 0x00, 0x0e, 0x00, 0x00, 0x00, 0x01, 0x00, 0x01, 0x00,
  0x01, 0x00, 0x00, 0x00, 0x8a, 0x9a, 0x00, 0x00, 0x04, 0x00, 0x00, 0x00,
  0x70, 0x10, 0xdd, 0x00, 0x00, 0x00, 0x0e, 0x00, 0x04, 0x00, 0x01, 0x00,
  0x02, 0x00, 0x00, 0x00, 0x90, 0x9a, 0x00, 0x00, 0x2c, 0x00, 0x00, 0x00,
  0x62, 0x00, 0x20, 0x00, 0x71, 0x10, 0x52, 0x00, 0x00, 0x00, 0x0a, 0x00,
  0x38, 0x00, 0x25, 0x00, 0x1a, 0x00, 0x27, 0x02, 0x71, 0x20, 0x1d, 0x00,
  0x30, 0x00, 0x62, 0x00, 0x26, 0x00, 0x22, 0x01, 0x4d, 0x00, 0x70, 0x10,
  0xe7, 0x00, 0x01, 0x00, 0x1a, 0x02, 0x78, 0x01, 0x6e, 0x20, 0xec, 0x00,
  0x21, 0x00, 0x0c, 0x01, 0x6e, 0x20, 0xec, 0x00, 0x31, 0x00, 0x0c, 0x01,
  0x13, 0x02, 0x0a, 0x00, 0x6e, 0x20, 0xe8, 0x00, 0x21, 0x00, 0x0c, 0x01,
  0x6e, 0x10, 0xee, 0x00, 0x01, 0x00, 0x0c, 0x01, 0x6e, 0x20, 0xc8, 0x00,
  0x10, 0x00, 0x0e, 0x00, 0x02, 0x00, 0x00, 0x00, 0x02, 0x00, 0x00, 0x00,
  0x9c, 0x9a, 0x00, 0x00, 0x11, 0x00, 0x00, 0x00, 0x22, 0x00, 0x39, 0x00,
  0x22, 0x01, 0x1e, 0x00, 0x70, 0x10, 0x46, 0x00, 0x01, 0x00, 0x70, 0x20,
  0xc7, 0x00, 0x10, 0x00, 0x71, 0x10, 0xf5, 0x00, 0x00, 0x00, 0x71, 0x10,
  0xf4, 0x00, 0x00, 0x00, 0x0e, 0x00, 0x00, 0x00, 0x02, 0x00, 0x01, 0x00,
  0x02, 0x00, 0x00, 0x00, 0xa9, 0x9a, 0x00, 0x00, 0x05, 0x00, 0x00, 0x00,
  0x12, 0x00, 0x71, 0x20, 0x4f, 0x00, 0x01, 0x00, 0x0e, 0x00, 0x00, 0x00,
  0x05, 0x00, 0x02, 0x00, 0x03, 0x00, 0x00, 0x00, 0xb1, 0x9a, 0x00, 0x00,
  0x33, 0x00, 0x00, 0x00, 0x62, 0x00, 0x21, 0x00, 0x71, 0x10, 0x52, 0x00,
  0x00, 0x00, 0x0a, 0x00, 0x38, 0x00, 0x2c, 0x00, 0x1a, 0x00, 0x27, 0x02,
  0x71, 0x30, 0x1e, 0x00, 0x30, 0x04, 0x62, 0x00, 0x25, 0x00, 0x22, 0x01,
  0x4d, 0x00, 0x70, 0x10, 0xe7, 0x00, 0x01, 0x00, 0x1a, 0x02, 0x79, 0x01,
  0x6e, 0x20, 0xec, 0x00, 0x21, 0x00, 0x0c, 0x01, 0x6e, 0x20, 0xec, 0x00,
  0x31, 0x00, 0x0c, 0x01, 0x13, 0x02, 0x0a, 0x00, 0x6e, 0x20, 0xe8, 0x00,
  0x21, 0x00, 0x0c, 0x01, 0x6e, 0x10, 0xee, 0x00, 0x01, 0x00, 0x0c, 0x01,
  0x6e, 0x20, 0xc8, 0x00, 0x10, 0x00, 0x38, 0x04, 0x07, 0x00, 0x62, 0x00,
  0x25, 0x00, 0x6e, 0x20, 0xf9, 0x00, 0x04, 0x00, 0x0e, 0x00, 0x00, 0x00,
  0x04, 0x00, 0x01, 0x00, 0x02, 0x00, 0x00, 0x00, 0xc1, 0x9a, 0x00, 0x00,
  0x2c, 0x00, 0x00, 0x00, 0x62, 0x00, 0x22, 0x00, 0x71, 0x10, 0x52, 0x00,
  0x00, 0x00, 0x0a, 0x00, 0x38, 0x00, 0x25, 0x00, 0x1a, 0x00, 0x27, 0x02,
  0x71, 0x20, 0x1f, 0x00, 0x30, 0x00, 0x62, 0x00, 0x26, 0x00, 0x22, 0x01,
  0x4d, 0x00, 0x70, 0x10, 0xe7, 0x00, 0x01, 0x00, 0x1a, 0x02, 0x7a, 0x01,
  0x6e, 0x20, 0xec, 0x00, 0x21, 0x00, 0x0c, 0x01, 0x6e, 0x20, 0xec, 0x00,
  0x31, 0x00, 0x0c, 0x01, 0x13, 0x02, 0x0a, 0x00, 0x6e, 0x20, 0xe8, 0x00,
  0x21, 0x00, 0x0c, 0x01, 0x6e, 0x10, 0xee, 0x00, 0x01, 0x00, 0x0c, 0x01,
  0x6e, 0x20, 0xc8, 0x00, 0x10, 0x00, 0x0e, 0x00, 0x01, 0x00, 0x01, 0x00,
  0x00, 0x00, 0x00, 0x00, 0xcd, 0x9a, 0x00, 0x00, 0x03, 0x00, 0x00, 0x00,
  0x69, 0x00, 0x29, 0x00, 0x0e, 0x00, 0x00, 0x00, 0x03, 0x00, 0x01, 0x00,
  0x01, 0x00, 0x00, 0x00, 0xd5, 0x9a, 0x00, 0x00, 0x10, 0x00, 0x00, 0x00,
  0x6e, 0x10, 0x43, 0x00, 0x02, 0x00, 0x0a, 0x00, 0x62, 0x01, 0x29, 0x00,
  0x6e, 0x10, 0x43, 0x00, 0x01, 0x00, 0x0a, 0x01, 0x34, 0x10, 0x04, 0x00,
  0x12, 0x10, 0x0f, 0x00, 0x12, 0x00, 0x28, 0xfe, 0x04, 0x00, 0x01, 0x00,
  0x02, 0x00, 0x00, 0x00, 0xdc, 0x9a, 0x00, 0x00, 0x2c, 0x00, 0x00, 0x00,
  0x62, 0x00, 0x23, 0x00, 0x71, 0x10, 0x52, 0x00, 0x00, 0x00, 0x0a, 0x00,
  0x38, 0x00, 0x25, 0x00, 0x1a, 0x00, 0x27, 0x02, 0x71, 0x20, 0x20, 0x00,
  0x30, 0x00, 0x62, 0x00, 0x26, 0x00, 0x22, 0x01, 0x4d, 0x00, 0x70, 0x10,
  0xe7, 0x00, 0x01, 0x00, 0x1a, 0x02, 0x7b, 0x01, 0x6e, 0x20, 0xec, 0x00,
  0x21, 0x00, 0x0c, 0x01, 0x6e, 0x20, 0xec, 0x00, 0x31, 0x00, 0x0c, 0x01,
  0x13, 0x02, 0x0a, 0x00, 0x6e, 0x20, 0xe8, 0x00, 0x21, 0x00, 0x0c, 0x01,
  0x6e, 0x10, 0xee, 0x00, 0x01, 0x00, 0x0c, 0x01, 0x6e, 0x20, 0xc8, 0x00,
  0x10, 0x00, 0x0e, 0x00, 0x02, 0x00, 0x01, 0x00, 0x02, 0x00, 0x00, 0x00,
  0xe8, 0x9a, 0x00, 0x00, 0x05, 0x00, 0x00, 0x00, 0x12, 0x00, 0x71, 0x20,
  0x55, 0x00, 0x01, 0x00, 0x0e, 0x00, 0x00, 0x00, 0x05, 0x00, 0x02, 0x00,
  0x03, 0x00, 0x00, 0x00, 0xf0, 0x9a, 0x00, 0x00, 0x33, 0x00, 0x00, 0x00,
  0x62, 0x00, 0x24, 0x00, 0x71, 0x10, 0x52, 0x00, 0x00, 0x00, 0x0a, 0x00,
  0x38, 0x00, 0x2c, 0x00, 0x1a, 0x00, 0x27, 0x02, 0x71, 0x30, 0x21, 0x00,
  0x30, 0x04, 0x62, 0x00, 0x25, 0x00, 0x22, 0x01, 0x4d, 0x00, 0x70, 0x10,
  0xe7, 0x00, 0x01, 0x00, 0x1a, 0x02, 0x7c, 0x01, 0x6e, 0x20, 0xec, 0x00,
  0x21, 0x00, 0x0c, 0x01, 0x6e, 0x20, 0xec, 0x00, 0x31, 0x00, 0x0c, 0x01,
  0x13, 0x02, 0x0a, 0x00, 0x6e, 0x20, 0xe8, 0x00, 0x21, 0x00, 0x0c, 0x01,
  0x6e, 0x10, 0xee, 0x00, 0x01, 0x00, 0x0c, 0x01, 0x6e, 0x20, 0xc8, 0x00,
  0x10, 0x00, 0x38, 0x04, 0x07, 0x00, 0x62, 0x00, 0x25, 0x00, 0x6e, 0x20,
  0xf9, 0x00, 0x04, 0x00, 0x0e, 0x00, 0x00, 0x00, 0x02, 0x00, 0x02, 0x00,
  0x01, 0x00, 0x00, 0x00, 0x00, 0x9b, 0x00, 0x00, 0x06, 0x00, 0x00, 0x00,
  0x70, 0x10, 0xdd, 0x00, 0x00, 0x00, 0x5b, 0x01, 0x2c, 0x00, 0x0e, 0x00,
  0x06, 0x00, 0x00, 0x00, 0x03, 0x00, 0x01, 0x00, 0x09, 0x9b, 0x00, 0x00,
  0x24, 0x00, 0x00, 0x00, 0x1a, 0x04, 0x96, 0x01, 0x71, 0x10, 0xcf, 0x00,
  0x04, 0x00, 0x0c, 0x00, 0x1a, 0x04, 0xe6, 0x01, 0x12, 0x05, 0x23, 0x55,
  0x61, 0x00, 0x6e, 0x30, 0xd1, 0x00, 0x40, 0x05, 0x0c, 0x03, 0x12, 0x04,
  0x12, 0x05, 0x23, 0x55, 0x62, 0x00, 0x6e, 0x30, 0xfc, 0x00, 0x43, 0x05,
  0x0c, 0x01, 0x22, 0x04, 0x20, 0x00, 0x70, 0x20, 0x56, 0x00, 0x14, 0x00,
  0x11, 0x04, 0x0d, 0x02, 0x22, 0x04, 0x3a, 0x00, 0x70, 0x20, 0xcb, 0x00,
  0x24, 0x00, 0x27, 0x04, 0x00, 0x00, 0x00, 0x00, 0x1c, 0x00, 0x01, 0x00,
  0x01, 0x01, 0x49, 0x1d, 0x06, 0x00, 0x01, 0x00, 0x03, 0x00, 0x00, 0x00,
  0x2d, 0x9b, 0x00, 0x00, 0x2d, 0x00, 0x00, 0x00, 0x54, 0x50, 0x2a, 0x00,
  0x39, 0x00, 0x28, 0x00, 0x1c, 0x00, 0x0c, 0x00, 0x1a, 0x01, 0xb2, 0x01,
  0x12, 0x52, 0x23, 0x22, 0x61, 0x00, 0x12, 0x03, 0x1c, 0x04, 0x4c, 0x00,
  0x4d, 0x04, 0x02, 0x03, 0x12, 0x13, 0x62, 0x04, 0x63, 0x00, 0x4d, 0x04,
  0x02, 0x03, 0x12, 0x23, 0x62, 0x04, 0x63, 0x00, 0x4d, 0x04, 0x02, 0x03,
  0x12, 0x33, 0x62, 0x04, 0x63, 0x00, 0x4d, 0x04, 0x02, 0x03, 0x12, 0x43,
  0x1c, 0x04, 0x18, 0x00, 0x4d, 0x04, 0x02, 0x03, 0x6e, 0x30, 0xd2, 0x00,
  0x10, 0x02, 0x0c, 0x00, 0x5b, 0x50, 0x2a, 0x00, 0x54, 0x50, 0x2a, 0x00,
  0x11, 0x00, 0x00, 0x00, 0x06, 0x00, 0x01, 0x00, 0x03, 0x00, 0x01, 0x00,
  0x36, 0x9b, 0x00, 0x00, 0x22, 0x00, 0x00, 0x00, 0x1d, 0x05, 0x54, 0x50,
  0x2b, 0x00, 0x39, 0x00, 0x18, 0x00, 0x54, 0x50, 0x2c, 0x00, 0x6e, 0x10,
  0xde, 0x00, 0x00, 0x00, 0x0c, 0x00, 0x1a, 0x01, 0xdc, 0x01, 0x12, 0x12,
  0x23, 0x22, 0x61, 0x00, 0x12, 0x03, 0x62, 0x04, 0x63, 0x00, 0x4d, 0x04,
  0x02, 0x03, 0x6e, 0x30, 0xd2, 0x00, 0x10, 0x02, 0x0c, 0x00, 0x5b, 0x50,
  0x2b, 0x00, 0x54, 0x50, 0x2b, 0x00, 0x1e, 0x05, 0x11, 0x00, 0x0d, 0x00,
  0x1e, 0x05, 0x27, 0x00, 0x01, 0x00, 0x00, 0x00, 0x1c, 0x00, 0x01, 0x00,
  0x01, 0x00, 0x1f, 0x00, 0x0b, 0x00, 0x06, 0x00, 0x03, 0x00, 0x00, 0x00,
  0x40, 0x9b, 0x00, 0x00, 0x2a, 0x00, 0x00, 0x00, 0x70, 0x10, 0x59, 0x00,
  0x05, 0x00, 0x0c, 0x00, 0x12, 0x01, 0x12, 0x52, 0x23, 0x22, 0x62, 0x00,
  0x12, 0x03, 0x4d, 0x06, 0x02, 0x03, 0x12, 0x13, 0x71, 0x10, 0xd9, 0x00,
  0x07, 0x00, 0x0c, 0x04, 0x4d, 0x04, 0x02, 0x03, 0x12, 0x23, 0x71, 0x10,
  0xd9, 0x00, 0x08, 0x00, 0x0c, 0x04, 0x4d, 0x04, 0x02, 0x03, 0x12, 0x33,
  0x71, 0x10, 0xd9, 0x00, 0x09, 0x00, 0x0c, 0x04, 0x4d, 0x04, 0x02, 0x03,
  0x12, 0x43, 0x4d, 0x0a, 0x02, 0x03, 0x6e, 0x30, 0xfc, 0x00, 0x10, 0x02,
  0x0c, 0x01, 0x1f, 0x01, 0x0d, 0x00, 0x11, 0x01, 0x05, 0x00, 0x01, 0x00,
  0x03, 0x00, 0x01, 0x00, 0x55, 0x9b, 0x00, 0x00, 0x22, 0x00, 0x00, 0x00,
  0x54, 0x41, 0x2c, 0x00, 0x6e, 0x10, 0xde, 0x00, 0x01, 0x00, 0x0c, 0x01,
  0x1a, 0x02, 0xdb, 0x01, 0x12, 0x03, 0x23, 0x33, 0x61, 0x00, 0x6e, 0x30,
  0xd2, 0x00, 0x21, 0x03, 0x0c, 0x01, 0x54, 0x42, 0x2c, 0x00, 0x12, 0x03,
  0x23, 0x33, 0x62, 0x00, 0x6e, 0x30, 0xfc, 0x00, 0x21, 0x03, 0x0c, 0x01,
  0x1f, 0x01, 0x5c, 0x00, 0x11, 0x01, 0x0d, 0x00, 0x22, 0x01, 0x3a, 0x00,
  0x70, 0x20, 0xcb, 0x00, 0x01, 0x00, 0x27, 0x01, 0x00, 0x00, 0x00, 0x00,
  0x1a, 0x00, 0x01, 0x00, 0x01, 0x01, 0x49, 0x1b, 0x11, 0x00, 0x02, 0x00,
  0x08, 0x00, 0x01, 0x00, 0x63, 0x9b, 0x00, 0x00, 0x78, 0x00, 0x00, 0x00,
  0x70, 0x10, 0x5c, 0x00, 0x0f, 0x00, 0x0c, 0x0c, 0x54, 0xf0, 0x2c, 0x00,
  0x12, 0x11, 0x23, 0x11, 0x62, 0x00, 0x12, 0x02, 0x77, 0x01, 0xd9, 0x00,
  0x10, 0x00, 0x0c, 0x0e, 0x4d, 0x0e, 0x01, 0x02, 0x6e, 0x30, 0xfc, 0x00,
  0x0c, 0x01, 0x0c, 0x09, 0x39, 0x09, 0x04, 0x00, 0x12, 0x00, 0x11, 0x00,
  0x6e, 0x10, 0xde, 0x00, 0x09, 0x00, 0x0c, 0x08, 0x1a, 0x00, 0x35, 0x02,
  0x6e, 0x20, 0xd0, 0x00, 0x08, 0x00, 0x0c, 0x00, 0x6e, 0x20, 0xfb, 0x00,
  0x90, 0x00, 0x0a, 0x0d, 0x1a, 0x00, 0x34, 0x02, 0x6e, 0x20, 0xd0, 0x00,
  0x08, 0x00, 0x0c, 0x00, 0x6e, 0x20, 0xfb, 0x00, 0x90, 0x00, 0x0a, 0x0b,
  0x1a, 0x00, 0x6b, 0x02, 0x6e, 0x20, 0xd0, 0x00, 0x08, 0x00, 0x0c, 0x00,
  0x6e, 0x20, 0xfb, 0x00, 0x90, 0x00, 0x0a, 0x03, 0x1a, 0x00, 0x2b, 0x02,
  0x6e, 0x20, 0xd0, 0x00, 0x08, 0x00, 0x0c, 0x00, 0x6e, 0x20, 0xfb, 0x00,
  0x90, 0x00, 0x0a, 0x04, 0x1a, 0x00, 0xcb, 0x01, 0x6e, 0x20, 0xd0, 0x00,
  0x08, 0x00, 0x0c, 0x00, 0x6e, 0x20, 0xfb, 0x00, 0x90, 0x00, 0x0a, 0x05,
  0x1a, 0x00, 0x33, 0x02, 0x6e, 0x20, 0xd0, 0x00, 0x08, 0x00, 0x0c, 0x00,
  0x6e, 0x20, 0xfb, 0x00, 0x90, 0x00, 0x0a, 0x06, 0x1a, 0x00, 0xa4, 0x02,
  0x6e, 0x20, 0xd0, 0x00, 0x08, 0x00, 0x0c, 0x00, 0x6e, 0x20, 0xfa, 0x00,
  0x90, 0x00, 0x0c, 0x07, 0x1f, 0x07, 0x4c, 0x00, 0x22, 0x00, 0x1b, 0x00,
  0x22, 0x02, 0x1c, 0x00, 0x70, 0x30, 0x34, 0x00, 0xd2, 0x0b, 0x02, 0x01,
  0x10, 0x00, 0x76, 0x08, 0x2b, 0x00, 0x00, 0x00, 0x28, 0xa7, 0x0d, 0x0a,
  0x22, 0x00, 0x3a, 0x00, 0x70, 0x20, 0xcb, 0x00, 0xa0, 0x00, 0x27, 0x00,
  0x00, 0x00, 0x00, 0x00, 0x70, 0x00, 0x01, 0x00, 0x01, 0x01, 0x49, 0x71,
  0x01, 0x00, 0x01, 0x00, 0x01, 0x00, 0x00, 0x00, 0xca, 0x9b, 0x00, 0x00,
  0x04, 0x00, 0x00, 0x00, 0x70, 0x10, 0xdd, 0x00, 0x00, 0x00, 0x0e, 0x00,
  0x01, 0x00, 0x00, 0x00, 0x00, 0x00, 0x00, 0x00, 0xd0, 0x9b, 0x00, 0x00,
  0x0d, 0x00, 0x00, 0x00, 0x62, 0x00, 0x2d, 0x00, 0x39, 0x00, 0x08, 0x00,
  0x71, 0x00, 0x57, 0x00, 0x00, 0x00, 0x0c, 0x00, 0x69, 0x00, 0x2d, 0x00,
  0x62, 0x00, 0x2d, 0x00, 0x11, 0x00, 0x00, 0x00, 0x02, 0x00, 0x00, 0x00,
  0x02, 0x00, 0x01, 0x00, 0xd7, 0x9b, 0x00, 0x00, 0x10, 0x00, 0x00, 0x00,
  0x1a, 0x01, 0x97, 0x01, 0x71, 0x10, 0xcf, 0x00, 0x01, 0x00, 0x0c, 0x01,
  0x69, 0x01, 0x2e, 0x00, 0x0e, 0x00, 0x0d, 0x00, 0x22, 0x01, 0x3a, 0x00,
  0x70, 0x20, 0xcb, 0x00, 0x01, 0x00, 0x27, 0x01, 0x00, 0x00, 0x00, 0x00,
  0x08, 0x00, 0x01, 0x00, 0x01, 0x01, 0x3d, 0x09, 0x01, 0x00, 0x01, 0x00,
  0x01, 0x00, 0x00, 0x00, 0xe4, 0x9b, 0x00, 0x00, 0x04, 0x00, 0x00, 0x00,
  0x70, 0x10, 0xdd, 0x00, 0x00, 0x00, 0x0e, 0x00, 0x04, 0x00, 0x00, 0x00,
  0x03, 0x00, 0x01, 0x00, 0xea, 0x9b, 0x00, 0x00, 0x1a, 0x00, 0x00, 0x00,
  0x62, 0x01, 0x2e, 0x00, 0x1a, 0x02, 0xa9, 0x01, 0x12, 0x03, 0x23, 0x33,
  0x61, 0x00, 0x6e, 0x30, 0xd2, 0x00, 0x21, 0x03, 0x0c, 0x01, 0x12, 0x02,
  0x12, 0x03, 0x23, 0x33, 0x62, 0x00, 0x6e, 0x30, 0xfc, 0x00, 0x21, 0x03,
  0x0e, 0x00, 0x0d, 0x00, 0x22, 0x01, 0x3a, 0x00, 0x70, 0x20, 0xcb, 0x00,
  0x01, 0x00, 0x27, 0x01, 0x00, 0x00, 0x00, 0x00, 0x12, 0x00, 0x01, 0x00,
  0x01, 0x01, 0x3f, 0x13, 0x09, 0x00, 0x02, 0x00, 0x03, 0x00, 0x00, 0x00,
  0xf9, 0x9b, 0x00, 0x00, 0x27, 0x00, 0x00, 0x00, 0x12, 0x26, 0x12, 0x15,
  0x12, 0x04, 0x62, 0x00, 0x2e, 0x00, 0x1a, 0x01, 0xb0, 0x01, 0x23, 0x62,
  0x61, 0x00, 0x1c, 0x03, 0x4c, 0x00, 0x4d, 0x03, 0x02, 0x04, 0x62, 0x03,
  0x62, 0x00, 0x4d, 0x03, 0x02, 0x05, 0x6e, 0x30, 0xd2, 0x00, 0x10, 0x02,
  0x0c, 0x00, 0x12, 0x01, 0x23, 0x62, 0x62, 0x00, 0x4d, 0x07, 0x02, 0x04,
  0x71, 0x10, 0xcd, 0x00, 0x08, 0x00, 0x0c, 0x03, 0x4d, 0x03, 0x02, 0x05,
  0x6e, 0x30, 0xfc, 0x00, 0x10, 0x02, 0x0c, 0x00, 0x1f, 0x00, 0x15, 0x00,
  0x11, 0x00, 0x00, 0x00, 0x07, 0x00, 0x01, 0x00, 0x03, 0x00, 0x01, 0x00,
  0x02, 0x9c, 0x00, 0x00, 0x22, 0x00, 0x00, 0x00, 0x62, 0x01, 0x2e, 0x00,
  0x1a, 0x02, 0xba, 0x01, 0x12, 0x13, 0x23, 0x33, 0x61, 0x00, 0x12, 0x04,
  0x1c, 0x05, 0x15, 0x00, 0x4d, 0x05, 0x03, 0x04, 0x6e, 0x30, 0xd2, 0x00,
  0x21, 0x03, 0x0c, 0x01, 0x12, 0x02, 0x12, 0x13, 0x23, 0x33, 0x62, 0x00,
  0x12, 0x04, 0x4d, 0x06, 0x03, 0x04, 0x6e, 0x30, 0xfc, 0x00, 0x21, 0x03,
  0x0e, 0x00, 0x0d, 0x00, 0x22, 0x01, 0x3a, 0x00, 0x70, 0x20, 0xcb, 0x00,
  0x01, 0x00, 0x27, 0x01, 0x00, 0x00, 0x00, 0x00, 0x1a, 0x00, 0x01, 0x00,
  0x01, 0x01, 0x3f, 0x1b, 0x07, 0x00, 0x00, 0x00, 0x03, 0x00, 0x01, 0x00,
  0x14, 0x9c, 0x00, 0x00, 0x31, 0x00, 0x00, 0x00, 0x12, 0x03, 0x71, 0x00,
  0x65, 0x00, 0x00, 0x00, 0x0c, 0x01, 0x60, 0x02, 0x01, 0x00, 0x13, 0x04,
  0x1d, 0x00, 0x35, 0x42, 0x15, 0x00, 0x12, 0x02, 0x12, 0x14, 0x23, 0x44,
  0x62, 0x00, 0x12, 0x05, 0x12, 0x06, 0x71, 0x10, 0xd9, 0x00, 0x06, 0x00,
  0x0c, 0x06, 0x4d, 0x06, 0x04, 0x05, 0x6e, 0x30, 0xfc, 0x00, 0x21, 0x04,
  0x0c, 0x02, 0x1f, 0x02, 0x15, 0x00, 0x11, 0x02, 0x12, 0x02, 0x12, 0x04,
  0x23, 0x44, 0x62, 0x00, 0x6e, 0x30, 0xfc, 0x00, 0x21, 0x04, 0x0c, 0x02,
  0x1f, 0x02, 0x15, 0x00, 0x28, 0xf5, 0x0d, 0x00, 0x1a, 0x02, 0x55, 0x00,
  0x71, 0x20, 0x4f, 0x00, 0x02, 0x00, 0x07, 0x32, 0x28, 0xed, 0x00, 0x00,
  0x01, 0x00, 0x00, 0x00, 0x27, 0x00, 0x01, 0x00, 0x01, 0x01, 0x49, 0x29,
  0x05, 0x00, 0x00, 0x00, 0x03, 0x00, 0x00, 0x00, 0x2c, 0x9c, 0x00, 0x00,
  0x2c, 0x00, 0x00, 0x00, 0x12, 0x04, 0x62, 0x00, 0x31, 0x00, 0x39, 0x00,
  0x19, 0x00, 0x60, 0x00, 0x01, 0x00, 0x13, 0x01, 0x1d, 0x00, 0x35, 0x10,
  0x16, 0x00, 0x62, 0x00, 0x2e, 0x00, 0x1a, 0x01, 0xd2, 0x01, 0x12, 0x12,
  0x23, 0x22, 0x61, 0x00, 0x62, 0x03, 0x63, 0x00, 0x4d, 0x03, 0x02, 0x04,
  0x6e, 0x30, 0xd2, 0x00, 0x10, 0x02, 0x0c, 0x00, 0x69, 0x00, 0x31, 0x00,
  0x62, 0x00, 0x31, 0x00, 0x11, 0x00, 0x62, 0x00, 0x2e, 0x00, 0x1a, 0x01,
  0xe9, 0x01, 0x23, 0x42, 0x61, 0x00, 0x6e, 0x30, 0xd2, 0x00, 0x10, 0x02,
  0x0c, 0x00, 0x69, 0x00, 0x31, 0x00, 0x28, 0xf1, 0x03, 0x00, 0x00, 0x00,
  0x03, 0x00, 0x00, 0x00, 0x37, 0x9c, 0x00, 0x00, 0x14, 0x00, 0x00, 0x00,
  0x62, 0x00, 0x32, 0x00, 0x39, 0x00, 0x0f, 0x00, 0x62, 0x00, 0x2e, 0x00,
  0x1a, 0x01, 0xf8, 0x01, 0x12, 0x02, 0x23, 0x22, 0x61, 0x00, 0x6e, 0x30,
  0xd2, 0x00, 0x10, 0x02, 0x0c, 0x00, 0x69, 0x00, 0x32, 0x00, 0x62, 0x00,
  0x32, 0x00, 0x11, 0x00, 0x05, 0x00, 0x00, 0x00, 0x03, 0x00, 0x00, 0x00,
  0x3f, 0x9c, 0x00, 0x00, 0x19, 0x00, 0x00, 0x00, 0x62, 0x00, 0x33, 0x00,
  0x39, 0x00, 0x14, 0x00, 0x62, 0x00, 0x2e, 0x00, 0x1a, 0x01, 0xfa, 0x01,
  0x12, 0x12, 0x23, 0x22, 0x61, 0x00, 0x12, 0x03, 0x62, 0x04, 0x64, 0x00,
  0x4d, 0x04, 0x02, 0x03, 0x6e, 0x30, 0xd2, 0x00, 0x10, 0x02, 0x0c, 0x00,
  0x69, 0x00, 0x33, 0x00, 0x62, 0x00, 0x33, 0x00, 0x11, 0x00, 0x00, 0x00,
  0x05, 0x00, 0x00, 0x00, 0x03, 0x00, 0x01, 0x00, 0x48, 0x9c, 0x00, 0x00,
  0x18, 0x00, 0x00, 0x00, 0x12, 0x03, 0x71, 0x00, 0x66, 0x00, 0x00, 0x00,
  0x0c, 0x01, 0x12, 0x02, 0x12, 0x04, 0x23, 0x44, 0x62, 0x00, 0x6e, 0x30,
  0xfc, 0x00, 0x21, 0x04, 0x0c, 0x02, 0x1f, 0x02, 0x5d, 0x00, 0x11, 0x02,
  0x0d, 0x00, 0x1a, 0x02, 0x55, 0x00, 0x71, 0x20, 0x4f, 0x00, 0x02, 0x00,
  0x07, 0x32, 0x28, 0xf8, 0x01, 0x00, 0x00, 0x00, 0x0e, 0x00, 0x01, 0x00,
  0x01, 0x01, 0x49, 0x10, 0x0a, 0x00, 0x02, 0x00, 0x03, 0x00, 0x01, 0x00,
  0x5d, 0x9c, 0x00, 0x00, 0x1f, 0x00, 0x00, 0x00, 0x12, 0x03, 0x71, 0x00,
  0x67, 0x00, 0x00, 0x00, 0x0c, 0x01, 0x12, 0x02, 0x12, 0x14, 0x23, 0x44,
  0x62, 0x00, 0x12, 0x05, 0x71, 0x20, 0xdb, 0x00, 0x98, 0x00, 0x0c, 0x06,
  0x4d, 0x06, 0x04, 0x05, 0x6e, 0x30, 0xfc, 0x00, 0x21, 0x04, 0x0c, 0x02,
  0x1f, 0x02, 0x15, 0x00, 0x11, 0x02, 0x0d, 0x00, 0x1a, 0x02, 0x55, 0x00,
  0x71, 0x20, 0x4f, 0x00, 0x02, 0x00, 0x07, 0x32, 0x28, 0xf8, 0x00, 0x00,
  0x01, 0x00, 0x00, 0x00, 0x15, 0x00, 0x01, 0x00, 0x01, 0x01, 0x49, 0x17,
  0x05, 0x00, 0x00, 0x00, 0x03, 0x00, 0x00, 0x00, 0x78, 0x9c, 0x00, 0x00,
  0x1e, 0x00, 0x00, 0x00, 0x62, 0x00, 0x34, 0x00, 0x39, 0x00, 0x19, 0x00,
  0x62, 0x00, 0x2e, 0x00, 0x1a, 0x01, 0x7a, 0x02, 0x12, 0x22, 0x23, 0x22,
  0x61, 0x00, 0x12, 0x03, 0x1c, 0x04, 0x15, 0x00, 0x4d, 0x04, 0x02, 0x03,
  0x12, 0x13, 0x62, 0x04, 0x63, 0x00, 0x4d, 0x04, 0x02, 0x03, 0x6e, 0x30,
  0xd2, 0x00, 0x10, 0x02, 0x0c, 0x00, 0x69, 0x00, 0x34, 0x00, 0x62, 0x00,
  0x34, 0x00, 0x11, 0x00, 0x02, 0x00, 0x00, 0x00, 0x00, 0x00, 0x01, 0x00,
  0x82, 0x9c, 0x00, 0x00, 0x08, 0x00, 0x00, 0x00, 0x71, 0x00, 0x65, 0x00,
  0x00, 0x00, 0x12, 0x11, 0x0f, 0x01, 0x0d, 0x00, 0x12, 0x01, 0x28, 0xfd,
  0x00, 0x00, 0x00, 0x00, 0x03, 0x00, 0x01, 0x00, 0x01, 0x01, 0x46, 0x05,
  0x02, 0x00, 0x00, 0x00, 0x00, 0x00, 0x01, 0x00, 0x94, 0x9c, 0x00, 0x00,
  0x08, 0x00, 0x00, 0x00, 0x71, 0x00, 0x66, 0x00, 0x00, 0x00, 0x12, 0x11,
  0x0f, 0x01, 0x0d, 0x00, 0x12, 0x01, 0x28, 0xfd, 0x00, 0x00, 0x00, 0x00,
  0x03, 0x00, 0x01, 0x00, 0x01, 0x01, 0x46, 0x05, 0x04, 0x00, 0x00, 0x00,
  0x03, 0x00, 0x01, 0x00, 0xa7, 0x9c, 0x00, 0x00, 0x1a, 0x00, 0x00, 0x00,
  0x62, 0x01, 0x2e, 0x00, 0x1a, 0x02, 0x4d, 0x02, 0x12, 0x03, 0x23, 0x33,
  0x61, 0x00, 0x6e, 0x30, 0xd2, 0x00, 0x21, 0x03, 0x0c, 0x01, 0x12, 0x02,
  0x12, 0x03, 0x23, 0x33, 0x62, 0x00, 0x6e, 0x30, 0xfc, 0x00, 0x21, 0x03,
  0x0e, 0x00, 0x0d, 0x00, 0x22, 0x01, 0x3a, 0x00, 0x70, 0x20, 0xcb, 0x00,
  0x01, 0x00, 0x27, 0x01, 0x00, 0x00, 0x00, 0x00, 0x12, 0x00, 0x01, 0x00,
  0x01, 0x01, 0x3f, 0x13, 0x08, 0x00, 0x02, 0x00, 0x03, 0x00, 0x01, 0x00,
  0xb6, 0x9c, 0x00, 0x00, 0x2e, 0x00, 0x00, 0x00, 0x62, 0x01, 0x2e, 0x00,
  0x1a, 0x02, 0x79, 0x02, 0x12, 0x23, 0x23, 0x33, 0x61, 0x00, 0x12, 0x04,
  0x1c, 0x05, 0x15, 0x00, 0x4d, 0x05, 0x03, 0x04, 0x12, 0x14, 0x62, 0x05,
  0x63, 0x00, 0x4d, 0x05, 0x03, 0x04, 0x6e, 0x30, 0xd2, 0x00, 0x21, 0x03,
  0x0c, 0x01, 0x12, 0x02, 0x12, 0x23, 0x23, 0x33, 0x62, 0x00, 0x12, 0x04,
  0x4d, 0x06, 0x03, 0x04, 0x12, 0x14, 0x71, 0x10, 0xd9, 0x00, 0x07, 0x00,
  0x0c, 0x05, 0x4d, 0x05, 0x03, 0x04, 0x6e, 0x30, 0xfc, 0x00, 0x21, 0x03,
  0x0e, 0x00, 0x0d, 0x00, 0x22, 0x01, 0x3a, 0x00, 0x70, 0x20, 0xcb, 0x00,
  0x01, 0x00, 0x27, 0x01, 0x00, 0x00, 0x00, 0x00, 0x26, 0x00, 0x01, 0x00,
  0x01, 0x01, 0x3f, 0x27, 0x0a, 0x00, 0x02, 0x00, 0x03, 0x00, 0x01, 0x00,
  0xc9, 0x9c, 0x00, 0x00, 0x20, 0x00, 0x00, 0x00, 0x12, 0x12, 0x12, 0x03,
  0x71, 0x00, 0x6a, 0x00, 0x00, 0x00, 0x0c, 0x01, 0x12, 0x04, 0x12, 0x25,
  0x23, 0x55, 0x62, 0x00, 0x12, 0x06, 0x4d, 0x08, 0x05, 0x06, 0x12, 0x16,
  0x71, 0x10, 0xd9, 0x00, 0x09, 0x00, 0x0c, 0x07, 0x4d, 0x07, 0x05, 0x06,
  0x6e, 0x30, 0xfc, 0x00, 0x41, 0x05, 0x0f, 0x02, 0x0d, 0x00, 0x1a, 0x02,
  0x55, 0x00, 0x71, 0x20, 0x4f, 0x00, 0x02, 0x00, 0x01, 0x32, 0x28, 0xf8,
  0x02, 0x00, 0x00, 0x00, 0x15, 0x00, 0x01, 0x00, 0x01, 0x01, 0x49, 0x18,
  0x0a, 0x00, 0x04, 0x00, 0x03, 0x00, 0x01, 0x00, 0xe6, 0x9c, 0x00, 0x00,
  0x3e, 0x00, 0x00, 0x00, 0x62, 0x01, 0x2e, 0x00, 0x1a, 0x02, 0x7c, 0x02,
  0x12, 0x43, 0x23, 0x33, 0x61, 0x00, 0x12, 0x04, 0x1c, 0x05, 0x15, 0x00,
  0x4d, 0x05, 0x03, 0x04, 0x12, 0x14, 0x62, 0x05, 0x63, 0x00, 0x4d, 0x05,
  0x03, 0x04, 0x12, 0x24, 0x1c, 0x05, 0x0b, 0x00, 0x4d, 0x05, 0x03, 0x04,
  0x12, 0x34, 0x1c, 0x05, 0x0b, 0x00, 0x4d, 0x05, 0x03, 0x04, 0x6e, 0x30,
  0xd2, 0x00, 0x21, 0x03, 0x0c, 0x01, 0x12, 0x02, 0x12, 0x43, 0x23, 0x33,
  0x62, 0x00, 0x12, 0x04, 0x4d, 0x06, 0x03, 0x04, 0x12, 0x14, 0x71, 0x10,
  0xd9, 0x00, 0x07, 0x00, 0x0c, 0x05, 0x4d, 0x05, 0x03, 0x04, 0x12, 0x24,
  0x4d, 0x08, 0x03, 0x04, 0x12, 0x34, 0x4d, 0x09, 0x03, 0x04, 0x6e, 0x30,
  0xfc, 0x00, 0x21, 0x03, 0x0e, 0x00, 0x0d, 0x00, 0x22, 0x01, 0x3a, 0x00,
  0x70, 0x20, 0xcb, 0x00, 0x01, 0x00, 0x27, 0x01, 0x00, 0x00, 0x00, 0x00,
  0x36, 0x00, 0x01, 0x00, 0x01, 0x01, 0x3f, 0x37, 0x08, 0x00, 0x02, 0x00,
  0x03, 0x00, 0x01, 0x00, 0xfe, 0x9c, 0x00, 0x00, 0x2a, 0x00, 0x00, 0x00,
  0x62, 0x01, 0x2e, 0x00, 0x1a, 0x02, 0x7d, 0x02, 0x12, 0x23, 0x23, 0x33,
  0x61, 0x00, 0x12, 0x04, 0x1c, 0x05, 0x15, 0x00, 0x4d, 0x05, 0x03, 0x04,
  0x12, 0x14, 0x1c, 0x05, 0x18, 0x00, 0x4d, 0x05, 0x03, 0x04, 0x6e, 0x30,
  0xd2, 0x00, 0x21, 0x03, 0x0c, 0x01, 0x12, 0x02, 0x12, 0x23, 0x23, 0x33,
  0x62, 0x00, 0x12, 0x04, 0x4d, 0x06, 0x03, 0x04, 0x12, 0x14, 0x4d, 0x07,
  0x03, 0x04, 0x6e, 0x30, 0xfc, 0x00, 0x21, 0x03, 0x0e, 0x00, 0x0d, 0x00,
  0x22, 0x01, 0x3a, 0x00, 0x70, 0x20, 0xcb, 0x00, 0x01, 0x00, 0x27, 0x01,
  0x00, 0x00, 0x00, 0x00, 0x22, 0x00, 0x01, 0x00, 0x01, 0x01, 0x3f, 0x23,
  0x0b, 0x00, 0x03, 0x00, 0x07, 0x00, 0x00, 0x00, 0x11, 0x9d, 0x00, 0x00,
  0x0b, 0x00, 0x00, 0x00, 0x12, 0x04, 0x12, 0x05, 0x16, 0x06, 0x00, 0x00,
  0x07, 0x81, 0x01, 0x92, 0x07, 0xa3, 0x76, 0x07, 0x73, 0x00, 0x01, 0x00,
  0x0e, 0x00, 0x00, 0x00, 0x08, 0x00, 0x07, 0x00, 0x01, 0x00, 0x00, 0x00,
  0x1b, 0x9d, 0x00, 0x00, 0x0e, 0x00, 0x00, 0x00, 0x70, 0x10, 0xdd, 0x00,
  0x01, 0x00, 0x5c, 0x12, 0x39, 0x00, 0x5b, 0x13, 0x37, 0x00, 0x5b, 0x14,
  0x35, 0x00, 0x59, 0x15, 0x36, 0x00, 0x5a, 0x16, 0x38, 0x00, 0x0e, 0x00,
  0x0a, 0x00, 0x02, 0x00, 0x02, 0x00, 0x00, 0x00, 0x30, 0x9d, 0x00, 0x00,
  0x60, 0x00, 0x00, 0x00, 0x12, 0x12, 0x12, 0x03, 0x33, 0x98, 0x04, 0x00,
  0x01, 0x23, 0x0f, 0x03, 0x38, 0x09, 0xff, 0xff, 0x6e, 0x10, 0xde, 0x00,
  0x08, 0x00, 0x0c, 0x04, 0x6e, 0x10, 0xde, 0x00, 0x09, 0x00, 0x0c, 0x05,
  0x33, 0x54, 0xf5, 0xff, 0x07, 0x91, 0x1f, 0x01, 0x23, 0x00, 0x55, 0x84,
  0x39, 0x00, 0x55, 0x15, 0x39, 0x00, 0x33, 0x54, 0xec, 0xff, 0x52, 0x84,
  0x36, 0x00, 0x52, 0x15, 0x36, 0x00, 0x33, 0x54, 0xe6, 0xff, 0x53, 0x84,
  0x38, 0x00, 0x53, 0x16, 0x38, 0x00, 0x31, 0x04, 0x04, 0x06, 0x39, 0x04,
  0xde, 0xff, 0x54, 0x84, 0x37, 0x00, 0x54, 0x15, 0x37, 0x00, 0x6e, 0x20,
  0xe0, 0x00, 0x54, 0x00, 0x0a, 0x04, 0x38, 0x04, 0xd4, 0xff, 0x54, 0x84,
  0x35, 0x00, 0x38, 0x04, 0x21, 0x00, 0x54, 0x14, 0x35, 0x00, 0x38, 0x04,
  0xcc, 0xff, 0x54, 0x84, 0x35, 0x00, 0x21, 0x44, 0x54, 0x15, 0x35, 0x00,
  0x21, 0x55, 0x33, 0x54, 0xc4, 0xff, 0x12, 0x00, 0x54, 0x84, 0x35, 0x00,
  0x21, 0x44, 0x35, 0x40, 0x17, 0x00, 0x54, 0x84, 0x35, 0x00, 0x48, 0x04,
  0x04, 0x00, 0x54, 0x15, 0x35, 0x00, 0x48, 0x05, 0x05, 0x00, 0x33, 0x54,
  0xb4, 0xff, 0xd8, 0x00, 0x00, 0x01, 0x28, 0xef, 0x54, 0x14, 0x35, 0x00,
  0x39, 0x04, 0x04, 0x00, 0x01, 0x23, 0x28, 0xaa, 0x01, 0x32, 0x28, 0xfd,
  0x01, 0x23, 0x28, 0xa6, 0x02, 0x00, 0x01, 0x00, 0x00, 0x00, 0x00, 0x00,
  0x5c, 0x9d, 0x00, 0x00, 0x03, 0x00, 0x00, 0x00, 0x54, 0x10, 0x35, 0x00,
  0x11, 0x00, 0x00, 0x00, 0x02, 0x00, 0x01, 0x00, 0x00, 0x00, 0x00, 0x00,
  0x61, 0x9d, 0x00, 0x00, 0x03, 0x00, 0x00, 0x00, 0x52, 0x10, 0x36, 0x00,
  0x0f, 0x00, 0x00, 0x00, 0x02, 0x00, 0x01, 0x00, 0x00, 0x00, 0x00, 0x00,
  0x66, 0x9d, 0x00, 0x00, 0x03, 0x00, 0x00, 0x00, 0x54, 0x10, 0x37, 0x00,
  0x11, 0x00, 0x00, 0x00, 0x03, 0x00, 0x01, 0x00, 0x00, 0x00, 0x00, 0x00,
  0x6b, 0x9d, 0x00, 0x00, 0x03, 0x00, 0x00, 0x00, 0x53, 0x20, 0x38, 0x00,
  0x10, 0x00, 0x00, 0x00, 0x05, 0x00, 0x01, 0x00, 0x02, 0x00, 0x00, 0x00,
  0x70, 0x9d, 0x00, 0x00, 0x31, 0x00, 0x00, 0x00, 0x55, 0x41, 0x39, 0x00,
  0x71, 0x10, 0xcc, 0x00, 0x01, 0x00, 0x0a, 0x00, 0xda, 0x01, 0x00, 0x1f,
  0x54, 0x42, 0x37, 0x00, 0x6e, 0x10, 0xe1, 0x00, 0x02, 0x00, 0x0a, 0x02,
  0x90, 0x00, 0x01, 0x02, 0xda, 0x02, 0x00, 0x1f, 0x54, 0x41, 0x35, 0x00,
  0x38, 0x01, 0x1b, 0x00, 0x54, 0x41, 0x35, 0x00, 0x71, 0x10, 0x01, 0x01,
  0x01, 0x00, 0x0a, 0x01, 0x90, 0x00, 0x02, 0x01, 0xda, 0x01, 0x00, 0x1f,
  0x52, 0x42, 0x36, 0x00, 0x90, 0x00, 0x01, 0x02, 0xda, 0x01, 0x00, 0x1f,
  0x53, 0x42, 0x38, 0x00, 0x71, 0x20, 0xda, 0x00, 0x32, 0x00, 0x0a, 0x02,
  0x90, 0x00, 0x01, 0x02, 0x0f, 0x00, 0x12, 0x01, 0x28, 0xec, 0x00, 0x00,
  0x02, 0x00, 0x01, 0x00, 0x00, 0x00, 0x00, 0x00, 0x80, 0x9d, 0x00, 0x00,
  0x03, 0x00, 0x00, 0x00, 0x55, 0x10, 0x39, 0x00, 0x0f, 0x00, 0x00, 0x00,
  0x01, 0x00, 0x01, 0x00, 0x01, 0x00, 0x00, 0x00, 0x85, 0x9d, 0x00, 0x00,
  0x04, 0x00, 0x00, 0x00, 0x70, 0x10, 0xdd, 0x00, 0x00, 0x00, 0x0e, 0x00,
  0x03, 0x00, 0x01, 0x00, 0x02, 0x00, 0x00, 0x00, 0x8a, 0x9d, 0x00, 0x00,
  0x2e, 0x00, 0x00, 0x00, 0x70, 0x10, 0xdd, 0x00, 0x02, 0x00, 0x62, 0x00,
  0x47, 0x00, 0x5b, 0x20, 0x3c, 0x00, 0x12, 0x00, 0x59, 0x20, 0x3b, 0x00,
  0x22, 0x01, 0x35, 0x00, 0x1a, 0x00, 0x25, 0x02, 0x71, 0x10, 0xf2, 0x00,
  0x00, 0x00, 0x0c, 0x00, 0x71, 0x10, 0x03, 0x01, 0x00, 0x00, 0x0c, 0x00,
  0x1f, 0x00, 0x4c, 0x00, 0x70, 0x20, 0xc3, 0x00, 0x01, 0x00, 0x6e, 0x10,
  0xc4, 0x00, 0x01, 0x00, 0x0c, 0x00, 0x5b, 0x20, 0x3a, 0x00, 0x1a, 0x00,
  0x76, 0x02, 0x5b, 0x20, 0x3d, 0x00, 0x1a, 0x00, 0x33, 0x00, 0x5b, 0x20,
  0x3e, 0x00, 0x13, 0x00, 0xb8, 0x22, 0x59, 0x20, 0x3f, 0x00, 0x0e, 0x00,
  0x04, 0x00, 0x02, 0x00, 0x02, 0x00, 0x00, 0x00, 0x9a, 0x9d, 0x00, 0x00,
  0x30, 0x00, 0x00, 0x00, 0x70, 0x10, 0xdd, 0x00, 0x02, 0x00, 0x62, 0x00,
  0x47, 0x00, 0x5b, 0x20, 0x3c, 0x00, 0x12, 0x00, 0x59, 0x20, 0x3b, 0x00,
  0x22, 0x01, 0x35, 0x00, 0x1a, 0x00, 0x25, 0x02, 0x71, 0x10, 0xf2, 0x00,
  0x00, 0x00, 0x0c, 0x00, 0x71, 0x10, 0x03, 0x01, 0x00, 0x00, 0x0c, 0x00,
  0x1f, 0x00, 0x4c, 0x00, 0x70, 0x20, 0xc3, 0x00, 0x01, 0x00, 0x6e, 0x10,
  0xc4, 0x00, 0x01, 0x00, 0x0c, 0x00, 0x5b, 0x20, 0x3a, 0x00, 0x1a, 0x00,
  0x76, 0x02, 0x5b, 0x20, 0x3d, 0x00, 0x1a, 0x00, 0x33, 0x00, 0x5b, 0x20,
  0x3e, 0x00, 0x13, 0x00, 0xb8, 0x22, 0x59, 0x20, 0x3f, 0x00, 0x5b, 0x23,
  0x3c, 0x00, 0x0e, 0x00, 0x05, 0x00, 0x03, 0x00, 0x02, 0x00, 0x00, 0x00,
  0xad, 0x9d, 0x00, 0x00, 0x32, 0x00, 0x00, 0x00, 0x70, 0x10, 0xdd, 0x00,
  0x02, 0x00, 0x62, 0x00, 0x47, 0x00, 0x5b, 0x20, 0x3c, 0x00, 0x12, 0x00,
  0x59, 0x20, 0x3b, 0x00, 0x22, 0x01, 0x35, 0x00, 0x1a, 0x00, 0x25, 0x02,
  0x71, 0x10, 0xf2, 0x00, 0x00, 0x00, 0x0c, 0x00, 0x71, 0x10, 0x03, 0x01,
  0x00, 0x00, 0x0c, 0x00, 0x1f, 0x00, 0x4c, 0x00, 0x70, 0x20, 0xc3, 0x00,
  0x01, 0x00, 0x6e, 0x10, 0xc4, 0x00, 0x01, 0x00, 0x0c, 0x00, 0x5b, 0x20,
  0x3a, 0x00, 0x1a, 0x00, 0x76, 0x02, 0x5b, 0x20, 0x3d, 0x00, 0x1a, 0x00,
  0x33, 0x00, 0x5b, 0x20, 0x3e, 0x00, 0x13, 0x00, 0xb8, 0x22, 0x59, 0x20,
  0x3f, 0x00, 0x5b, 0x23, 0x3c, 0x00, 0x5b, 0x24, 0x3a, 0x00, 0x0e, 0x00,
  0x02, 0x00, 0x01, 0x00, 0x00, 0x00, 0x00, 0x00, 0xc5, 0x9d, 0x00, 0x00,
  0x03, 0x00, 0x00, 0x00, 0x54, 0x10, 0x3a, 0x00, 0x11, 0x00, 0x00, 0x00,
  0x02, 0x00, 0x01, 0x00, 0x00, 0x00, 0x00, 0x00, 0xca, 0x9d, 0x00, 0x00,
  0x03, 0x00, 0x00, 0x00, 0x52, 0x10, 0x3b, 0x00, 0x0f, 0x00, 0x00, 0x00,
  0x02, 0x00, 0x01, 0x00, 0x00, 0x00, 0x00, 0x00, 0xcf, 0x9d, 0x00, 0x00,
  0x03, 0x00, 0x00, 0x00, 0x54, 0x10, 0x3c, 0x00, 0x11, 0x00, 0x00, 0x00,
  0x02, 0x00, 0x01, 0x00, 0x00, 0x00, 0x00, 0x00, 0xd4, 0x9d, 0x00, 0x00,
  0x03, 0x00, 0x00, 0x00, 0x54, 0x10, 0x3d, 0x00, 0x11, 0x00, 0x00, 0x00,
  0x02, 0x00, 0x01, 0x00, 0x00, 0x00, 0x00, 0x00, 0xd9, 0x9d, 0x00, 0x00,
  0x03, 0x00, 0x00, 0x00, 0x54, 0x10, 0x3e, 0x00, 0x11, 0x00, 0x00, 0x00,
  0x02, 0x00, 0x01, 0x00, 0x00, 0x00, 0x00, 0x00, 0xde, 0x9d, 0x00, 0x00,
  0x03, 0x00, 0x00, 0x00, 0x52, 0x10, 0x3f, 0x00, 0x0f, 0x00, 0x00, 0x00,
  0x02, 0x00, 0x02, 0x00, 0x00, 0x00, 0x00, 0x00, 0xe3, 0x9d, 0x00, 0x00,
  0x03, 0x00, 0x00, 0x00, 0x5b, 0x01, 0x3a, 0x00, 0x0e, 0x00, 0x00, 0x00,
  0x02, 0x00, 0x02, 0x00, 0x00, 0x00, 0x00, 0x00, 0xeb, 0x9d, 0x00, 0x00,
  0x03, 0x00, 0x00, 0x00, 0x59, 0x01, 0x3b, 0x00, 0x0e, 0x00, 0x00, 0x00,
  0x02, 0x00, 0x02, 0x00, 0x00, 0x00, 0x00, 0x00, 0xf3, 0x9d, 0x00, 0x00,
  0x03, 0x00, 0x00, 0x00, 0x5b, 0x01, 0x3c, 0x00, 0x0e, 0x00, 0x00, 0x00,
  0x02, 0x00, 0x02, 0x00, 0x00, 0x00, 0x00, 0x00, 0xfb, 0x9d, 0x00, 0x00,
  0x03, 0x00, 0x00, 0x00, 0x5b, 0x01, 0x3d, 0x00, 0x0e, 0x00, 0x00, 0x00,
  0x02, 0x00, 0x02, 0x00, 0x00, 0x00, 0x00, 0x00, 0x03, 0x9e, 0x00, 0x00,
  0x03, 0x00, 0x00, 0x00, 0x5b, 0x01, 0x3e, 0x00, 0x0e, 0x00, 0x00, 0x00,
  0x02, 0x00, 0x02, 0x00, 0x00, 0x00, 0x00, 0x00, 0x0b, 0x9e, 0x00, 0x00,
  0x03, 0x00, 0x00, 0x00, 0x59, 0x01, 0x3f, 0x00, 0x0e, 0x00, 0x00, 0x00,
  0x04, 0x00, 0x01, 0x00, 0x02, 0x00, 0x00, 0x00, 0x13, 0x9e, 0x00, 0x00,
  0x66, 0x00, 0x00, 0x00, 0x13, 0x02, 0x27, 0x00, 0x22, 0x00, 0x4d, 0x00,
  0x70, 0x10, 0xe7, 0x00, 0x00, 0x00, 0x1a, 0x01, 0x54, 0x00, 0x6e, 0x20,
  0xec, 0x00, 0x10, 0x00, 0x0c, 0x00, 0x54, 0x31, 0x3c, 0x00, 0x6e, 0x20,
  0xeb, 0x00, 0x10, 0x00, 0x0c, 0x00, 0x1a, 0x01, 0x1b, 0x00, 0x6e, 0x20,
  0xec, 0x00, 0x10, 0x00, 0x0c, 0x00, 0x52, 0x31, 0x3b, 0x00, 0x6e, 0x20,
  0xe9, 0x00, 0x10, 0x00, 0x0c, 0x00, 0x1a, 0x01, 0x1a, 0x00, 0x6e, 0x20,
  0xec, 0x00, 0x10, 0x00, 0x0c, 0x00, 0x54, 0x31, 0x3a, 0x00, 0x6e, 0x20,
  0xec, 0x00, 0x10, 0x00, 0x0c, 0x00, 0x6e, 0x20, 0xe8, 0x00, 0x20, 0x00,
  0x0c, 0x00, 0x1a, 0x01, 0x1c, 0x00, 0x6e, 0x20, 0xec, 0x00, 0x10, 0x00,
  0x0c, 0x00, 0x54, 0x31, 0x3d, 0x00, 0x6e, 0x20, 0xec, 0x00, 0x10, 0x00,
  0x0c, 0x00, 0x6e, 0x20, 0xe8, 0x00, 0x20, 0x00, 0x0c, 0x00, 0x1a, 0x01,
  0x1d, 0x00, 0x6e, 0x20, 0xec, 0x00, 0x10, 0x00, 0x0c, 0x00, 0x54, 0x31,
  0x3e, 0x00, 0x6e, 0x20, 0xec, 0x00, 0x10, 0x00, 0x0c, 0x00, 0x6e, 0x20,
  0xe8, 0x00, 0x20, 0x00, 0x0c, 0x00, 0x1a, 0x01, 0x1e, 0x00, 0x6e, 0x20,
  0xec, 0x00, 0x10, 0x00, 0x0c, 0x00, 0x52, 0x31, 0x3f, 0x00, 0x6e, 0x20,
  0xe9, 0x00, 0x10, 0x00, 0x0c, 0x00, 0x13, 0x01, 0x7d, 0x00, 0x6e, 0x20,
  0xe8, 0x00, 0x10, 0x00, 0x0c, 0x00, 0x6e, 0x10, 0xee, 0x00, 0x00, 0x00,
  0x0c, 0x00, 0x11, 0x00, 0x01, 0x00, 0x01, 0x00, 0x01, 0x00, 0x00, 0x00,
  0x18, 0x9e, 0x00, 0x00, 0x04, 0x00, 0x00, 0x00, 0x70, 0x10, 0xdd, 0x00,
  0x00, 0x00, 0x0e, 0x00, 0x05, 0x00, 0x03, 0x00, 0x02, 0x00, 0x00, 0x00,
  0x1d, 0x9e, 0x00, 0x00, 0x28, 0x00, 0x00, 0x00, 0x22, 0x00, 0x4d, 0x00,
  0x70, 0x10, 0xe7, 0x00, 0x00, 0x00, 0x1a, 0x01, 0x32, 0x01, 0x6e, 0x20,
  0xec, 0x00, 0x10, 0x00, 0x0c, 0x00, 0x6e, 0x10, 0xf6, 0x00, 0x03, 0x00,
  0x0c, 0x01, 0x6e, 0x20, 0xec, 0x00, 0x10, 0x00, 0x0c, 0x00, 0x1a, 0x01,
  0x10, 0x00, 0x6e, 0x20, 0xec, 0x00, 0x10, 0x00, 0x0c, 0x00, 0x6e, 0x10,
  0xee, 0x00, 0x00, 0x00, 0x0c, 0x00, 0x71, 0x20, 0x4f, 0x00, 0x40, 0x00,
  0x71, 0x00, 0x96, 0x00, 0x00, 0x00, 0x12, 0x10, 0x71, 0x10, 0xf1, 0x00,
  0x00, 0x00, 0x0e, 0x00, 0x03, 0x00, 0x00, 0x00, 0x01, 0x00, 0x03, 0x00,
  0x2b, 0x9e, 0x00, 0x00, 0x31, 0x00, 0x00, 0x00, 0x71, 0x00, 0xa4, 0x00,
  0x00, 0x00, 0x0c, 0x00, 0x21, 0x00, 0x23, 0x00, 0x5c, 0x00, 0x69, 0x00,
  0x40, 0x00, 0x62, 0x00, 0x40, 0x00, 0x62, 0x01, 0x46, 0x00, 0x6e, 0x10,
  0xa2, 0x00, 0x01, 0x00, 0x0a, 0x01, 0x12, 0x12, 0x4b, 0x02, 0x00, 0x01,
  0x62, 0x00, 0x40, 0x00, 0x62, 0x01, 0x48, 0x00, 0x6e, 0x10, 0xa2, 0x00,
  0x01, 0x00, 0x0a, 0x01, 0x12, 0x22, 0x4b, 0x02, 0x00, 0x01, 0x62, 0x00,
  0x40, 0x00, 0x62, 0x01, 0x47, 0x00, 0x6e, 0x10, 0xa2, 0x00, 0x01, 0x00,
  0x0a, 0x01, 0x12, 0x32, 0x4b, 0x02, 0x00, 0x01, 0x0e, 0x00, 0x0d, 0x00,
  0x28, 0xfe, 0x0d, 0x00, 0x28, 0xf1, 0x0d, 0x00, 0x28, 0xe4, 0x00, 0x00,
  0x09, 0x00, 0x00, 0x00, 0x0b, 0x00, 0x07, 0x00, 0x14, 0x00, 0x00, 0x00,
  0x0b, 0x00, 0x04, 0x00, 0x1f, 0x00, 0x00, 0x00, 0x0b, 0x00, 0x01, 0x00,
  0x03, 0x01, 0x45, 0x2b, 0x01, 0x45, 0x2d, 0x01, 0x45, 0x2f, 0x00, 0x00,
  0x01, 0x00, 0x00, 0x00, 0x01, 0x00, 0x00, 0x00, 0x31, 0x9e, 0x00, 0x00,
  0x08, 0x00, 0x00, 0x00, 0x22, 0x00, 0x25, 0x00, 0x70, 0x10, 0x81, 0x00,
  0x00, 0x00, 0x69, 0x00, 0x41, 0x00, 0x0e, 0x00, 0x01, 0x00, 0x01, 0x00,
  0x01, 0x00, 0x00, 0x00, 0x36, 0x9e, 0x00, 0x00, 0x04, 0x00, 0x00, 0x00,
  0x70, 0x10, 0xdd, 0x00, 0x00, 0x00, 0x0e, 0x00, 0x00, 0x00, 0x00, 0x00,
  0x00, 0x00, 0x00, 0x00, 0x3b, 0x9e, 0x00, 0x00, 0x04, 0x00, 0x00, 0x00,
  0x71, 0x00, 0x97, 0x00, 0x00, 0x00, 0x0e, 0x00, 0x01, 0x00, 0x00, 0x00,
  0x01, 0x00, 0x00, 0x00, 0x40, 0x9e, 0x00, 0x00, 0x14, 0x00, 0x00, 0x00,
  0x1a, 0x00, 0x2e, 0x01, 0x71, 0x10, 0x50, 0x00, 0x00, 0x00, 0x62, 0x00,
  0x44, 0x00, 0x38, 0x00, 0x07, 0x00, 0x62, 0x00, 0x44, 0x00, 0x6e, 0x10,
  0xbb, 0x00, 0x00, 0x00, 0x1a, 0x00, 0x3a, 0x01, 0x71, 0x10, 0x50, 0x00,
  0x00, 0x00, 0x0e, 0x00, 0x09, 0x00, 0x00, 0x00, 0x06, 0x00, 0x01, 0x00,
  0x4a, 0x9e, 0x00, 0x00, 0xe1, 0x00, 0x00, 0x00, 0x22, 0x00, 0x4d, 0x00,
  0x70, 0x10, 0xe7, 0x00, 0x00, 0x00, 0x1a, 0x01, 0x27, 0x01, 0x6e, 0x20,
  0xec, 0x00, 0x10, 0x00, 0x0c, 0x00, 0x62, 0x01, 0x41, 0x00, 0x6e, 0x10,
  0x84, 0x00, 0x01, 0x00, 0x0c, 0x01, 0x6e, 0x20, 0xec, 0x00, 0x10, 0x00,
  0x0c, 0x00, 0x1a, 0x01, 0x31, 0x00, 0x6e, 0x20, 0xec, 0x00, 0x10, 0x00,
  0x0c, 0x00, 0x6e, 0x10, 0xee, 0x00, 0x00, 0x00, 0x0c, 0x00, 0x71, 0x10,
  0x4c, 0x00, 0x00, 0x00, 0x22, 0x00, 0x4d, 0x00, 0x70, 0x10, 0xe7, 0x00,
  0x00, 0x00, 0x62, 0x01, 0x41, 0x00, 0x6e, 0x10, 0x84, 0x00, 0x01, 0x00,
  0x0c, 0x01, 0x6e, 0x20, 0xec, 0x00, 0x10, 0x00, 0x0c, 0x00, 0x1a, 0x01,
  0x31, 0x00, 0x6e, 0x20, 0xec, 0x00, 0x10, 0x00, 0x0c, 0x00, 0x6e, 0x10,
  0xee, 0x00, 0x00, 0x00, 0x0c, 0x00, 0x71, 0x10, 0xf3, 0x00, 0x00, 0x00,
  0x1a, 0x00, 0x2d, 0x01, 0x71, 0x10, 0x4c, 0x00, 0x00, 0x00, 0x1a, 0x00,
  0x26, 0x01, 0x71, 0x10, 0x4c, 0x00, 0x00, 0x00, 0x71, 0x00, 0xb1, 0x00,
  0x00, 0x00, 0x0a, 0x07, 0x62, 0x00, 0x41, 0x00, 0x6e, 0x20, 0x8b, 0x00,
  0x70, 0x00, 0x22, 0x00, 0x4d, 0x00, 0x70, 0x10, 0xe7, 0x00, 0x00, 0x00,
  0x1a, 0x01, 0x35, 0x01, 0x6e, 0x20, 0xec, 0x00, 0x10, 0x00, 0x0c, 0x00,
  0x6e, 0x20, 0xe9, 0x00, 0x70, 0x00, 0x0c, 0x00, 0x1a, 0x01, 0x11, 0x00,
  0x6e, 0x20, 0xec, 0x00, 0x10, 0x00, 0x0c, 0x00, 0x6e, 0x10, 0xee, 0x00,
  0x00, 0x00, 0x0c, 0x00, 0x71, 0x10, 0x50, 0x00, 0x00, 0x00, 0x62, 0x00,
  0x41, 0x00, 0x6e, 0x10, 0x86, 0x00, 0x00, 0x00, 0x0c, 0x00, 0x71, 0x10,
  0xa1, 0x00, 0x00, 0x00, 0x0a, 0x00, 0x62, 0x01, 0x41, 0x00, 0x6e, 0x10,
  0x85, 0x00, 0x01, 0x00, 0x0a, 0x01, 0x62, 0x02, 0x41, 0x00, 0x6e, 0x10,
  0x84, 0x00, 0x02, 0x00, 0x0c, 0x02, 0x62, 0x03, 0x41, 0x00, 0x6e, 0x10,
  0x87, 0x00, 0x03, 0x00, 0x0c, 0x03, 0x62, 0x04, 0x41, 0x00, 0x6e, 0x10,
  0x88, 0x00, 0x04, 0x00, 0x0c, 0x04, 0x62, 0x05, 0x41, 0x00, 0x6e, 0x10,
  0x89, 0x00, 0x05, 0x00, 0x0a, 0x05, 0x77, 0x06, 0xbe, 0x00, 0x00, 0x00,
  0x0a, 0x08, 0x38, 0x08, 0x2b, 0x00, 0x22, 0x00, 0x4d, 0x00, 0x70, 0x10,
  0xe7, 0x00, 0x00, 0x00, 0x1a, 0x01, 0x3c, 0x01, 0x6e, 0x20, 0xec, 0x00,
  0x10, 0x00, 0x0c, 0x00, 0x62, 0x01, 0x41, 0x00, 0x6e, 0x10, 0x86, 0x00,
  0x01, 0x00, 0x0c, 0x01, 0x6e, 0x20, 0xeb, 0x00, 0x10, 0x00, 0x0c, 0x00,
  0x6e, 0x10, 0xee, 0x00, 0x00, 0x00, 0x0c, 0x00, 0x71, 0x10, 0x4e, 0x00,
  0x00, 0x00, 0x0e, 0x00, 0x0d, 0x06, 0x1a, 0x00, 0x28, 0x01, 0x71, 0x20,
  0x4f, 0x00, 0x60, 0x00, 0x22, 0x00, 0x4b, 0x00, 0x70, 0x20, 0xdf, 0x00,
  0x60, 0x00, 0x27, 0x00, 0x22, 0x00, 0x4d, 0x00, 0x70, 0x10, 0xe7, 0x00,
  0x00, 0x00, 0x1a, 0x01, 0x3d, 0x01, 0x6e, 0x20, 0xec, 0x00, 0x10, 0x00,
  0x0c, 0x00, 0x62, 0x01, 0x41, 0x00, 0x6e, 0x10, 0x86, 0x00, 0x01, 0x00,
  0x0c, 0x01, 0x6e, 0x20, 0xeb, 0x00, 0x10, 0x00, 0x0c, 0x00, 0x6e, 0x10,
  0xee, 0x00, 0x00, 0x00, 0x0c, 0x00, 0x71, 0x10, 0x50, 0x00, 0x00, 0x00,
  0x28, 0xd7, 0x00, 0x00, 0x00, 0x00, 0x00, 0x00, 0x43, 0x00, 0x01, 0x00,
  0x01, 0x01, 0x3f, 0xb8, 0x01, 0x00, 0x00, 0x00, 0x05, 0x00, 0x01, 0x00,
  0x02, 0x00, 0x01, 0x00, 0x85, 0x9e, 0x00, 0x00, 0x65, 0x00, 0x00, 0x00,
  0x12, 0x13, 0x1a, 0x01, 0x1a, 0x01, 0x71, 0x10, 0x50, 0x00, 0x01, 0x00,
  0x22, 0x01, 0x26, 0x00, 0x70, 0x10, 0x91, 0x00, 0x01, 0x00, 0x71, 0x10,
  0xf7, 0x00, 0x01, 0x00, 0x1a, 0x01, 0x1b, 0x01, 0x71, 0x10, 0x50, 0x00,
  0x01, 0x00, 0x71, 0x10, 0x9a, 0x00, 0x04, 0x00, 0x0a, 0x01, 0x39, 0x01,
  0x0b, 0x00, 0x1a, 0x01, 0x29, 0x01, 0x71, 0x10, 0x4e, 0x00, 0x01, 0x00,
  0x12, 0x11, 0x71, 0x10, 0xf1, 0x00, 0x01, 0x00, 0x71, 0x00, 0x9d, 0x00,
  0x00, 0x00, 0x0a, 0x01, 0x39, 0x01, 0x0b, 0x00, 0x1a, 0x01, 0x3e, 0x01,
  0x71, 0x10, 0x4e, 0x00, 0x01, 0x00, 0x12, 0x11, 0x71, 0x10, 0xf1, 0x00,
  0x01, 0x00, 0x1a, 0x01, 0x24, 0x01, 0x71, 0x10, 0x4c, 0x00, 0x01, 0x00,
  0x71, 0x00, 0x1c, 0x00, 0x00, 0x00, 0x71, 0x00, 0x98, 0x00, 0x00, 0x00,
  0x1a, 0x01, 0x25, 0x01, 0x71, 0x10, 0x4c, 0x00, 0x01, 0x00, 0x22, 0x01,
  0x2c, 0x00, 0x62, 0x02, 0x41, 0x00, 0x70, 0x20, 0xa9, 0x00, 0x21, 0x00,
  0x69, 0x01, 0x44, 0x00, 0x62, 0x01, 0x44, 0x00, 0x6e, 0x10, 0xb8, 0x00,
  0x01, 0x00, 0x1a, 0x01, 0x3b, 0x01, 0x71, 0x10, 0x50, 0x00, 0x01, 0x00,
  0x71, 0x00, 0x1b, 0x00, 0x00, 0x00, 0x0e, 0x00, 0x0d, 0x00, 0x1a, 0x01,
  0x2b, 0x01, 0x71, 0x20, 0x4f, 0x00, 0x01, 0x00, 0x71, 0x00, 0x97, 0x00,
  0x00, 0x00, 0x71, 0x10, 0xf1, 0x00, 0x03, 0x00, 0x28, 0xf3, 0x00, 0x00,
  0x01, 0x00, 0x00, 0x00, 0x56, 0x00, 0x01, 0x00, 0x01, 0x01, 0x3f, 0x58,
  0x0b, 0x00, 0x01, 0x00, 0x02, 0x00, 0x06, 0x00, 0xa8, 0x9e, 0x00, 0x00,
  0x98, 0x03, 0x00, 0x00, 0x12, 0x17, 0x12, 0x06, 0x12, 0x03, 0x21, 0xa8,
  0x35, 0x83, 0x2d, 0x00, 0x22, 0x08, 0x4d, 0x00, 0x70, 0x10, 0xe7, 0x00,
  0x08, 0x00, 0x1a, 0x09, 0x13, 0x01, 0x6e, 0x20, 0xec, 0x00, 0x98, 0x00,
  0x0c, 0x08, 0x6e, 0x20, 0xe9, 0x00, 0x38, 0x00, 0x0c, 0x08, 0x1a, 0x09,
  0x8c, 0x01, 0x6e, 0x20, 0xec, 0x00, 0x98, 0x00, 0x0c, 0x08, 0x46, 0x09,
  0x0a, 0x03, 0x6e, 0x20, 0xec, 0x00, 0x98, 0x00, 0x0c, 0x08, 0x1a, 0x09,
  0x16, 0x00, 0x6e, 0x20, 0xec, 0x00, 0x98, 0x00, 0x0c, 0x08, 0x6e, 0x10,
  0xee, 0x00, 0x08, 0x00, 0x0c, 0x08, 0x71, 0x10, 0x50, 0x00, 0x08, 0x00,
  0xd8, 0x03, 0x03, 0x01, 0x28, 0xd3, 0x12, 0x02, 0x21, 0xa8, 0x35, 0x82,
  0x1a, 0x03, 0x46, 0x00, 0x0a, 0x02, 0x12, 0xf8, 0x6e, 0x10, 0xe1, 0x00,
  0x00, 0x00, 0x0a, 0x09, 0x2c, 0x09, 0x1a, 0x03, 0x00, 0x00, 0x2b, 0x08,
  0x41, 0x03, 0x00, 0x00, 0x1a, 0x08, 0x27, 0x00, 0x6e, 0x20, 0xe4, 0x00,
  0x80, 0x00, 0x0a, 0x08, 0x38, 0x08, 0xe2, 0x01, 0x1a, 0x08, 0x27, 0x00,
  0x6e, 0x10, 0xe3, 0x00, 0x08, 0x00, 0x0a, 0x08, 0x6e, 0x20, 0xe5, 0x00,
  0x80, 0x00, 0x0c, 0x08, 0x6e, 0x10, 0xe6, 0x00, 0x08, 0x00, 0x0c, 0x04,
  0x71, 0x10, 0x9c, 0x00, 0x04, 0x00, 0x0a, 0x08, 0x38, 0x08, 0x73, 0x00,
  0x0f, 0x06, 0x1a, 0x09, 0x2e, 0x00, 0x6e, 0x20, 0xe0, 0x00, 0x90, 0x00,
  0x0a, 0x09, 0x38, 0x09, 0xda, 0xff, 0x01, 0x68, 0x28, 0xd7, 0x1a, 0x09,
  0x30, 0x00, 0x6e, 0x20, 0xe0, 0x00, 0x90, 0x00, 0x0a, 0x09, 0x38, 0x09,
  0xd0, 0xff, 0x01, 0x78, 0x28, 0xcd, 0x1a, 0x09, 0x22, 0x00, 0x6e, 0x20,
  0xe0, 0x00, 0x90, 0x00, 0x0a, 0x09, 0x38, 0x09, 0xc6, 0xff, 0x12, 0x28,
  0x28, 0xc3, 0x1a, 0x09, 0x23, 0x00, 0x6e, 0x20, 0xe0, 0x00, 0x90, 0x00,
  0x0a, 0x09, 0x38, 0x09, 0xbc, 0xff, 0x12, 0x38, 0x28, 0xb9, 0x1a, 0x09,
  0x2f, 0x00, 0x6e, 0x20, 0xe0, 0x00, 0x90, 0x00, 0x0a, 0x09, 0x38, 0x09,
  0xb2, 0xff, 0x12, 0x48, 0x28, 0xaf, 0x1a, 0x09, 0x26, 0x00, 0x6e, 0x20,
  0xe0, 0x00, 0x90, 0x00, 0x0a, 0x09, 0x38, 0x09, 0xa8, 0xff, 0x12, 0x58,
  0x28, 0xa5, 0x1a, 0x09, 0x24, 0x00, 0x6e, 0x20, 0xe0, 0x00, 0x90, 0x00,
  0x0a, 0x09, 0x38, 0x09, 0x9e, 0xff, 0x12, 0x68, 0x28, 0x9b, 0x1a, 0x09,
  0x28, 0x00, 0x6e, 0x20, 0xe0, 0x00, 0x90, 0x00, 0x0a, 0x09, 0x38, 0x09,
  0x94, 0xff, 0x12, 0x78, 0x28, 0x91, 0x1a, 0x09, 0x2c, 0x00, 0x6e, 0x20,
  0xe0, 0x00, 0x90, 0x00, 0x0a, 0x09, 0x38, 0x09, 0x8a, 0xff, 0x13, 0x08,
  0x08, 0x00, 0x28, 0x86, 0x1a, 0x09, 0x2a, 0x00, 0x6e, 0x20, 0xe0, 0x00,
  0x90, 0x00, 0x0a, 0x09, 0x38, 0x09, 0x7f, 0xff, 0x13, 0x08, 0x09, 0x00,
  0x29, 0x00, 0x7b, 0xff, 0x1a, 0x08, 0x19, 0x01, 0x71, 0x10, 0x50, 0x00,
  0x08, 0x00, 0x12, 0x08, 0x71, 0x10, 0xf1, 0x00, 0x08, 0x00, 0xd8, 0x02,
  0x02, 0x01, 0x29, 0x00, 0x61, 0xff, 0x62, 0x08, 0x20, 0x00, 0x71, 0x10,
  0x51, 0x00, 0x08, 0x00, 0x1a, 0x08, 0x39, 0x01, 0x71, 0x10, 0x4c, 0x00,
  0x08, 0x00, 0x28, 0xf2, 0x0d, 0x01, 0x1a, 0x07, 0x2c, 0x01, 0x71, 0x20,
  0x4f, 0x00, 0x17, 0x00, 0x29, 0x00, 0x7a, 0xff, 0x71, 0x00, 0x9b, 0x00,
  0x00, 0x00, 0x12, 0x08, 0x71, 0x10, 0xf1, 0x00, 0x08, 0x00, 0x28, 0xe2,
  0xd8, 0x08, 0x02, 0x01, 0x21, 0xa9, 0x35, 0x98, 0x1e, 0x00, 0xd8, 0x08,
  0x02, 0x01, 0x46, 0x08, 0x0a, 0x08, 0x1a, 0x09, 0x21, 0x00, 0x6e, 0x20,
  0xe4, 0x00, 0x98, 0x00, 0x0a, 0x08, 0x39, 0x08, 0x12, 0x00, 0xd8, 0x02,
  0x02, 0x01, 0x46, 0x08, 0x0a, 0x02, 0x6e, 0x10, 0xe6, 0x00, 0x08, 0x00,
  0x0c, 0x04, 0x71, 0x10, 0x9c, 0x00, 0x04, 0x00, 0x0a, 0x08, 0x38, 0x08,
  0xc4, 0xff, 0x29, 0x00, 0x51, 0xff, 0x1a, 0x07, 0x15, 0x01, 0x71, 0x10,
  0x4e, 0x00, 0x07, 0x00, 0x29, 0x00, 0x4a, 0xff, 0xd8, 0x08, 0x02, 0x01,
  0x21, 0xa9, 0x35, 0x98, 0x34, 0x00, 0xd8, 0x08, 0x02, 0x01, 0x46, 0x08,
  0x0a, 0x08, 0x1a, 0x09, 0x21, 0x00, 0x6e, 0x20, 0xe4, 0x00, 0x98, 0x00,
  0x0a, 0x08, 0x39, 0x08, 0x28, 0x00, 0x62, 0x08, 0x41, 0x00, 0xd8, 0x02,
  0x02, 0x01, 0x46, 0x09, 0x0a, 0x02, 0x6e, 0x20, 0x8a, 0x00, 0x98, 0x00,
  0x22, 0x08, 0x4d, 0x00, 0x70, 0x10, 0xe7, 0x00, 0x08, 0x00, 0x1a, 0x09,
  0x37, 0x01, 0x6e, 0x20, 0xec, 0x00, 0x98, 0x00, 0x0c, 0x08, 0x62, 0x09,
  0x41, 0x00, 0x6e, 0x10, 0x84, 0x00, 0x09, 0x00, 0x0c, 0x09, 0x6e, 0x20,
  0xec, 0x00, 0x98, 0x00, 0x0c, 0x08, 0x6e, 0x10, 0xee, 0x00, 0x08, 0x00,
  0x0c, 0x08, 0x71, 0x10, 0x4c, 0x00, 0x08, 0x00, 0x28, 0x83, 0x1a, 0x07,
  0x14, 0x01, 0x71, 0x10, 0x4e, 0x00, 0x07, 0x00, 0x29, 0x00, 0x0c, 0xff,
  0xd8, 0x08, 0x02, 0x01, 0x21, 0xa9, 0x35, 0x98, 0x35, 0x00, 0xd8, 0x08,
  0x02, 0x01, 0x46, 0x08, 0x0a, 0x08, 0x1a, 0x09, 0x21, 0x00, 0x6e, 0x20,
  0xe4, 0x00, 0x98, 0x00, 0x0a, 0x08, 0x39, 0x08, 0x29, 0x00, 0x62, 0x08,
  0x41, 0x00, 0xd8, 0x02, 0x02, 0x01, 0x46, 0x09, 0x0a, 0x02, 0x6e, 0x20,
  0x8d, 0x00, 0x98, 0x00, 0x22, 0x08, 0x4d, 0x00, 0x70, 0x10, 0xe7, 0x00,
  0x08, 0x00, 0x1a, 0x09, 0x36, 0x01, 0x6e, 0x20, 0xec, 0x00, 0x98, 0x00,
  0x0c, 0x08, 0x62, 0x09, 0x41, 0x00, 0x6e, 0x10, 0x87, 0x00, 0x09, 0x00,
  0x0c, 0x09, 0x6e, 0x20, 0xec, 0x00, 0x98, 0x00, 0x0c, 0x08, 0x6e, 0x10,
  0xee, 0x00, 0x08, 0x00, 0x0c, 0x08, 0x71, 0x10, 0x4c, 0x00, 0x08, 0x00,
  0x29, 0x00, 0x45, 0xff, 0x1a, 0x07, 0x16, 0x01, 0x71, 0x10, 0x4e, 0x00,
  0x07, 0x00, 0x29, 0x00, 0xcd, 0xfe, 0xd8, 0x08, 0x02, 0x01, 0x21, 0xa9,
  0x35, 0x98, 0x4e, 0x00, 0xd8, 0x08, 0x02, 0x01, 0x46, 0x08, 0x0a, 0x08,
  0x1a, 0x09, 0x21, 0x00, 0x6e, 0x20, 0xe4, 0x00, 0x98, 0x00, 0x0a, 0x08,
  0x39, 0x08, 0x42, 0x00, 0xd8, 0x02, 0x02, 0x01, 0x46, 0x08, 0x0a, 0x02,
  0x71, 0x10, 0xd8, 0x00, 0x08, 0x00, 0x0a, 0x05, 0x62, 0x08, 0x41, 0x00,
  0x6e, 0x20, 0x8f, 0x00, 0x58, 0x00, 0x22, 0x08, 0x4d, 0x00, 0x70, 0x10,
  0xe7, 0x00, 0x08, 0x00, 0x1a, 0x09, 0x34, 0x01, 0x6e, 0x20, 0xec, 0x00,
  0x98, 0x00, 0x0c, 0x08, 0x6e, 0x20, 0xe9, 0x00, 0x58, 0x00, 0x0c, 0x08,
  0x6e, 0x10, 0xee, 0x00, 0x08, 0x00, 0x0c, 0x08, 0x71, 0x10, 0x4c, 0x00,
  0x08, 0x00, 0x29, 0x00, 0x08, 0xff, 0x0d, 0x01, 0x22, 0x07, 0x4d, 0x00,
  0x70, 0x10, 0xe7, 0x00, 0x07, 0x00, 0x1a, 0x08, 0x1d, 0x01, 0x6e, 0x20,
  0xec, 0x00, 0x87, 0x00, 0x0c, 0x07, 0x46, 0x08, 0x0a, 0x02, 0x6e, 0x20,
  0xec, 0x00, 0x87, 0x00, 0x0c, 0x07, 0x6e, 0x10, 0xee, 0x00, 0x07, 0x00,
  0x0c, 0x07, 0x71, 0x10, 0x4e, 0x00, 0x07, 0x00, 0x29, 0x00, 0x7c, 0xfe,
  0x1a, 0x07, 0x18, 0x01, 0x71, 0x10, 0x4e, 0x00, 0x07, 0x00, 0x29, 0x00,
  0x75, 0xfe, 0xd8, 0x08, 0x02, 0x01, 0x21, 0xa9, 0x35, 0x98, 0x35, 0x00,
  0xd8, 0x08, 0x02, 0x01, 0x46, 0x08, 0x0a, 0x08, 0x1a, 0x09, 0x21, 0x00,
  0x6e, 0x20, 0xe4, 0x00, 0x98, 0x00, 0x0a, 0x08, 0x39, 0x08, 0x29, 0x00,
  0x62, 0x08, 0x41, 0x00, 0xd8, 0x02, 0x02, 0x01, 0x46, 0x09, 0x0a, 0x02,
  0x6e, 0x20, 0x8e, 0x00, 0x98, 0x00, 0x22, 0x08, 0x4d, 0x00, 0x70, 0x10,
  0xe7, 0x00, 0x08, 0x00, 0x1a, 0x09, 0x33, 0x01, 0x6e, 0x20, 0xec, 0x00,
  0x98, 0x00, 0x0c, 0x08, 0x62, 0x09, 0x41, 0x00, 0x6e, 0x10, 0x88, 0x00,
  0x09, 0x00, 0x0c, 0x09, 0x6e, 0x20, 0xec, 0x00, 0x98, 0x00, 0x0c, 0x08,
  0x6e, 0x10, 0xee, 0x00, 0x08, 0x00, 0x0c, 0x08, 0x71, 0x10, 0x4c, 0x00,
  0x08, 0x00, 0x29, 0x00, 0xae, 0xfe, 0x1a, 0x07, 0x17, 0x01, 0x71, 0x10,
  0x4e, 0x00, 0x07, 0x00, 0x29, 0x00, 0x36, 0xfe, 0x1a, 0x08, 0x25, 0x00,
  0x6e, 0x20, 0xe4, 0x00, 0x80, 0x00, 0x0a, 0x08, 0x38, 0x08, 0x2f, 0x00,
  0x62, 0x08, 0x41, 0x00, 0x1a, 0x09, 0x25, 0x00, 0x6e, 0x10, 0xe3, 0x00,
  0x09, 0x00, 0x0a, 0x09, 0x6e, 0x20, 0xe5, 0x00, 0x90, 0x00, 0x0c, 0x09,
  0x6e, 0x20, 0x8a, 0x00, 0x98, 0x00, 0x22, 0x08, 0x4d, 0x00, 0x70, 0x10,
  0xe7, 0x00, 0x08, 0x00, 0x1a, 0x09, 0x22, 0x01, 0x6e, 0x20, 0xec, 0x00,
  0x98, 0x00, 0x0c, 0x08, 0x62, 0x09, 0x41, 0x00, 0x6e, 0x10, 0x84, 0x00,
  0x09, 0x00, 0x0c, 0x09, 0x6e, 0x20, 0xec, 0x00, 0x98, 0x00, 0x0c, 0x08,
  0x6e, 0x10, 0xee, 0x00, 0x08, 0x00, 0x0c, 0x08, 0x71, 0x10, 0x4c, 0x00,
  0x08, 0x00, 0x29, 0x00, 0x72, 0xfe, 0x1a, 0x08, 0x29, 0x00, 0x6e, 0x20,
  0xe4, 0x00, 0x80, 0x00, 0x0a, 0x08, 0x38, 0x08, 0x2f, 0x00, 0x62, 0x08,
  0x41, 0x00, 0x1a, 0x09, 0x29, 0x00, 0x6e, 0x10, 0xe3, 0x00, 0x09, 0x00,
  0x0a, 0x09, 0x6e, 0x20, 0xe5, 0x00, 0x90, 0x00, 0x0c, 0x09, 0x6e, 0x20,
  0x8d, 0x00, 0x98, 0x00, 0x22, 0x08, 0x4d, 0x00, 0x70, 0x10, 0xe7, 0x00,
  0x08, 0x00, 0x1a, 0x09, 0x21, 0x01, 0x6e, 0x20, 0xec, 0x00, 0x98, 0x00,
  0x0c, 0x08, 0x62, 0x09, 0x41, 0x00, 0x6e, 0x10, 0x87, 0x00, 0x09, 0x00,
  0x0c, 0x09, 0x6e, 0x20, 0xec, 0x00, 0x98, 0x00, 0x0c, 0x08, 0x6e, 0x10,
  0xee, 0x00, 0x08, 0x00, 0x0c, 0x08, 0x71, 0x10, 0x4c, 0x00, 0x08, 0x00,
  0x29, 0x00, 0x3d, 0xfe, 0x1a, 0x08, 0x2d, 0x00, 0x6e, 0x20, 0xe4, 0x00,
  0x80, 0x00, 0x0a, 0x08, 0x38, 0x08, 0x46, 0x00, 0x1a, 0x08, 0x2d, 0x00,
  0x6e, 0x10, 0xe3, 0x00, 0x08, 0x00, 0x0a, 0x08, 0x6e, 0x20, 0xe5, 0x00,
  0x80, 0x00, 0x0c, 0x08, 0x71, 0x10, 0xd8, 0x00, 0x08, 0x00, 0x0a, 0x05,
  0x62, 0x08, 0x41, 0x00, 0x6e, 0x20, 0x8f, 0x00, 0x58, 0x00, 0x22, 0x08,
  0x4d, 0x00, 0x70, 0x10, 0xe7, 0x00, 0x08, 0x00, 0x1a, 0x09, 0x20, 0x01,
  0x6e, 0x20, 0xec, 0x00, 0x98, 0x00, 0x0c, 0x08, 0x6e, 0x20, 0xe9, 0x00,
  0x58, 0x00, 0x0c, 0x08, 0x6e, 0x10, 0xee, 0x00, 0x08, 0x00, 0x0c, 0x08,
  0x71, 0x10, 0x4c, 0x00, 0x08, 0x00, 0x29, 0x00, 0x0a, 0xfe, 0x0d, 0x01,
  0x22, 0x07, 0x4d, 0x00, 0x70, 0x10, 0xe7, 0x00, 0x07, 0x00, 0x1a, 0x08,
  0x1d, 0x01, 0x6e, 0x20, 0xec, 0x00, 0x87, 0x00, 0x0c, 0x07, 0x6e, 0x20,
  0xec, 0x00, 0x07, 0x00, 0x0c, 0x07, 0x6e, 0x10, 0xee, 0x00, 0x07, 0x00,
  0x0c, 0x07, 0x71, 0x10, 0x4e, 0x00, 0x07, 0x00, 0x29, 0x00, 0x80, 0xfd,
  0x1a, 0x08, 0x2b, 0x00, 0x6e, 0x20, 0xe4, 0x00, 0x80, 0x00, 0x0a, 0x08,
  0x38, 0x08, 0x2f, 0x00, 0x62, 0x08, 0x41, 0x00, 0x1a, 0x09, 0x2b, 0x00,
  0x6e, 0x10, 0xe3, 0x00, 0x09, 0x00, 0x0a, 0x09, 0x6e, 0x20, 0xe5, 0x00,
  0x90, 0x00, 0x0c, 0x09, 0x6e, 0x20, 0x8e, 0x00, 0x98, 0x00, 0x22, 0x08,
  0x4d, 0x00, 0x70, 0x10, 0xe7, 0x00, 0x08, 0x00, 0x1a, 0x09, 0x1f, 0x01,
  0x6e, 0x20, 0xec, 0x00, 0x98, 0x00, 0x0c, 0x08, 0x62, 0x09, 0x41, 0x00,
  0x6e, 0x10, 0x88, 0x00, 0x09, 0x00, 0x0c, 0x09, 0x6e, 0x20, 0xec, 0x00,
  0x98, 0x00, 0x0c, 0x08, 0x6e, 0x10, 0xee, 0x00, 0x08, 0x00, 0x0c, 0x08,
  0x71, 0x10, 0x4c, 0x00, 0x08, 0x00, 0x29, 0x00, 0xbc, 0xfd, 0x1a, 0x08,
  0x21, 0x00, 0x6e, 0x20, 0xe4, 0x00, 0x80, 0x00, 0x0a, 0x08, 0x38, 0x08,
  0x1a, 0x00, 0x22, 0x08, 0x4d, 0x00, 0x70, 0x10, 0xe7, 0x00, 0x08, 0x00,
  0x1a, 0x09, 0x31, 0x01, 0x6e, 0x20, 0xec, 0x00, 0x98, 0x00, 0x0c, 0x08,
  0x6e, 0x20, 0xec, 0x00, 0x08, 0x00, 0x0c, 0x08, 0x6e, 0x10, 0xee, 0x00,
  0x08, 0x00, 0x0c, 0x08, 0x71, 0x10, 0x54, 0x00, 0x08, 0x00, 0x29, 0x00,
  0x9c, 0xfd, 0x22, 0x08, 0x4d, 0x00, 0x70, 0x10, 0xe7, 0x00, 0x08, 0x00,
  0x1a, 0x09, 0x2f, 0x01, 0x6e, 0x20, 0xec, 0x00, 0x98, 0x00, 0x0c, 0x08,
  0x6e, 0x20, 0xec, 0x00, 0x08, 0x00, 0x0c, 0x08, 0x6e, 0x10, 0xee, 0x00,
  0x08, 0x00, 0x0c, 0x08, 0x71, 0x10, 0x4c, 0x00, 0x08, 0x00, 0x29, 0x00,
  0x84, 0xfd, 0x1a, 0x08, 0x2a, 0x01, 0x71, 0x10, 0x50, 0x00, 0x08, 0x00,
  0x01, 0x76, 0x29, 0x00, 0x0b, 0xfd, 0x00, 0x00, 0x00, 0x02, 0x0a, 0x00,
  0x3e, 0x9a, 0x47, 0x88, 0xb3, 0x14, 0xf3, 0x9e, 0x89, 0xb7, 0x2b, 0xfa,
  0x62, 0x5a, 0x2f, 0xfa, 0xdb, 0x05, 0x00, 0x00, 0xe9, 0x05, 0x00, 0x00,
  0xe1, 0x04, 0x75, 0x4f, 0x43, 0x6f, 0x77, 0x4f, 0xaa, 0x16, 0x75, 0x5c,
  0x38, 0x83, 0x91, 0x67, 0x69, 0x00, 0x00, 0x00, 0x37, 0x00, 0x00, 0x00,
  0x7e, 0x00, 0x00, 0x00, 0x73, 0x00, 0x00, 0x00, 0x4b, 0x00, 0x00, 0x00,
  0x2d, 0x00, 0x00, 0x00, 0x41, 0x00, 0x00, 0x00, 0x55, 0x00, 0x00, 0x00,
  0x5f, 0x00, 0x00, 0x00, 0x23, 0x00, 0x00, 0x00, 0x00, 0x01, 0x0a, 0x00,
  0x00, 0x00, 0x00, 0x00, 0x87, 0x00, 0x00, 0x00, 0x87, 0x00, 0x00, 0x00,
  0x94, 0x00, 0x00, 0x00, 0xa7, 0x00, 0x00, 0x00, 0xa7, 0x00, 0x00, 0x00,
  0xaf, 0x00, 0x00, 0x00, 0xd7, 0x00, 0x00, 0x00, 0x15, 0x01, 0x00, 0x00,
  0x54, 0x01, 0x00, 0x00, 0xac, 0x01, 0x00, 0x00, 0x32, 0x00, 0x00, 0x00,
  0xab, 0x00, 0x01, 0x00, 0xe6, 0x00, 0x00, 0x00, 0xbb, 0x00, 0x01, 0x00,
  0xa6, 0x01, 0x00, 0x00, 0x21, 0x00, 0x05, 0x00, 0xca, 0x01, 0x00, 0x00,
  0xcf, 0x00, 0x01, 0x00, 0x9c, 0x02, 0x00, 0x00, 0x29, 0x00, 0x0c, 0x00,
  0xc8, 0x02, 0x00, 0x00, 0x8a, 0x00, 0x01, 0x00, 0x03, 0x01, 0x3f, 0xde,
  0x01, 0x02, 0x47, 0xc9, 0x03, 0x3f, 0xde, 0x01, 0x02, 0x47, 0xc7, 0x05,
  0x3f, 0xde, 0x01, 0x00, 0x03, 0x00, 0x00, 0x00, 0x02, 0x00, 0x00, 0x00,
  0x6e, 0x9f, 0x00, 0x00, 0x30, 0x01, 0x00, 0x00, 0x62, 0x00, 0x65, 0x00,
  0x1a, 0x01, 0x6a, 0x00, 0x6e, 0x20, 0xca, 0x00, 0x10, 0x00, 0x62, 0x00,
  0x65, 0x00, 0x6e, 0x10, 0xc9, 0x00, 0x00, 0x00, 0x62, 0x00, 0x65, 0x00,
  0x22, 0x01, 0x4d, 0x00, 0x70, 0x10, 0xe7, 0x00, 0x01, 0x00, 0x1a, 0x02,
  0xb5, 0x02, 0x6e, 0x20, 0xec, 0x00, 0x21, 0x00, 0x0c, 0x01, 0x1c, 0x02,
  0x28, 0x00, 0x6e, 0x10, 0xd3, 0x00, 0x02, 0x00, 0x0c, 0x02, 0x6e, 0x20,
  0xec, 0x00, 0x21, 0x00, 0x0c, 0x01, 0x1a, 0x02, 0x0f, 0x00, 0x6e, 0x20,
  0xec, 0x00, 0x21, 0x00, 0x0c, 0x01, 0x6e, 0x10, 0xee, 0x00, 0x01, 0x00,
  0x0c, 0x01, 0x6e, 0x20, 0xca, 0x00, 0x10, 0x00, 0x62, 0x00, 0x65, 0x00,
  0x6e, 0x10, 0xc9, 0x00, 0x00, 0x00, 0x62, 0x00, 0x65, 0x00, 0x1a, 0x01,
  0xb7, 0x02, 0x6e, 0x20, 0xca, 0x00, 0x10, 0x00, 0x62, 0x00, 0x65, 0x00,
  0x1a, 0x01, 0x0a, 0x00, 0x6e, 0x20, 0xca, 0x00, 0x10, 0x00, 0x62, 0x00,
  0x65, 0x00, 0x1a, 0x01, 0x04, 0x00, 0x6e, 0x20, 0xca, 0x00, 0x10, 0x00,
  0x62, 0x00, 0x65, 0x00, 0x1a, 0x01, 0x03, 0x00, 0x6e, 0x20, 0xca, 0x00,
  0x10, 0x00, 0x62, 0x00, 0x65, 0x00, 0x1a, 0x01, 0x06, 0x00, 0x6e, 0x20,
  0xca, 0x00, 0x10, 0x00, 0x62, 0x00, 0x65, 0x00, 0x6e, 0x10, 0xc9, 0x00,
  0x00, 0x00, 0x62, 0x00, 0x65, 0x00, 0x1a, 0x01, 0xb4, 0x02, 0x6e, 0x20,
  0xca, 0x00, 0x10, 0x00, 0x62, 0x00, 0x65, 0x00, 0x1a, 0x01, 0x05, 0x00,
  0x6e, 0x20, 0xca, 0x00, 0x10, 0x00, 0x62, 0x00, 0x65, 0x00, 0x6e, 0x10,
  0xc9, 0x00, 0x00, 0x00, 0x62, 0x00, 0x65, 0x00, 0x1a, 0x01, 0xf4, 0x00,
  0x6e, 0x20, 0xca, 0x00, 0x10, 0x00, 0x62, 0x00, 0x65, 0x00, 0x1a, 0x01,
  0x07, 0x00, 0x6e, 0x20, 0xca, 0x00, 0x10, 0x00, 0x62, 0x00, 0x65, 0x00,
  0x6e, 0x10, 0xc9, 0x00, 0x00, 0x00, 0x62, 0x00, 0x65, 0x00, 0x1a, 0x01,
  0xf1, 0x00, 0x6e, 0x20, 0xca, 0x00, 0x10, 0x00, 0x62, 0x00, 0x65, 0x00,
  0x1a, 0x01, 0x09, 0x00, 0x6e, 0x20, 0xca, 0x00, 0x10, 0x00, 0x62, 0x00,
  0x65, 0x00, 0x1a, 0x01, 0x08, 0x00, 0x6e, 0x20, 0xca, 0x00, 0x10, 0x00,
  0x62, 0x00, 0x65, 0x00, 0x6e, 0x10, 0xc9, 0x00, 0x00, 0x00, 0x62, 0x00,
  0x65, 0x00, 0x1a, 0x01, 0xb6, 0x02, 0x6e, 0x20, 0xca, 0x00, 0x10, 0x00,
  0x62, 0x00, 0x65, 0x00, 0x1a, 0x01, 0x02, 0x00, 0x6e, 0x20, 0xca, 0x00,
  0x10, 0x00, 0x62, 0x00, 0x65, 0x00, 0x22, 0x01, 0x4d, 0x00, 0x70, 0x10,
  0xe7, 0x00, 0x01, 0x00, 0x1a, 0x02, 0x0b, 0x00, 0x6e, 0x20, 0xec, 0x00,
  0x21, 0x00, 0x0c, 0x01, 0x1c, 0x02, 0x28, 0x00, 0x6e, 0x10, 0xd3, 0x00,
  0x02, 0x00, 0x0c, 0x02, 0x6e, 0x20, 0xec, 0x00, 0x21, 0x00, 0x0c, 0x01,
  0x1a, 0x02, 0x0c, 0x00, 0x6e, 0x20, 0xec, 0x00, 0x21, 0x00, 0x0c, 0x01,
  0x6e, 0x10, 0xee, 0x00, 0x01, 0x00, 0x0c, 0x01, 0x6e, 0x20, 0xca, 0x00,
  0x10, 0x00, 0x62, 0x00, 0x65, 0x00, 0x6e, 0x10, 0xc9, 0x00, 0x00, 0x00,
  0x62, 0x00, 0x65, 0x00, 0x1a, 0x01, 0x01, 0x00, 0x6e, 0x20, 0xca, 0x00,
  0x10, 0x00, 0x62, 0x00, 0x65, 0x00, 0x22, 0x01, 0x4d, 0x00, 0x70, 0x10,
  0xe7, 0x00, 0x01, 0x00, 0x1a, 0x02, 0x0b, 0x00, 0x6e, 0x20, 0xec, 0x00,
  0x21, 0x00, 0x0c, 0x01, 0x1c, 0x02, 0x28, 0x00, 0x6e, 0x10, 0xd3, 0x00,
  0x02, 0x00, 0x0c, 0x02, 0x6e, 0x20, 0xec, 0x00, 0x21, 0x00, 0x0c, 0x01,
  0x1a, 0x02, 0x0e, 0x00, 0x6e, 0x20, 0xec, 0x00, 0x21, 0x00, 0x0c, 0x01,
  0x6e, 0x10, 0xee, 0x00, 0x01, 0x00, 0x0c, 0x01, 0x6e, 0x20, 0xca, 0x00,
  0x10, 0x00, 0x62, 0x00, 0x65, 0x00, 0x6e, 0x10, 0xc9, 0x00, 0x00, 0x00,
  0x62, 0x00, 0x65, 0x00, 0x1a, 0x01, 0x00, 0x00, 0x6e, 0x20, 0xca, 0x00,
  0x10, 0x00, 0x62, 0x00, 0x65, 0x00, 0x22, 0x01, 0x4d, 0x00, 0x70, 0x10,
  0xe7, 0x00, 0x01, 0x00, 0x1a, 0x02, 0x0b, 0x00, 0x6e, 0x20, 0xec, 0x00,
  0x21, 0x00, 0x0c, 0x01, 0x1c, 0x02, 0x28, 0x00, 0x6e, 0x10, 0xd3, 0x00,
  0x02, 0x00, 0x0c, 0x02, 0x6e, 0x20, 0xec, 0x00, 0x21, 0x00, 0x0c, 0x01,
  0x1a, 0x02, 0x0d, 0x00, 0x6e, 0x20, 0xec, 0x00, 0x21, 0x00, 0x0c, 0x01,
  0x6e, 0x10, 0xee, 0x00, 0x01, 0x00, 0x0c, 0x01, 0x6e, 0x20, 0xca, 0x00,
  0x10, 0x00, 0x0e, 0x00, 0x05, 0x00, 0x01, 0x00, 0x02, 0x00, 0x01, 0x00,
  0x99, 0x9f, 0x00, 0x00, 0x40, 0x00, 0x00, 0x00, 0x71, 0x10, 0xa3, 0x00,
  0x04, 0x00, 0x0c, 0x00, 0x62, 0x02, 0x41, 0x00, 0x6e, 0x20, 0x8c, 0x00,
  0x02, 0x00, 0x22, 0x02, 0x4d, 0x00, 0x70, 0x10, 0xe7, 0x00, 0x02, 0x00,
  0x1a, 0x03, 0x38, 0x01, 0x6e, 0x20, 0xec, 0x00, 0x32, 0x00, 0x0c, 0x02,
  0x6e, 0x20, 0xeb, 0x00, 0x02, 0x00, 0x0c, 0x02, 0x6e, 0x10, 0xee, 0x00,
  0x02, 0x00, 0x0c, 0x02, 0x71, 0x10, 0x4c, 0x00, 0x02, 0x00, 0x12, 0x02,
  0x0f, 0x02, 0x0d, 0x01, 0x22, 0x02, 0x4d, 0x00, 0x70, 0x10, 0xe7, 0x00,
  0x02, 0x00, 0x1a, 0x03, 0x30, 0x01, 0x6e, 0x20, 0xec, 0x00, 0x32, 0x00,
  0x0c, 0x02, 0x6e, 0x20, 0xec, 0x00, 0x42, 0x00, 0x0c, 0x02, 0x1a, 0x03,
  0xb8, 0x02, 0x6e, 0x20, 0xec, 0x00, 0x32, 0x00, 0x0c, 0x02, 0x6e, 0x10,
  0xee, 0x00, 0x02, 0x00, 0x0c, 0x02, 0x71, 0x10, 0x4e, 0x00, 0x02, 0x00,
  0x12, 0x12, 0x28, 0xe1, 0x00, 0x00, 0x00, 0x00, 0x1f, 0x00, 0x01, 0x00,
  0x01, 0x01, 0x40, 0x21, 0x04, 0x00, 0x00, 0x00, 0x02, 0x00, 0x02, 0x00,
  0xb8, 0x9f, 0x00, 0x00, 0x72, 0x00, 0x00, 0x00, 0x12, 0x01, 0x62, 0x02,
  0x40, 0x00, 0x62, 0x03, 0x41, 0x00, 0x6e, 0x10, 0x86, 0x00, 0x03, 0x00,
  0x0c, 0x03, 0x6e, 0x10, 0xa2, 0x00, 0x03, 0x00, 0x0a, 0x03, 0x44, 0x02,
  0x02, 0x03, 0x2b, 0x02, 0x59, 0x00, 0x00, 0x00, 0x12, 0x11, 0x0f, 0x01,
  0x62, 0x02, 0x41, 0x00, 0x6e, 0x10, 0x84, 0x00, 0x02, 0x00, 0x0c, 0x02,
  0x38, 0x02, 0x0e, 0x00, 0x62, 0x02, 0x41, 0x00, 0x6e, 0x10, 0x84, 0x00,
  0x02, 0x00, 0x0c, 0x02, 0x6e, 0x10, 0xe2, 0x00, 0x02, 0x00, 0x0a, 0x02,
  0x38, 0x02, 0xec, 0xff, 0x1a, 0x02, 0x23, 0x01, 0x71, 0x10, 0x4e, 0x00,
  0x02, 0x00, 0x28, 0xe6, 0x0d, 0x00, 0x1a, 0x02, 0x3f, 0x01, 0x71, 0x20,
  0x4f, 0x00, 0x02, 0x00, 0x28, 0xdf, 0x62, 0x02, 0x41, 0x00, 0x6e, 0x10,
  0x87, 0x00, 0x02, 0x00, 0x0c, 0x02, 0x38, 0x02, 0x0e, 0x00, 0x62, 0x02,
  0x41, 0x00, 0x6e, 0x10, 0x87, 0x00, 0x02, 0x00, 0x0c, 0x02, 0x6e, 0x10,
  0xe2, 0x00, 0x02, 0x00, 0x0a, 0x02, 0x38, 0x02, 0xcb, 0xff, 0x1a, 0x02,
  0x1e, 0x01, 0x71, 0x10, 0x4e, 0x00, 0x02, 0x00, 0x28, 0xc5, 0x62, 0x02,
  0x41, 0x00, 0x6e, 0x10, 0x89, 0x00, 0x02, 0x00, 0x0a, 0x02, 0x3d, 0x02,
  0x0d, 0x00, 0x62, 0x02, 0x41, 0x00, 0x6e, 0x10, 0x89, 0x00, 0x02, 0x00,
  0x0a, 0x02, 0x14, 0x03, 0xff, 0xff, 0x00, 0x00, 0x37, 0x32, 0xb2, 0xff,
  0x1a, 0x02, 0x1c, 0x01, 0x71, 0x10, 0x4e, 0x00, 0x02, 0x00, 0x28, 0xac,
  0x00, 0x01, 0x03, 0x00, 0x01, 0x00, 0x00, 0x00, 0x05, 0x00, 0x00, 0x00,
  0x26, 0x00, 0x00, 0x00, 0x40, 0x00, 0x00, 0x00, 0x01, 0x00, 0x00, 0x00,
  0x2c, 0x00, 0x01, 0x00, 0x35, 0x00, 0x00, 0x00, 0x32, 0x00, 0x01, 0x00,
  0x01, 0x01, 0x3f, 0x2e, 0x03, 0x00, 0x00, 0x00, 0x00, 0x00, 0x00, 0x00,
  0xe6, 0x9f, 0x00, 0x00, 0x13, 0x00, 0x00, 0x00, 0x12, 0x30, 0x23, 0x00,
  0x60, 0x00, 0x12, 0x01, 0x62, 0x02, 0x46, 0x00, 0x4d, 0x02, 0x00, 0x01,
  0x12, 0x11, 0x62, 0x02, 0x48, 0x00, 0x4d, 0x02, 0x00, 0x01, 0x12, 0x21,
  0x62, 0x02, 0x47, 0x00, 0x4d, 0x02, 0x00, 0x01, 0x11, 0x00, 0x00, 0x00,
  0x03, 0x00, 0x00, 0x00, 0x03, 0x00, 0x00, 0x00, 0xeb, 0x9f, 0x00, 0x00,
  0x25, 0x00, 0x00, 0x00, 0x22, 0x00, 0x29, 0x00, 0x1a, 0x01, 0xe5, 0x00,
  0x12, 0x02, 0x70, 0x30, 0xa0, 0x00, 0x10, 0x02, 0x69, 0x00, 0x46, 0x00,
  0x22, 0x00, 0x29, 0x00, 0x1a, 0x01, 0xf3, 0x00, 0x12, 0x12, 0x70, 0x30,
  0xa0, 0x00, 0x10, 0x02, 0x69, 0x00, 0x48, 0x00, 0x22, 0x00, 0x29, 0x00,
  0x1a, 0x01, 0xf0, 0x00, 0x12, 0x22, 0x70, 0x30, 0xa0, 0x00, 0x10, 0x02,
  0x69, 0x00, 0x47, 0x00, 0x71, 0x00, 0x9e, 0x00, 0x00, 0x00, 0x0c, 0x00,
  0x69, 0x00, 0x45, 0x00, 0x0e, 0x00, 0x00, 0x00, 0x03, 0x00, 0x03, 0x00,
  0x03, 0x00, 0x00, 0x00, 0xf5, 0x9f, 0x00, 0x00, 0x04, 0x00, 0x00, 0x00,
  0x70, 0x30, 0xd4, 0x00, 0x10, 0x02, 0x0e, 0x00, 0x03, 0x00, 0x01, 0x00,
  0x01, 0x00, 0x00, 0x00, 0xfc, 0x9f, 0x00, 0x00, 0x18, 0x00, 0x00, 0x00,
  0x12, 0x20, 0x6e, 0x10, 0xa2, 0x00, 0x02, 0x00, 0x0a, 0x01, 0x2b, 0x01,
  0x09, 0x00, 0x00, 0x00, 0x0f, 0x00, 0x12, 0x00, 0x28, 0xfe, 0x12, 0x10,
  0x28, 0xfc, 0x00, 0x00, 0x00, 0x01, 0x03, 0x00, 0x00, 0x00, 0x00, 0x00,
  0x04, 0x00, 0x00, 0x00, 0x06, 0x00, 0x00, 0x00, 0x03, 0x00, 0x00, 0x00,
  0x02, 0x00, 0x01, 0x00, 0x02, 0x00, 0x00, 0x00, 0x09, 0xa0, 0x00, 0x00,
  0x09, 0x00, 0x00, 0x00, 0x1c, 0x00, 0x29, 0x00, 0x71, 0x20, 0xd5, 0x00,
  0x10, 0x00, 0x0c, 0x00, 0x1f, 0x00, 0x29, 0x00, 0x11, 0x00, 0x00, 0x00,
  0x01, 0x00, 0x00, 0x00, 0x01, 0x00, 0x00, 0x00, 0x10, 0xa0, 0x00, 0x00,
  0x09, 0x00, 0x00, 0x00, 0x62, 0x00, 0x45, 0x00, 0x6e, 0x10, 0x08, 0x01,
  0x00, 0x00, 0x0c, 0x00, 0x1f, 0x00, 0x60, 0x00, 0x11, 0x00, 0x00, 0x00,
  0x02, 0x00, 0x02, 0x00, 0x01, 0x00, 0x00, 0x00, 0x15, 0xa0, 0x00, 0x00,
  0x06, 0x00, 0x00, 0x00, 0x5b, 0x01, 0x49, 0x00, 0x70, 0x10, 0xdd, 0x00,
  0x00, 0x00, 0x0e, 0x00, 0x03, 0x00, 0x02, 0x00, 0x01, 0x00, 0x00, 0x00,
  0x1d, 0xa0, 0x00, 0x00, 0x12, 0x00, 0x00, 0x00, 0x54, 0x10, 0x49, 0x00,
  0x71, 0x10, 0xaa, 0x00, 0x00, 0x00, 0x0c, 0x00, 0x6e, 0x10, 0x05, 0x01,
  0x00, 0x00, 0x0a, 0x00, 0x39, 0x00, 0x07, 0x00, 0x54, 0x10, 0x49, 0x00,
  0x71, 0x10, 0xab, 0x00, 0x00, 0x00, 0x0e, 0x00, 0x02, 0x00, 0x02, 0x00,
  0x01, 0x00, 0x00, 0x00, 0x27, 0xa0, 0x00, 0x00, 0x06, 0x00, 0x00, 0x00,
  0x5b, 0x01, 0x4a, 0x00, 0x70, 0x10, 0xdd, 0x00, 0x00, 0x00, 0x0e, 0x00,
  0x02, 0x00, 0x01, 0x00, 0x01, 0x00, 0x00, 0x00, 0x2f, 0xa0, 0x00, 0x00,
  0x06, 0x00, 0x00, 0x00, 0x54, 0x10, 0x4a, 0x00, 0x71, 0x10, 0xac, 0x00,
  0x00, 0x00, 0x0e, 0x00, 0x05, 0x00, 0x02, 0x00, 0x02, 0x00, 0x00, 0x00,
  0x36, 0xa0, 0x00, 0x00, 0x8e, 0x00, 0x00, 0x00, 0x12, 0x02, 0x70, 0x10,
  0xdd, 0x00, 0x03, 0x00, 0x22, 0x00, 0x48, 0x00, 0x70, 0x10, 0xdd, 0x00,
  0x00, 0x00, 0x5b, 0x30, 0x57, 0x00, 0x12, 0x10, 0x23, 0x00, 0x5b, 0x00,
  0x5b, 0x30, 0x5b, 0x00, 0x22, 0x00, 0x58, 0x00, 0x70, 0x20, 0x04, 0x01,
  0x20, 0x00, 0x5b, 0x30, 0x59, 0x00, 0x22, 0x00, 0x58, 0x00, 0x70, 0x20,
  0x04, 0x01, 0x20, 0x00, 0x5b, 0x30, 0x5d, 0x00, 0x16, 0x00, 0x00, 0x00,
  0x5a, 0x30, 0x5a, 0x00, 0x5b, 0x34, 0x54, 0x00, 0x1a, 0x00, 0x53, 0x01,
  0x71, 0x10, 0x4c, 0x00, 0x00, 0x00, 0x71, 0x00, 0x5e, 0x00, 0x00, 0x00,
  0x0c, 0x00, 0x5b, 0x30, 0x56, 0x00, 0x54, 0x30, 0x56, 0x00, 0x39, 0x00,
  0x0a, 0x00, 0x22, 0x00, 0x3f, 0x00, 0x1a, 0x01, 0x61, 0x01, 0x70, 0x20,
  0xd6, 0x00, 0x10, 0x00, 0x27, 0x00, 0x1a, 0x00, 0x67, 0x01, 0x71, 0x10,
  0x4c, 0x00, 0x00, 0x00, 0x54, 0x30, 0x56, 0x00, 0x6e, 0x20, 0x5b, 0x00,
  0x20, 0x00, 0x0c, 0x00, 0x5b, 0x30, 0x55, 0x00, 0x54, 0x30, 0x55, 0x00,
  0x39, 0x00, 0x0a, 0x00, 0x22, 0x00, 0x3f, 0x00, 0x1a, 0x01, 0x60, 0x01,
  0x70, 0x20, 0xd6, 0x00, 0x10, 0x00, 0x27, 0x00, 0x54, 0x30, 0x55, 0x00,
  0x6e, 0x10, 0x31, 0x00, 0x00, 0x00, 0x0c, 0x00, 0x5b, 0x30, 0x5c, 0x00,
  0x22, 0x00, 0x4d, 0x00, 0x70, 0x10, 0xe7, 0x00, 0x00, 0x00, 0x1a, 0x01,
  0x58, 0x01, 0x6e, 0x20, 0xec, 0x00, 0x10, 0x00, 0x0c, 0x00, 0x54, 0x31,
  0x5c, 0x00, 0x6e, 0x10, 0x38, 0x00, 0x01, 0x00, 0x0a, 0x01, 0x6e, 0x20,
  0xe9, 0x00, 0x10, 0x00, 0x0c, 0x00, 0x1a, 0x01, 0xb1, 0x02, 0x6e, 0x20,
  0xec, 0x00, 0x10, 0x00, 0x0c, 0x00, 0x54, 0x31, 0x5c, 0x00, 0x6e, 0x10,
  0x36, 0x00, 0x01, 0x00, 0x0a, 0x01, 0x6e, 0x20, 0xe9, 0x00, 0x10, 0x00,
  0x0c, 0x00, 0x6e, 0x10, 0xee, 0x00, 0x00, 0x00, 0x0c, 0x00, 0x71, 0x10,
  0x50, 0x00, 0x00, 0x00, 0x1a, 0x00, 0x59, 0x01, 0x71, 0x10, 0x4c, 0x00,
  0x00, 0x00, 0x0e, 0x00, 0x02, 0x00, 0x01, 0x00, 0x00, 0x00, 0x00, 0x00,
  0x55, 0xa0, 0x00, 0x00, 0x03, 0x00, 0x00, 0x00, 0x54, 0x10, 0x5d, 0x00,
  0x11, 0x00, 0x00, 0x00, 0x01, 0x00, 0x01, 0x00, 0x01, 0x00, 0x00, 0x00,
  0x5c, 0xa0, 0x00, 0x00, 0x04, 0x00, 0x00, 0x00, 0x70, 0x10, 0xb4, 0x00,
  0x00, 0x00, 0x0e, 0x00, 0x01, 0x00, 0x01, 0x00, 0x01, 0x00, 0x00, 0x00,
  0x63, 0xa0, 0x00, 0x00, 0x04, 0x00, 0x00, 0x00, 0x70, 0x10, 0xb6, 0x00,
  0x00, 0x00, 0x0e, 0x00, 0x04, 0x00, 0x01, 0x00, 0x02, 0x00, 0x02, 0x00,
  0x6a, 0xa0, 0x00, 0x00, 0x33, 0x00, 0x00, 0x00, 0x12, 0x02, 0x70, 0x10,
  0xae, 0x00, 0x03, 0x00, 0x54, 0x31, 0x58, 0x00, 0x38, 0x01, 0x0e, 0x00,
  0x54, 0x31, 0x58, 0x00, 0x6e, 0x10, 0x10, 0x00, 0x01, 0x00, 0x1a, 0x01,
  0x86, 0x01, 0x71, 0x10, 0x4c, 0x00, 0x01, 0x00, 0x5b, 0x32, 0x58, 0x00,
  0x54, 0x31, 0x5f, 0x00, 0x38, 0x01, 0x0e, 0x00, 0x54, 0x31, 0x5f, 0x00,
  0x71, 0x10, 0x63, 0x00, 0x01, 0x00, 0x1a, 0x01, 0x88, 0x01, 0x71, 0x10,
  0x4c, 0x00, 0x01, 0x00, 0x5b, 0x32, 0x5f, 0x00, 0x0e, 0x00, 0x0d, 0x00,
  0x1a, 0x01, 0x87, 0x01, 0x71, 0x20, 0x55, 0x00, 0x01, 0x00, 0x28, 0xe7,
  0x0d, 0x00, 0x1a, 0x01, 0x8a, 0x01, 0x71, 0x20, 0x55, 0x00, 0x01, 0x00,
  0x28, 0xf0, 0x00, 0x00, 0x08, 0x00, 0x00, 0x00, 0x0a, 0x00, 0x01, 0x00,
  0x18, 0x00, 0x00, 0x00, 0x0a, 0x00, 0x04, 0x00, 0x02, 0x01, 0x3f, 0x25,
  0x01, 0x3f, 0x2c, 0x00, 0x03, 0x00, 0x01, 0x00, 0x02, 0x00, 0x01, 0x00,
  0x88, 0xa0, 0x00, 0x00, 0x19, 0x00, 0x00, 0x00, 0x54, 0x21, 0x5f, 0x00,
  0x38, 0x01, 0x0f, 0x00, 0x54, 0x21, 0x5f, 0x00, 0x71, 0x10, 0x63, 0x00,
  0x01, 0x00, 0x1a, 0x01, 0x89, 0x01, 0x71, 0x10, 0x4c, 0x00, 0x01, 0x00,
  0x12, 0x01, 0x5b, 0x21, 0x5f, 0x00, 0x0e, 0x00, 0x0d, 0x00, 0x1a, 0x01,
  0x8b, 0x01, 0x71, 0x20, 0x55, 0x00, 0x01, 0x00, 0x28, 0xf6, 0x00, 0x00,
  0x04, 0x00, 0x00, 0x00, 0x0a, 0x00, 0x01, 0x00, 0x01, 0x01, 0x3f, 0x12,
  0x09, 0x00, 0x05, 0x00, 0x04, 0x00, 0x01, 0x00, 0x9b, 0xa0, 0x00, 0x00,
  0x46, 0x00, 0x00, 0x00, 0x22, 0x02, 0x4d, 0x00, 0x70, 0x10, 0xe7, 0x00,
  0x02, 0x00, 0x1a, 0x03, 0x10, 0x01, 0x6e, 0x20, 0xec, 0x00, 0x32, 0x00,
  0x0c, 0x02, 0x6e, 0x20, 0xe9, 0x00, 0x52, 0x00, 0x0c, 0x02, 0x1a, 0x03,
  0xb1, 0x02, 0x6e, 0x20, 0xec, 0x00, 0x32, 0x00, 0x0c, 0x02, 0x6e, 0x20,
  0xe9, 0x00, 0x62, 0x00, 0x0c, 0x02, 0x1a, 0x03, 0x20, 0x00, 0x6e, 0x20,
  0xec, 0x00, 0x32, 0x00, 0x0c, 0x02, 0x6e, 0x20, 0xe9, 0x00, 0x72, 0x00,
  0x0c, 0x02, 0x1a, 0x03, 0x1f, 0x00, 0x6e, 0x20, 0xec, 0x00, 0x32, 0x00,
  0x0c, 0x02, 0x6e, 0x20, 0xe9, 0x00, 0x82, 0x00, 0x0c, 0x02, 0x6e, 0x10,
  0xee, 0x00, 0x02, 0x00, 0x0c, 0x02, 0x71, 0x10, 0x4c, 0x00, 0x02, 0x00,
  0x71, 0x40, 0x12, 0x00, 0x65, 0x87, 0x0c, 0x01, 0x1a, 0x02, 0x0f, 0x01,
  0x71, 0x10, 0x4c, 0x00, 0x02, 0x00, 0x11, 0x01, 0x0d, 0x00, 0x1a, 0x02,
  0x0e, 0x01, 0x71, 0x20, 0x4f, 0x00, 0x02, 0x00, 0x12, 0x01, 0x28, 0xf8,
  0x34, 0x00, 0x00, 0x00, 0x09, 0x00, 0x01, 0x00, 0x01, 0x01, 0x3f, 0x3e,
  0x06, 0x00, 0x01, 0x00, 0x02, 0x00, 0x01, 0x00, 0xbd, 0xa0, 0x00, 0x00,
  0x55, 0x00, 0x00, 0x00, 0x13, 0x04, 0x1e, 0x00, 0x60, 0x03, 0x01, 0x00,
  0x34, 0x43, 0x10, 0x00, 0x60, 0x03, 0x01, 0x00, 0x33, 0x43, 0x3d, 0x00,
  0x1a, 0x03, 0xe3, 0x00, 0x62, 0x04, 0x00, 0x00, 0x6e, 0x20, 0xe0, 0x00,
  0x43, 0x00, 0x0a, 0x03, 0x39, 0x03, 0x33, 0x00, 0x12, 0x11, 0x22, 0x03,
  0x4d, 0x00, 0x70, 0x10, 0xe7, 0x00, 0x03, 0x00, 0x1a, 0x04, 0x83, 0x01,
  0x6e, 0x20, 0xec, 0x00, 0x43, 0x00, 0x0c, 0x03, 0x6e, 0x20, 0xed, 0x00,
  0x13, 0x00, 0x0c, 0x03, 0x1a, 0x04, 0x19, 0x00, 0x6e, 0x20, 0xec, 0x00,
  0x43, 0x00, 0x0c, 0x03, 0x60, 0x04, 0x01, 0x00, 0x6e, 0x20, 0xe9, 0x00,
  0x43, 0x00, 0x0c, 0x03, 0x6e, 0x10, 0xee, 0x00, 0x03, 0x00, 0x0c, 0x03,
  0x71, 0x10, 0x4c, 0x00, 0x03, 0x00, 0x1a, 0x03, 0x29, 0x02, 0x71, 0x20,
  0x62, 0x00, 0x13, 0x00, 0x0c, 0x02, 0x38, 0x02, 0x0a, 0x00, 0x1a, 0x03,
  0x85, 0x01, 0x71, 0x10, 0x4c, 0x00, 0x03, 0x00, 0x11, 0x02, 0x12, 0x01,
  0x28, 0xcf, 0x1a, 0x03, 0x82, 0x01, 0x71, 0x10, 0x54, 0x00, 0x03, 0x00,
  0x28, 0xf8, 0x0d, 0x00, 0x1a, 0x03, 0x84, 0x01, 0x71, 0x20, 0x4f, 0x00,
  0x03, 0x00, 0x12, 0x02, 0x28, 0xf0, 0x00, 0x00, 0x02, 0x00, 0x00, 0x00,
  0x4a, 0x00, 0x01, 0x00, 0x01, 0x01, 0x3f, 0x4d, 0x06, 0x00, 0x00, 0x00,
  0x02, 0x00, 0x00, 0x00, 0xee, 0xa0, 0x00, 0x00, 0x1e, 0x00, 0x00, 0x00,
  0x71, 0x00, 0x5e, 0x00, 0x00, 0x00, 0x0c, 0x01, 0x12, 0x05, 0x6e, 0x20,
  0x5b, 0x00, 0x51, 0x00, 0x0c, 0x00, 0x6e, 0x10, 0x31, 0x00, 0x00, 0x00,
  0x0c, 0x03, 0x6e, 0x10, 0x38, 0x00, 0x03, 0x00, 0x0a, 0x05, 0xd8, 0x04,
  0x05, 0x28, 0x6e, 0x10, 0x36, 0x00, 0x03, 0x00, 0x0a, 0x05, 0xd8, 0x02,
  0x05, 0x28, 0x92, 0x05, 0x04, 0x02, 0xda, 0x05, 0x05, 0x04, 0x0f, 0x05,
  0x04, 0x00, 0x01, 0x00, 0x02, 0x00, 0x00, 0x00, 0x12, 0xa1, 0x00, 0x00,
  0x29, 0x00, 0x00, 0x00, 0x54, 0x31, 0x54, 0x00, 0x6e, 0x10, 0x85, 0x00,
  0x01, 0x00, 0x0a, 0x01, 0xd8, 0x00, 0x01, 0x08, 0x23, 0x01, 0x5b, 0x00,
  0x5b, 0x31, 0x5b, 0x00, 0x22, 0x01, 0x4d, 0x00, 0x70, 0x10, 0xe7, 0x00,
  0x01, 0x00, 0x1a, 0x02, 0x52, 0x01, 0x6e, 0x20, 0xec, 0x00, 0x21, 0x00,
  0x0c, 0x01, 0x6e, 0x20, 0xe9, 0x00, 0x01, 0x00, 0x0c, 0x01, 0x1a, 0x02,
  0x11, 0x00, 0x6e, 0x20, 0xec, 0x00, 0x21, 0x00, 0x0c, 0x01, 0x6e, 0x10,
  0xee, 0x00, 0x01, 0x00, 0x0c, 0x01, 0x71, 0x10, 0x4c, 0x00, 0x01, 0x00,
  0x0e, 0x00, 0x00, 0x00, 0x0b, 0x00, 0x01, 0x00, 0x03, 0x00, 0x0b, 0x00,
  0x22, 0xa1, 0x00, 0x00, 0x79, 0x00, 0x00, 0x00, 0x71, 0x00, 0xf0, 0x00,
  0x00, 0x00, 0x0b, 0x04, 0x54, 0xa7, 0x57, 0x00, 0x1d, 0x07, 0x12, 0x01,
  0x54, 0xa6, 0x58, 0x00, 0x6e, 0x10, 0x0f, 0x00, 0x06, 0x00, 0x0c, 0x01,
  0x39, 0x01, 0x13, 0x00, 0x38, 0x01, 0x05, 0x00, 0x6e, 0x10, 0x0b, 0x00,
  0x01, 0x00, 0x1e, 0x07, 0x0e, 0x00, 0x0d, 0x00, 0x1a, 0x06, 0x7d, 0x01,
  0x71, 0x20, 0x55, 0x00, 0x06, 0x00, 0x28, 0xf8, 0x0d, 0x06, 0x1e, 0x07,
  0x27, 0x06, 0x70, 0x20, 0xb5, 0x00, 0x1a, 0x00, 0x71, 0x00, 0xf0, 0x00,
  0x00, 0x00, 0x0b, 0x08, 0x5a, 0xa8, 0x5a, 0x00, 0x53, 0xa8, 0x5a, 0x00,
  0x9c, 0x02, 0x08, 0x04, 0x22, 0x06, 0x4d, 0x00, 0x70, 0x10, 0xe7, 0x00,
  0x06, 0x00, 0x1a, 0x08, 0x7f, 0x01, 0x6e, 0x20, 0xec, 0x00, 0x86, 0x00,
  0x0c, 0x06, 0x6e, 0x30, 0xea, 0x00, 0x26, 0x03, 0x0c, 0x06, 0x1a, 0x08,
  0x43, 0x02, 0x6e, 0x20, 0xec, 0x00, 0x86, 0x00, 0x0c, 0x06, 0x6e, 0x10,
  0xee, 0x00, 0x06, 0x00, 0x0c, 0x06, 0x71, 0x10, 0x4c, 0x00, 0x06, 0x00,
  0x38, 0x01, 0x05, 0x00, 0x6e, 0x10, 0x0b, 0x00, 0x01, 0x00, 0x1e, 0x07,
  0x28, 0xc6, 0x0d, 0x00, 0x1a, 0x06, 0x7d, 0x01, 0x71, 0x20, 0x55, 0x00,
  0x06, 0x00, 0x28, 0xf8, 0x0d, 0x00, 0x1a, 0x06, 0x7e, 0x01, 0x71, 0x20,
  0x55, 0x00, 0x06, 0x00, 0x38, 0x01, 0xf1, 0xff, 0x6e, 0x10, 0x0b, 0x00,
  0x01, 0x00, 0x28, 0xec, 0x0d, 0x00, 0x1a, 0x06, 0x7d, 0x01, 0x71, 0x20,
  0x55, 0x00, 0x06, 0x00, 0x28, 0xe5, 0x0d, 0x06, 0x38, 0x01, 0x05, 0x00,
  0x6e, 0x10, 0x0b, 0x00, 0x01, 0x00, 0x27, 0x06, 0x0d, 0x00, 0x1a, 0x08,
  0x7d, 0x01, 0x71, 0x20, 0x55, 0x00, 0x08, 0x00, 0x28, 0xf9, 0x00, 0x00,
  0x08, 0x00, 0x00, 0x00, 0x05, 0x00, 0x0b, 0x00, 0x12, 0x00, 0x00, 0x00,
  0x03, 0x00, 0x01, 0x00, 0x15, 0x00, 0x00, 0x00, 0x0b, 0x00, 0x05, 0x00,
  0x21, 0x00, 0x00, 0x00, 0x29, 0x00, 0x0b, 0x00, 0x4c, 0x00, 0x00, 0x00,
  0x03, 0x00, 0x07, 0x00, 0x4f, 0x00, 0x00, 0x00, 0x08, 0x00, 0x05, 0x00,
  0x59, 0x00, 0x00, 0x00, 0x05, 0x00, 0x13, 0x00, 0x60, 0x00, 0x00, 0x00,
  0x03, 0x00, 0x0f, 0x00, 0x65, 0x00, 0x00, 0x00, 0x05, 0x00, 0x05, 0x00,
  0x6e, 0x00, 0x00, 0x00, 0x03, 0x00, 0x15, 0x00, 0x71, 0x00, 0x00, 0x00,
  0x07, 0x00, 0x05, 0x00, 0x07, 0x7f, 0x3f, 0x17, 0x1e, 0x00, 0x1e, 0x7f,
  0x3f, 0x51, 0x1e, 0x7f, 0x3f, 0x58, 0x6b, 0x7f, 0x3f, 0x64, 0x1e, 0x00,
  0x6b, 0x7f, 0x3f, 0x72, 0x1e, 0x00, 0x00, 0x00, 0x17, 0x00, 0x02, 0x00,
  0x05, 0x00, 0x05, 0x00, 0x79, 0xa1, 0x00, 0x00, 0x03, 0x01, 0x00, 0x00,
  0x74, 0x01, 0x0d, 0x00, 0x16, 0x00, 0x0c, 0x12, 0x13, 0x13, 0x00, 0x00,
  0x46, 0x0b, 0x12, 0x13, 0x6e, 0x10, 0x08, 0x00, 0x0b, 0x00, 0x0c, 0x03,
  0x39, 0x03, 0x08, 0x00, 0x1a, 0x12, 0x80, 0x01, 0x77, 0x01, 0x54, 0x00,
  0x12, 0x00, 0x0e, 0x00, 0x74, 0x01, 0x0e, 0x00, 0x16, 0x00, 0x0a, 0x09,
  0x74, 0x01, 0x0c, 0x00, 0x16, 0x00, 0x0a, 0x08, 0x6e, 0x10, 0x09, 0x00,
  0x0b, 0x00, 0x0a, 0x0a, 0x6e, 0x10, 0x0a, 0x00, 0x0b, 0x00, 0x0a, 0x0e,
  0x92, 0x12, 0x0a, 0x09, 0x91, 0x0d, 0x0e, 0x12, 0x92, 0x12, 0x09, 0x08,
  0xda, 0x04, 0x12, 0x04, 0xd8, 0x10, 0x04, 0x08, 0x08, 0x00, 0x15, 0x00,
  0x54, 0x00, 0x5b, 0x00, 0x08, 0x12, 0x00, 0x00, 0x08, 0x00, 0x12, 0x00,
  0x21, 0x00, 0x02, 0x12, 0x00, 0x00, 0x02, 0x00, 0x12, 0x00, 0x02, 0x01,
  0x10, 0x00, 0x35, 0x10, 0x0e, 0x00, 0x02, 0x00, 0x10, 0x00, 0x23, 0x00,
  0x5b, 0x00, 0x08, 0x12, 0x00, 0x00, 0x08, 0x00, 0x12, 0x00, 0x08, 0x01,
  0x15, 0x00, 0x5b, 0x10, 0x5b, 0x00, 0x08, 0x00, 0x15, 0x00, 0x54, 0x00,
  0x5b, 0x00, 0x08, 0x12, 0x00, 0x00, 0x13, 0x13, 0x00, 0x00, 0x13, 0x14,
  0x08, 0x00, 0x77, 0x03, 0x00, 0x01, 0x12, 0x00, 0x0c, 0x07, 0x62, 0x12,
  0x66, 0x00, 0x08, 0x00, 0x12, 0x00, 0x6e, 0x20, 0xfe, 0x00, 0x07, 0x00,
  0x6e, 0x20, 0xff, 0x00, 0x97, 0x00, 0x6e, 0x20, 0xff, 0x00, 0x87, 0x00,
  0x39, 0x0d, 0x6b, 0x00, 0x08, 0x00, 0x15, 0x00, 0x54, 0x00, 0x5b, 0x00,
  0x08, 0x12, 0x00, 0x00, 0x13, 0x13, 0x08, 0x00, 0x08, 0x00, 0x12, 0x00,
  0x02, 0x01, 0x13, 0x00, 0x6e, 0x40, 0xfd, 0x00, 0x03, 0x41, 0x08, 0x00,
  0x15, 0x00, 0x54, 0x00, 0x5b, 0x00, 0x08, 0x12, 0x00, 0x00, 0x77, 0x01,
  0xc1, 0x00, 0x12, 0x00, 0x0a, 0x0f, 0x39, 0x0f, 0x7b, 0x00, 0x22, 0x12,
  0x4d, 0x00, 0x76, 0x01, 0xe7, 0x00, 0x12, 0x00, 0x1a, 0x13, 0x5f, 0x01,
  0x74, 0x02, 0xec, 0x00, 0x12, 0x00, 0x0c, 0x12, 0x08, 0x00, 0x12, 0x00,
  0x6e, 0x20, 0xe9, 0x00, 0x90, 0x00, 0x0c, 0x12, 0x1a, 0x13, 0xb1, 0x02,
  0x74, 0x02, 0xec, 0x00, 0x12, 0x00, 0x0c, 0x12, 0x08, 0x00, 0x12, 0x00,
  0x6e, 0x20, 0xe9, 0x00, 0x80, 0x00, 0x0c, 0x12, 0x1a, 0x13, 0x18, 0x00,
  0x74, 0x02, 0xec, 0x00, 0x12, 0x00, 0x0c, 0x12, 0x08, 0x00, 0x12, 0x00,
  0x02, 0x01, 0x10, 0x00, 0x6e, 0x20, 0xe9, 0x00, 0x10, 0x00, 0x0c, 0x12,
  0x1a, 0x13, 0x11, 0x00, 0x74, 0x02, 0xec, 0x00, 0x12, 0x00, 0x0c, 0x12,
  0x74, 0x01, 0xee, 0x00, 0x12, 0x00, 0x0c, 0x12, 0x77, 0x01, 0x4c, 0x00,
  0x12, 0x00, 0x29, 0x00, 0x58, 0xff, 0x0d, 0x06, 0x1a, 0x12, 0x4e, 0x01,
  0x08, 0x00, 0x12, 0x00, 0x71, 0x20, 0x4f, 0x00, 0x60, 0x00, 0x29, 0x00,
  0x4e, 0xff, 0x0d, 0x06, 0x1a, 0x12, 0x81, 0x01, 0x08, 0x00, 0x12, 0x00,
  0x71, 0x20, 0x4f, 0x00, 0x60, 0x00, 0x29, 0x00, 0x44, 0xff, 0x23, 0xec,
  0x5b, 0x00, 0x13, 0x05, 0x08, 0x00, 0x13, 0x11, 0x00, 0x00, 0x02, 0x00,
  0x11, 0x00, 0x35, 0x80, 0x9e, 0xff, 0x13, 0x12, 0x00, 0x00, 0x02, 0x00,
  0x12, 0x00, 0x6e, 0x40, 0xfd, 0x00, 0xc3, 0xe0, 0x13, 0x12, 0x00, 0x00,
  0x08, 0x00, 0x15, 0x00, 0x54, 0x00, 0x5b, 0x00, 0x08, 0x13, 0x00, 0x00,
  0xda, 0x14, 0x09, 0x04, 0x02, 0x00, 0x12, 0x00, 0x08, 0x01, 0x13, 0x00,
  0x02, 0x02, 0x14, 0x00, 0x71, 0x52, 0xef, 0x00, 0x0c, 0x51, 0xda, 0x12,
  0x09, 0x04, 0x90, 0x05, 0x05, 0x12, 0xd8, 0x11, 0x11, 0x01, 0x28, 0xdc,
  0x1a, 0x12, 0x4d, 0x01, 0x77, 0x01, 0x4e, 0x00, 0x12, 0x00, 0x29, 0x00,
  0x12, 0xff, 0x00, 0x00, 0x00, 0x00, 0x00, 0x00, 0x77, 0x00, 0x05, 0x00,
  0x77, 0x00, 0x00, 0x00, 0x44, 0x00, 0x01, 0x00, 0xbe, 0x00, 0x00, 0x00,
  0x07, 0x00, 0x05, 0x00, 0xd1, 0x00, 0x00, 0x00, 0x24, 0x00, 0x05, 0x00,
  0xfc, 0x00, 0x00, 0x00, 0x05, 0x00, 0x01, 0x00, 0x02, 0x01, 0x3f, 0xbd,
  0x01, 0x01, 0x3f, 0xc7, 0x01, 0x00, 0x00, 0x00, 0x08, 0x00, 0x01, 0x00,
  0x06, 0x00, 0x02, 0x00, 0x40, 0xa2, 0x00, 0x00, 0x80, 0x00, 0x00, 0x00,
  0x1a, 0x00, 0x74, 0x01, 0x71, 0x10, 0x4c, 0x00, 0x00, 0x00, 0x54, 0x70,
  0x5c, 0x00, 0x6e, 0x10, 0x38, 0x00, 0x00, 0x00, 0x0a, 0x00, 0x54, 0x71,
  0x5c, 0x00, 0x6e, 0x10, 0x36, 0x00, 0x01, 0x00, 0x0a, 0x01, 0x12, 0x12,
  0x12, 0x34, 0x70, 0x54, 0xaf, 0x00, 0x07, 0x21, 0x0c, 0x00, 0x5b, 0x70,
  0x58, 0x00, 0x54, 0x70, 0x58, 0x00, 0x39, 0x00, 0x08, 0x00, 0x1a, 0x00,
  0x6f, 0x01, 0x71, 0x10, 0x4e, 0x00, 0x00, 0x00, 0x0e, 0x00, 0x1a, 0x00,
  0x70, 0x01, 0x71, 0x10, 0x4c, 0x00, 0x00, 0x00, 0x54, 0x70, 0x5d, 0x00,
  0x6e, 0x10, 0x05, 0x01, 0x00, 0x00, 0x0a, 0x00, 0x39, 0x00, 0x14, 0x00,
  0x70, 0x10, 0xae, 0x00, 0x07, 0x00, 0x70, 0x10, 0xb0, 0x00, 0x07, 0x00,
  0x0c, 0x00, 0x5b, 0x70, 0x5f, 0x00, 0x54, 0x70, 0x5f, 0x00, 0x39, 0x00,
  0x10, 0x00, 0x1a, 0x00, 0x75, 0x01, 0x71, 0x10, 0x4e, 0x00, 0x00, 0x00,
  0x70, 0x10, 0xad, 0x00, 0x07, 0x00, 0x1a, 0x00, 0x72, 0x01, 0x71, 0x10,
  0x4c, 0x00, 0x00, 0x00, 0x28, 0xd8, 0x54, 0x70, 0x5c, 0x00, 0x6e, 0x10,
  0x3e, 0x00, 0x00, 0x00, 0x0c, 0x03, 0x54, 0x71, 0x5f, 0x00, 0x54, 0x70,
  0x58, 0x00, 0x6e, 0x10, 0x11, 0x00, 0x00, 0x00, 0x0c, 0x02, 0x54, 0x70,
  0x55, 0x00, 0x6e, 0x10, 0x2f, 0x00, 0x00, 0x00, 0x0a, 0x05, 0x07, 0x70,
  0x07, 0x34, 0x76, 0x06, 0xb7, 0x00, 0x00, 0x00, 0x1a, 0x00, 0x76, 0x01,
  0x71, 0x10, 0x4c, 0x00, 0x00, 0x00, 0x70, 0x10, 0xb4, 0x00, 0x07, 0x00,
  0x16, 0x00, 0x14, 0x00, 0x71, 0x20, 0xf8, 0x00, 0x10, 0x00, 0x28, 0xb7,
  0x0d, 0x06, 0x1a, 0x00, 0x73, 0x01, 0x71, 0x10, 0x4c, 0x00, 0x00, 0x00,
  0x28, 0xca, 0x0d, 0x06, 0x1a, 0x00, 0x71, 0x01, 0x71, 0x20, 0x55, 0x00,
  0x60, 0x00, 0x28, 0xa9, 0x30, 0x00, 0x00, 0x00, 0x12, 0x00, 0x01, 0x00,
  0x4b, 0x00, 0x00, 0x00, 0x26, 0x00, 0x01, 0x00, 0x01, 0x02, 0x42, 0x72,
  0x3f, 0x79, 0x00, 0x00, 0x07, 0x00, 0x06, 0x00, 0x04, 0x00, 0x01, 0x00,
  0x7a, 0xa2, 0x00, 0x00, 0x16, 0x00, 0x00, 0x00, 0x71, 0x00, 0x6d, 0x00,
  0x00, 0x00, 0x71, 0x20, 0x71, 0x00, 0x32, 0x00, 0x12, 0x00, 0x71, 0x40,
  0x70, 0x00, 0x02, 0x54, 0x71, 0x20, 0x6e, 0x00, 0x62, 0x00, 0x71, 0x00,
  0x61, 0x00, 0x00, 0x00, 0x0e, 0x00, 0x0d, 0x00, 0x71, 0x00, 0x61, 0x00,
  0x00, 0x00, 0x27, 0x00, 0x03, 0x00, 0x00, 0x00, 0x0a, 0x00, 0x01, 0x00,
  0x01, 0x00, 0x11, 0x00, 0x03, 0x00, 0x01, 0x00, 0x02, 0x00, 0x00, 0x00,
  0x91, 0xa2, 0x00, 0x00, 0x35, 0x00, 0x00, 0x00, 0x1a, 0x00, 0x4b, 0x01,
  0x71, 0x10, 0x4c, 0x00, 0x00, 0x00, 0x1a, 0x00, 0x50, 0x01, 0x71, 0x10,
  0x4c, 0x00, 0x00, 0x00, 0x22, 0x00, 0x14, 0x00, 0x1a, 0x01, 0xee, 0x00,
  0x70, 0x20, 0x16, 0x00, 0x10, 0x00, 0x5b, 0x20, 0x53, 0x00, 0x54, 0x20,
  0x53, 0x00, 0x6e, 0x10, 0x1a, 0x00, 0x00, 0x00, 0x22, 0x00, 0x13, 0x00,
  0x54, 0x21, 0x53, 0x00, 0x6e, 0x10, 0x17, 0x00, 0x01, 0x00, 0x0c, 0x01,
  0x70, 0x20, 0x14, 0x00, 0x10, 0x00, 0x5b, 0x20, 0x52, 0x00, 0x1a, 0x00,
  0x55, 0x01, 0x71, 0x10, 0x4c, 0x00, 0x00, 0x00, 0x54, 0x20, 0x52, 0x00,
  0x22, 0x01, 0x2b, 0x00, 0x70, 0x20, 0xa7, 0x00, 0x21, 0x00, 0x6e, 0x20,
  0x15, 0x00, 0x10, 0x00, 0x0e, 0x00, 0x00, 0x00, 0x07, 0x00, 0x01, 0x00,
  0x06, 0x00, 0x00, 0x00, 0x9e, 0xa2, 0x00, 0x00, 0x8a, 0x00, 0x00, 0x00,
  0x1a, 0x00, 0x57, 0x01, 0x71, 0x10, 0x4c, 0x00, 0x00, 0x00, 0x54, 0x60,
  0x5c, 0x00, 0x6e, 0x10, 0x38, 0x00, 0x00, 0x00, 0x0a, 0x00, 0x54, 0x61,
  0x5c, 0x00, 0x6e, 0x10, 0x36, 0x00, 0x01, 0x00, 0x0a, 0x01, 0x12, 0x12,
  0x12, 0x33, 0x70, 0x53, 0xaf, 0x00, 0x06, 0x21, 0x0c, 0x00, 0x5b, 0x60,
  0x58, 0x00, 0x54, 0x60, 0x58, 0x00, 0x39, 0x00, 0x0a, 0x00, 0x22, 0x00,
  0x3f, 0x00, 0x1a, 0x01, 0x45, 0x01, 0x70, 0x20, 0xd6, 0x00, 0x10, 0x00,
  0x27, 0x00, 0x1a, 0x00, 0x4f, 0x01, 0x71, 0x10, 0x4c, 0x00, 0x00, 0x00,
  0x22, 0x00, 0x14, 0x00, 0x1a, 0x01, 0xe6, 0x00, 0x70, 0x20, 0x16, 0x00,
  0x10, 0x00, 0x5b, 0x60, 0x53, 0x00, 0x54, 0x60, 0x53, 0x00, 0x6e, 0x10,
  0x1a, 0x00, 0x00, 0x00, 0x22, 0x00, 0x13, 0x00, 0x54, 0x61, 0x53, 0x00,
  0x6e, 0x10, 0x17, 0x00, 0x01, 0x00, 0x0c, 0x01, 0x70, 0x20, 0x14, 0x00,
  0x10, 0x00, 0x5b, 0x60, 0x52, 0x00, 0x1a, 0x00, 0x6a, 0x01, 0x71, 0x10,
  0x4c, 0x00, 0x00, 0x00, 0x54, 0x60, 0x58, 0x00, 0x22, 0x01, 0x2a, 0x00,
  0x70, 0x20, 0xa5, 0x00, 0x61, 0x00, 0x54, 0x62, 0x52, 0x00, 0x6e, 0x30,
  0x13, 0x00, 0x10, 0x02, 0x1a, 0x00, 0x51, 0x01, 0x71, 0x10, 0x4c, 0x00,
  0x00, 0x00, 0x54, 0x60, 0x56, 0x00, 0x1a, 0x01, 0x28, 0x02, 0x54, 0x62,
  0x5c, 0x00, 0x6e, 0x10, 0x38, 0x00, 0x02, 0x00, 0x0a, 0x02, 0x54, 0x63,
  0x5c, 0x00, 0x6e, 0x10, 0x36, 0x00, 0x03, 0x00, 0x0a, 0x03, 0x12, 0x04,
  0x54, 0x65, 0x58, 0x00, 0x6e, 0x10, 0x11, 0x00, 0x05, 0x00, 0x0c, 0x05,
  0x74, 0x06, 0x58, 0x00, 0x00, 0x00, 0x0c, 0x00, 0x5b, 0x60, 0x5e, 0x00,
  0x54, 0x60, 0x5e, 0x00, 0x39, 0x00, 0x0a, 0x00, 0x22, 0x00, 0x3f, 0x00,
  0x1a, 0x01, 0x68, 0x01, 0x70, 0x20, 0xd6, 0x00, 0x10, 0x00, 0x27, 0x00,
  0x1a, 0x00, 0x69, 0x01, 0x71, 0x10, 0x4c, 0x00, 0x00, 0x00, 0x0e, 0x00,
  0x02, 0x00, 0x01, 0x00, 0x01, 0x00, 0x00, 0x00, 0xb7, 0xa2, 0x00, 0x00,
  0x07, 0x00, 0x00, 0x00, 0x54, 0x10, 0x59, 0x00, 0x6e, 0x10, 0x05, 0x01,
  0x00, 0x00, 0x0a, 0x00, 0x0f, 0x00, 0x00, 0x00, 0x05, 0x00, 0x01, 0x00,
  0x03, 0x00, 0x02, 0x00, 0xbd, 0xa2, 0x00, 0x00, 0x66, 0x00, 0x00, 0x00,
  0x54, 0x42, 0x59, 0x00, 0x6e, 0x10, 0x05, 0x01, 0x02, 0x00, 0x0a, 0x02,
  0x38, 0x02, 0x08, 0x00, 0x1a, 0x02, 0x5d, 0x01, 0x71, 0x10, 0x54, 0x00,
  0x02, 0x00, 0x0e, 0x00, 0x1a, 0x02, 0x65, 0x01, 0x71, 0x10, 0x50, 0x00,
  0x02, 0x00, 0x54, 0x42, 0x5d, 0x00, 0x12, 0x03, 0x6e, 0x20, 0x06, 0x01,
  0x32, 0x00, 0x71, 0x00, 0xbf, 0x00, 0x00, 0x00, 0x0a, 0x02, 0x12, 0xf3,
  0x33, 0x32, 0x0a, 0x00, 0x22, 0x02, 0x3f, 0x00, 0x1a, 0x03, 0x6b, 0x01,
  0x70, 0x20, 0xd6, 0x00, 0x32, 0x00, 0x27, 0x02, 0x1a, 0x02, 0x6c, 0x01,
  0x71, 0x10, 0x50, 0x00, 0x02, 0x00, 0x1a, 0x02, 0x56, 0x01, 0x71, 0x10,
  0x4c, 0x00, 0x02, 0x00, 0x70, 0x10, 0xba, 0x00, 0x04, 0x00, 0x1a, 0x02,
  0x47, 0x01, 0x71, 0x10, 0x50, 0x00, 0x02, 0x00, 0x54, 0x42, 0x59, 0x00,
  0x12, 0x13, 0x6e, 0x20, 0x06, 0x01, 0x32, 0x00, 0x1a, 0x02, 0x5b, 0x01,
  0x71, 0x10, 0x50, 0x00, 0x02, 0x00, 0x28, 0xc8, 0x0d, 0x00, 0x1a, 0x02,
  0x48, 0x01, 0x71, 0x10, 0x4c, 0x00, 0x02, 0x00, 0x70, 0x10, 0xb9, 0x00,
  0x04, 0x00, 0x1a, 0x02, 0x46, 0x01, 0x71, 0x10, 0x50, 0x00, 0x02, 0x00,
  0x28, 0xe6, 0x0d, 0x01, 0x1a, 0x02, 0x49, 0x01, 0x71, 0x20, 0x4f, 0x00,
  0x12, 0x00, 0x6e, 0x10, 0xbb, 0x00, 0x04, 0x00, 0x22, 0x02, 0x3f, 0x00,
  0x1a, 0x03, 0x5a, 0x01, 0x70, 0x30, 0xd7, 0x00, 0x32, 0x01, 0x27, 0x02,
  0x2d, 0x00, 0x00, 0x00, 0x0d, 0x00, 0x01, 0x00, 0x4c, 0x00, 0x00, 0x00,
  0x08, 0x00, 0x04, 0x00, 0x02, 0x01, 0x3f, 0x46, 0x01, 0x3f, 0x55, 0x00,
  0x06, 0x00, 0x01, 0x00, 0x03, 0x00, 0x03, 0x00, 0xe8, 0xa2, 0x00, 0x00,
  0x79, 0x00, 0x00, 0x00, 0x12, 0x04, 0x54, 0x51, 0x59, 0x00, 0x6e, 0x10,
  0x05, 0x01, 0x01, 0x00, 0x0a, 0x01, 0x39, 0x01, 0x08, 0x00, 0x1a, 0x01,
  0x5e, 0x01, 0x71, 0x10, 0x4c, 0x00, 0x01, 0x00, 0x0e, 0x00, 0x1a, 0x01,
  0x63, 0x01, 0x71, 0x10, 0x50, 0x00, 0x01, 0x00, 0x54, 0x51, 0x5d, 0x00,
  0x12, 0x12, 0x6e, 0x20, 0x06, 0x01, 0x21, 0x00, 0x54, 0x51, 0x5e, 0x00,
  0x38, 0x01, 0x0e, 0x00, 0x54, 0x51, 0x5e, 0x00, 0x6e, 0x10, 0x07, 0x00,
  0x01, 0x00, 0x1a, 0x01, 0x4a, 0x01, 0x71, 0x10, 0x4c, 0x00, 0x01, 0x00,
  0x5b, 0x54, 0x5e, 0x00, 0x70, 0x10, 0xad, 0x00, 0x05, 0x00, 0x54, 0x51,
  0x53, 0x00, 0x38, 0x01, 0x1c, 0x00, 0x1a, 0x01, 0x62, 0x01, 0x71, 0x10,
  0x4c, 0x00, 0x01, 0x00, 0x54, 0x51, 0x53, 0x00, 0x6e, 0x10, 0x19, 0x00,
  0x01, 0x00, 0x54, 0x51, 0x53, 0x00, 0x16, 0x02, 0xe8, 0x03, 0x6e, 0x30,
  0x18, 0x00, 0x21, 0x03, 0x1a, 0x01, 0x54, 0x01, 0x71, 0x10, 0x4c, 0x00,
  0x01, 0x00, 0x5b, 0x54, 0x53, 0x00, 0x5b, 0x54, 0x52, 0x00, 0x1a, 0x01,
  0x64, 0x01, 0x71, 0x10, 0x4c, 0x00, 0x01, 0x00, 0x71, 0x00, 0xc0, 0x00,
  0x00, 0x00, 0x1a, 0x01, 0x6d, 0x01, 0x71, 0x10, 0x4c, 0x00, 0x01, 0x00,
  0x54, 0x51, 0x59, 0x00, 0x12, 0x02, 0x6e, 0x20, 0x06, 0x01, 0x21, 0x00,
  0x1a, 0x01, 0x5c, 0x01, 0x71, 0x10, 0x50, 0x00, 0x01, 0x00, 0x28, 0xab,
  0x0d, 0x00, 0x1a, 0x01, 0x6e, 0x01, 0x71, 0x20, 0x55, 0x00, 0x01, 0x00,
  0x28, 0xbe, 0x0d, 0x00, 0x1a, 0x01, 0x66, 0x01, 0x71, 0x10, 0x54, 0x00,
  0x01, 0x00, 0x28, 0xd6, 0x0d, 0x00, 0x1a, 0x01, 0x4c, 0x01, 0x71, 0x20,
  0x55, 0x00, 0x01, 0x00, 0x28, 0xe0, 0x00, 0x00, 0x1e, 0x00, 0x00, 0x00,
  0x0a, 0x00, 0x01, 0x00, 0x31, 0x00, 0x00, 0x00, 0x16, 0x00, 0x04, 0x00,
  0x4b, 0x00, 0x00, 0x00, 0x0d, 0x00, 0x07, 0x00, 0x03, 0x01, 0x3f, 0x64,
  0x01, 0x42, 0x6b, 0x01, 0x3f, 0x72, 0x00, 0x00, 0x01, 0x00, 0x01, 0x00,
  0x01, 0x00, 0x00, 0x00, 0x24, 0xa3, 0x00, 0x00, 0x04, 0x00, 0x00, 0x00,
  0x70, 0x10, 0xdd, 0x00, 0x00, 0x00, 0x0e, 0x00, 0x01, 0x00, 0x01, 0x00,
  0x01, 0x00, 0x00, 0x00, 0x29, 0xa3, 0x00, 0x00, 0x04, 0x00, 0x00, 0x00,
  0x70, 0x10, 0xdd, 0x00, 0x00, 0x00, 0x0e, 0x00, 0x88, 0x20, 0x00, 0x00,
  0x00, 0x00, 0x00, 0x00, 0x00, 0x00, 0x00, 0x00, 0x00, 0x00, 0x00, 0x00,
  0x90, 0x20, 0x00, 0x00, 0x00, 0x00, 0x00, 0x00, 0x01, 0x00, 0x00, 0x00,
  0x00, 0x00, 0x00, 0x00, 0x42, 0x00, 0x00, 0x00, 0xa0, 0x20, 0x00, 0x00,
  0xa8, 0x20, 0x00, 0x00, 0x00, 0x00, 0x00, 0x00, 0x00, 0x00, 0x00, 0x00,
  0x00, 0x00, 0x00, 0x00, 0xb4, 0x20, 0x00, 0x00, 0x00, 0x00, 0x00, 0x00,
  0x00, 0x00, 0x00, 0x00, 0x00, 0x00, 0x00, 0x00, 0xbc, 0x20, 0x00, 0x00,
  0x00, 0x00, 0x00, 0x00, 0x03, 0x00, 0x00, 0x00, 0x00, 0x00, 0x00, 0x00,
  0x58, 0x00, 0x00, 0x00, 0xcc, 0x20, 0x00, 0x00, 0x59, 0x00, 0x00, 0x00,
  0xc4, 0x20, 0x00, 0x00, 0x5c, 0x00, 0x00, 0x00, 0xc4, 0x20, 0x00, 0x00,
  0xbc, 0x20, 0x00, 0x00, 0x00, 0x00, 0x00, 0x00, 0x00, 0x00, 0x00, 0x00,
  0x00, 0x00, 0x00, 0x00, 0xd4, 0x20, 0x00, 0x00, 0x01, 0x00, 0x00, 0x00,
  0x05, 0x00, 0x00, 0x00, 0x00, 0x00, 0x00, 0x00, 0x2e, 0x00, 0x00, 0x00,
  0xdc, 0x20, 0x00, 0x00, 0x62, 0x00, 0x00, 0x00, 0xcc, 0x20, 0x00, 0x00,
  0x65, 0x00, 0x00, 0x00, 0xc4, 0x20, 0x00, 0x00, 0x66, 0x00, 0x00, 0x00,
  0xc4, 0x20, 0x00, 0x00, 0x67, 0x00, 0x00, 0x00, 0xc4, 0x20, 0x00, 0x00,
  0x6a, 0x00, 0x00, 0x00, 0xc4, 0x20, 0x00, 0x00, 0xe4, 0x20, 0x00, 0x00,
  0x00, 0x00, 0x00, 0x00, 0x00, 0x00, 0x00, 0x00, 0x00, 0x00, 0x00, 0x00,
  0xf0, 0x20, 0x00, 0x00, 0x00, 0x00, 0x00, 0x00, 0x00, 0x00, 0x00, 0x00,
  0x00, 0x00, 0x00, 0x00, 0xf8, 0x20, 0x00, 0x00, 0x00, 0x00, 0x00, 0x00,
  0x00, 0x00, 0x00, 0x00, 0x00, 0x00, 0x00, 0x00, 0x04, 0x21, 0x00, 0x00,
  0x00, 0x00, 0x00, 0x00, 0x00, 0x00, 0x00, 0x00, 0x00, 0x00, 0x00, 0x00,
  0x00, 0x00, 0x00, 0x00, 0x00, 0x00, 0x00, 0x00, 0x01, 0x00, 0x00, 0x00,
  0x00, 0x00, 0x00, 0x00, 0x98, 0x00, 0x00, 0x00, 0x10, 0x21, 0x00, 0x00,
  0x18, 0x21, 0x00, 0x00, 0x00, 0x00, 0x00, 0x00, 0x01, 0x00, 0x00, 0x00,
  0x00, 0x00, 0x00, 0x00, 0xa0, 0x00, 0x00, 0x00, 0xa0, 0x20, 0x00, 0x00,
  0x20, 0x21, 0x00, 0x00, 0x00, 0x00, 0x00, 0x00, 0x00, 0x00, 0x00, 0x00,
  0x00, 0x00, 0x00, 0x00, 0x2c, 0x21, 0x00, 0x00, 0x00, 0x00, 0x00, 0x00,
  0x00, 0x00, 0x00, 0x00, 0x00, 0x00, 0x00, 0x00, 0x00, 0x00, 0x00, 0x00,
  0x00, 0x00, 0x00, 0x00, 0x03, 0x00, 0x00, 0x00, 0x00, 0x00, 0x00, 0x00,
  0xa9, 0x00, 0x00, 0x00, 0xcc, 0x20, 0x00, 0x00, 0xb8, 0x00, 0x00, 0x00,
  0xcc, 0x20, 0x00, 0x00, 0xba, 0x00, 0x00, 0x00, 0xcc, 0x20, 0x00, 0x00,
  0x01, 0x00, 0x00, 0x00, 0x4f, 0x00, 0x00, 0x00, 0x01, 0x00, 0x00, 0x00,
  0x10, 0x00, 0x00, 0x00, 0x01, 0x00, 0x00, 0x00, 0x4a, 0x00, 0x00, 0x00,
  0x02, 0x00, 0x00, 0x00, 0x01, 0x00, 0x01, 0x00, 0x05, 0x00, 0x00, 0x00,
  0x01, 0x00, 0x01, 0x00, 0x4c, 0x00, 0x4c, 0x00, 0x01, 0x00, 0x00, 0x00,
  0x06, 0x00, 0x00, 0x00, 0x01, 0x00, 0x01, 0x00, 0x4c, 0x00, 0x4c, 0x00,
  0x4c, 0x00, 0x01, 0x00, 0x01, 0x00, 0x00, 0x00, 0x02, 0x00, 0x00, 0x00,
  0x01, 0x00, 0x00, 0x00, 0x29, 0x00, 0x00, 0x00, 0x01, 0x00, 0x00, 0x00,
  0x48, 0x00, 0x00, 0x00, 0x01, 0x00, 0x00, 0x00, 0x4c, 0x00, 0x00, 0x00,
  0x02, 0x00, 0x00, 0x00, 0x4c, 0x00, 0x4c, 0x00, 0x03, 0x00, 0x00, 0x00,
  0x4c, 0x00, 0x4c, 0x00, 0x51, 0x00, 0x00, 0x00, 0x01, 0x00, 0x00, 0x00,
  0x5a, 0x00, 0x00, 0x00, 0x01, 0x00, 0x00, 0x00, 0x5b, 0x00, 0x00, 0x00,
  0x01, 0x00, 0x00, 0x00, 0x62, 0x00, 0x00, 0x00, 0x02, 0x00, 0x00, 0x00,
  0x4c, 0x00, 0x01, 0x00, 0x05, 0x00, 0x00, 0x00, 0x4c, 0x00, 0x01, 0x00,
  0x01, 0x00, 0x01, 0x00, 0x18, 0x00, 0x00, 0x00, 0x04, 0x00, 0x00, 0x00,
  0x01, 0x00, 0x01, 0x00, 0x01, 0x00, 0x01, 0x00, 0x02, 0x00, 0x00, 0x00,
  0x4c, 0x00, 0x5a, 0x00, 0x01, 0x00, 0x00, 0x00, 0x01, 0x00, 0x00, 0x00,
  0x02, 0x00, 0x00, 0x00, 0x3c, 0x00, 0x4c, 0x00, 0x02, 0x00, 0x00, 0x00,
  0x48, 0x00, 0x62, 0x00, 0x01, 0x00, 0x00, 0x00, 0x00, 0x00, 0x00, 0x00,
  0x02, 0x00, 0x00, 0x00, 0x4c, 0x00, 0x61, 0x00, 0x01, 0x00, 0x00, 0x00,
  0x55, 0x00, 0x00, 0x00, 0x03, 0x00, 0x00, 0x00, 0x5b, 0x00, 0x01, 0x00,
  0x01, 0x00, 0x00, 0x00, 0x01, 0x00, 0x00, 0x00, 0x2c, 0x00, 0x00, 0x00,
  0x07, 0x00, 0x00, 0x00, 0x01, 0x00, 0x1c, 0x00, 0x01, 0x00, 0x01, 0x00,
  0x01, 0x00, 0x01, 0x00, 0x4c, 0x00, 0x00, 0x00, 0x01, 0x00, 0x00, 0x00,
  0x06, 0x00, 0x00, 0x00, 0x01, 0x00, 0x00, 0x00, 0x0f, 0x00, 0x00, 0x00,
  0x02, 0x00, 0x00, 0x00, 0x10, 0x00, 0x13, 0x00, 0x01, 0x00, 0x00, 0x00,
  0x11, 0x00, 0x00, 0x00, 0x01, 0x00, 0x00, 0x00, 0x15, 0x00, 0x00, 0x00,
  0x02, 0x00, 0x00, 0x00, 0x15, 0x00, 0x01, 0x00, 0x04, 0x00, 0x00, 0x00,
  0x15, 0x00, 0x01, 0x00, 0x0b, 0x00, 0x0b, 0x00, 0x02, 0x00, 0x00, 0x00,
  0x15, 0x00, 0x18, 0x00, 0x05, 0x00, 0x00, 0x00, 0x15, 0x00, 0x18, 0x00,
  0x0b, 0x00, 0x0b, 0x00, 0x01, 0x00, 0x00, 0x00, 0x01, 0x00, 0x00, 0x00,
  0x16, 0x00, 0x00, 0x00, 0x01, 0x00, 0x00, 0x00, 0x1d, 0x00, 0x00, 0x00,
  0x01, 0x00, 0x00, 0x00, 0x25, 0x00, 0x00, 0x00, 0x02, 0x00, 0x00, 0x00,
  0x29, 0x00, 0x4c, 0x00, 0x01, 0x00, 0x00, 0x00, 0x36, 0x00, 0x00, 0x00,
  0x01, 0x00, 0x00, 0x00, 0x38, 0x00, 0x00, 0x00, 0x01, 0x00, 0x00, 0x00,
  0x39, 0x00, 0x00, 0x00, 0x05, 0x00, 0x00, 0x00, 0x48, 0x00, 0x01, 0x00,
  0x48, 0x00, 0x01, 0x00, 0x01, 0x00, 0x00, 0x00, 0x02, 0x00, 0x00, 0x00,
  0x4c, 0x00, 0x51, 0x00, 0x02, 0x00, 0x00, 0x00, 0x50, 0x00, 0x51, 0x00,
  0x01, 0x00, 0x00, 0x00, 0x51, 0x00, 0x00, 0x00, 0x02, 0x00, 0x00, 0x00,
  0x5a, 0x00, 0x4c, 0x00, 0x05, 0x00, 0x00, 0x00, 0x5a, 0x00, 0x4c, 0x00,
  0x5b, 0x00, 0x01, 0x00, 0x02, 0x00, 0x00, 0x00, 0x01, 0x00, 0x00, 0x00,
  0x63, 0x00, 0x0e, 0x20, 0x20, 0x23, 0x20, 0xe4, 0xbd, 0xbf, 0xe7, 0x94,
  0xa8, 0x54, 0x43, 0x50, 0xe5, 0xa5, 0x97, 0xe6, 0x8e, 0xa5, 0xe5, 0xad,
  0x97, 0xe6, 0xa8, 0xa1, 0xe5, 0xbc, 0x8f, 0x00, 0x0f, 0x20, 0x20, 0x23,
  0x20, 0xe4, 0xbd, 0xbf, 0xe7, 0x94, 0xa8, 0x55, 0x6e, 0x69, 0x78, 0xe5,
  0xa5, 0x97, 0xe6, 0x8e, 0xa5, 0xe5, 0xad, 0x97, 0xe6, 0xa8, 0xa1, 0xe5,
  0xbc, 0x8f, 0x00, 0x0c, 0x20, 0x20, 0x23, 0x20, 0xe4, 0xbd, 0xbf, 0xe7,
  0x94, 0xa8, 0xe5, 0x85, 0xb1, 0xe4, 0xba, 0xab, 0xe5, 0x86, 0x85, 0xe5,
  0xad, 0x98, 0xe6, 0xa8, 0xa1, 0xe5, 0xbc, 0x8f, 0x00, 0x1f, 0x20, 0x20,
  0x2d, 0x2d, 0x64, 0x65, 0x62, 0x75, 0x67, 0x20, 0x20, 0x20, 0x20, 0x20,
  0x20, 0x20, 0x20, 0x20, 0x20, 0x20, 0x20, 0x20, 0x20, 0x20, 0x20, 0xe5,
  0x90, 0xaf, 0xe7, 0x94, 0xa8, 0xe8, 0xb0, 0x83, 0xe8, 0xaf, 0x95, 0xe6,
  0xa8, 0xa1, 0xe5, 0xbc, 0x8f, 0x00, 0x20, 0x20, 0x20, 0x2d, 0x2d, 0x68,
  0x65, 0x6c, 0x70, 0x2c, 0x20, 0x2d, 0x68, 0x20, 0x20, 0x20, 0x20, 0x20,
  0x20, 0x20, 0x20, 0x20, 0x20, 0x20, 0x20, 0x20, 0xe6, 0x98, 0xbe, 0xe7,
  0xa4, 0xba, 0xe6, 0xad, 0xa4, 0xe5, 0xb8, 0xae, 0xe5, 0x8a, 0xa9, 0xe4,
  0xbf, 0xa1, 0xe6, 0x81, 0xaf, 0x00, 0x24, 0x20, 0x20, 0x2d, 0x2d, 0x6c,
  0x69, 0x62, 0x50, 0x61, 0x74, 0x68, 0x20, 0x3c, 0x50, 0x41, 0x54, 0x48,
  0x3e, 0x20, 0x20, 0x20, 0x20, 0x20, 0x20, 0x20, 0xe6, 0x8c, 0x87, 0xe5,
  0xae, 0x9a, 0x6e, 0x61, 0x74, 0x69, 0x76, 0x65, 0xe5, 0xba, 0x93, 0xe8,
  0xb7, 0xaf, 0xe5, 0xbe, 0x84, 0x00, 0x46, 0x20, 0x20, 0x2d, 0x2d, 0x6d,
  0x6f, 0x64, 0x65, 0x20, 0x3c, 0x4d, 0x4f, 0x44, 0x45, 0x3e, 0x20, 0x20,
  0x20, 0x20, 0x20, 0x20, 0x20, 0x20, 0x20, 0x20, 0xe8, 0xae, 0xbe, 0xe7,
  0xbd, 0xae, 0xe9, 0x80, 0x9a, 0xe4, 0xbf, 0xa1, 0xe6, 0x96, 0xb9, 0xe5,
  0xbc, 0x8f, 0x20, 0x28, 0x53, 0x48, 0x41, 0x52, 0x45, 0x44, 0x5f, 0x4d,
  0x45, 0x4d, 0x4f, 0x52, 0x59, 0x7c, 0x55, 0x4e, 0x49, 0x58, 0x5f, 0x53,
  0x4f, 0x43, 0x4b, 0x45, 0x54, 0x7c, 0x54, 0x43, 0x50, 0x5f, 0x53, 0x4f,
  0x43, 0x4b, 0x45, 0x54, 0x29, 0x00, 0x38, 0x20, 0x20, 0x2d, 0x2d, 0x73,
  0x6f, 0x63, 0x6b, 0x65, 0x74, 0x4e, 0x61, 0x6d, 0x65, 0x20, 0x3c, 0x4e,
  0x41, 0x4d, 0x45, 0x3e, 0x20, 0x20, 0x20, 0x20, 0xe6, 0x8c, 0x87, 0xe5,
  0xae, 0x9a, 0xe5, 0xa5, 0x97, 0xe6, 0x8e, 0xa5, 0xe5, 0xad, 0x97, 0xe6,
  0x96, 0x87, 0xe4, 0xbb, 0xb6, 0xe8, 0xb7, 0xaf, 0xe5, 0xbe, 0x84, 0x20,
  0x28, 0xe9, 0xbb, 0x98, 0xe8, 0xae, 0xa4, 0x3a, 0x20, 0x6b, 0x2d, 0x73,
  0x65, 0x72, 0x76, 0x65, 0x72, 0x2e, 0x73, 0x6f, 0x63, 0x6b, 0x65, 0x74,
  0x29, 0x00, 0x32, 0x20, 0x20, 0x2d, 0x2d, 0x74, 0x63, 0x70, 0x48, 0x6f,
  0x73, 0x74, 0x20, 0x3c, 0x48, 0x4f, 0x53, 0x54, 0x3e, 0x20, 0x20, 0x20,
  0x20, 0x20, 0x20, 0x20, 0xe6, 0x8c, 0x87, 0xe5, 0xae, 0x9a, 0x54, 0x43,
  0x50, 0xe4, 0xb8, 0xbb, 0xe6, 0x9c, 0xba, 0xe5, 0x9c, 0xb0, 0xe5, 0x9d,
  0x80, 0x20, 0x28, 0xe9, 0xbb, 0x98, 0xe8, 0xae, 0xa4, 0x3a, 0x20, 0x31,
  0x32, 0x37, 0x2e, 0x30, 0x2e, 0x30, 0x2e, 0x31, 0x29, 0x00, 0x2c, 0x20,
  0x20, 0x2d, 0x2d, 0x74, 0x63, 0x70, 0x50, 0x6f, 0x72, 0x74, 0x20, 0x3c,
  0x50, 0x4f, 0x52, 0x54, 0x3e, 0x20, 0x20, 0x20, 0x20, 0x20, 0x20, 0x20,
  0xe6, 0x8c, 0x87, 0xe5, 0xae, 0x9a, 0x54, 0x43, 0x50, 0xe7, 0xab, 0xaf,
  0xe5, 0x8f, 0xa3, 0xe5, 0x8f, 0xb7, 0x20, 0x28, 0xe9, 0xbb, 0x98, 0xe8,
  0xae, 0xa4, 0x3a, 0x20, 0x38, 0x38, 0x38, 0x38, 0x29, 0x00, 0x1f, 0x20,
  0x20, 0x2d, 0x2d, 0x76, 0x65, 0x72, 0x73, 0x69, 0x6f, 0x6e, 0x2c, 0x20,
  0x2d, 0x76, 0x20, 0x20, 0x20, 0x20, 0x20, 0x20, 0x20, 0x20, 0x20, 0x20,
  0xe6, 0x98, 0xbe, 0xe7, 0xa4, 0xba, 0xe7, 0x89, 0x88, 0xe6, 0x9c, 0xac,
  0xe4, 0xbf, 0xa1, 0xe6, 0x81, 0xaf, 0x00, 0x47, 0x20, 0x20, 0x43, 0x4c,
  0x41, 0x53, 0x53, 0x50, 0x41, 0x54, 0x48, 0x3d, 0x2f, 0x64, 0x61, 0x74,
  0x61, 0x2f, 0x61, 0x70, 0x70, 0x2f, 0x63, 0x6f, 0x6d, 0x2e, 0x65, 0x78,
  0x61, 0x6d, 0x70, 0x6c, 0x65, 0x2e, 0x61, 0x70, 0x70, 0x2f, 0x62, 0x61,
  0x73, 0x65, 0x2e, 0x61, 0x70, 0x6b, 0x20, 0x61, 0x70, 0x70, 0x5f, 0x70,
  0x72, 0x6f, 0x63, 0x65, 0x73, 0x73, 0x20, 0x2f, 0x73, 0x79, 0x73, 0x74,
  0x65, 0x6d, 0x2f, 0x62, 0x69, 0x6e, 0x20, 0x00, 0x2f, 0x20, 0x2d, 0x2d,
  0x6d, 0x6f, 0x64, 0x65, 0x3d, 0x53, 0x48, 0x41, 0x52, 0x45, 0x44, 0x5f,
  0x4d, 0x45, 0x4d, 0x4f, 0x52, 0x59, 0x20, 0x2d, 0x2d, 0x6c, 0x69, 0x62,
  0x50, 0x61, 0x74, 0x68, 0x3d, 0x2f, 0x64, 0x61, 0x74, 0x61, 0x2f, 0x6c,
  0x6f, 0x63, 0x61, 0x6c, 0x2f, 0x74, 0x6d, 0x70, 0x00, 0x21, 0x20, 0x2d,
  0x2d, 0x6d, 0x6f, 0x64, 0x65, 0x3d, 0x54, 0x43, 0x50, 0x5f, 0x53, 0x4f,
  0x43, 0x4b, 0x45, 0x54, 0x20, 0x2d, 0x2d, 0x74, 0x63, 0x70, 0x50, 0x6f,
  0x72, 0x74, 0x3d, 0x38, 0x38, 0x38, 0x38, 0x00, 0x3d, 0x20, 0x2d, 0x2d,
  0x6d, 0x6f, 0x64, 0x65, 0x3d, 0x55, 0x4e, 0x49, 0x58, 0x5f, 0x53, 0x4f,
  0x43, 0x4b, 0x45, 0x54, 0x20, 0x2d, 0x2d, 0x73, 0x6f, 0x63, 0x6b, 0x65,
  0x74, 0x50, 0x61, 0x74, 0x68, 0x3d, 0x2f, 0x64, 0x61, 0x74, 0x61, 0x2f,
  0x6c, 0x6f, 0x63, 0x61, 0x6c, 0x2f, 0x74, 0x6d, 0x70, 0x2f, 0x6b, 0x73,
  0x65, 0x72, 0x76, 0x65, 0x72, 0x2e, 0x73, 0x6f, 0x63, 0x6b, 0x00, 0x05,
  0x20, 0x5b, 0xe9, 0x80, 0x89, 0xe9, 0xa1, 0xb9, 0x5d, 0x00, 0x08, 0x20,
  0xe5, 0x8f, 0x91, 0xe7, 0x94, 0x9f, 0xe6, 0x9c, 0xaa, 0xe6, 0x8d, 0x95,
  0xe8, 0x8e, 0xb7, 0xe5, 0xbc, 0x82, 0xe5, 0xb8, 0xb8, 0x00, 0x03, 0x20,
  0xe5, 0xad, 0x97, 0xe8, 0x8a, 0x82, 0x00, 0x27, 0x24, 0x53, 0x77, 0x69,
  0x74, 0x63, 0x68, 0x4d, 0x61, 0x70, 0x24, 0x63, 0x6f, 0x6d, 0x24, 0x67,
  0x69, 0x74, 0x68, 0x75, 0x62, 0x24, 0x6b, 0x69, 0x72, 0x65, 0x72, 0x24,
  0x73, 0x65, 0x72, 0x76, 0x65, 0x72, 0x24, 0x4d, 0x6f, 0x64, 0x65, 0x00,
  0x07, 0x24, 0x56, 0x41, 0x4c, 0x55, 0x45, 0x53, 0x00, 0x13, 0x24, 0x61,
  0x73, 0x73, 0x65, 0x72, 0x74, 0x69, 0x6f, 0x6e, 0x73, 0x44, 0x69, 0x73,
  0x61, 0x62, 0x6c, 0x65, 0x64, 0x00, 0x07, 0x24, 0x76, 0x61, 0x6c, 0x75,
  0x65, 0x73, 0x00, 0x01, 0x27, 0x00, 0x03, 0x28, 0x29, 0x56, 0x00, 0x08,
  0x29, 0xef, 0xbc, 0x8c, 0xe6, 0x95, 0xb0, 0xe6, 0x8d, 0xae, 0xe5, 0xa4,
  0xa7, 0xe5, 0xb0, 0x8f, 0x3a, 0x20, 0x00, 0x09, 0x2c, 0x20, 0x53, 0x44,
  0x4b, 0xe7, 0x89, 0x88, 0xe6, 0x9c, 0xac, 0x3a, 0x20, 0x00, 0x0b, 0x2c,
  0x20, 0x6c, 0x69, 0x62, 0x50, 0x61, 0x74, 0x68, 0x3d, 0x27, 0x00, 0x0d,
  0x2c, 0x20, 0x6d, 0x65, 0x6d, 0x6f, 0x72, 0x79, 0x53, 0x69, 0x7a, 0x65,
  0x3d, 0x00, 0x0e, 0x2c, 0x20, 0x73, 0x6f, 0x63, 0x6b, 0x65, 0x74, 0x4e,
  0x61, 0x6d, 0x65, 0x3d, 0x27, 0x00, 0x0b, 0x2c, 0x20, 0x74, 0x63, 0x70,
  0x48, 0x6f, 0x73, 0x74, 0x3d, 0x27, 0x00, 0x0a, 0x2c, 0x20, 0x74, 0x63,
  0x70, 0x50, 0x6f, 0x72, 0x74, 0x3d, 0x00, 0x07, 0x2c, 0x20, 0xe6, 0x9c,
  0x80, 0xe5, 0xa4, 0xa7, 0xe7, 0xbc, 0x93, 0xe5, 0x86, 0xb2, 0x3d, 0x00,
  0x05, 0x2c, 0x20, 0xe6, 0xa0, 0xbc, 0xe5, 0xbc, 0x8f, 0x3d, 0x00, 0x01,
  0x2d, 0x00, 0x07, 0x2d, 0x2d, 0x64, 0x65, 0x62, 0x75, 0x67, 0x00, 0x06,
  0x2d, 0x2d, 0x68, 0x65, 0x6c, 0x70, 0x00, 0x09, 0x2d, 0x2d, 0x6c, 0x69,
  0x62, 0x50, 0x61, 0x74, 0x68, 0x00, 0x0a, 0x2d, 0x2d, 0x6c, 0x69, 0x62,
  0x50, 0x61, 0x74, 0x68, 0x3d, 0x00, 0x06, 0x2d, 0x2d, 0x6d, 0x6f, 0x64,
  0x65, 0x00, 0x07, 0x2d, 0x2d, 0x6d, 0x6f, 0x64, 0x65, 0x3d, 0x00, 0x0c,
  0x2d, 0x2d, 0x73, 0x6f, 0x63, 0x6b, 0x65, 0x74, 0x4e, 0x61, 0x6d, 0x65,
  0x00, 0x0d, 0x2d, 0x2d, 0x73, 0x6f, 0x63, 0x6b, 0x65, 0x74, 0x4e, 0x61,
  0x6d, 0x65, 0x3d, 0x00, 0x09, 0x2d, 0x2d, 0x74, 0x63, 0x70, 0x48, 0x6f,
  0x73, 0x74, 0x00, 0x0a, 0x2d, 0x2d, 0x74, 0x63, 0x70, 0x48, 0x6f, 0x73,
  0x74, 0x3d, 0x00, 0x09, 0x2d, 0x2d, 0x74, 0x63, 0x70, 0x50, 0x6f, 0x72,
  0x74, 0x00, 0x0a, 0x2d, 0x2d, 0x74, 0x63, 0x70, 0x50, 0x6f, 0x72, 0x74,
  0x3d, 0x00, 0x09, 0x2d, 0x2d, 0x76, 0x65, 0x72, 0x73, 0x69, 0x6f, 0x6e,
  0x00, 0x02, 0x2d, 0x68, 0x00, 0x02, 0x2d, 0x76, 0x00, 0x0f, 0x2f, 0x6c,
  0x69, 0x62, 0x73, 0x65, 0x72, 0x76, 0x65, 0x72, 0x2d, 0x6b, 0x2e, 0x73,
  0x6f, 0x00, 0x05, 0x31, 0x2e, 0x30, 0x2e, 0x30, 0x00, 0x09, 0x31, 0x32,
  0x37, 0x2e, 0x30, 0x2e, 0x30, 0x2e, 0x31, 0x00, 0x01, 0x3c, 0x00, 0x04,
  0x3c, 0x2a, 0x3e, 0x3b, 0x00, 0x08, 0x3c, 0x63, 0x6c, 0x69, 0x6e, 0x69,
  0x74, 0x3e, 0x00, 0x06, 0x3c, 0x69, 0x6e, 0x69, 0x74, 0x3e, 0x00, 0x02,
  0x3e, 0x3b, 0x00, 0x12, 0x41, 0x50, 0x49, 0x5f, 0x32, 0x31, 0x5f, 0x41,
  0x4e, 0x44, 0x52, 0x4f, 0x49, 0x44, 0x5f, 0x35, 0x5f, 0x30, 0x00, 0x12,
  0x41, 0x50, 0x49, 0x5f, 0x32, 0x32, 0x5f, 0x41, 0x4e, 0x44, 0x52, 0x4f,
  0x49, 0x44, 0x5f, 0x35, 0x5f, 0x31, 0x00, 0x12, 0x41, 0x50, 0x49, 0x5f,
  0x32, 0x33, 0x5f, 0x41, 0x4e, 0x44, 0x52, 0x4f, 0x49, 0x44, 0x5f, 0x36,
  0x5f, 0x30, 0x00, 0x12, 0x41, 0x50, 0x49, 0x5f, 0x32, 0x34, 0x5f, 0x41,
  0x4e, 0x44, 0x52, 0x4f, 0x49, 0x44, 0x5f, 0x37, 0x5f, 0x30, 0x00, 0x12,
  0x41, 0x50, 0x49, 0x5f, 0x32, 0x35, 0x5f, 0x41, 0x4e, 0x44, 0x52, 0x4f,
  0x49, 0x44, 0x5f, 0x37, 0x5f, 0x31, 0x00, 0x12, 0x41, 0x50, 0x49, 0x5f,
  0x32, 0x36, 0x5f, 0x41, 0x4e, 0x44, 0x52, 0x4f, 0x49, 0x44, 0x5f, 0x38,
  0x5f, 0x30, 0x00, 0x12, 0x41, 0x50, 0x49, 0x5f, 0x32, 0x37, 0x5f, 0x41,
  0x4e, 0x44, 0x52, 0x4f, 0x49, 0x44, 0x5f, 0x38, 0x5f, 0x31, 0x00, 0x10,
  0x41, 0x50, 0x49, 0x5f, 0x32, 0x38, 0x5f, 0x41, 0x4e, 0x44, 0x52, 0x4f,
  0x49, 0x44, 0x5f, 0x39, 0x00, 0x11, 0x41, 0x50, 0x49, 0x5f, 0x32, 0x39,
  0x5f, 0x41, 0x4e, 0x44, 0x52, 0x4f, 0x49, 0x44, 0x5f, 0x31, 0x30, 0x00,
  0x11, 0x41, 0x50, 0x49, 0x5f, 0x33, 0x30, 0x5f, 0x41, 0x4e, 0x44, 0x52,
  0x4f, 0x49, 0x44, 0x5f, 0x31, 0x31, 0x00, 0x11, 0x41, 0x50, 0x49, 0x5f,
  0x33, 0x31, 0x5f, 0x41, 0x4e, 0x44, 0x52, 0x4f, 0x49, 0x44, 0x5f, 0x31,
  0x32, 0x00, 0x12, 0x41, 0x50, 0x49, 0x5f, 0x33, 0x32, 0x5f, 0x41, 0x4e,
  0x44, 0x52, 0x4f, 0x49, 0x44, 0x5f, 0x31, 0x32, 0x4c, 0x00, 0x11, 0x41,
  0x50, 0x49, 0x5f, 0x33, 0x33, 0x5f, 0x41, 0x4e, 0x44, 0x52, 0x4f, 0x49,
  0x44, 0x5f, 0x31, 0x33, 0x00, 0x11, 0x41, 0x50, 0x49, 0x5f, 0x33, 0x34,
  0x5f, 0x41, 0x4e, 0x44, 0x52, 0x4f, 0x49, 0x44, 0x5f, 0x31, 0x34, 0x00,
  0x11, 0x41, 0x50, 0x49, 0x5f, 0x33, 0x35, 0x5f, 0x41, 0x4e, 0x44, 0x52,
  0x4f, 0x49, 0x44, 0x5f, 0x31, 0x35, 0x00, 0x14, 0x41, 0x6e, 0x64, 0x72,
  0x6f, 0x69, 0x64, 0x56, 0x65, 0x72, 0x73, 0x69, 0x6f, 0x6e, 0x73, 0x2e,
  0x6a, 0x61, 0x76, 0x61, 0x00, 0x14, 0x42, 0x55, 0x46, 0x46, 0x45, 0x52,
  0x5f, 0x50, 0x41, 0x44, 0x44, 0x49, 0x4e, 0x47, 0x5f, 0x42, 0x59, 0x54,
  0x45, 0x53, 0x00, 0x0f, 0x42, 0x59, 0x54, 0x45, 0x53, 0x5f, 0x50, 0x45,
  0x52, 0x5f, 0x50, 0x49, 0x58, 0x45, 0x4c, 0x00, 0x01, 0x43, 0x00, 0x13,
  0x43, 0x41, 0x50, 0x54, 0x55, 0x52, 0x45, 0x5f, 0x49, 0x4e, 0x54, 0x45,
  0x52, 0x56, 0x41, 0x4c, 0x5f, 0x4d, 0x53, 0x00, 0x05, 0x43, 0x4c, 0x41,
  0x53, 0x53, 0x00, 0x08, 0x43, 0x4f, 0x44, 0x45, 0x4e, 0x41, 0x4d, 0x45,
  0x00, 0x06, 0x43, 0x4f, 0x4e, 0x46, 0x49, 0x47, 0x00, 0x0b, 0x43, 0x4f,
  0x4e, 0x53, 0x4f, 0x4c, 0x45, 0x5f, 0x45, 0x52, 0x52, 0x00, 0x0b, 0x43,
  0x4f, 0x4e, 0x53, 0x4f, 0x4c, 0x45, 0x5f, 0x4f, 0x55, 0x54, 0x00, 0x0b,
  0x43, 0x6c, 0x69, 0x65, 0x6e, 0x74, 0x2e, 0x6a, 0x61, 0x76, 0x61, 0x00,
  0x0b, 0x43, 0x6f, 0x6e, 0x66, 0x69, 0x67, 0x2e, 0x6a, 0x61, 0x76, 0x61,
  0x00, 0x0c, 0x43, 0x6f, 0x6e, 0x66, 0x69, 0x67, 0x7b, 0x6d, 0x6f, 0x64,
  0x65, 0x3d, 0x00, 0x17, 0x43, 0x6f, 0x75, 0x6c, 0x64, 0x20, 0x6e, 0x6f,
  0x74, 0x20, 0x69, 0x6e, 0x76, 0x6f, 0x6b, 0x65, 0x20, 0x6d, 0x65, 0x74,
  0x68, 0x6f, 0x64, 0x00, 0x05, 0x44, 0x45, 0x42, 0x55, 0x47, 0x00, 0x0a,
  0x44, 0x49, 0x53, 0x50, 0x4c, 0x41, 0x59, 0x5f, 0x49, 0x44, 0x00, 0x10,
  0x44, 0x69, 0x73, 0x70, 0x6c, 0x61, 0x79, 0x49, 0x6e, 0x66, 0x6f, 0x2e,
  0x6a, 0x61, 0x76, 0x61, 0x00, 0x13, 0x44, 0x69, 0x73, 0x70, 0x6c, 0x61,
  0x79, 0x4d, 0x61, 0x6e, 0x61, 0x67, 0x65, 0x72, 0x2e, 0x6a, 0x61, 0x76,
  0x61, 0x00, 0x05, 0x45, 0x52, 0x52, 0x4f, 0x52, 0x00, 0x1f, 0x46, 0x4c,
  0x41, 0x47, 0x5f, 0x53, 0x55, 0x50, 0x50, 0x4f, 0x52, 0x54, 0x53, 0x5f,
  0x50, 0x52, 0x4f, 0x54, 0x45, 0x43, 0x54, 0x45, 0x44, 0x5f, 0x42, 0x55,
  0x46, 0x46, 0x45, 0x52, 0x53, 0x00, 0x10, 0x46, 0x61, 0x6b, 0x65, 0x43,
  0x6f, 0x6e, 0x74, 0x65, 0x78, 0x74, 0x2e, 0x6a, 0x61, 0x76, 0x61, 0x00,
  0x11, 0x48, 0x45, 0x41, 0x44, 0x45, 0x52, 0x5f, 0x53, 0x49, 0x5a, 0x45,
  0x5f, 0x42, 0x59, 0x54, 0x45, 0x53, 0x00, 0x01, 0x49, 0x00, 0x03, 0x49,
  0x49, 0x49, 0x00, 0x06, 0x49, 0x49, 0x49, 0x4c, 0x4c, 0x49, 0x00, 0x07,
  0x49, 0x49, 0x49, 0x4c, 0x4c, 0x4c, 0x49, 0x00, 0x02, 0x49, 0x4a, 0x00,
  0x02, 0x49, 0x4c, 0x00, 0x03, 0x49, 0x4c, 0x4c, 0x00, 0x04, 0x49, 0x4c,
  0x4c, 0x4c, 0x00, 0x04, 0x49, 0x4e, 0x46, 0x4f, 0x00, 0x08, 0x49, 0x4e,
  0x53, 0x54, 0x41, 0x4e, 0x43, 0x45, 0x00, 0x02, 0x49, 0x5a, 0x00, 0x01,
  0x4a, 0x00, 0x20, 0x4b, 0x20, 0x53, 0x65, 0x72, 0x76, 0x69, 0x63, 0x65,
  0x20, 0x76, 0x31, 0x2e, 0x30, 0x2e, 0x30, 0x20, 0x2d, 0x20, 0x41, 0x6e,
  0x64, 0x72, 0x6f, 0x69, 0x64, 0xe5, 0xb1, 0x8f, 0xe5, 0xb9, 0x95, 0xe6,
  0x88, 0xaa, 0xe5, 0x9b, 0xbe, 0xe6, 0x9c, 0x8d, 0xe5, 0x8a, 0xa1, 0x00,
  0x01, 0x4c, 0x00, 0x02, 0x4c, 0x43, 0x00, 0x02, 0x4c, 0x49, 0x00, 0x05,
  0x4c, 0x49, 0x49, 0x49, 0x49, 0x00, 0x0d, 0x4c, 0x49, 0x54, 0x54, 0x4c,
  0x45, 0x5f, 0x45, 0x4e, 0x44, 0x49, 0x41, 0x4e, 0x00, 0x02, 0x4c, 0x4a,
  0x00, 0x02, 0x4c, 0x4c, 0x00, 0x03, 0x4c, 0x4c, 0x49, 0x00, 0x04, 0x4c,
  0x4c, 0x49, 0x49, 0x00, 0x06, 0x4c, 0x4c, 0x49, 0x49, 0x49, 0x4c, 0x00,
  0x03, 0x4c, 0x4c, 0x4c, 0x00, 0x03, 0x4c, 0x4c, 0x5a, 0x00, 0x02, 0x4c,
  0x5a, 0x00, 0x21, 0x4c, 0x61, 0x6e, 0x64, 0x72, 0x6f, 0x69, 0x64, 0x2f,
  0x61, 0x6e, 0x6e, 0x6f, 0x74, 0x61, 0x74, 0x69, 0x6f, 0x6e, 0x2f, 0x53,
  0x75, 0x70, 0x70, 0x72, 0x65, 0x73, 0x73, 0x4c, 0x69, 0x6e, 0x74, 0x3b,
  0x00, 0x2b, 0x4c, 0x61, 0x6e, 0x64, 0x72, 0x6f, 0x69, 0x64, 0x2f, 0x63,
  0x6f, 0x6e, 0x74, 0x65, 0x6e, 0x74, 0x2f, 0x41, 0x74, 0x74, 0x72, 0x69,
  0x62, 0x75, 0x74, 0x69, 0x6f, 0x6e, 0x53, 0x6f, 0x75, 0x72, 0x63, 0x65,
  0x24, 0x42, 0x75, 0x69, 0x6c, 0x64, 0x65, 0x72, 0x3b, 0x00, 0x23, 0x4c,
  0x61, 0x6e, 0x64, 0x72, 0x6f, 0x69, 0x64, 0x2f, 0x63, 0x6f, 0x6e, 0x74,
  0x65, 0x6e, 0x74, 0x2f, 0x41, 0x74, 0x74, 0x72, 0x69, 0x62, 0x75, 0x74,
  0x69, 0x6f, 0x6e, 0x53, 0x6f, 0x75, 0x72, 0x63, 0x65, 0x3b, 0x00, 0x19,
  0x4c, 0x61, 0x6e, 0x64, 0x72, 0x6f, 0x69, 0x64, 0x2f, 0x63, 0x6f, 0x6e,
  0x74, 0x65, 0x6e, 0x74, 0x2f, 0x43, 0x6f, 0x6e, 0x74, 0x65, 0x78, 0x74,
  0x3b, 0x00, 0x20, 0x4c, 0x61, 0x6e, 0x64, 0x72, 0x6f, 0x69, 0x64, 0x2f,
  0x63, 0x6f, 0x6e, 0x74, 0x65, 0x6e, 0x74, 0x2f, 0x43, 0x6f, 0x6e, 0x74,
  0x65, 0x78, 0x74, 0x57, 0x72, 0x61, 0x70, 0x70, 0x65, 0x72, 0x3b, 0x00,
  0x24, 0x4c, 0x61, 0x6e, 0x64, 0x72, 0x6f, 0x69, 0x64, 0x2f, 0x63, 0x6f,
  0x6e, 0x74, 0x65, 0x6e, 0x74, 0x2f, 0x70, 0x6d, 0x2f, 0x41, 0x70, 0x70,
  0x6c, 0x69, 0x63, 0x61, 0x74, 0x69, 0x6f, 0x6e, 0x49, 0x6e, 0x66, 0x6f,
  0x3b, 0x00, 0x39, 0x4c, 0x61, 0x6e, 0x64, 0x72, 0x6f, 0x69, 0x64, 0x2f,
  0x63, 0x6f, 0x6e, 0x74, 0x65, 0x6e, 0x74, 0x2f, 0x70, 0x6d, 0x2f, 0x50,
  0x61, 0x63, 0x6b, 0x61, 0x67, 0x65, 0x4d, 0x61, 0x6e, 0x61, 0x67, 0x65,
  0x72, 0x24, 0x4e, 0x61, 0x6d, 0x65, 0x4e, 0x6f, 0x74, 0x46, 0x6f, 0x75,
  0x6e, 0x64, 0x45, 0x78, 0x63, 0x65, 0x70, 0x74, 0x69, 0x6f, 0x6e, 0x3b,
  0x00, 0x23, 0x4c, 0x61, 0x6e, 0x64, 0x72, 0x6f, 0x69, 0x64, 0x2f, 0x63,
  0x6f, 0x6e, 0x74, 0x65, 0x6e, 0x74, 0x2f, 0x70, 0x6d, 0x2f, 0x50, 0x61,
  0x63, 0x6b, 0x61, 0x67, 0x65, 0x4d, 0x61, 0x6e, 0x61, 0x67, 0x65, 0x72,
  0x3b, 0x00, 0x17, 0x4c, 0x61, 0x6e, 0x64, 0x72, 0x6f, 0x69, 0x64, 0x2f,
  0x67, 0x72, 0x61, 0x70, 0x68, 0x69, 0x63, 0x73, 0x2f, 0x52, 0x65, 0x63,
  0x74, 0x3b, 0x00, 0x29, 0x4c, 0x61, 0x6e, 0x64, 0x72, 0x6f, 0x69, 0x64,
  0x2f, 0x68, 0x61, 0x72, 0x64, 0x77, 0x61, 0x72, 0x65, 0x2f, 0x64, 0x69,
  0x73, 0x70, 0x6c, 0x61, 0x79, 0x2f, 0x44, 0x69, 0x73, 0x70, 0x6c, 0x61,
  0x79, 0x4d, 0x61, 0x6e, 0x61, 0x67, 0x65, 0x72, 0x3b, 0x00, 0x29, 0x4c,
  0x61, 0x6e, 0x64, 0x72, 0x6f, 0x69, 0x64, 0x2f, 0x68, 0x61, 0x72, 0x64,
  0x77, 0x61, 0x72, 0x65, 0x2f, 0x64, 0x69, 0x73, 0x70, 0x6c, 0x61, 0x79,
  0x2f, 0x56, 0x69, 0x72, 0x74, 0x75, 0x61, 0x6c, 0x44, 0x69, 0x73, 0x70,
  0x6c, 0x61, 0x79, 0x3b, 0x00, 0x1b, 0x4c, 0x61, 0x6e, 0x64, 0x72, 0x6f,
  0x69, 0x64, 0x2f, 0x6d, 0x65, 0x64, 0x69, 0x61, 0x2f, 0x49, 0x6d, 0x61,
  0x67, 0x65, 0x24, 0x50, 0x6c, 0x61, 0x6e, 0x65, 0x3b, 0x00, 0x15, 0x4c,
  0x61, 0x6e, 0x64, 0x72, 0x6f, 0x69, 0x64, 0x2f, 0x6d, 0x65, 0x64, 0x69,
  0x61, 0x2f, 0x49, 0x6d, 0x61, 0x67, 0x65, 0x3b, 0x00, 0x34, 0x4c, 0x61,
  0x6e, 0x64, 0x72, 0x6f, 0x69, 0x64, 0x2f, 0x6d, 0x65, 0x64, 0x69, 0x61,
  0x2f, 0x49, 0x6d, 0x61, 0x67, 0x65, 0x52, 0x65, 0x61, 0x64, 0x65, 0x72,
  0x24, 0x4f, 0x6e, 0x49, 0x6d, 0x61, 0x67, 0x65, 0x41, 0x76, 0x61, 0x69,
  0x6c, 0x61, 0x62, 0x6c, 0x65, 0x4c, 0x69, 0x73, 0x74, 0x65, 0x6e, 0x65,
  0x72, 0x3b, 0x00, 0x1b, 0x4c, 0x61, 0x6e, 0x64, 0x72, 0x6f, 0x69, 0x64,
  0x2f, 0x6d, 0x65, 0x64, 0x69, 0x61, 0x2f, 0x49, 0x6d, 0x61, 0x67, 0x65,
  0x52, 0x65, 0x61, 0x64, 0x65, 0x72, 0x3b, 0x00, 0x1a, 0x4c, 0x61, 0x6e,
  0x64, 0x72, 0x6f, 0x69, 0x64, 0x2f, 0x6f, 0x73, 0x2f, 0x42, 0x75, 0x69,
  0x6c, 0x64, 0x24, 0x56, 0x45, 0x52, 0x53, 0x49, 0x4f, 0x4e, 0x3b, 0x00,
  0x14, 0x4c, 0x61, 0x6e, 0x64, 0x72, 0x6f, 0x69, 0x64, 0x2f, 0x6f, 0x73,
  0x2f, 0x48, 0x61, 0x6e, 0x64, 0x6c, 0x65, 0x72, 0x3b, 0x00, 0x1a, 0x4c,
  0x61, 0x6e, 0x64, 0x72, 0x6f, 0x69, 0x64, 0x2f, 0x6f, 0x73, 0x2f, 0x48,
  0x61, 0x6e, 0x64, 0x6c, 0x65, 0x72, 0x54, 0x68, 0x72, 0x65, 0x61, 0x64,
  0x3b, 0x00, 0x14, 0x4c, 0x61, 0x6e, 0x64, 0x72, 0x6f, 0x69, 0x64, 0x2f,
  0x6f, 0x73, 0x2f, 0x49, 0x42, 0x69, 0x6e, 0x64, 0x65, 0x72, 0x3b, 0x00,
  0x13, 0x4c, 0x61, 0x6e, 0x64, 0x72, 0x6f, 0x69, 0x64, 0x2f, 0x6f, 0x73,
  0x2f, 0x4c, 0x6f, 0x6f, 0x70, 0x65, 0x72, 0x3b, 0x00, 0x12, 0x4c, 0x61,
  0x6e, 0x64, 0x72, 0x6f, 0x69, 0x64, 0x2f, 0x75, 0x74, 0x69, 0x6c, 0x2f,
  0x4c, 0x6f, 0x67, 0x3b, 0x00, 0x16, 0x4c, 0x61, 0x6e, 0x64, 0x72, 0x6f,
  0x69, 0x64, 0x2f, 0x76, 0x69, 0x65, 0x77, 0x2f, 0x53, 0x75, 0x72, 0x66,
  0x61, 0x63, 0x65, 0x3b, 0x00, 0x08, 0x4c, 0x61, 0x75, 0x6e, 0x63, 0x68,
  0x65, 0x72, 0x00, 0x0d, 0x4c, 0x61, 0x75, 0x6e, 0x63, 0x68, 0x65, 0x72,
  0x2e, 0x6a, 0x61, 0x76, 0x61, 0x00, 0x27, 0x4c, 0x63, 0x6f, 0x6d, 0x2f,
  0x67, 0x65, 0x6e, 0x79, 0x6d, 0x6f, 0x62, 0x69, 0x6c, 0x65, 0x2f, 0x73,
  0x63, 0x72, 0x63, 0x70, 0x79, 0x2f, 0x41, 0x6e, 0x64, 0x72, 0x6f, 0x69,
  0x64, 0x56, 0x65, 0x72, 0x73, 0x69, 0x6f, 0x6e, 0x73, 0x3b, 0x00, 0x23,
  0x4c, 0x63, 0x6f, 0x6d, 0x2f, 0x67, 0x65, 0x6e, 0x79, 0x6d, 0x6f, 0x62,
  0x69, 0x6c, 0x65, 0x2f, 0x73, 0x63, 0x72, 0x63, 0x70, 0x79, 0x2f, 0x46,
  0x61, 0x6b, 0x65, 0x43, 0x6f, 0x6e, 0x74, 0x65, 0x78, 0x74, 0x3b, 0x00,
  0x2a, 0x4c, 0x63, 0x6f, 0x6d, 0x2f, 0x67, 0x65, 0x6e, 0x79, 0x6d, 0x6f,
  0x62, 0x69, 0x6c, 0x65, 0x2f, 0x73, 0x63, 0x72, 0x63, 0x70, 0x79, 0x2f,
  0x64, 0x65, 0x76, 0x69, 0x63, 0x65, 0x2f, 0x44, 0x69, 0x73, 0x70, 0x6c,
  0x61, 0x79, 0x49, 0x6e, 0x66, 0x6f, 0x3b, 0x00, 0x23, 0x4c, 0x63, 0x6f,
  0x6d, 0x2f, 0x67, 0x65, 0x6e, 0x79, 0x6d, 0x6f, 0x62, 0x69, 0x6c, 0x65,
  0x2f, 0x73, 0x63, 0x72, 0x63, 0x70, 0x79, 0x2f, 0x64, 0x65, 0x76, 0x69,
  0x63, 0x65, 0x2f, 0x53, 0x69, 0x7a, 0x65, 0x3b, 0x00, 0x25, 0x4c, 0x63,
  0x6f, 0x6d, 0x2f, 0x67, 0x65, 0x6e, 0x79, 0x6d, 0x6f, 0x62, 0x69, 0x6c,
  0x65, 0x2f, 0x73, 0x63, 0x72, 0x63, 0x70, 0x79, 0x2f, 0x75, 0x74, 0x69,
  0x6c, 0x2f, 0x4c, 0x6e, 0x24, 0x4c, 0x65, 0x76, 0x65, 0x6c, 0x3b, 0x00,
  0x30, 0x4c, 0x63, 0x6f, 0x6d, 0x2f, 0x67, 0x65, 0x6e, 0x79, 0x6d, 0x6f,
  0x62, 0x69, 0x6c, 0x65, 0x2f, 0x73, 0x63, 0x72, 0x63, 0x70, 0x79, 0x2f,
  0x75, 0x74, 0x69, 0x6c, 0x2f, 0x4c, 0x6e, 0x24, 0x4e, 0x75, 0x6c, 0x6c,
  0x4f, 0x75, 0x74, 0x70, 0x75, 0x74, 0x53, 0x74, 0x72, 0x65, 0x61, 0x6d,
  0x3b, 0x00, 0x1f, 0x4c, 0x63, 0x6f, 0x6d, 0x2f, 0x67, 0x65, 0x6e, 0x79,
  0x6d, 0x6f, 0x62, 0x69, 0x6c, 0x65, 0x2f, 0x73, 0x63, 0x72, 0x63, 0x70,
  0x79, 0x2f, 0x75, 0x74, 0x69, 0x6c, 0x2f, 0x4c, 0x6e, 0x3b, 0x00, 0x2f,
  0x4c, 0x63, 0x6f, 0x6d, 0x2f, 0x67, 0x65, 0x6e, 0x79, 0x6d, 0x6f, 0x62,
  0x69, 0x6c, 0x65, 0x2f, 0x73, 0x63, 0x72, 0x63, 0x70, 0x79, 0x2f, 0x77,
  0x72, 0x61, 0x70, 0x70, 0x65, 0x72, 0x73, 0x2f, 0x44, 0x69, 0x73, 0x70,
  0x6c, 0x61, 0x79, 0x4d, 0x61, 0x6e, 0x61, 0x67, 0x65, 0x72, 0x3b, 0x00,
  0x2f, 0x4c, 0x63, 0x6f, 0x6d, 0x2f, 0x67, 0x65, 0x6e, 0x79, 0x6d, 0x6f,
  0x62, 0x69, 0x6c, 0x65, 0x2f, 0x73, 0x63, 0x72, 0x63, 0x70, 0x79, 0x2f,
  0x77, 0x72, 0x61, 0x70, 0x70, 0x65, 0x72, 0x73, 0x2f, 0x53, 0x65, 0x72,
  0x76, 0x69, 0x63, 0x65, 0x4d, 0x61, 0x6e, 0x61, 0x67, 0x65, 0x72, 0x3b,
  0x00, 0x2f, 0x4c, 0x63, 0x6f, 0x6d, 0x2f, 0x67, 0x65, 0x6e, 0x79, 0x6d,
  0x6f, 0x62, 0x69, 0x6c, 0x65, 0x2f, 0x73, 0x63, 0x72, 0x63, 0x70, 0x79,
  0x2f, 0x77, 0x72, 0x61, 0x70, 0x70, 0x65, 0x72, 0x73, 0x2f, 0x53, 0x75,
  0x72, 0x66, 0x61, 0x63, 0x65, 0x43, 0x6f, 0x6e, 0x74, 0x72, 0x6f, 0x6c,
  0x3b, 0x00, 0x29, 0x4c, 0x63, 0x6f, 0x6d, 0x2f, 0x67, 0x69, 0x74, 0x68,
  0x75, 0x62, 0x2f, 0x6b, 0x69, 0x72, 0x65, 0x72, 0x2f, 0x73, 0x65, 0x72,
  0x76, 0x65, 0x72, 0x2f, 0x43, 0x6c, 0x69, 0x65, 0x6e, 0x74, 0x24, 0x52,
  0x65, 0x73, 0x70, 0x6f, 0x6e, 0x73, 0x65, 0x3b, 0x00, 0x20, 0x4c, 0x63,
  0x6f, 0x6d, 0x2f, 0x67, 0x69, 0x74, 0x68, 0x75, 0x62, 0x2f, 0x6b, 0x69,
  0x72, 0x65, 0x72, 0x2f, 0x73, 0x65, 0x72, 0x76, 0x65, 0x72, 0x2f, 0x43,
  0x6c, 0x69, 0x65, 0x6e, 0x74, 0x3b, 0x00, 0x20, 0x4c, 0x63, 0x6f, 0x6d,
  0x2f, 0x67, 0x69, 0x74, 0x68, 0x75, 0x62, 0x2f, 0x6b, 0x69, 0x72, 0x65,
  0x72, 0x2f, 0x73, 0x65, 0x72, 0x76, 0x65, 0x72, 0x2f, 0x43, 0x6f, 0x6e,
  0x66, 0x69, 0x67, 0x3b, 0x00, 0x24, 0x4c, 0x63, 0x6f, 0x6d, 0x2f, 0x67,
  0x69, 0x74, 0x68, 0x75, 0x62, 0x2f, 0x6b, 0x69, 0x72, 0x65, 0x72, 0x2f,
  0x73, 0x65, 0x72, 0x76, 0x65, 0x72, 0x2f, 0x4c, 0x61, 0x75, 0x6e, 0x63,
  0x68, 0x65, 0x72, 0x24, 0x31, 0x3b, 0x00, 0x24, 0x4c, 0x63, 0x6f, 0x6d,
  0x2f, 0x67, 0x69, 0x74, 0x68, 0x75, 0x62, 0x2f, 0x6b, 0x69, 0x72, 0x65,
  0x72, 0x2f, 0x73, 0x65, 0x72, 0x76, 0x65, 0x72, 0x2f, 0x4c, 0x61, 0x75,
  0x6e, 0x63, 0x68, 0x65, 0x72, 0x24, 0x32, 0x3b, 0x00, 0x22, 0x4c, 0x63,
  0x6f, 0x6d, 0x2f, 0x67, 0x69, 0x74, 0x68, 0x75, 0x62, 0x2f, 0x6b, 0x69,
  0x72, 0x65, 0x72, 0x2f, 0x73, 0x65, 0x72, 0x76, 0x65, 0x72, 0x2f, 0x4c,
  0x61, 0x75, 0x6e, 0x63, 0x68, 0x65, 0x72, 0x3b, 0x00, 0x1e, 0x4c, 0x63,
  0x6f, 0x6d, 0x2f, 0x67, 0x69, 0x74, 0x68, 0x75, 0x62, 0x2f, 0x6b, 0x69,
  0x72, 0x65, 0x72, 0x2f, 0x73, 0x65, 0x72, 0x76, 0x65, 0x72, 0x2f, 0x4d,
  0x6f, 0x64, 0x65, 0x3b, 0x00, 0x30, 0x4c, 0x63, 0x6f, 0x6d, 0x2f, 0x67,
  0x69, 0x74, 0x68, 0x75, 0x62, 0x2f, 0x6b, 0x69, 0x72, 0x65, 0x72, 0x2f,
  0x73, 0x65, 0x72, 0x76, 0x65, 0x72, 0x2f, 0x53, 0x63, 0x72, 0x65, 0x65,
  0x6e, 0x43, 0x61, 0x70, 0x74, 0x75, 0x72, 0x65, 0x53, 0x65, 0x72, 0x76,
  0x69, 0x63, 0x65, 0x24, 0x31, 0x3b, 0x00, 0x30, 0x4c, 0x63, 0x6f, 0x6d,
  0x2f, 0x67, 0x69, 0x74, 0x68, 0x75, 0x62, 0x2f, 0x6b, 0x69, 0x72, 0x65,
  0x72, 0x2f, 0x73, 0x65, 0x72, 0x76, 0x65, 0x72, 0x2f, 0x53, 0x63, 0x72,
  0x65, 0x65, 0x6e, 0x43, 0x61, 0x70, 0x74, 0x75, 0x72, 0x65, 0x53, 0x65,
  0x72, 0x76, 0x69, 0x63, 0x65, 0x24, 0x32, 0x3b, 0x00, 0x2e, 0x4c, 0x63,
  0x6f, 0x6d, 0x2f, 0x67, 0x69, 0x74, 0x68, 0x75, 0x62, 0x2f, 0x6b, 0x69,
  0x72, 0x65, 0x72, 0x2f, 0x73, 0x65, 0x72, 0x76, 0x65, 0x72, 0x2f, 0x53,
  0x63, 0x72, 0x65, 0x65, 0x6e, 0x43, 0x61, 0x70, 0x74, 0x75, 0x72, 0x65,
  0x53, 0x65, 0x72, 0x76, 0x69, 0x63, 0x65, 0x3b, 0x00, 0x20, 0x4c, 0x63,
  0x6f, 0x6d, 0x2f, 0x67, 0x69, 0x74, 0x68, 0x75, 0x62, 0x2f, 0x6b, 0x69,
  0x72, 0x65, 0x72, 0x2f, 0x73, 0x65, 0x72, 0x76, 0x65, 0x72, 0x2f, 0x53,
  0x65, 0x72, 0x76, 0x65, 0x72, 0x3b, 0x00, 0x25, 0x4c, 0x63, 0x6f, 0x6d,
  0x2f, 0x67, 0x69, 0x74, 0x68, 0x75, 0x62, 0x2f, 0x6b, 0x69, 0x72, 0x65,
  0x72, 0x2f, 0x73, 0x65, 0x72, 0x76, 0x65, 0x72, 0x2f, 0x53, 0x68, 0x61,
  0x72, 0x65, 0x4d, 0x65, 0x6d, 0x6f, 0x72, 0x79, 0x3b, 0x00, 0x22, 0x4c,
  0x64, 0x61, 0x6c, 0x76, 0x69, 0x6b, 0x2f, 0x61, 0x6e, 0x6e, 0x6f, 0x74,
  0x61, 0x74, 0x69, 0x6f, 0x6e, 0x2f, 0x45, 0x6e, 0x63, 0x6c, 0x6f, 0x73,
  0x69, 0x6e, 0x67, 0x43, 0x6c, 0x61, 0x73, 0x73, 0x3b, 0x00, 0x23, 0x4c,
  0x64, 0x61, 0x6c, 0x76, 0x69, 0x6b, 0x2f, 0x61, 0x6e, 0x6e, 0x6f, 0x74,
  0x61, 0x74, 0x69, 0x6f, 0x6e, 0x2f, 0x45, 0x6e, 0x63, 0x6c, 0x6f, 0x73,
  0x69, 0x6e, 0x67, 0x4d, 0x65, 0x74, 0x68, 0x6f, 0x64, 0x3b, 0x00, 0x1e,
  0x4c, 0x64, 0x61, 0x6c, 0x76, 0x69, 0x6b, 0x2f, 0x61, 0x6e, 0x6e, 0x6f,
  0x74, 0x61, 0x74, 0x69, 0x6f, 0x6e, 0x2f, 0x49, 0x6e, 0x6e, 0x65, 0x72,
  0x43, 0x6c, 0x61, 0x73, 0x73, 0x3b, 0x00, 0x21, 0x4c, 0x64, 0x61, 0x6c,
  0x76, 0x69, 0x6b, 0x2f, 0x61, 0x6e, 0x6e, 0x6f, 0x74, 0x61, 0x74, 0x69,
  0x6f, 0x6e, 0x2f, 0x4d, 0x65, 0x6d, 0x62, 0x65, 0x72, 0x43, 0x6c, 0x61,
  0x73, 0x73, 0x65, 0x73, 0x3b, 0x00, 0x1d, 0x4c, 0x64, 0x61, 0x6c, 0x76,
  0x69, 0x6b, 0x2f, 0x61, 0x6e, 0x6e, 0x6f, 0x74, 0x61, 0x74, 0x69, 0x6f,
  0x6e, 0x2f, 0x53, 0x69, 0x67, 0x6e, 0x61, 0x74, 0x75, 0x72, 0x65, 0x3b,
  0x00, 0x1a, 0x4c, 0x64, 0x61, 0x6c, 0x76, 0x69, 0x6b, 0x2f, 0x61, 0x6e,
  0x6e, 0x6f, 0x74, 0x61, 0x74, 0x69, 0x6f, 0x6e, 0x2f, 0x54, 0x68, 0x72,
  0x6f, 0x77, 0x73, 0x3b, 0x00, 0x05, 0x4c, 0x65, 0x76, 0x65, 0x6c, 0x00,
  0x0e, 0x4c, 0x6a, 0x61, 0x76, 0x61, 0x2f, 0x69, 0x6f, 0x2f, 0x46, 0x69,
  0x6c, 0x65, 0x3b, 0x00, 0x18, 0x4c, 0x6a, 0x61, 0x76, 0x61, 0x2f, 0x69,
  0x6f, 0x2f, 0x46, 0x69, 0x6c, 0x65, 0x44, 0x65, 0x73, 0x63, 0x72, 0x69,
  0x70, 0x74, 0x6f, 0x72, 0x3b, 0x00, 0x1a, 0x4c, 0x6a, 0x61, 0x76, 0x61,
  0x2f, 0x69, 0x6f, 0x2f, 0x46, 0x69, 0x6c, 0x65, 0x4f, 0x75, 0x74, 0x70,
  0x75, 0x74, 0x53, 0x74, 0x72, 0x65, 0x61, 0x6d, 0x3b, 0x00, 0x16, 0x4c,
  0x6a, 0x61, 0x76, 0x61, 0x2f, 0x69, 0x6f, 0x2f, 0x4f, 0x75, 0x74, 0x70,
  0x75, 0x74, 0x53, 0x74, 0x72, 0x65, 0x61, 0x6d, 0x3b, 0x00, 0x15, 0x4c,
  0x6a, 0x61, 0x76, 0x61, 0x2f, 0x69, 0x6f, 0x2f, 0x50, 0x72, 0x69, 0x6e,
  0x74, 0x53, 0x74, 0x72, 0x65, 0x61, 0x6d, 0x3b, 0x00, 0x1a, 0x4c, 0x6a,
  0x61, 0x76, 0x61, 0x2f, 0x6c, 0x61, 0x6e, 0x67, 0x2f, 0x41, 0x73, 0x73,
  0x65, 0x72, 0x74, 0x69, 0x6f, 0x6e, 0x45, 0x72, 0x72, 0x6f, 0x72, 0x3b,
  0x00, 0x13, 0x4c, 0x6a, 0x61, 0x76, 0x61, 0x2f, 0x6c, 0x61, 0x6e, 0x67,
  0x2f, 0x42, 0x6f, 0x6f, 0x6c, 0x65, 0x61, 0x6e, 0x3b, 0x00, 0x10, 0x4c,
  0x6a, 0x61, 0x76, 0x61, 0x2f, 0x6c, 0x61, 0x6e, 0x67, 0x2f, 0x43, 0x6c,
  0x61, 0x73, 0x73, 0x00, 0x11, 0x4c, 0x6a, 0x61, 0x76, 0x61, 0x2f, 0x6c,
  0x61, 0x6e, 0x67, 0x2f, 0x43, 0x6c, 0x61, 0x73, 0x73, 0x3b, 0x00, 0x14,
  0x4c, 0x6a, 0x61, 0x76, 0x61, 0x2f, 0x6c, 0x61, 0x6e, 0x67, 0x2f, 0x43,
  0x6c, 0x61, 0x73, 0x73, 0x3c, 0x2a, 0x3e, 0x3b, 0x00, 0x22, 0x4c, 0x6a,
  0x61, 0x76, 0x61, 0x2f, 0x6c, 0x61, 0x6e, 0x67, 0x2f, 0x43, 0x6c, 0x61,
  0x73, 0x73, 0x4e, 0x6f, 0x74, 0x46, 0x6f, 0x75, 0x6e, 0x64, 0x45, 0x78,
  0x63, 0x65, 0x70, 0x74, 0x69, 0x6f, 0x6e, 0x3b, 0x00, 0x0f, 0x4c, 0x6a,
  0x61, 0x76, 0x61, 0x2f, 0x6c, 0x61, 0x6e, 0x67, 0x2f, 0x45, 0x6e, 0x75,
  0x6d, 0x00, 0x10, 0x4c, 0x6a, 0x61, 0x76, 0x61, 0x2f, 0x6c, 0x61, 0x6e,
  0x67, 0x2f, 0x45, 0x6e, 0x75, 0x6d, 0x3b, 0x00, 0x15, 0x4c, 0x6a, 0x61,
  0x76, 0x61, 0x2f, 0x6c, 0x61, 0x6e, 0x67, 0x2f, 0x45, 0x78, 0x63, 0x65,
  0x70, 0x74, 0x69, 0x6f, 0x6e, 0x3b, 0x00, 0x24, 0x4c, 0x6a, 0x61, 0x76,
  0x61, 0x2f, 0x6c, 0x61, 0x6e, 0x67, 0x2f, 0x49, 0x6c, 0x6c, 0x65, 0x67,
  0x61, 0x6c, 0x41, 0x72, 0x67, 0x75, 0x6d, 0x65, 0x6e, 0x74, 0x45, 0x78,
  0x63, 0x65, 0x70, 0x74, 0x69, 0x6f, 0x6e, 0x3b, 0x00, 0x13, 0x4c, 0x6a,
  0x61, 0x76, 0x61, 0x2f, 0x6c, 0x61, 0x6e, 0x67, 0x2f, 0x49, 0x6e, 0x74,
  0x65, 0x67, 0x65, 0x72, 0x3b, 0x00, 0x20, 0x4c, 0x6a, 0x61, 0x76, 0x61,
  0x2f, 0x6c, 0x61, 0x6e, 0x67, 0x2f, 0x49, 0x6e, 0x74, 0x65, 0x72, 0x72,
  0x75, 0x70, 0x74, 0x65, 0x64, 0x45, 0x78, 0x63, 0x65, 0x70, 0x74, 0x69,
  0x6f, 0x6e, 0x3b, 0x00, 0x10, 0x4c, 0x6a, 0x61, 0x76, 0x61, 0x2f, 0x6c,
  0x61, 0x6e, 0x67, 0x2f, 0x4c, 0x6f, 0x6e, 0x67, 0x3b, 0x00, 0x10, 0x4c,
  0x6a, 0x61, 0x76, 0x61, 0x2f, 0x6c, 0x61, 0x6e, 0x67, 0x2f, 0x4d, 0x61,
  0x74, 0x68, 0x3b, 0x00, 0x1c, 0x4c, 0x6a, 0x61, 0x76, 0x61, 0x2f, 0x6c,
  0x61, 0x6e, 0x67, 0x2f, 0x4e, 0x6f, 0x53, 0x75, 0x63, 0x68, 0x46, 0x69,
  0x65, 0x6c, 0x64, 0x45, 0x72, 0x72, 0x6f, 0x72, 0x3b, 0x00, 0x21, 0x4c,
  0x6a, 0x61, 0x76, 0x61, 0x2f, 0x6c, 0x61, 0x6e, 0x67, 0x2f, 0x4e, 0x6f,
  0x53, 0x75, 0x63, 0x68, 0x4d, 0x65, 0x74, 0x68, 0x6f, 0x64, 0x45, 0x78,
  0x63, 0x65, 0x70, 0x74, 0x69, 0x6f, 0x6e, 0x3b, 0x00, 0x21, 0x4c, 0x6a,
  0x61, 0x76, 0x61, 0x2f, 0x6c, 0x61, 0x6e, 0x67, 0x2f, 0x4e, 0x75, 0x6d,
  0x62, 0x65, 0x72, 0x46, 0x6f, 0x72, 0x6d, 0x61, 0x74, 0x45, 0x78, 0x63,
  0x65, 0x70, 0x74, 0x69, 0x6f, 0x6e, 0x3b, 0x00, 0x12, 0x4c, 0x6a, 0x61,
  0x76, 0x61, 0x2f, 0x6c, 0x61, 0x6e, 0x67, 0x2f, 0x4f, 0x62, 0x6a, 0x65,
  0x63, 0x74, 0x3b, 0x00, 0x28, 0x4c, 0x6a, 0x61, 0x76, 0x61, 0x2f, 0x6c,
  0x61, 0x6e, 0x67, 0x2f, 0x52, 0x65, 0x66, 0x6c, 0x65, 0x63, 0x74, 0x69,
  0x76, 0x65, 0x4f, 0x70, 0x65, 0x72, 0x61, 0x74, 0x69, 0x6f, 0x6e, 0x45,
  0x78, 0x63, 0x65, 0x70, 0x74, 0x69, 0x6f, 0x6e, 0x3b, 0x00, 0x14, 0x4c,
  0x6a, 0x61, 0x76, 0x61, 0x2f, 0x6c, 0x61, 0x6e, 0x67, 0x2f, 0x52, 0x75,
  0x6e, 0x6e, 0x61, 0x62, 0x6c, 0x65, 0x3b, 0x00, 0x1c, 0x4c, 0x6a, 0x61,
  0x76, 0x61, 0x2f, 0x6c, 0x61, 0x6e, 0x67, 0x2f, 0x52, 0x75, 0x6e, 0x74,
  0x69, 0x6d, 0x65, 0x45, 0x78, 0x63, 0x65, 0x70, 0x74, 0x69, 0x6f, 0x6e,
  0x3b, 0x00, 0x12, 0x4c, 0x6a, 0x61, 0x76, 0x61, 0x2f, 0x6c, 0x61, 0x6e,
  0x67, 0x2f, 0x53, 0x74, 0x72, 0x69, 0x6e, 0x67, 0x3b, 0x00, 0x19, 0x4c,
  0x6a, 0x61, 0x76, 0x61, 0x2f, 0x6c, 0x61, 0x6e, 0x67, 0x2f, 0x53, 0x74,
  0x72, 0x69, 0x6e, 0x67, 0x42, 0x75, 0x69, 0x6c, 0x64, 0x65, 0x72, 0x3b,
  0x00, 0x12, 0x4c, 0x6a, 0x61, 0x76, 0x61, 0x2f, 0x6c, 0x61, 0x6e, 0x67,
  0x2f, 0x53, 0x79, 0x73, 0x74, 0x65, 0x6d, 0x3b, 0x00, 0x2b, 0x4c, 0x6a,
  0x61, 0x76, 0x61, 0x2f, 0x6c, 0x61, 0x6e, 0x67, 0x2f, 0x54, 0x68, 0x72,
  0x65, 0x61, 0x64, 0x24, 0x55, 0x6e, 0x63, 0x61, 0x75, 0x67, 0x68, 0x74,
  0x45, 0x78, 0x63, 0x65, 0x70, 0x74, 0x69, 0x6f, 0x6e, 0x48, 0x61, 0x6e,
  0x64, 0x6c, 0x65, 0x72, 0x3b, 0x00, 0x12, 0x4c, 0x6a, 0x61, 0x76, 0x61,
  0x2f, 0x6c, 0x61, 0x6e, 0x67, 0x2f, 0x54, 0x68, 0x72, 0x65, 0x61, 0x64,
  0x3b, 0x00, 0x15, 0x4c, 0x6a, 0x61, 0x76, 0x61, 0x2f, 0x6c, 0x61, 0x6e,
  0x67, 0x2f, 0x54, 0x68, 0x72, 0x6f, 0x77, 0x61, 0x62, 0x6c, 0x65, 0x3b,
  0x00, 0x19, 0x4c, 0x6a, 0x61, 0x76, 0x61, 0x2f, 0x6c, 0x61, 0x6e, 0x67,
  0x2f, 0x72, 0x65, 0x66, 0x6c, 0x65, 0x63, 0x74, 0x2f, 0x46, 0x69, 0x65,
  0x6c, 0x64, 0x3b, 0x00, 0x1a, 0x4c, 0x6a, 0x61, 0x76, 0x61, 0x2f, 0x6c,
  0x61, 0x6e, 0x67, 0x2f, 0x72, 0x65, 0x66, 0x6c, 0x65, 0x63, 0x74, 0x2f,
  0x4d, 0x65, 0x74, 0x68, 0x6f, 0x64, 0x3b, 0x00, 0x15, 0x4c, 0x6a, 0x61,
  0x76, 0x61, 0x2f, 0x6e, 0x69, 0x6f, 0x2f, 0x42, 0x79, 0x74, 0x65, 0x42,
  0x75, 0x66, 0x66, 0x65, 0x72, 0x3b, 0x00, 0x14, 0x4c, 0x6a, 0x61, 0x76,
  0x61, 0x2f, 0x6e, 0x69, 0x6f, 0x2f, 0x42, 0x79, 0x74, 0x65, 0x4f, 0x72,
  0x64, 0x65, 0x72, 0x3b, 0x00, 0x12, 0x4c, 0x6a, 0x61, 0x76, 0x61, 0x2f,
  0x75, 0x74, 0x69, 0x6c, 0x2f, 0x41, 0x72, 0x72, 0x61, 0x79, 0x73, 0x3b,
  0x00, 0x13, 0x4c, 0x6a, 0x61, 0x76, 0x61, 0x2f, 0x75, 0x74, 0x69, 0x6c,
  0x2f, 0x4f, 0x62, 0x6a, 0x65, 0x63, 0x74, 0x73, 0x3b, 0x00, 0x2b, 0x4c,
  0x6a, 0x61, 0x76, 0x61, 0x2f, 0x75, 0x74, 0x69, 0x6c, 0x2f, 0x63, 0x6f,
  0x6e, 0x63, 0x75, 0x72, 0x72, 0x65, 0x6e, 0x74, 0x2f, 0x61, 0x74, 0x6f,
  0x6d, 0x69, 0x63, 0x2f, 0x41, 0x74, 0x6f, 0x6d, 0x69, 0x63, 0x42, 0x6f,
  0x6f, 0x6c, 0x65, 0x61, 0x6e, 0x3b, 0x00, 0x07, 0x4c, 0x6e, 0x2e, 0x6a,
  0x61, 0x76, 0x61, 0x00, 0x11, 0x4d, 0x41, 0x58, 0x5f, 0x49, 0x4d, 0x41,
  0x47, 0x45, 0x5f, 0x42, 0x55, 0x46, 0x46, 0x45, 0x52, 0x53, 0x00, 0x1c,
  0x4d, 0x61, 0x78, 0x20, 0x73, 0x69, 0x7a, 0x65, 0x20, 0x6d, 0x61, 0x79,
  0x20, 0x6e, 0x6f, 0x74, 0x20, 0x62, 0x65, 0x20, 0x6e, 0x65, 0x67, 0x61,
  0x74, 0x69, 0x76, 0x65, 0x00, 0x20, 0x4d, 0x61, 0x78, 0x20, 0x73, 0x69,
  0x7a, 0x65, 0x20, 0x6d, 0x75, 0x73, 0x74, 0x20, 0x62, 0x65, 0x20, 0x61,
  0x20, 0x6d, 0x75, 0x6c, 0x74, 0x69, 0x70, 0x6c, 0x65, 0x20, 0x6f, 0x66,
  0x20, 0x38, 0x00, 0x11, 0x4d, 0x69, 0x73, 0x73, 0x69, 0x6e, 0x67, 0x50,
  0x65, 0x72, 0x6d, 0x69, 0x73, 0x73, 0x69, 0x6f, 0x6e, 0x00, 0x09, 0x4d,
  0x6f, 0x64, 0x65, 0x2e, 0x6a, 0x61, 0x76, 0x61, 0x00, 0x10, 0x4e, 0x75,
  0x6c, 0x6c, 0x4f, 0x75, 0x74, 0x70, 0x75, 0x74, 0x53, 0x74, 0x72, 0x65,
  0x61, 0x6d, 0x00, 0x0c, 0x50, 0x41, 0x43, 0x4b, 0x41, 0x47, 0x45, 0x5f,
  0x4e, 0x41, 0x4d, 0x45, 0x00, 0x11, 0x50, 0x4f, 0x57, 0x45, 0x52, 0x5f,
  0x4d, 0x4f, 0x44, 0x45, 0x5f, 0x4e, 0x4f, 0x52, 0x4d, 0x41, 0x4c, 0x00,
  0x0e, 0x50, 0x4f, 0x57, 0x45, 0x52, 0x5f, 0x4d, 0x4f, 0x44, 0x45, 0x5f,
  0x4f, 0x46, 0x46, 0x00, 0x06, 0x50, 0x52, 0x45, 0x46, 0x49, 0x58, 0x00,
  0x0a, 0x50, 0x72, 0x69, 0x76, 0x61, 0x74, 0x65, 0x41, 0x70, 0x69, 0x00,
  0x20, 0x50, 0x72, 0x69, 0x76, 0x61, 0x74, 0x65, 0x41, 0x70, 0x69, 0x2c,
  0x44, 0x69, 0x73, 0x63, 0x6f, 0x75, 0x72, 0x61, 0x67, 0x65, 0x64, 0x50,
  0x72, 0x69, 0x76, 0x61, 0x74, 0x65, 0x41, 0x70, 0x69, 0x00, 0x08, 0x52,
  0x4f, 0x4f, 0x54, 0x5f, 0x55, 0x49, 0x44, 0x00, 0x08, 0x52, 0x65, 0x73,
  0x70, 0x6f, 0x6e, 0x73, 0x65, 0x00, 0x01, 0x53, 0x00, 0x07, 0x53, 0x44,
  0x4b, 0x5f, 0x49, 0x4e, 0x54, 0x00, 0x0d, 0x53, 0x48, 0x41, 0x52, 0x45,
  0x44, 0x5f, 0x4d, 0x45, 0x4d, 0x4f, 0x52, 0x59, 0x00, 0x14, 0x53, 0x63,
  0x72, 0x65, 0x65, 0x6e, 0x43, 0x61, 0x70, 0x74, 0x75, 0x72, 0x65, 0x48,
  0x61, 0x6e, 0x64, 0x6c, 0x65, 0x72, 0x00, 0x14, 0x53, 0x63, 0x72, 0x65,
  0x65, 0x6e, 0x43, 0x61, 0x70, 0x74, 0x75, 0x72, 0x65, 0x53, 0x65, 0x72,
  0x76, 0x69, 0x63, 0x65, 0x00, 0x19, 0x53, 0x63, 0x72, 0x65, 0x65, 0x6e,
  0x43, 0x61, 0x70, 0x74, 0x75, 0x72, 0x65, 0x53, 0x65, 0x72, 0x76, 0x69,
  0x63, 0x65, 0x2e, 0x6a, 0x61, 0x76, 0x61, 0x00, 0x0b, 0x53, 0x65, 0x72,
  0x76, 0x65, 0x72, 0x2e, 0x6a, 0x61, 0x76, 0x61, 0x00, 0x13, 0x53, 0x65,
  0x72, 0x76, 0x69, 0x63, 0x65, 0x4d, 0x61, 0x6e, 0x61, 0x67, 0x65, 0x72,
  0x2e, 0x6a, 0x61, 0x76, 0x61, 0x00, 0x10, 0x53, 0x68, 0x61, 0x72, 0x65,
  0x4d, 0x65, 0x6d, 0x6f, 0x72, 0x79, 0x2e, 0x6a, 0x61, 0x76, 0x61, 0x00,
  0x09, 0x53, 0x69, 0x7a, 0x65, 0x2e, 0x6a, 0x61, 0x76, 0x61, 0x00, 0x13,
  0x53, 0x75, 0x72, 0x66, 0x61, 0x63, 0x65, 0x43, 0x6f, 0x6e, 0x74, 0x72,
  0x6f, 0x6c, 0x2e, 0x6a, 0x61, 0x76, 0x61, 0x00, 0x1b, 0x53, 0x75, 0x72,
  0x66, 0x61, 0x63, 0x65, 0x43, 0x6f, 0x6e, 0x74, 0x72, 0x6f, 0x6c, 0x43,
  0x61, 0x70, 0x74, 0x75, 0x72, 0x65, 0x54, 0x68, 0x72, 0x65, 0x61, 0x64,
  0x00, 0x03, 0x54, 0x41, 0x47, 0x00, 0x0a, 0x54, 0x43, 0x50, 0x5f, 0x53,
  0x4f, 0x43, 0x4b, 0x45, 0x54, 0x00, 0x0b, 0x54, 0x43, 0x50, 0xe5, 0xa5,
  0x97, 0xe6, 0x8e, 0xa5, 0xe5, 0xad, 0x97, 0xe6, 0xa8, 0xa1, 0xe5, 0xbc,
  0x8f, 0xe9, 0x80, 0x89, 0xe9, 0xa1, 0xb9, 0x3a, 0x00, 0x04, 0x54, 0x59,
  0x50, 0x45, 0x00, 0x0b, 0x55, 0x4e, 0x49, 0x58, 0x5f, 0x53, 0x4f, 0x43,
  0x4b, 0x45, 0x54, 0x00, 0x0c, 0x55, 0x6e, 0x69, 0x78, 0xe5, 0xa5, 0x97,
  0xe6, 0x8e, 0xa5, 0xe5, 0xad, 0x97, 0xe6, 0xa8, 0xa1, 0xe5, 0xbc, 0x8f,
  0xe9, 0x80, 0x89, 0xe9, 0xa1, 0xb9, 0x3a, 0x00, 0x1b, 0x55, 0x6e, 0x73,
  0x61, 0x66, 0x65, 0x44, 0x79, 0x6e, 0x61, 0x6d, 0x69, 0x63, 0x61, 0x6c,
  0x6c, 0x79, 0x4c, 0x6f, 0x61, 0x64, 0x65, 0x64, 0x43, 0x6f, 0x64, 0x65,
  0x00, 0x01, 0x56, 0x00, 0x07, 0x56, 0x45, 0x52, 0x42, 0x4f, 0x53, 0x45,
  0x00, 0x07, 0x56, 0x45, 0x52, 0x53, 0x49, 0x4f, 0x4e, 0x00, 0x02, 0x56,
  0x49, 0x00, 0x03, 0x56, 0x49, 0x49, 0x00, 0x05, 0x56, 0x49, 0x49, 0x49,
  0x49, 0x00, 0x08, 0x56, 0x49, 0x4c, 0x49, 0x49, 0x49, 0x49, 0x4c, 0x00,
  0x02, 0x56, 0x4a, 0x00, 0x02, 0x56, 0x4c, 0x00, 0x03, 0x56, 0x4c, 0x49,
  0x00, 0x04, 0x56, 0x4c, 0x49, 0x49, 0x00, 0x06, 0x56, 0x4c, 0x49, 0x4c,
  0x49, 0x49, 0x00, 0x05, 0x56, 0x4c, 0x49, 0x4c, 0x4c, 0x00, 0x03, 0x56,
  0x4c, 0x4c, 0x00, 0x06, 0x56, 0x4c, 0x4c, 0x4c, 0x4c, 0x49, 0x00, 0x02,
  0x56, 0x5a, 0x00, 0x03, 0x56, 0x5a, 0x4c, 0x00, 0x06, 0x56, 0x5a, 0x4c,
  0x4c, 0x49, 0x4a, 0x00, 0x04, 0x57, 0x41, 0x52, 0x4e, 0x00, 0x01, 0x5a,
  0x00, 0x02, 0x5a, 0x4c, 0x00, 0x03, 0x5a, 0x4c, 0x49, 0x00, 0x02, 0x5b,
  0x42, 0x00, 0x02, 0x5b, 0x49, 0x00, 0x1e, 0x5b, 0x49, 0x6d, 0x61, 0x67,
  0x65, 0x52, 0x65, 0x61, 0x64, 0x65, 0x72, 0x5d, 0x20, 0x49, 0x6d, 0x61,
  0x67, 0x65, 0x52, 0x65, 0x61, 0x64, 0x65, 0x72, 0x20, 0xe5, 0x88, 0x9b,
  0xe5, 0xbb, 0xba, 0xe5, 0xa4, 0xb1, 0xe8, 0xb4, 0xa5, 0x00, 0x1e, 0x5b,
  0x49, 0x6d, 0x61, 0x67, 0x65, 0x52, 0x65, 0x61, 0x64, 0x65, 0x72, 0x5d,
  0x20, 0x49, 0x6d, 0x61, 0x67, 0x65, 0x52, 0x65, 0x61, 0x64, 0x65, 0x72,
  0x20, 0xe5, 0x88, 0x9b, 0xe5, 0xbb, 0xba, 0xe6, 0x88, 0x90, 0xe5, 0x8a,
  0x9f, 0x00, 0x1e, 0x5b, 0x49, 0x6d, 0x61, 0x67, 0x65, 0x52, 0x65, 0x61,
  0x64, 0x65, 0x72, 0x5d, 0x20, 0xe5, 0x88, 0x9b, 0xe5, 0xbb, 0xba, 0x20,
  0x49, 0x6d, 0x61, 0x67, 0x65, 0x52, 0x65, 0x61, 0x64, 0x65, 0x72, 0x3a,
  0x20, 0x00, 0x02, 0x5b, 0x4a, 0x00, 0x1c, 0x5b, 0x4c, 0x61, 0x6e, 0x64,
  0x72, 0x6f, 0x69, 0x64, 0x2f, 0x6d, 0x65, 0x64, 0x69, 0x61, 0x2f, 0x49,
  0x6d, 0x61, 0x67, 0x65, 0x24, 0x50, 0x6c, 0x61, 0x6e, 0x65, 0x3b, 0x00,
  0x12, 0x5b, 0x4c, 0x61, 0x75, 0x6e, 0x63, 0x68, 0x65, 0x72, 0x5d, 0x20,
  0x20, 0x20, 0x61, 0x72, 0x67, 0x73, 0x5b, 0x00, 0x19, 0x5b, 0x4c, 0x61,
  0x75, 0x6e, 0x63, 0x68, 0x65, 0x72, 0x5d, 0x20, 0x2d, 0x2d, 0x6c, 0x69,
  0x62, 0x50, 0x61, 0x74, 0x68, 0x20, 0xe5, 0x8f, 0x82, 0xe6, 0x95, 0xb0,
  0xe7, 0xbc, 0xba, 0xe5, 0xa4, 0xb1, 0x00, 0x16, 0x5b, 0x4c, 0x61, 0x75,
  0x6e, 0x63, 0x68, 0x65, 0x72, 0x5d, 0x20, 0x2d, 0x2d, 0x6d, 0x6f, 0x64,
  0x65, 0x20, 0xe5, 0x8f, 0x82, 0xe6, 0x95, 0xb0, 0xe7, 0xbc, 0xba, 0xe5,
  0xa4, 0xb1, 0x00, 0x1c, 0x5b, 0x4c, 0x61, 0x75, 0x6e, 0x63, 0x68, 0x65,
  0x72, 0x5d, 0x20, 0x2d, 0x2d, 0x73, 0x6f, 0x63, 0x6b, 0x65, 0x74, 0x4e,
  0x61, 0x6d, 0x65, 0x20, 0xe5, 0x8f, 0x82, 0xe6, 0x95, 0xb0, 0xe7, 0xbc,
  0xba, 0xe5, 0xa4, 0xb1, 0x00, 0x19, 0x5b, 0x4c, 0x61, 0x75, 0x6e, 0x63,
  0x68, 0x65, 0x72, 0x5d, 0x20, 0x2d, 0x2d, 0x74, 0x63, 0x70, 0x48, 0x6f,
  0x73, 0x74, 0x20, 0xe5, 0x8f, 0x82, 0xe6, 0x95, 0xb0, 0xe7, 0xbc, 0xba,
  0xe5, 0xa4, 0xb1, 0x00, 0x19, 0x5b, 0x4c, 0x61, 0x75, 0x6e, 0x63, 0x68,
  0x65, 0x72, 0x5d, 0x20, 0x2d, 0x2d, 0x74, 0x63, 0x70, 0x50, 0x6f, 0x72,
  0x74, 0x20, 0xe5, 0x8f, 0x82, 0xe6, 0x95, 0xb0, 0xe7, 0xbc, 0xba, 0xe5,
  0xa4, 0xb1, 0x00, 0x1b, 0x5b, 0x4c, 0x61, 0x75, 0x6e, 0x63, 0x68, 0x65,
  0x72, 0x5d, 0x20, 0x4b, 0x20, 0x53, 0x65, 0x72, 0x76, 0x69, 0x63, 0x65,
  0x20, 0x76, 0x31, 0x2e, 0x30, 0x2e, 0x30, 0x00, 0x24, 0x5b, 0x4c, 0x61,
  0x75, 0x6e, 0x63, 0x68, 0x65, 0x72, 0x5d, 0x20, 0x4b, 0x20, 0x53, 0x65,
  0x72, 0x76, 0x69, 0x63, 0x65, 0x20, 0x76, 0x31, 0x2e, 0x30, 0x2e, 0x30,
  0x20, 0xe6, 0xad, 0xa3, 0xe5, 0x9c, 0xa8, 0xe5, 0x90, 0xaf, 0xe5, 0x8a,
  0xa8, 0x2e, 0x2e, 0x2e, 0x30, 0x00, 0x24, 0x5b, 0x4c, 0x61, 0x75, 0x6e,
  0x63, 0x68, 0x65, 0x72, 0x5d, 0x20, 0x4b, 0x20, 0x53, 0x65, 0x72, 0x76,
  0x69, 0x63, 0x65, 0x20, 0x76, 0x31, 0x2e, 0x30, 0x2e, 0x30, 0x20, 0xe6,
  0xad, 0xa3, 0xe5, 0x9c, 0xa8, 0xe5, 0x90, 0xaf, 0xe5, 0x8a, 0xa8, 0x2e,
  0x2e, 0x2e, 0x31, 0x00, 0x25, 0x5b, 0x4c, 0x61, 0x75, 0x6e, 0x63, 0x68,
  0x65, 0x72, 0x5d, 0x20, 0x54, 0x43, 0x50, 0xe5, 0xa5, 0x97, 0xe6, 0x8e,
  0xa5, 0xe5, 0xad, 0x97, 0xe6, 0xa8, 0xa1, 0xe5, 0xbc, 0x8f, 0xe9, 0x9c,
  0x80, 0xe8, 0xa6, 0x81, 0xe6, 0x8c, 0x87, 0xe5, 0xae, 0x9a, 0xe6, 0x9c,
  0x89, 0xe6, 0x95, 0x88, 0xe7, 0xab, 0xaf, 0xe5, 0x8f, 0xa3, 0xe5, 0x8f,
  0xb7, 0x28, 0x31, 0x2d, 0x36, 0x35, 0x35, 0x33, 0x35, 0x29, 0x00, 0x16,
  0x5b, 0x4c, 0x61, 0x75, 0x6e, 0x63, 0x68, 0x65, 0x72, 0x5d, 0x20, 0x54,
  0x43, 0x50, 0xe7, 0xab, 0xaf, 0xe5, 0x8f, 0xa3, 0xe6, 0xa0, 0xbc, 0xe5,
  0xbc, 0x8f, 0xe9, 0x94, 0x99, 0xe8, 0xaf, 0xaf, 0x3a, 0x20, 0x00, 0x1d,
  0x5b, 0x4c, 0x61, 0x75, 0x6e, 0x63, 0x68, 0x65, 0x72, 0x5d, 0x20, 0x55,
  0x6e, 0x69, 0x78, 0xe5, 0xa5, 0x97, 0xe6, 0x8e, 0xa5, 0xe5, 0xad, 0x97,
  0xe6, 0xa8, 0xa1, 0xe5, 0xbc, 0x8f, 0xe9, 0x9c, 0x80, 0xe8, 0xa6, 0x81,
  0xe6, 0x8c, 0x87, 0xe5, 0xae, 0x9a, 0xe5, 0xa5, 0x97, 0xe6, 0x8e, 0xa5,
  0xe5, 0xad, 0x97, 0xe8, 0xb7, 0xaf, 0xe5, 0xbe, 0x84, 0x00, 0x1a, 0x5b,
  0x4c, 0x61, 0x75, 0x6e, 0x63, 0x68, 0x65, 0x72, 0x5d, 0x20, 0xe4, 0xbb,
  0x8e, 0xe9, 0x94, 0xae, 0xe5, 0x80, 0xbc, 0xe5, 0xaf, 0xb9, 0xe6, 0xa0,
  0xbc, 0xe5, 0xbc, 0x8f, 0xe8, 0xae, 0xbe, 0xe7, 0xbd, 0xae, 0x54, 0x43,
  0x50, 0xe4, 0xb8, 0xbb, 0xe6, 0x9c, 0xba, 0x3a, 0x20, 0x00, 0x1a, 0x5b,
  0x4c, 0x61, 0x75, 0x6e, 0x63, 0x68, 0x65, 0x72, 0x5d, 0x20, 0xe4, 0xbb,
  0x8e, 0xe9, 0x94, 0xae, 0xe5, 0x80, 0xbc, 0xe5, 0xaf, 0xb9, 0xe6, 0xa0,
  0xbc, 0xe5, 0xbc, 0x8f, 0xe8, 0xae, 0xbe, 0xe7, 0xbd, 0xae, 0x54, 0x43,
  0x50, 0xe7, 0xab, 0xaf, 0xe5, 0x8f, 0xa3, 0x3a, 0x20, 0x00, 0x1a, 0x5b,
  0x4c, 0x61, 0x75, 0x6e, 0x63, 0x68, 0x65, 0x72, 0x5d, 0x20, 0xe4, 0xbb,
  0x8e, 0xe9, 0x94, 0xae, 0xe5, 0x80, 0xbc, 0xe5, 0xaf, 0xb9, 0xe6, 0xa0,
  0xbc, 0xe5, 0xbc, 0x8f, 0xe8, 0xae, 0xbe, 0xe7, 0xbd, 0xae, 0xe5, 0xa5,
  0x97, 0xe6, 0x8e, 0xa5, 0xe5, 0xad, 0x97, 0xe8, 0xb7, 0xaf, 0xe5, 0xbe,
  0x84, 0x3a, 0x20, 0x00, 0x18, 0x5b, 0x4c, 0x61, 0x75, 0x6e, 0x63, 0x68,
  0x65, 0x72, 0x5d, 0x20, 0xe4, 0xbb, 0x8e, 0xe9, 0x94, 0xae, 0xe5, 0x80,
  0xbc, 0xe5, 0xaf, 0xb9, 0xe6, 0xa0, 0xbc, 0xe5, 0xbc, 0x8f, 0xe8, 0xae,
  0xbe, 0xe7, 0xbd, 0xae, 0xe5, 0xba, 0x93, 0xe8, 0xb7, 0xaf, 0xe5, 0xbe,
  0x84, 0x3a, 0x20, 0x00, 0x18, 0x5b, 0x4c, 0x61, 0x75, 0x6e, 0x63, 0x68,
  0x65, 0x72, 0x5d, 0x20, 0xe5, 0x85, 0xb1, 0xe4, 0xba, 0xab, 0xe5, 0x86,
  0x85, 0xe5, 0xad, 0x98, 0xe6, 0xa8, 0xa1, 0xe5, 0xbc, 0x8f, 0xe9, 0x9c,
  0x80, 0xe8, 0xa6, 0x81, 0xe6, 0x8c, 0x87, 0xe5, 0xae, 0x9a, 0xe5, 0xba,
  0x93, 0xe8, 0xb7, 0xaf, 0xe5, 0xbe, 0x84, 0x00, 0x13, 0x5b, 0x4c, 0x61,
  0x75, 0x6e, 0x63, 0x68, 0x65, 0x72, 0x5d, 0x20, 0xe5, 0x87, 0x86, 0xe5,
  0xa4, 0x87, 0xe4, 0xb8, 0xbb, 0xe4, 0xba, 0x8b, 0xe4, 0xbb, 0xb6, 0xe5,
  0xbe, 0xaa, 0xe7, 0x8e, 0xaf, 0xe5, 0x99, 0xa8, 0x00, 0x13, 0x5b, 0x4c,
  0x61, 0x75, 0x6e, 0x63, 0x68, 0x65, 0x72, 0x5d, 0x20, 0xe5, 0x88, 0x9b,
  0xe5, 0xbb, 0xba, 0xe5, 0xb1, 0x8f, 0xe5, 0xb9, 0x95, 0xe6, 0x8d, 0x95,
  0xe8, 0x8e, 0xb7, 0xe6, 0x9c, 0x8d, 0xe5, 0x8a, 0xa1, 0x00, 0x12, 0x5b,
  0x4c, 0x61, 0x75, 0x6e, 0x63, 0x68, 0x65, 0x72, 0x5d, 0x20, 0xe5, 0x88,
  0x9d, 0xe5, 0xa7, 0x8b, 0xe5, 0x8c, 0x96, 0xe9, 0x80, 0x9a, 0xe4, 0xbf,
  0xa1, 0xe9, 0x80, 0x9a, 0xe9, 0x81, 0x93, 0x00, 0x12, 0x5b, 0x4c, 0x61,
  0x75, 0x6e, 0x63, 0x68, 0x65, 0x72, 0x5d, 0x20, 0xe5, 0x8a, 0xa0, 0xe8,
  0xbd, 0xbd, 0xe5, 0xba, 0x93, 0xe6, 0x96, 0x87, 0xe4, 0xbb, 0xb6, 0x3a,
  0x20, 0x00, 0x12, 0x5b, 0x4c, 0x61, 0x75, 0x6e, 0x63, 0x68, 0x65, 0x72,
  0x5d, 0x20, 0xe5, 0x8a, 0xa0, 0xe8, 0xbd, 0xbd, 0xe5, 0xba, 0x93, 0xe6,
  0x96, 0x87, 0xe4, 0xbb, 0xb6, 0xe5, 0xa4, 0xb1, 0xe8, 0xb4, 0xa5, 0x00,
  0x16, 0x5b, 0x4c, 0x61, 0x75, 0x6e, 0x63, 0x68, 0x65, 0x72, 0x5d, 0x20,
  0xe5, 0x8f, 0x82, 0xe6, 0x95, 0xb0, 0xe8, 0xa7, 0xa3, 0xe6, 0x9e, 0x90,
  0xe5, 0xa4, 0xb1, 0xe8, 0xb4, 0xa5, 0xef, 0xbc, 0x8c, 0xe9, 0x80, 0x80,
  0xe5, 0x87, 0xba, 0xe7, 0xa8, 0x8b, 0xe5, 0xba, 0x8f, 0x00, 0x11, 0x5b,
  0x4c, 0x61, 0x75, 0x6e, 0x63, 0x68, 0x65, 0x72, 0x5d, 0x20, 0xe5, 0x8f,
  0x82, 0xe6, 0x95, 0xb0, 0xe8, 0xa7, 0xa3, 0xe6, 0x9e, 0x90, 0xe5, 0xae,
  0x8c, 0xe6, 0x88, 0x90, 0x00, 0x16, 0x5b, 0x4c, 0x61, 0x75, 0x6e, 0x63,
  0x68, 0x65, 0x72, 0x5d, 0x20, 0xe5, 0x90, 0xaf, 0xe5, 0x8a, 0xa8, 0xe8,
  0xbf, 0x87, 0xe7, 0xa8, 0x8b, 0xe4, 0xb8, 0xad, 0xe5, 0x8f, 0x91, 0xe7,
  0x94, 0x9f, 0xe8, 0x87, 0xb4, 0xe5, 0x91, 0xbd, 0xe9, 0x94, 0x99, 0xe8,
  0xaf, 0xaf, 0x00, 0x12, 0x5b, 0x4c, 0x61, 0x75, 0x6e, 0x63, 0x68, 0x65,
  0x72, 0x5d, 0x20, 0xe5, 0xa4, 0x84, 0xe7, 0x90, 0x86, 0xe5, 0x8f, 0x82,
  0xe6, 0x95, 0xb0, 0xe6, 0x97, 0xb6, 0xe5, 0x87, 0xba, 0xe9, 0x94, 0x99,
  0x00, 0x12, 0x5b, 0x4c, 0x61, 0x75, 0x6e, 0x63, 0x68, 0x65, 0x72, 0x5d,
  0x20, 0xe5, 0xba, 0x93, 0xe6, 0x96, 0x87, 0xe4, 0xbb, 0xb6, 0xe5, 0x8a,
  0xa0, 0xe8, 0xbd, 0xbd, 0xe5, 0xae, 0x8c, 0xe6, 0x88, 0x90, 0x00, 0x13,
  0x5b, 0x4c, 0x61, 0x75, 0x6e, 0x63, 0x68, 0x65, 0x72, 0x5d, 0x20, 0xe5,
  0xbc, 0x80, 0xe5, 0xa7, 0x8b, 0xe6, 0xb8, 0x85, 0xe7, 0x90, 0x86, 0xe7,
  0xb3, 0xbb, 0xe7, 0xbb, 0x9f, 0xe8, 0xb5, 0x84, 0xe6, 0xba, 0x90, 0x00,
  0x14, 0x5b, 0x4c, 0x61, 0x75, 0x6e, 0x63, 0x68, 0x65, 0x72, 0x5d, 0x20,
  0xe5, 0xbf, 0xbd, 0xe7, 0x95, 0xa5, 0xe9, 0x9d, 0x9e, 0xe9, 0x80, 0x89,
  0xe9, 0xa1, 0xb9, 0xe5, 0x8f, 0x82, 0xe6, 0x95, 0xb0, 0x3a, 0x20, 0x00,
  0x14, 0x5b, 0x4c, 0x61, 0x75, 0x6e, 0x63, 0x68, 0x65, 0x72, 0x5d, 0x20,
  0xe6, 0x97, 0xa0, 0xe6, 0x95, 0x88, 0xe7, 0x9a, 0x84, 0xe9, 0x80, 0x9a,
  0xe4, 0xbf, 0xa1, 0xe6, 0x96, 0xb9, 0xe5, 0xbc, 0x8f, 0x3a, 0x20, 0x00,
  0x11, 0x5b, 0x4c, 0x61, 0x75, 0x6e, 0x63, 0x68, 0x65, 0x72, 0x5d, 0x20,
  0xe6, 0x9c, 0xaa, 0xe7, 0x9f, 0xa5, 0xe5, 0x8f, 0x82, 0xe6, 0x95, 0xb0,
  0x3a, 0x20, 0x00, 0x0e, 0x5b, 0x4c, 0x61, 0x75, 0x6e, 0x63, 0x68, 0x65,
  0x72, 0x5d, 0x20, 0xe7, 0xba, 0xbf, 0xe7, 0xa8, 0x8b, 0x20, 0x00, 0x14,
  0x5b, 0x4c, 0x61, 0x75, 0x6e, 0x63, 0x68, 0x65, 0x72, 0x5d, 0x20, 0xe8,
  0xae, 0xbe, 0xe7, 0xbd, 0xae, 0x54, 0x43, 0x50, 0xe4, 0xb8, 0xbb, 0xe6,
  0x9c, 0xba, 0x3a, 0x20, 0x00, 0x14, 0x5b, 0x4c, 0x61, 0x75, 0x6e, 0x63,
  0x68, 0x65, 0x72, 0x5d, 0x20, 0xe8, 0xae, 0xbe, 0xe7, 0xbd, 0xae, 0x54,
  0x43, 0x50, 0xe7, 0xab, 0xaf, 0xe5, 0x8f, 0xa3, 0x3a, 0x20, 0x00, 0x15,
  0x5b, 0x4c, 0x61, 0x75, 0x6e, 0x63, 0x68, 0x65, 0x72, 0x5d, 0x20, 0xe8,
  0xae, 0xbe, 0xe7, 0xbd, 0xae, 0xe5, 0x85, 0xb1, 0xe4, 0xba, 0xab, 0xe5,
  0x86, 0x85, 0xe5, 0xad, 0x98, 0xe5, 0xa4, 0xa7, 0xe5, 0xb0, 0x8f, 0x3a,
  0x20, 0x00, 0x14, 0x5b, 0x4c, 0x61, 0x75, 0x6e, 0x63, 0x68, 0x65, 0x72,
  0x5d, 0x20, 0xe8, 0xae, 0xbe, 0xe7, 0xbd, 0xae, 0xe5, 0xa5, 0x97, 0xe6,
  0x8e, 0xa5, 0xe5, 0xad, 0x97, 0xe8, 0xb7, 0xaf, 0xe5, 0xbe, 0x84, 0x3a,
  0x20, 0x00, 0x12, 0x5b, 0x4c, 0x61, 0x75, 0x6e, 0x63, 0x68, 0x65, 0x72,
  0x5d, 0x20, 0xe8, 0xae, 0xbe, 0xe7, 0xbd, 0xae, 0xe5, 0xba, 0x93, 0xe8,
  0xb7, 0xaf, 0xe5, 0xbe, 0x84, 0x3a, 0x20, 0x00, 0x13, 0x5b, 0x4c, 0x61,
  0x75, 0x6e, 0x63, 0x68, 0x65, 0x72, 0x5d, 0x20, 0xe8, 0xae, 0xbe, 0xe7,
  0xbd, 0xae, 0xe9, 0x80, 0x9a, 0xe4, 0xbf, 0xa1, 0xe6, 0x96, 0xb9, 0xe5,
  0xbc, 0x8f, 0x3a, 0x20, 0x00, 0x12, 0x5b, 0x4c, 0x61, 0x75, 0x6e, 0x63,
  0x68, 0x65, 0x72, 0x5d, 0x20, 0xe8, 0xb0, 0x83, 0xe8, 0xaf, 0x95, 0xe6,
  0xa8, 0xa1, 0xe5, 0xbc, 0x8f, 0xe5, 0xb7, 0xb2, 0xe5, 0x90, 0xaf, 0xe7,
  0x94, 0xa8, 0x00, 0x11, 0x5b, 0x4c, 0x61, 0x75, 0x6e, 0x63, 0x68, 0x65,
  0x72, 0x5d, 0x20, 0xe8, 0xb5, 0x84, 0xe6, 0xba, 0x90, 0xe6, 0xb8, 0x85,
  0xe7, 0x90, 0x86, 0xe5, 0xae, 0x8c, 0xe6, 0x88, 0x90, 0x00, 0x12, 0x5b,
  0x4c, 0x61, 0x75, 0x6e, 0x63, 0x68, 0x65, 0x72, 0x5d, 0x20, 0xe8, 0xbf,
  0x9b, 0xe5, 0x85, 0xa5, 0xe4, 0xb8, 0xbb, 0xe4, 0xba, 0x8b, 0xe4, 0xbb,
  0xb6, 0xe5, 0xbe, 0xaa, 0xe7, 0x8e, 0xaf, 0x00, 0x16, 0x5b, 0x4c, 0x61,
  0x75, 0x6e, 0x63, 0x68, 0x65, 0x72, 0x5d, 0x20, 0xe9, 0x80, 0x9a, 0xe4,
  0xbf, 0xa1, 0xe9, 0x80, 0x9a, 0xe9, 0x81, 0x93, 0xe5, 0x88, 0x9d, 0xe5,
  0xa7, 0x8b, 0xe5, 0x8c, 0x96, 0xe5, 0xa4, 0xb1, 0xe8, 0xb4, 0xa5, 0x3a,
  0x20, 0x00, 0x16, 0x5b, 0x4c, 0x61, 0x75, 0x6e, 0x63, 0x68, 0x65, 0x72,
  0x5d, 0x20, 0xe9, 0x80, 0x9a, 0xe4, 0xbf, 0xa1, 0xe9, 0x80, 0x9a, 0xe9,
  0x81, 0x93, 0xe5, 0x88, 0x9d, 0xe5, 0xa7, 0x8b, 0xe5, 0x8c, 0x96, 0xe5,
  0xae, 0x8c, 0xe6, 0x88, 0x90, 0x3a, 0x20, 0x00, 0x18, 0x5b, 0x4c, 0x61,
  0x75, 0x6e, 0x63, 0x68, 0x65, 0x72, 0x5d, 0x20, 0xe9, 0x80, 0x9a, 0xe4,
  0xbf, 0xa1, 0xe9, 0x85, 0x8d, 0xe7, 0xbd, 0xae, 0xe9, 0xaa, 0x8c, 0xe8,
  0xaf, 0x81, 0xe5, 0xa4, 0xb1, 0xe8, 0xb4, 0xa5, 0xef, 0xbc, 0x8c, 0xe9,
  0x80, 0x80, 0xe5, 0x87, 0xba, 0xe7, 0xa8, 0x8b, 0xe5, 0xba, 0x8f, 0x00,
  0x14, 0x5b, 0x4c, 0x61, 0x75, 0x6e, 0x63, 0x68, 0x65, 0x72, 0x5d, 0x20,
  0xe9, 0xaa, 0x8c, 0xe8, 0xaf, 0x81, 0xe9, 0x80, 0x9a, 0xe4, 0xbf, 0xa1,
  0xe9, 0x85, 0x8d, 0xe7, 0xbd, 0xae, 0xe6, 0x97, 0xb6, 0xe5, 0x87, 0xba,
  0xe9, 0x94, 0x99, 0x00, 0x26, 0x5b, 0x4c, 0x63, 0x6f, 0x6d, 0x2f, 0x67,
  0x65, 0x6e, 0x79, 0x6d, 0x6f, 0x62, 0x69, 0x6c, 0x65, 0x2f, 0x73, 0x63,
  0x72, 0x63, 0x70, 0x79, 0x2f, 0x75, 0x74, 0x69, 0x6c, 0x2f, 0x4c, 0x6e,
  0x24, 0x4c, 0x65, 0x76, 0x65, 0x6c, 0x3b, 0x00, 0x1f, 0x5b, 0x4c, 0x63,
  0x6f, 0x6d, 0x2f, 0x67, 0x69, 0x74, 0x68, 0x75, 0x62, 0x2f, 0x6b, 0x69,
  0x72, 0x65, 0x72, 0x2f, 0x73, 0x65, 0x72, 0x76, 0x65, 0x72, 0x2f, 0x4d,
  0x6f, 0x64, 0x65, 0x3b, 0x00, 0x12, 0x5b, 0x4c, 0x6a, 0x61, 0x76, 0x61,
  0x2f, 0x6c, 0x61, 0x6e, 0x67, 0x2f, 0x43, 0x6c, 0x61, 0x73, 0x73, 0x3b,
  0x00, 0x13, 0x5b, 0x4c, 0x6a, 0x61, 0x76, 0x61, 0x2f, 0x6c, 0x61, 0x6e,
  0x67, 0x2f, 0x4f, 0x62, 0x6a, 0x65, 0x63, 0x74, 0x3b, 0x00, 0x13, 0x5b,
  0x4c, 0x6a, 0x61, 0x76, 0x61, 0x2f, 0x6c, 0x61, 0x6e, 0x67, 0x2f, 0x53,
  0x74, 0x72, 0x69, 0x6e, 0x67, 0x3b, 0x00, 0x27, 0x5b, 0x53, 0x63, 0x72,
  0x65, 0x65, 0x6e, 0x43, 0x61, 0x70, 0x74, 0x75, 0x72, 0x65, 0x53, 0x65,
  0x72, 0x76, 0x69, 0x63, 0x65, 0x5d, 0x20, 0x49, 0x6d, 0x61, 0x67, 0x65,
  0x52, 0x65, 0x61, 0x64, 0x65, 0x72, 0x20, 0xe5, 0x88, 0x9b, 0xe5, 0xbb,
  0xba, 0xe5, 0xa4, 0xb1, 0xe8, 0xb4, 0xa5, 0x00, 0x2e, 0x5b, 0x53, 0x63,
  0x72, 0x65, 0x65, 0x6e, 0x43, 0x61, 0x70, 0x74, 0x75, 0x72, 0x65, 0x53,
  0x65, 0x72, 0x76, 0x69, 0x63, 0x65, 0x5d, 0x20, 0x53, 0x75, 0x72, 0x66,
  0x61, 0x63, 0x65, 0x43, 0x6f, 0x6e, 0x74, 0x72, 0x6f, 0x6c, 0x20, 0x41,
  0x50, 0x49, 0x20, 0xe5, 0x90, 0xaf, 0xe5, 0x8a, 0xa8, 0xe6, 0x88, 0x90,
  0xe5, 0x8a, 0x9f, 0x00, 0x2e, 0x5b, 0x53, 0x63, 0x72, 0x65, 0x65, 0x6e,
  0x43, 0x61, 0x70, 0x74, 0x75, 0x72, 0x65, 0x53, 0x65, 0x72, 0x76, 0x69,
  0x63, 0x65, 0x5d, 0x20, 0x56, 0x69, 0x72, 0x74, 0x75, 0x61, 0x6c, 0x44,
  0x69, 0x73, 0x70, 0x6c, 0x61, 0x79, 0x20, 0x41, 0x50, 0x49, 0x20, 0xe5,
  0x90, 0xaf, 0xe5, 0x8a, 0xa8, 0xe6, 0x88, 0x90, 0xe5, 0x8a, 0x9f, 0x00,
  0x43, 0x5b, 0x53, 0x63, 0x72, 0x65, 0x65, 0x6e, 0x43, 0x61, 0x70, 0x74,
  0x75, 0x72, 0x65, 0x53, 0x65, 0x72, 0x76, 0x69, 0x63, 0x65, 0x5d, 0x20,
  0x56, 0x69, 0x72, 0x74, 0x75, 0x61, 0x6c, 0x44, 0x69, 0x73, 0x70, 0x6c,
  0x61, 0x79, 0x20, 0x41, 0x50, 0x49, 0x20, 0xe5, 0xa4, 0xb1, 0xe8, 0xb4,
  0xa5, 0xef, 0xbc, 0x8c, 0xe5, 0x88, 0x87, 0xe6, 0x8d, 0xa2, 0xe5, 0x88,
  0xb0, 0x20, 0x53, 0x75, 0x72, 0x66, 0x61, 0x63, 0x65, 0x43, 0x6f, 0x6e,
  0x74, 0x72, 0x6f, 0x6c, 0x20, 0x41, 0x50, 0x49, 0x00, 0x3f, 0x5b, 0x53,
  0x63, 0x72, 0x65, 0x65, 0x6e, 0x43, 0x61, 0x70, 0x74, 0x75, 0x72, 0x65,
  0x53, 0x65, 0x72, 0x76, 0x69, 0x63, 0x65, 0x5d, 0x20, 0x56, 0x69, 0x72,
  0x74, 0x75, 0x61, 0x6c, 0x44, 0x69, 0x73, 0x70, 0x6c, 0x61, 0x79, 0x20,
  0xe5, 0x92, 0x8c, 0x20, 0x53, 0x75, 0x72, 0x66, 0x61, 0x63, 0x65, 0x43,
  0x6f, 0x6e, 0x74, 0x72, 0x6f, 0x6c, 0x20, 0x41, 0x50, 0x49, 0x20, 0xe9,
  0x83, 0xbd, 0xe5, 0xa4, 0xb1, 0xe8, 0xb4, 0xa5, 0xe4, 0xba, 0x86, 0x00,
  0x29, 0x5b, 0x53, 0x63, 0x72, 0x65, 0x65, 0x6e, 0x43, 0x61, 0x70, 0x74,
  0x75, 0x72, 0x65, 0x53, 0x65, 0x72, 0x76, 0x69, 0x63, 0x65, 0x5d, 0x20,
  0x56, 0x69, 0x72, 0x74, 0x75, 0x61, 0x6c, 0x44, 0x69, 0x73, 0x70, 0x6c,
  0x61, 0x79, 0x20, 0xe5, 0xb7, 0xb2, 0xe9, 0x87, 0x8a, 0xe6, 0x94, 0xbe,
  0x00, 0x35, 0x5b, 0x53, 0x63, 0x72, 0x65, 0x65, 0x6e, 0x43, 0x61, 0x70,
  0x74, 0x75, 0x72, 0x65, 0x53, 0x65, 0x72, 0x76, 0x69, 0x63, 0x65, 0x5d,
  0x20, 0xe4, 0xbd, 0xbf, 0xe7, 0x94, 0xa8, 0x20, 0x53, 0x75, 0x72, 0x66,
  0x61, 0x63, 0x65, 0x43, 0x6f, 0x6e, 0x74, 0x72, 0x6f, 0x6c, 0x20, 0x41,
  0x50, 0x49, 0x20, 0xe5, 0x90, 0xaf, 0xe5, 0x8a, 0xa8, 0xef, 0xbc, 0x88,
  0xe9, 0x99, 0x8d, 0xe7, 0xba, 0xa7, 0xe6, 0xa8, 0xa1, 0xe5, 0xbc, 0x8f,
  0xef, 0xbc, 0x89, 0x00, 0x20, 0x5b, 0x53, 0x63, 0x72, 0x65, 0x65, 0x6e,
  0x43, 0x61, 0x70, 0x74, 0x75, 0x72, 0x65, 0x53, 0x65, 0x72, 0x76, 0x69,
  0x63, 0x65, 0x5d, 0x20, 0xe5, 0x81, 0x9c, 0xe6, 0xad, 0xa2, 0xe9, 0x80,
  0x9a, 0xe4, 0xbf, 0xa1, 0xe9, 0x80, 0x9a, 0xe9, 0x81, 0x93, 0xe6, 0x97,
  0xb6, 0xe5, 0x87, 0xba, 0xe9, 0x94, 0x99, 0x00, 0x1f, 0x5b, 0x53, 0x63,
  0x72, 0x65, 0x65, 0x6e, 0x43, 0x61, 0x70, 0x74, 0x75, 0x72, 0x65, 0x53,
  0x65, 0x72, 0x76, 0x69, 0x63, 0x65, 0x5d, 0x20, 0xe5, 0x86, 0x99, 0xe5,
  0x85, 0xa5, 0xe9, 0x80, 0x9a, 0xe4, 0xbf, 0xa1, 0xe9, 0x80, 0x9a, 0xe9,
  0x81, 0x93, 0xe5, 0xa4, 0xb1, 0xe8, 0xb4, 0xa5, 0x00, 0x20, 0x5b, 0x53,
  0x63, 0x72, 0x65, 0x65, 0x6e, 0x43, 0x61, 0x70, 0x74, 0x75, 0x72, 0x65,
  0x53, 0x65, 0x72, 0x76, 0x69, 0x63, 0x65, 0x5d, 0x20, 0xe5, 0x86, 0x99,
  0xe5, 0x85, 0xa5, 0xe9, 0x80, 0x9a, 0xe4, 0xbf, 0xa1, 0xe9, 0x80, 0x9a,
  0xe9, 0x81, 0x93, 0xe6, 0x97, 0xb6, 0xe5, 0x87, 0xba, 0xe9, 0x94, 0x99,
  0x00, 0x1f, 0x5b, 0x53, 0x63, 0x72, 0x65, 0x65, 0x6e, 0x43, 0x61, 0x70,
  0x74, 0x75, 0x72, 0x65, 0x53, 0x65, 0x72, 0x76, 0x69, 0x63, 0x65, 0x5d,
  0x20, 0xe5, 0x88, 0x9b, 0xe5, 0xbb, 0xba, 0xe5, 0x90, 0x8e, 0xe5, 0x8f,
  0xb0, 0xe5, 0xa4, 0x84, 0xe7, 0x90, 0x86, 0xe7, 0xba, 0xbf, 0xe7, 0xa8,
  0x8b, 0x00, 0x1f, 0x5b, 0x53, 0x63, 0x72, 0x65, 0x65, 0x6e, 0x43, 0x61,
  0x70, 0x74, 0x75, 0x72, 0x65, 0x53, 0x65, 0x72, 0x76, 0x69, 0x63, 0x65,
  0x5d, 0x20, 0xe5, 0x88, 0x9b, 0xe5, 0xbb, 0xba, 0xe5, 0x90, 0x8e, 0xe5,
  0x8f, 0xb0, 0xe6, 0x8d, 0x95, 0xe8, 0x8e, 0xb7, 0xe7, 0xba, 0xbf, 0xe7,
  0xa8, 0x8b, 0x00, 0x1e, 0x5b, 0x53, 0x63, 0x72, 0x65, 0x65, 0x6e, 0x43,
  0x61, 0x70, 0x74, 0x75, 0x72, 0x65, 0x53, 0x65, 0x72, 0x76, 0x69, 0x63,
  0x65, 0x5d, 0x20, 0xe5, 0x88, 0x9b, 0xe5, 0xbb, 0xba, 0xe8, 0x99, 0x9a,
  0xe6, 0x8b, 0x9f, 0xe6, 0x98, 0xbe, 0xe7, 0xa4, 0xba, 0xe5, 0x99, 0xa8,
  0x00, 0x25, 0x5b, 0x53, 0x63, 0x72, 0x65, 0x65, 0x6e, 0x43, 0x61, 0x70,
  0x74, 0x75, 0x72, 0x65, 0x53, 0x65, 0x72, 0x76, 0x69, 0x63, 0x65, 0x5d,
  0x20, 0xe5, 0x88, 0x9d, 0xe5, 0xa7, 0x8b, 0xe5, 0x8c, 0x96, 0xe5, 0x8f,
  0xaf, 0xe9, 0x87, 0x8d, 0xe7, 0x94, 0xa8, 0xe7, 0xbc, 0x93, 0xe5, 0x86,
  0xb2, 0xe5, 0x8c, 0xba, 0xef, 0xbc, 0x8c, 0xe5, 0xa4, 0xa7, 0xe5, 0xb0,
  0x8f, 0x3a, 0x20, 0x00, 0x1f, 0x5b, 0x53, 0x63, 0x72, 0x65, 0x65, 0x6e,
  0x43, 0x61, 0x70, 0x74, 0x75, 0x72, 0x65, 0x53, 0x65, 0x72, 0x76, 0x69,
  0x63, 0x65, 0x5d, 0x20, 0xe5, 0x88, 0x9d, 0xe5, 0xa7, 0x8b, 0xe5, 0x8c,
  0x96, 0xe6, 0x98, 0xbe, 0xe7, 0xa4, 0xba, 0xe7, 0xae, 0xa1, 0xe7, 0x90,
  0x86, 0xe5, 0x99, 0xa8, 0x00, 0x1e, 0x5b, 0x53, 0x63, 0x72, 0x65, 0x65,
  0x6e, 0x43, 0x61, 0x70, 0x74, 0x75, 0x72, 0x65, 0x53, 0x65, 0x72, 0x76,
  0x69, 0x63, 0x65, 0x5d, 0x20, 0xe5, 0x90, 0x8e, 0xe5, 0x8f, 0xb0, 0xe7,
  0xba, 0xbf, 0xe7, 0xa8, 0x8b, 0xe5, 0xb7, 0xb2, 0xe5, 0x81, 0x9c, 0xe6,
  0xad, 0xa2, 0x00, 0x1f, 0x5b, 0x53, 0x63, 0x72, 0x65, 0x65, 0x6e, 0x43,
  0x61, 0x70, 0x74, 0x75, 0x72, 0x65, 0x53, 0x65, 0x72, 0x76, 0x69, 0x63,
  0x65, 0x5d, 0x20, 0xe5, 0x90, 0xaf, 0xe5, 0x8a, 0xa8, 0xe6, 0x8c, 0x81,
  0xe7, 0xbb, 0xad, 0xe6, 0x8d, 0x95, 0xe8, 0x8e, 0xb7, 0xe5, 0xbe, 0xaa,
  0xe7, 0x8e, 0xaf, 0x00, 0x2e, 0x5b, 0x53, 0x63, 0x72, 0x65, 0x65, 0x6e,
  0x43, 0x61, 0x70, 0x74, 0x75, 0x72, 0x65, 0x53, 0x65, 0x72, 0x76, 0x69,
  0x63, 0x65, 0x5d, 0x20, 0xe5, 0xb0, 0x9d, 0xe8, 0xaf, 0x95, 0xe4, 0xbd,
  0xbf, 0xe7, 0x94, 0xa8, 0x20, 0x56, 0x69, 0x72, 0x74, 0x75, 0x61, 0x6c,
  0x44, 0x69, 0x73, 0x70, 0x6c, 0x61, 0x79, 0x20, 0x41, 0x50, 0x49, 0x00,
  0x31, 0x5b, 0x53, 0x63, 0x72, 0x65, 0x65, 0x6e, 0x43, 0x61, 0x70, 0x74,
  0x75, 0x72, 0x65, 0x53, 0x65, 0x72, 0x76, 0x69, 0x63, 0x65, 0x5d, 0x20,
  0xe5, 0xb0, 0x9d, 0xe8, 0xaf, 0x95, 0xe4, 0xbd, 0xbf, 0xe7, 0x94, 0xa8,
  0x20, 0x56, 0x69, 0x72, 0x74, 0x75, 0x61, 0x6c, 0x44, 0x69, 0x73, 0x70,
  0x6c, 0x61, 0x79, 0x20, 0x41, 0x50, 0x49, 0x20, 0xe5, 0x90, 0xaf, 0xe5,
  0x8a, 0xa8, 0x00, 0x1d, 0x5b, 0x53, 0x63, 0x72, 0x65, 0x65, 0x6e, 0x43,
  0x61, 0x70, 0x74, 0x75, 0x72, 0x65, 0x53, 0x65, 0x72, 0x76, 0x69, 0x63,
  0x65, 0x5d, 0x20, 0xe5, 0xb1, 0x8f, 0xe5, 0xb9, 0x95, 0xe5, 0xb0, 0xba,
  0xe5, 0xaf, 0xb8, 0x3a, 0x20, 0x00, 0x22, 0x5b, 0x53, 0x63, 0x72, 0x65,
  0x65, 0x6e, 0x43, 0x61, 0x70, 0x74, 0x75, 0x72, 0x65, 0x53, 0x65, 0x72,
  0x76, 0x69, 0x63, 0x65, 0x5d, 0x20, 0xe5, 0xb1, 0x8f, 0xe5, 0xb9, 0x95,
  0xe6, 0x8d, 0x95, 0xe8, 0x8e, 0xb7, 0xe6, 0x9c, 0x8d, 0xe5, 0x8a, 0xa1,
  0xe5, 0x88, 0x9d, 0xe5, 0xa7, 0x8b, 0xe5, 0x8c, 0x96, 0xe5, 0xae, 0x8c,
  0xe6, 0x88, 0x90, 0x00, 0x21, 0x5b, 0x53, 0x63, 0x72, 0x65, 0x65, 0x6e,
  0x43, 0x61, 0x70, 0x74, 0x75, 0x72, 0x65, 0x53, 0x65, 0x72, 0x76, 0x69,
  0x63, 0x65, 0x5d, 0x20, 0xe5, 0xb1, 0x8f, 0xe5, 0xb9, 0x95, 0xe6, 0x8d,
  0x95, 0xe8, 0x8e, 0xb7, 0xe6, 0x9c, 0x8d, 0xe5, 0x8a, 0xa1, 0xe5, 0x90,
  0xaf, 0xe5, 0x8a, 0xa8, 0xe5, 0xa4, 0xb1, 0xe8, 0xb4, 0xa5, 0x00, 0x21,
  0x5b, 0x53, 0x63, 0x72, 0x65, 0x65, 0x6e, 0x43, 0x61, 0x70, 0x74, 0x75,
  0x72, 0x65, 0x53, 0x65, 0x72, 0x76, 0x69, 0x63, 0x65, 0x5d, 0x20, 0xe5,
  0xb1, 0x8f, 0xe5, 0xb9, 0x95, 0xe6, 0x8d, 0x95, 0xe8, 0x8e, 0xb7, 0xe6,
  0x9c, 0x8d, 0xe5, 0x8a, 0xa1, 0xe5, 0x90, 0xaf, 0xe5, 0x8a, 0xa8, 0xe5,
  0xae, 0x8c, 0xe6, 0x88, 0x90, 0x00, 0x20, 0x5b, 0x53, 0x63, 0x72, 0x65,
  0x65, 0x6e, 0x43, 0x61, 0x70, 0x74, 0x75, 0x72, 0x65, 0x53, 0x65, 0x72,
  0x76, 0x69, 0x63, 0x65, 0x5d, 0x20, 0xe5, 0xb1, 0x8f, 0xe5, 0xb9, 0x95,
  0xe6, 0x8d, 0x95, 0xe8, 0x8e, 0xb7, 0xe6, 0x9c, 0x8d, 0xe5, 0x8a, 0xa1,
  0xe5, 0xb7, 0xb2, 0xe5, 0x81, 0x9c, 0xe6, 0xad, 0xa2, 0x00, 0x22, 0x5b,
  0x53, 0x63, 0x72, 0x65, 0x65, 0x6e, 0x43, 0x61, 0x70, 0x74, 0x75, 0x72,
  0x65, 0x53, 0x65, 0x72, 0x76, 0x69, 0x63, 0x65, 0x5d, 0x20, 0xe5, 0xb1,
  0x8f, 0xe5, 0xb9, 0x95, 0xe6, 0x8d, 0x95, 0xe8, 0x8e, 0xb7, 0xe6, 0x9c,
  0x8d, 0xe5, 0x8a, 0xa1, 0xe5, 0xb7, 0xb2, 0xe5, 0x9c, 0xa8, 0xe8, 0xbf,
  0x90, 0xe8, 0xa1, 0x8c, 0xe4, 0xb8, 0xad, 0x00, 0x21, 0x5b, 0x53, 0x63,
  0x72, 0x65, 0x65, 0x6e, 0x43, 0x61, 0x70, 0x74, 0x75, 0x72, 0x65, 0x53,
  0x65, 0x72, 0x76, 0x69, 0x63, 0x65, 0x5d, 0x20, 0xe5, 0xb1, 0x8f, 0xe5,
  0xb9, 0x95, 0xe6, 0x8d, 0x95, 0xe8, 0x8e, 0xb7, 0xe6, 0x9c, 0x8d, 0xe5,
  0x8a, 0xa1, 0xe6, 0x9c, 0xaa, 0xe5, 0x9c, 0xa8, 0xe8, 0xbf, 0x90, 0xe8,
  0xa1, 0x8c, 0x00, 0x22, 0x5b, 0x53, 0x63, 0x72, 0x65, 0x65, 0x6e, 0x43,
  0x61, 0x70, 0x74, 0x75, 0x72, 0x65, 0x53, 0x65, 0x72, 0x76, 0x69, 0x63,
  0x65, 0x5d, 0x20, 0xe6, 0x88, 0x90, 0xe5, 0x8a, 0x9f, 0xe5, 0x86, 0x99,
  0xe5, 0x85, 0xa5, 0xe5, 0x88, 0xb0, 0xe9, 0x80, 0x9a, 0xe4, 0xbf, 0xa1,
  0xe9, 0x80, 0x9a, 0xe9, 0x81, 0x93, 0x20, 0x28, 0x00, 0x24, 0x5b, 0x53,
  0x63, 0x72, 0x65, 0x65, 0x6e, 0x43, 0x61, 0x70, 0x74, 0x75, 0x72, 0x65,
  0x53, 0x65, 0x72, 0x76, 0x69, 0x63, 0x65, 0x5d, 0x20, 0xe6, 0x97, 0xa0,
  0xe6, 0xb3, 0x95, 0xe8, 0x8e, 0xb7, 0xe5, 0x8f, 0x96, 0xe6, 0x98, 0xbe,
  0xe7, 0xa4, 0xba, 0xe5, 0x99, 0xa8, 0x20, 0x30, 0x20, 0xe7, 0x9a, 0x84,
  0xe4, 0xbf, 0xa1, 0xe6, 0x81, 0xaf, 0x00, 0x21, 0x5b, 0x53, 0x63, 0x72,
  0x65, 0x65, 0x6e, 0x43, 0x61, 0x70, 0x74, 0x75, 0x72, 0x65, 0x53, 0x65,
  0x72, 0x76, 0x69, 0x63, 0x65, 0x5d, 0x20, 0xe6, 0x98, 0xbe, 0xe7, 0xa4,
  0xba, 0xe7, 0xae, 0xa1, 0xe7, 0x90, 0x86, 0xe5, 0x99, 0xa8, 0xe5, 0x88,
  0x9d, 0xe5, 0xa7, 0x8b, 0xe5, 0x8c, 0x96, 0xe5, 0xa4, 0xb1, 0xe8, 0xb4,
  0xa5, 0x00, 0x1f, 0x5b, 0x53, 0x63, 0x72, 0x65, 0x65, 0x6e, 0x43, 0x61,
  0x70, 0x74, 0x75, 0x72, 0x65, 0x53, 0x65, 0x72, 0x76, 0x69, 0x63, 0x65,
  0x5d, 0x20, 0xe6, 0xad, 0xa3, 0xe5, 0x9c, 0xa8, 0xe5, 0x81, 0x9c, 0xe6,
  0xad, 0xa2, 0xe5, 0x90, 0x8e, 0xe5, 0x8f, 0xb0, 0xe7, 0xba, 0xbf, 0xe7,
  0xa8, 0x8b, 0x00, 0x24, 0x5b, 0x53, 0x63, 0x72, 0x65, 0x65, 0x6e, 0x43,
  0x61, 0x70, 0x74, 0x75, 0x72, 0x65, 0x53, 0x65, 0x72, 0x76, 0x69, 0x63,
  0x65, 0x5d, 0x20, 0xe6, 0xad, 0xa3, 0xe5, 0x9c, 0xa8, 0xe5, 0x81, 0x9c,
  0xe6, 0xad, 0xa2, 0xe5, 0xb1, 0x8f, 0xe5, 0xb9, 0x95, 0xe6, 0x8d, 0x95,
  0xe8, 0x8e, 0xb7, 0xe6, 0x9c, 0x8d, 0xe5, 0x8a, 0xa1, 0x2e, 0x2e, 0x2e,
  0x00, 0x1f, 0x5b, 0x53, 0x63, 0x72, 0x65, 0x65, 0x6e, 0x43, 0x61, 0x70,
  0x74, 0x75, 0x72, 0x65, 0x53, 0x65, 0x72, 0x76, 0x69, 0x63, 0x65, 0x5d,
  0x20, 0xe6, 0xad, 0xa3, 0xe5, 0x9c, 0xa8, 0xe5, 0x81, 0x9c, 0xe6, 0xad,
  0xa2, 0xe9, 0x80, 0x9a, 0xe4, 0xbf, 0xa1, 0xe9, 0x80, 0x9a, 0xe9, 0x81,
  0x93, 0x00, 0x24, 0x5b, 0x53, 0x63, 0x72, 0x65, 0x65, 0x6e, 0x43, 0x61,
  0x70, 0x74, 0x75, 0x72, 0x65, 0x53, 0x65, 0x72, 0x76, 0x69, 0x63, 0x65,
  0x5d, 0x20, 0xe6, 0xad, 0xa3, 0xe5, 0x9c, 0xa8, 0xe5, 0x90, 0xaf, 0xe5,
  0x8a, 0xa8, 0xe5, 0xb1, 0x8f, 0xe5, 0xb9, 0x95, 0xe6, 0x8d, 0x95, 0xe8,
  0x8e, 0xb7, 0xe6, 0x9c, 0x8d, 0xe5, 0x8a, 0xa1, 0x2e, 0x2e, 0x2e, 0x00,
  0x23, 0x5b, 0x53, 0x63, 0x72, 0x65, 0x65, 0x6e, 0x43, 0x61, 0x70, 0x74,
  0x75, 0x72, 0x65, 0x53, 0x65, 0x72, 0x76, 0x69, 0x63, 0x65, 0x5d, 0x20,
  0xe7, 0xad, 0x89, 0xe5, 0xbe, 0x85, 0xe5, 0x90, 0x8e, 0xe5, 0x8f, 0xb0,
  0xe7, 0xba, 0xbf, 0xe7, 0xa8, 0x8b, 0xe5, 0x81, 0x9c, 0xe6, 0xad, 0xa2,
  0xe6, 0x97, 0xb6, 0xe8, 0xa2, 0xab, 0xe4, 0xb8, 0xad, 0xe6, 0x96, 0xad,
  0x00, 0x27, 0x5b, 0x53, 0x63, 0x72, 0x65, 0x65, 0x6e, 0x43, 0x61, 0x70,
  0x74, 0x75, 0x72, 0x65, 0x53, 0x65, 0x72, 0x76, 0x69, 0x63, 0x65, 0x5d,
  0x20, 0xe8, 0x8e, 0xb7, 0xe5, 0x8f, 0x96, 0xe6, 0x98, 0xbe, 0xe7, 0xa4,
  0xba, 0xe5, 0x99, 0xa8, 0xe4, 0xbf, 0xa1, 0xe6, 0x81, 0xaf, 0xef, 0xbc,
  0x8c, 0xe6, 0x98, 0xbe, 0xe7, 0xa4, 0xba, 0xe5, 0x99, 0xa8, 0x49, 0x44,
  0x3a, 0x20, 0x30, 0x00, 0x20, 0x5b, 0x53, 0x63, 0x72, 0x65, 0x65, 0x6e,
  0x43, 0x61, 0x70, 0x74, 0x75, 0x72, 0x65, 0x53, 0x65, 0x72, 0x76, 0x69,
  0x63, 0x65, 0x5d, 0x20, 0xe8, 0x99, 0x9a, 0xe6, 0x8b, 0x9f, 0xe6, 0x98,
  0xbe, 0xe7, 0xa4, 0xba, 0xe5, 0x99, 0xa8, 0xe5, 0x88, 0x9b, 0xe5, 0xbb,
  0xba, 0xe5, 0xa4, 0xb1, 0xe8, 0xb4, 0xa5, 0x00, 0x20, 0x5b, 0x53, 0x63,
  0x72, 0x65, 0x65, 0x6e, 0x43, 0x61, 0x70, 0x74, 0x75, 0x72, 0x65, 0x53,
  0x65, 0x72, 0x76, 0x69, 0x63, 0x65, 0x5d, 0x20, 0xe8, 0x99, 0x9a, 0xe6,
  0x8b, 0x9f, 0xe6, 0x98, 0xbe, 0xe7, 0xa4, 0xba, 0xe5, 0x99, 0xa8, 0xe5,
  0x88, 0x9b, 0xe5, 0xbb, 0xba, 0xe6, 0x88, 0x90, 0xe5, 0x8a, 0x9f, 0x00,
  0x20, 0x5b, 0x53, 0x63, 0x72, 0x65, 0x65, 0x6e, 0x43, 0x61, 0x70, 0x74,
  0x75, 0x72, 0x65, 0x53, 0x65, 0x72, 0x76, 0x69, 0x63, 0x65, 0x5d, 0x20,
  0xe8, 0xae, 0xbe, 0xe7, 0xbd, 0xae, 0xe5, 0x9b, 0xbe, 0xe5, 0x83, 0x8f,
  0xe5, 0x9b, 0x9e, 0xe8, 0xb0, 0x83, 0xe7, 0x9b, 0x91, 0xe5, 0x90, 0xac,
  0xe5, 0x99, 0xa8, 0x00, 0x1f, 0x5b, 0x53, 0x63, 0x72, 0x65, 0x65, 0x6e,
  0x43, 0x61, 0x70, 0x74, 0x75, 0x72, 0x65, 0x53, 0x65, 0x72, 0x76, 0x69,
  0x63, 0x65, 0x5d, 0x20, 0xe9, 0x80, 0x9a, 0xe4, 0xbf, 0xa1, 0xe9, 0x80,
  0x9a, 0xe9, 0x81, 0x93, 0xe5, 0x90, 0xaf, 0xe5, 0x8a, 0xa8, 0xe5, 0xa4,
  0xb1, 0xe8, 0xb4, 0xa5, 0x00, 0x1f, 0x5b, 0x53, 0x63, 0x72, 0x65, 0x65,
  0x6e, 0x43, 0x61, 0x70, 0x74, 0x75, 0x72, 0x65, 0x53, 0x65, 0x72, 0x76,
  0x69, 0x63, 0x65, 0x5d, 0x20, 0xe9, 0x80, 0x9a, 0xe4, 0xbf, 0xa1, 0xe9,
  0x80, 0x9a, 0xe9, 0x81, 0x93, 0xe5, 0x90, 0xaf, 0xe5, 0x8a, 0xa8, 0xe6,
  0x88, 0x90, 0xe5, 0x8a, 0x9f, 0x00, 0x1e, 0x5b, 0x53, 0x63, 0x72, 0x65,
  0x65, 0x6e, 0x43, 0x61, 0x70, 0x74, 0x75, 0x72, 0x65, 0x53, 0x65, 0x72,
  0x76, 0x69, 0x63, 0x65, 0x5d, 0x20, 0xe9, 0x80, 0x9a, 0xe4, 0xbf, 0xa1,
  0xe9, 0x80, 0x9a, 0xe9, 0x81, 0x93, 0xe5, 0xb7, 0xb2, 0xe5, 0x81, 0x9c,
  0xe6, 0xad, 0xa2, 0x00, 0x2c, 0x5b, 0x53, 0x63, 0x72, 0x65, 0x65, 0x6e,
  0x43, 0x61, 0x70, 0x74, 0x75, 0x72, 0x65, 0x53, 0x65, 0x72, 0x76, 0x69,
  0x63, 0x65, 0x5d, 0x20, 0xe9, 0x87, 0x8a, 0xe6, 0x94, 0xbe, 0x20, 0x56,
  0x69, 0x72, 0x74, 0x75, 0x61, 0x6c, 0x44, 0x69, 0x73, 0x70, 0x6c, 0x61,
  0x79, 0x20, 0xe6, 0x97, 0xb6, 0xe5, 0x87, 0xba, 0xe9, 0x94, 0x99, 0x00,
  0x21, 0x5b, 0x53, 0x75, 0x72, 0x66, 0x61, 0x63, 0x65, 0x43, 0x6f, 0x6e,
  0x74, 0x72, 0x6f, 0x6c, 0x5d, 0x20, 0x49, 0x6d, 0x61, 0x67, 0x65, 0x52,
  0x65, 0x61, 0x64, 0x65, 0x72, 0x20, 0xe5, 0x88, 0x9b, 0xe5, 0xbb, 0xba,
  0xe5, 0xa4, 0xb1, 0xe8, 0xb4, 0xa5, 0x00, 0x28, 0x5b, 0x53, 0x75, 0x72,
  0x66, 0x61, 0x63, 0x65, 0x43, 0x6f, 0x6e, 0x74, 0x72, 0x6f, 0x6c, 0x5d,
  0x20, 0x49, 0x6d, 0x61, 0x67, 0x65, 0x52, 0x65, 0x61, 0x64, 0x65, 0x72,
  0x20, 0xe5, 0x88, 0x9b, 0xe5, 0xbb, 0xba, 0xe6, 0x88, 0x90, 0xe5, 0x8a,
  0x9f, 0xef, 0xbc, 0x8c, 0xe5, 0xbc, 0x80, 0xe5, 0xa7, 0x8b, 0xe5, 0xa4,
  0x8d, 0xe7, 0x94, 0xa8, 0xe6, 0xa8, 0xa1, 0xe5, 0xbc, 0x8f, 0x00, 0x26,
  0x5b, 0x53, 0x75, 0x72, 0x66, 0x61, 0x63, 0x65, 0x43, 0x6f, 0x6e, 0x74,
  0x72, 0x6f, 0x6c, 0x5d, 0x20, 0x53, 0x75, 0x72, 0x66, 0x61, 0x63, 0x65,
  0x43, 0x6f, 0x6e, 0x74, 0x72, 0x6f, 0x6c, 0x20, 0xe6, 0x8d, 0x95, 0xe8,
  0x8e, 0xb7, 0xe5, 0xbe, 0xaa, 0xe7, 0x8e, 0xaf, 0xe5, 0x87, 0xba, 0xe9,
  0x94, 0x99, 0x00, 0x26, 0x5b, 0x53, 0x75, 0x72, 0x66, 0x61, 0x63, 0x65,
  0x43, 0x6f, 0x6e, 0x74, 0x72, 0x6f, 0x6c, 0x5d, 0x20, 0x53, 0x75, 0x72,
  0x66, 0x61, 0x63, 0x65, 0x43, 0x6f, 0x6e, 0x74, 0x72, 0x6f, 0x6c, 0x20,
  0xe6, 0x8d, 0x95, 0xe8, 0x8e, 0xb7, 0xe5, 0xbe, 0xaa, 0xe7, 0x8e, 0xaf,
  0xe7, 0xbb, 0x93, 0xe6, 0x9d, 0x9f, 0x00, 0x27, 0x5b, 0x53, 0x75, 0x72,
  0x66, 0x61, 0x63, 0x65, 0x43, 0x6f, 0x6e, 0x74, 0x72, 0x6f, 0x6c, 0x5d,
  0x20, 0x53, 0x75, 0x72, 0x66, 0x61, 0x63, 0x65, 0x43, 0x6f, 0x6e, 0x74,
  0x72, 0x6f, 0x6c, 0x20, 0xe6, 0x8d, 0x95, 0xe8, 0x8e, 0xb7, 0xe5, 0xbe,
  0xaa, 0xe7, 0x8e, 0xaf, 0xe8, 0xa2, 0xab, 0xe4, 0xb8, 0xad, 0xe6, 0x96,
  0xad, 0x00, 0x2a, 0x5b, 0x53, 0x75, 0x72, 0x66, 0x61, 0x63, 0x65, 0x43,
  0x6f, 0x6e, 0x74, 0x72, 0x6f, 0x6c, 0x5d, 0x20, 0xe5, 0xbc, 0x80, 0xe5,
  0xa7, 0x8b, 0xe4, 0xbc, 0x98, 0xe5, 0x8c, 0x96, 0xe7, 0x9a, 0x84, 0x20,
  0x53, 0x75, 0x72, 0x66, 0x61, 0x63, 0x65, 0x43, 0x6f, 0x6e, 0x74, 0x72,
  0x6f, 0x6c, 0x20, 0xe6, 0x8d, 0x95, 0xe8, 0x8e, 0xb7, 0xe5, 0xbe, 0xaa,
  0xe7, 0x8e, 0xaf, 0x00, 0x1a, 0x5b, 0x53, 0x75, 0x72, 0x66, 0x61, 0x63,
  0x65, 0x43, 0x6f, 0x6e, 0x74, 0x72, 0x6f, 0x6c, 0x5d, 0x20, 0xe8, 0x99,
  0x9a, 0xe6, 0x8b, 0x9f, 0xe6, 0x98, 0xbe, 0xe7, 0xa4, 0xba, 0xe5, 0x99,
  0xa8, 0xe5, 0x88, 0x9b, 0xe5, 0xbb, 0xba, 0xe5, 0xa4, 0xb1, 0xe8, 0xb4,
  0xa5, 0x00, 0x1b, 0x5b, 0x53, 0x75, 0x72, 0x66, 0x61, 0x63, 0x65, 0x43,
  0x6f, 0x6e, 0x74, 0x72, 0x6f, 0x6c, 0x5d, 0x20, 0xe8, 0x99, 0x9a, 0xe6,
  0x8b, 0x9f, 0xe6, 0x98, 0xbe, 0xe7, 0xa4, 0xba, 0xe9, 0x87, 0x8d, 0xe6,
  0x96, 0xb0, 0xe8, 0xae, 0xbe, 0xe7, 0xbd, 0xae, 0xe5, 0xae, 0x8c, 0xe6,
  0x88, 0x90, 0x00, 0x0b, 0x5b, 0x6b, 0x2d, 0x73, 0x65, 0x72, 0x76, 0x65,
  0x72, 0x5d, 0x20, 0x00, 0x12, 0x5b, 0x6b, 0x2d, 0x73, 0x65, 0x72, 0x76,
  0x65, 0x72, 0x5d, 0x20, 0x44, 0x45, 0x42, 0x55, 0x47, 0x3a, 0x20, 0x00,
  0x12, 0x5b, 0x6b, 0x2d, 0x73, 0x65, 0x72, 0x76, 0x65, 0x72, 0x5d, 0x20,
  0x45, 0x52, 0x52, 0x4f, 0x52, 0x3a, 0x20, 0x00, 0x11, 0x5b, 0x6b, 0x2d,
  0x73, 0x65, 0x72, 0x76, 0x65, 0x72, 0x5d, 0x20, 0x49, 0x4e, 0x46, 0x4f,
  0x3a, 0x20, 0x00, 0x14, 0x5b, 0x6b, 0x2d, 0x73, 0x65, 0x72, 0x76, 0x65,
  0x72, 0x5d, 0x20, 0x56, 0x45, 0x52, 0x42, 0x4f, 0x53, 0x45, 0x3a, 0x20,
  0x00, 0x11, 0x5b, 0x6b, 0x2d, 0x73, 0x65, 0x72, 0x76, 0x65, 0x72, 0x5d,
  0x20, 0x57, 0x41, 0x52, 0x4e, 0x3a, 0x20, 0x00, 0x0d, 0x5b, 0xe5, 0xb8,
  0xa7, 0xe5, 0xa4, 0x84, 0xe7, 0x90, 0x86, 0x5d, 0x20, 0xe5, 0x85, 0xb3,
  0xe9, 0x97, 0xad, 0xe5, 0x9b, 0xbe, 0xe5, 0x83, 0x8f, 0xe6, 0x97, 0xb6,
  0xe5, 0x87, 0xba, 0xe9, 0x94, 0x99, 0x00, 0x10, 0x5b, 0xe5, 0xb8, 0xa7,
  0xe5, 0xa4, 0x84, 0xe7, 0x90, 0x86, 0x5d, 0x20, 0xe5, 0x9b, 0x9e, 0xe8,
  0xb0, 0x83, 0xe4, 0xb8, 0xad, 0xe5, 0xa4, 0x84, 0xe7, 0x90, 0x86, 0xe5,
  0x9b, 0xbe, 0xe5, 0x83, 0x8f, 0xe6, 0x97, 0xb6, 0xe5, 0x87, 0xba, 0xe9,
  0x94, 0x99, 0x00, 0x09, 0x5b, 0xe5, 0xb8, 0xa7, 0xe5, 0xa4, 0x84, 0xe7,
  0x90, 0x86, 0x5d, 0x20, 0xe8, 0x80, 0x97, 0xe6, 0x97, 0xb6, 0x20, 0x00,
  0x0e, 0x5b, 0xe6, 0x95, 0xb0, 0xe6, 0x8d, 0xae, 0xe5, 0xa4, 0x84, 0xe7,
  0x90, 0x86, 0x5d, 0x20, 0xe5, 0x9b, 0xbe, 0xe5, 0x83, 0x8f, 0xe7, 0xbc,
  0x93, 0xe5, 0x86, 0xb2, 0xe5, 0x8c, 0xba, 0xe4, 0xb8, 0xba, 0xe7, 0xa9,
  0xba, 0x00, 0x10, 0x5b, 0xe6, 0x95, 0xb0, 0xe6, 0x8d, 0xae, 0xe5, 0xa4,
  0x84, 0xe7, 0x90, 0x86, 0x5d, 0x20, 0xe5, 0xa4, 0x84, 0xe7, 0x90, 0x86,
  0xe5, 0x9b, 0xbe, 0xe5, 0x83, 0x8f, 0xe6, 0x95, 0xb0, 0xe6, 0x8d, 0xae,
  0xe6, 0x97, 0xb6, 0xe5, 0x87, 0xba, 0xe9, 0x94, 0x99, 0x00, 0x29, 0x5b,
  0xe6, 0x98, 0xbe, 0xe7, 0xa4, 0xba, 0x5d, 0x20, 0x53, 0x75, 0x72, 0x66,
  0x61, 0x63, 0x65, 0x43, 0x6f, 0x6e, 0x74, 0x72, 0x6f, 0x6c, 0x2e, 0x63,
  0x72, 0x65, 0x61, 0x74, 0x65, 0x44, 0x69, 0x73, 0x70, 0x6c, 0x61, 0x79,
  0x20, 0xe8, 0xbf, 0x94, 0xe5, 0x9b, 0x9e, 0x20, 0x6e, 0x75, 0x6c, 0x6c,
  0x00, 0x13, 0x5b, 0xe6, 0x98, 0xbe, 0xe7, 0xa4, 0xba, 0x5d, 0x20, 0xe5,
  0x88, 0x9b, 0xe5, 0xbb, 0xba, 0xe8, 0x99, 0x9a, 0xe6, 0x8b, 0x9f, 0xe6,
  0x98, 0xbe, 0xe7, 0xa4, 0xba, 0xe5, 0x99, 0xa8, 0xef, 0xbc, 0x8c, 0xe5,
  0xae, 0x89, 0xe5, 0x85, 0xa8, 0xe6, 0xa8, 0xa1, 0xe5, 0xbc, 0x8f, 0x3a,
  0x20, 0x00, 0x0e, 0x5b, 0xe6, 0x98, 0xbe, 0xe7, 0xa4, 0xba, 0x5d, 0x20,
  0xe8, 0x99, 0x9a, 0xe6, 0x8b, 0x9f, 0xe6, 0x98, 0xbe, 0xe7, 0xa4, 0xba,
  0xe5, 0x99, 0xa8, 0xe5, 0x88, 0x9b, 0xe5, 0xbb, 0xba, 0xe5, 0xa4, 0xb1,
  0xe8, 0xb4, 0xa5, 0x00, 0x0e, 0x5b, 0xe6, 0x98, 0xbe, 0xe7, 0xa4, 0xba,
  0x5d, 0x20, 0xe8, 0x99, 0x9a, 0xe6, 0x8b, 0x9f, 0xe6, 0x98, 0xbe, 0xe7,
  0xa4, 0xba, 0xe5, 0x99, 0xa8, 0xe5, 0x88, 0x9b, 0xe5, 0xbb, 0xba, 0xe6,
  0x88, 0x90, 0xe5, 0x8a, 0x9f, 0x00, 0x14, 0x5b, 0xe6, 0xb8, 0x85, 0xe7,
  0x90, 0x86, 0x5d, 0x20, 0x49, 0x6d, 0x61, 0x67, 0x65, 0x52, 0x65, 0x61,
  0x64, 0x65, 0x72, 0x20, 0xe5, 0xb7, 0xb2, 0xe5, 0x85, 0xb3, 0xe9, 0x97,
  0xad, 0x00, 0x17, 0x5b, 0xe6, 0xb8, 0x85, 0xe7, 0x90, 0x86, 0x5d, 0x20,
  0xe5, 0x85, 0xb3, 0xe9, 0x97, 0xad, 0x20, 0x49, 0x6d, 0x61, 0x67, 0x65,
  0x52, 0x65, 0x61, 0x64, 0x65, 0x72, 0x20, 0xe6, 0x97, 0xb6, 0xe5, 0x87,
  0xba, 0xe9, 0x94, 0x99, 0x00, 0x0d, 0x5b, 0xe6, 0xb8, 0x85, 0xe7, 0x90,
  0x86, 0x5d, 0x20, 0xe8, 0x99, 0x9a, 0xe6, 0x8b, 0x9f, 0xe6, 0x98, 0xbe,
  0xe7, 0xa4, 0xba, 0xe5, 0x99, 0xa8, 0xe5, 0xb7, 0xb2, 0xe9, 0x94, 0x80,
  0xe6, 0xaf, 0x81, 0x00, 0x0c, 0x5b, 0xe6, 0xb8, 0x85, 0xe7, 0x90, 0x86,
  0x5d, 0x20, 0xe8, 0x99, 0x9a, 0xe6, 0x8b, 0x9f, 0xe6, 0x98, 0xbe, 0xe7,
  0xa4, 0xba, 0xe5, 0xb7, 0xb2, 0xe9, 0x94, 0x80, 0xe6, 0xaf, 0x81, 0x00,
  0x0f, 0x5b, 0xe6, 0xb8, 0x85, 0xe7, 0x90, 0x86, 0x5d, 0x20, 0xe9, 0x94,
  0x80, 0xe6, 0xaf, 0x81, 0xe8, 0x99, 0x9a, 0xe6, 0x8b, 0x9f, 0xe6, 0x98,
  0xbe, 0xe7, 0xa4, 0xba, 0xe5, 0x99, 0xa8, 0xe6, 0x97, 0xb6, 0xe5, 0x87,
  0xba, 0xe9, 0x94, 0x99, 0x00, 0x0e, 0x5b, 0xe6, 0xb8, 0x85, 0xe7, 0x90,
  0x86, 0x5d, 0x20, 0xe9, 0x94, 0x80, 0xe6, 0xaf, 0x81, 0xe8, 0x99, 0x9a,
  0xe6, 0x8b, 0x9f, 0xe6, 0x98, 0xbe, 0xe7, 0xa4, 0xba, 0xe6, 0x97, 0xb6,
  0xe5, 0x87, 0xba, 0xe9, 0x94, 0x99, 0x00, 0x05, 0x5d, 0x20, 0x3d, 0x20,
  0x27, 0x00, 0x0a, 0x61, 0x63, 0x63, 0x65, 0x73, 0x73, 0x24, 0x30, 0x30,
  0x30, 0x00, 0x0a, 0x61, 0x63, 0x63, 0x65, 0x73, 0x73, 0x24, 0x31, 0x30,
  0x30, 0x00, 0x0a, 0x61, 0x63, 0x63, 0x65, 0x73, 0x73, 0x24, 0x32, 0x30,
  0x30, 0x00, 0x0b, 0x61, 0x63, 0x63, 0x65, 0x73, 0x73, 0x46, 0x6c, 0x61,
  0x67, 0x73, 0x00, 0x12, 0x61, 0x63, 0x71, 0x75, 0x69, 0x72, 0x65, 0x4c,
  0x61, 0x74, 0x65, 0x73, 0x74, 0x49, 0x6d, 0x61, 0x67, 0x65, 0x00, 0x0e,
  0x61, 0x63, 0x74, 0x69, 0x76, 0x69, 0x74, 0x79, 0x54, 0x68, 0x72, 0x65,
  0x61, 0x64, 0x00, 0x13, 0x61, 0x63, 0x74, 0x69, 0x76, 0x69, 0x74, 0x79,
  0x54, 0x68, 0x72, 0x65, 0x61, 0x64, 0x43, 0x6c, 0x61, 0x73, 0x73, 0x00,
  0x07, 0x61, 0x6e, 0x64, 0x72, 0x6f, 0x69, 0x64, 0x00, 0x1a, 0x61, 0x6e,
  0x64, 0x72, 0x6f, 0x69, 0x64, 0x2e, 0x61, 0x70, 0x70, 0x2e, 0x41, 0x63,
  0x74, 0x69, 0x76, 0x69, 0x74, 0x79, 0x54, 0x68, 0x72, 0x65, 0x61, 0x64,
  0x00, 0x2d, 0x61, 0x6e, 0x64, 0x72, 0x6f, 0x69, 0x64, 0x2e, 0x68, 0x61,
  0x72, 0x64, 0x77, 0x61, 0x72, 0x65, 0x2e, 0x64, 0x69, 0x73, 0x70, 0x6c,
  0x61, 0x79, 0x2e, 0x44, 0x69, 0x73, 0x70, 0x6c, 0x61, 0x79, 0x4d, 0x61,
  0x6e, 0x61, 0x67, 0x65, 0x72, 0x47, 0x6c, 0x6f, 0x62, 0x61, 0x6c, 0x00,
  0x1b, 0x61, 0x6e, 0x64, 0x72, 0x6f, 0x69, 0x64, 0x2e, 0x76, 0x69, 0x65,
  0x77, 0x2e, 0x53, 0x75, 0x72, 0x66, 0x61, 0x63, 0x65, 0x43, 0x6f, 0x6e,
  0x74, 0x72, 0x6f, 0x6c, 0x00, 0x06, 0x61, 0x70, 0x70, 0x65, 0x6e, 0x64,
  0x00, 0x03, 0x61, 0x72, 0x67, 0x00, 0x04, 0x61, 0x72, 0x67, 0x73, 0x00,
  0x09, 0x61, 0x72, 0x72, 0x61, 0x79, 0x63, 0x6f, 0x70, 0x79, 0x00, 0x01,
  0x62, 0x00, 0x11, 0x62, 0x61, 0x63, 0x6b, 0x67, 0x72, 0x6f, 0x75, 0x6e,
  0x64, 0x48, 0x61, 0x6e, 0x64, 0x6c, 0x65, 0x72, 0x00, 0x10, 0x62, 0x61,
  0x63, 0x6b, 0x67, 0x72, 0x6f, 0x75, 0x6e, 0x64, 0x54, 0x68, 0x72, 0x65,
  0x61, 0x64, 0x00, 0x06, 0x62, 0x75, 0x66, 0x66, 0x65, 0x72, 0x00, 0x05,
  0x62, 0x75, 0x69, 0x6c, 0x64, 0x00, 0x07, 0x62, 0x75, 0x69, 0x6c, 0x64,
  0x65, 0x72, 0x00, 0x05, 0x63, 0x6c, 0x61, 0x7a, 0x7a, 0x00, 0x0d, 0x63,
  0x6c, 0x65, 0x61, 0x6e, 0x44, 0x61, 0x74, 0x61, 0x53, 0x69, 0x7a, 0x65,
  0x00, 0x07, 0x63, 0x6c, 0x65, 0x61, 0x6e, 0x75, 0x70, 0x00, 0x1e, 0x63,
  0x6c, 0x65, 0x61, 0x6e, 0x75, 0x70, 0x53, 0x75, 0x72, 0x66, 0x61, 0x63,
  0x65, 0x43, 0x6f, 0x6e, 0x74, 0x72, 0x6f, 0x6c, 0x52, 0x65, 0x73, 0x6f,
  0x75, 0x72, 0x63, 0x65, 0x73, 0x00, 0x15, 0x63, 0x6c, 0x65, 0x61, 0x6e,
  0x75, 0x70, 0x56, 0x69, 0x72, 0x74, 0x75, 0x61, 0x6c, 0x44, 0x69, 0x73,
  0x70, 0x6c, 0x61, 0x79, 0x00, 0x05, 0x63, 0x6c, 0x6f, 0x6e, 0x65, 0x00,
  0x05, 0x63, 0x6c, 0x6f, 0x73, 0x65, 0x00, 0x10, 0x63, 0x6c, 0x6f, 0x73,
  0x65, 0x54, 0x72, 0x61, 0x6e, 0x73, 0x61, 0x63, 0x74, 0x69, 0x6f, 0x6e,
  0x00, 0x03, 0x63, 0x6c, 0x73, 0x00, 0x11, 0x63, 0x6f, 0x6d, 0x2e, 0x61,
  0x6e, 0x64, 0x72, 0x6f, 0x69, 0x64, 0x2e, 0x73, 0x68, 0x65, 0x6c, 0x6c,
  0x00, 0x08, 0x63, 0x6f, 0x6d, 0x6d, 0x4d, 0x6f, 0x64, 0x65, 0x00, 0x06,
  0x63, 0x6f, 0x6e, 0x66, 0x69, 0x67, 0x00, 0x07, 0x63, 0x6f, 0x6e, 0x6e,
  0x65, 0x63, 0x74, 0x00, 0x06, 0x63, 0x72, 0x65, 0x61, 0x74, 0x65, 0x00,
  0x0d, 0x63, 0x72, 0x65, 0x61, 0x74, 0x65, 0x44, 0x69, 0x73, 0x70, 0x6c,
  0x61, 0x79, 0x00, 0x11, 0x63, 0x72, 0x65, 0x61, 0x74, 0x65, 0x49, 0x6d,
  0x61, 0x67, 0x65, 0x52, 0x65, 0x61, 0x64, 0x65, 0x72, 0x00, 0x14, 0x63,
  0x72, 0x65, 0x61, 0x74, 0x65, 0x56, 0x69, 0x72, 0x74, 0x75, 0x61, 0x6c,
  0x44, 0x69, 0x73, 0x70, 0x6c, 0x61, 0x79, 0x00, 0x1a, 0x63, 0x72, 0x65,
  0x61, 0x74, 0x65, 0x56, 0x69, 0x72, 0x74, 0x75, 0x61, 0x6c, 0x44, 0x69,
  0x73, 0x70, 0x6c, 0x61, 0x79, 0x4d, 0x65, 0x74, 0x68, 0x6f, 0x64, 0x00,
  0x11, 0x63, 0x75, 0x72, 0x72, 0x65, 0x6e, 0x74, 0x54, 0x69, 0x6d, 0x65,
  0x4d, 0x69, 0x6c, 0x6c, 0x69, 0x73, 0x00, 0x01, 0x64, 0x00, 0x04, 0x64,
  0x61, 0x74, 0x61, 0x00, 0x08, 0x64, 0x61, 0x74, 0x61, 0x53, 0x69, 0x7a,
  0x65, 0x00, 0x16, 0x64, 0x65, 0x73, 0x69, 0x72, 0x65, 0x64, 0x41, 0x73,
  0x73, 0x65, 0x72, 0x74, 0x69, 0x6f, 0x6e, 0x53, 0x74, 0x61, 0x74, 0x75,
  0x73, 0x00, 0x0a, 0x64, 0x65, 0x73, 0x74, 0x4f, 0x66, 0x66, 0x73, 0x65,
  0x74, 0x00, 0x0e, 0x64, 0x65, 0x73, 0x74, 0x72, 0x6f, 0x79, 0x44, 0x69,
  0x73, 0x70, 0x6c, 0x61, 0x79, 0x00, 0x0a, 0x64, 0x65, 0x76, 0x69, 0x63,
  0x65, 0x52, 0x65, 0x63, 0x74, 0x00, 0x14, 0x64, 0x69, 0x73, 0x61, 0x62,
  0x6c, 0x65, 0x53, 0x79, 0x73, 0x74, 0x65, 0x6d, 0x53, 0x74, 0x72, 0x65,
  0x61, 0x6d, 0x73, 0x00, 0x0a, 0x64, 0x69, 0x73, 0x63, 0x6f, 0x6e, 0x6e,
  0x65, 0x63, 0x74, 0x00, 0x09, 0x64, 0x69, 0x73, 0x70, 0x6c, 0x61, 0x79,
  0x49, 0x64, 0x00, 0x11, 0x64, 0x69, 0x73, 0x70, 0x6c, 0x61, 0x79, 0x49,
  0x64, 0x54, 0x6f, 0x4d, 0x69, 0x72, 0x72, 0x6f, 0x72, 0x00, 0x0b, 0x64,
  0x69, 0x73, 0x70, 0x6c, 0x61, 0x79, 0x49, 0x6e, 0x66, 0x6f, 0x00, 0x0e,
  0x64, 0x69, 0x73, 0x70, 0x6c, 0x61, 0x79, 0x4d, 0x61, 0x6e, 0x61, 0x67,
  0x65, 0x72, 0x00, 0x0b, 0x64, 0x69, 0x73, 0x70, 0x6c, 0x61, 0x79, 0x52,
  0x65, 0x63, 0x74, 0x00, 0x0c, 0x64, 0x69, 0x73, 0x70, 0x6c, 0x61, 0x79,
  0x54, 0x6f, 0x6b, 0x65, 0x6e, 0x00, 0x03, 0x64, 0x6d, 0x67, 0x00, 0x03,
  0x64, 0x70, 0x69, 0x00, 0x01, 0x65, 0x00, 0x06, 0x65, 0x71, 0x75, 0x61,
  0x6c, 0x73, 0x00, 0x03, 0x65, 0x72, 0x72, 0x00, 0x04, 0x65, 0x78, 0x69,
  0x74, 0x00, 0x11, 0x66, 0x61, 0x6c, 0x6c, 0x62, 0x61, 0x63, 0x6b, 0x45,
  0x78, 0x63, 0x65, 0x70, 0x74, 0x69, 0x6f, 0x6e, 0x00, 0x05, 0x66, 0x6c,
  0x61, 0x67, 0x73, 0x00, 0x07, 0x66, 0x6f, 0x72, 0x4e, 0x61, 0x6d, 0x65,
  0x00, 0x06, 0x66, 0x6f, 0x72, 0x6d, 0x61, 0x74, 0x00, 0x03, 0x67, 0x65,
  0x74, 0x00, 0x12, 0x67, 0x65, 0x74, 0x41, 0x70, 0x70, 0x6c, 0x69, 0x63,
  0x61, 0x74, 0x69, 0x6f, 0x6e, 0x49, 0x6e, 0x66, 0x6f, 0x00, 0x14, 0x67,
  0x65, 0x74, 0x41, 0x74, 0x74, 0x72, 0x69, 0x62, 0x75, 0x74, 0x69, 0x6f,
  0x6e, 0x53, 0x6f, 0x75, 0x72, 0x63, 0x65, 0x00, 0x09, 0x67, 0x65, 0x74,
  0x42, 0x75, 0x66, 0x66, 0x65, 0x72, 0x00, 0x11, 0x67, 0x65, 0x74, 0x42,
  0x75, 0x69, 0x6c, 0x74, 0x49, 0x6e, 0x44, 0x69, 0x73, 0x70, 0x6c, 0x61,
  0x79, 0x00, 0x17, 0x67, 0x65, 0x74, 0x42, 0x75, 0x69, 0x6c, 0x74, 0x49,
  0x6e, 0x44, 0x69, 0x73, 0x70, 0x6c, 0x61, 0x79, 0x4d, 0x65, 0x74, 0x68,
  0x6f, 0x64, 0x00, 0x08, 0x67, 0x65, 0x74, 0x43, 0x6c, 0x61, 0x73, 0x73,
  0x00, 0x1d, 0x67, 0x65, 0x74, 0x43, 0x72, 0x65, 0x61, 0x74, 0x65, 0x56,
  0x69, 0x72, 0x74, 0x75, 0x61, 0x6c, 0x44, 0x69, 0x73, 0x70, 0x6c, 0x61,
  0x79, 0x4d, 0x65, 0x74, 0x68, 0x6f, 0x64, 0x00, 0x07, 0x67, 0x65, 0x74,
  0x44, 0x61, 0x74, 0x61, 0x00, 0x0b, 0x67, 0x65, 0x74, 0x44, 0x61, 0x74,
  0x61, 0x53, 0x69, 0x7a, 0x65, 0x00, 0x10, 0x67, 0x65, 0x74, 0x44, 0x65,
  0x63, 0x6c, 0x61, 0x72, 0x65, 0x64, 0x46, 0x69, 0x65, 0x6c, 0x64, 0x00,
  0x11, 0x67, 0x65, 0x74, 0x44, 0x65, 0x63, 0x6c, 0x61, 0x72, 0x65, 0x64,
  0x4d, 0x65, 0x74, 0x68, 0x6f, 0x64, 0x00, 0x0c, 0x67, 0x65, 0x74, 0x44,
  0x69, 0x73, 0x70, 0x6c, 0x61, 0x79, 0x49, 0x64, 0x00, 0x0d, 0x67, 0x65,
  0x74, 0x44, 0x69, 0x73, 0x70, 0x6c, 0x61, 0x79, 0x49, 0x64, 0x73, 0x00,
  0x0e, 0x67, 0x65, 0x74, 0x44, 0x69, 0x73, 0x70, 0x6c, 0x61, 0x79, 0x49,
  0x6e, 0x66, 0x6f, 0x00, 0x14, 0x67, 0x65, 0x74, 0x44, 0x69, 0x73, 0x70,
  0x6c, 0x61, 0x79, 0x49, 0x6e, 0x66, 0x6f, 0x4d, 0x65, 0x74, 0x68, 0x6f,
  0x64, 0x00, 0x11, 0x67, 0x65, 0x74, 0x44, 0x69, 0x73, 0x70, 0x6c, 0x61,
  0x79, 0x4d, 0x61, 0x6e, 0x61, 0x67, 0x65, 0x72, 0x00, 0x06, 0x67, 0x65,
  0x74, 0x44, 0x70, 0x69, 0x00, 0x08, 0x67, 0x65, 0x74, 0x46, 0x6c, 0x61,
  0x67, 0x73, 0x00, 0x1a, 0x67, 0x65, 0x74, 0x47, 0x65, 0x74, 0x42, 0x75,
  0x69, 0x6c, 0x74, 0x49, 0x6e, 0x44, 0x69, 0x73, 0x70, 0x6c, 0x61, 0x79,
  0x4d, 0x65, 0x74, 0x68, 0x6f, 0x64, 0x00, 0x17, 0x67, 0x65, 0x74, 0x47,
  0x65, 0x74, 0x44, 0x69, 0x73, 0x70, 0x6c, 0x61, 0x79, 0x49, 0x6e, 0x66,
  0x6f, 0x4d, 0x65, 0x74, 0x68, 0x6f, 0x64, 0x00, 0x1e, 0x67, 0x65, 0x74,
  0x47, 0x65, 0x74, 0x50, 0x68, 0x79, 0x73, 0x69, 0x63, 0x61, 0x6c, 0x44,
  0x69, 0x73, 0x70, 0x6c, 0x61, 0x79, 0x49, 0x64, 0x73, 0x4d, 0x65, 0x74,
  0x68, 0x6f, 0x64, 0x00, 0x20, 0x67, 0x65, 0x74, 0x47, 0x65, 0x74, 0x50,
  0x68, 0x79, 0x73, 0x69, 0x63, 0x61, 0x6c, 0x44, 0x69, 0x73, 0x70, 0x6c,
  0x61, 0x79, 0x54, 0x6f, 0x6b, 0x65, 0x6e, 0x4d, 0x65, 0x74, 0x68, 0x6f,
  0x64, 0x00, 0x09, 0x67, 0x65, 0x74, 0x48, 0x65, 0x69, 0x67, 0x68, 0x74,
  0x00, 0x0b, 0x67, 0x65, 0x74, 0x49, 0x6e, 0x73, 0x74, 0x61, 0x6e, 0x63,
  0x65, 0x00, 0x11, 0x67, 0x65, 0x74, 0x49, 0x6e, 0x73, 0x74, 0x61, 0x6e,
  0x63, 0x65, 0x4d, 0x65, 0x74, 0x68, 0x6f, 0x64, 0x00, 0x06, 0x67, 0x65,
  0x74, 0x49, 0x6e, 0x74, 0x00, 0x17, 0x67, 0x65, 0x74, 0x49, 0x6e, 0x74,
  0x65, 0x72, 0x6e, 0x61, 0x6c, 0x44, 0x69, 0x73, 0x70, 0x6c, 0x61, 0x79,
  0x54, 0x6f, 0x6b, 0x65, 0x6e, 0x00, 0x0d, 0x67, 0x65, 0x74, 0x4c, 0x61,
  0x79, 0x65, 0x72, 0x53, 0x74, 0x61, 0x63, 0x6b, 0x00, 0x0a, 0x67, 0x65,
  0x74, 0x4c, 0x69, 0x62, 0x50, 0x61, 0x74, 0x68, 0x00, 0x09, 0x67, 0x65,
  0x74, 0x4c, 0x6f, 0x6f, 0x70, 0x65, 0x72, 0x00, 0x06, 0x67, 0x65, 0x74,
  0x4d, 0x61, 0x78, 0x00, 0x0d, 0x67, 0x65, 0x74, 0x4d, 0x65, 0x6d, 0x6f,
  0x72, 0x79, 0x53, 0x69, 0x7a, 0x65, 0x00, 0x0a, 0x67, 0x65, 0x74, 0x4d,
  0x65, 0x73, 0x73, 0x61, 0x67, 0x65, 0x00, 0x09, 0x67, 0x65, 0x74, 0x4d,
  0x65, 0x74, 0x68, 0x6f, 0x64, 0x00, 0x07, 0x67, 0x65, 0x74, 0x4d, 0x6f,
  0x64, 0x65, 0x00, 0x0c, 0x67, 0x65, 0x74, 0x4d, 0x6f, 0x64, 0x65, 0x56,
  0x61, 0x6c, 0x75, 0x65, 0x00, 0x07, 0x67, 0x65, 0x74, 0x4e, 0x61, 0x6d,
  0x65, 0x00, 0x10, 0x67, 0x65, 0x74, 0x4f, 0x70, 0x50, 0x61, 0x63, 0x6b,
  0x61, 0x67, 0x65, 0x4e, 0x61, 0x6d, 0x65, 0x00, 0x11, 0x67, 0x65, 0x74,
  0x50, 0x61, 0x63, 0x6b, 0x61, 0x67, 0x65, 0x4d, 0x61, 0x6e, 0x61, 0x67,
  0x65, 0x72, 0x00, 0x0e, 0x67, 0x65, 0x74, 0x50, 0x61, 0x63, 0x6b, 0x61,
  0x67, 0x65, 0x4e, 0x61, 0x6d, 0x65, 0x00, 0x09, 0x67, 0x65, 0x74, 0x50,
  0x61, 0x72, 0x65, 0x6e, 0x74, 0x00, 0x15, 0x67, 0x65, 0x74, 0x50, 0x68,
  0x79, 0x73, 0x69, 0x63, 0x61, 0x6c, 0x44, 0x69, 0x73, 0x70, 0x6c, 0x61,
  0x79, 0x49, 0x64, 0x73, 0x00, 0x1b, 0x67, 0x65, 0x74, 0x50, 0x68, 0x79,
  0x73, 0x69, 0x63, 0x61, 0x6c, 0x44, 0x69, 0x73, 0x70, 0x6c, 0x61, 0x79,
  0x49, 0x64, 0x73, 0x4d, 0x65, 0x74, 0x68, 0x6f, 0x64, 0x00, 0x17, 0x67,
  0x65, 0x74, 0x50, 0x68, 0x79, 0x73, 0x69, 0x63, 0x61, 0x6c, 0x44, 0x69,
  0x73, 0x70, 0x6c, 0x61, 0x79, 0x54, 0x6f, 0x6b, 0x65, 0x6e, 0x00, 0x1d,
  0x67, 0x65, 0x74, 0x50, 0x68, 0x79, 0x73, 0x69, 0x63, 0x61, 0x6c, 0x44,
  0x69, 0x73, 0x70, 0x6c, 0x61, 0x79, 0x54, 0x6f, 0x6b, 0x65, 0x6e, 0x4d,
  0x65, 0x74, 0x68, 0x6f, 0x64, 0x00, 0x0e, 0x67, 0x65, 0x74, 0x50, 0x69,
  0x78, 0x65, 0x6c, 0x53, 0x74, 0x72, 0x69, 0x64, 0x65, 0x00, 0x09, 0x67,
  0x65, 0x74, 0x50, 0x6c, 0x61, 0x6e, 0x65, 0x73, 0x00, 0x11, 0x67, 0x65,
  0x74, 0x50, 0x72, 0x6f, 0x63, 0x65, 0x73, 0x73, 0x69, 0x6e, 0x67, 0x54,
  0x69, 0x6d, 0x65, 0x00, 0x0b, 0x67, 0x65, 0x74, 0x50, 0x72, 0x6f, 0x70,
  0x65, 0x72, 0x74, 0x79, 0x00, 0x0b, 0x67, 0x65, 0x74, 0x52, 0x6f, 0x74,
  0x61, 0x74, 0x69, 0x6f, 0x6e, 0x00, 0x0c, 0x67, 0x65, 0x74, 0x52, 0x6f,
  0x77, 0x53, 0x74, 0x72, 0x69, 0x64, 0x65, 0x00, 0x17, 0x67, 0x65, 0x74,
  0x53, 0x63, 0x72, 0x65, 0x65, 0x6e, 0x73, 0x68, 0x6f, 0x74, 0x4d, 0x65,
  0x6d, 0x6f, 0x72, 0x79, 0x53, 0x69, 0x7a, 0x65, 0x00, 0x1c, 0x67, 0x65,
  0x74, 0x53, 0x65, 0x74, 0x44, 0x69, 0x73, 0x70, 0x6c, 0x61, 0x79, 0x50,
  0x6f, 0x77, 0x65, 0x72, 0x4d, 0x6f, 0x64, 0x65, 0x4d, 0x65, 0x74, 0x68,
  0x6f, 0x64, 0x00, 0x07, 0x67, 0x65, 0x74, 0x53, 0x69, 0x7a, 0x65, 0x00,
  0x0d, 0x67, 0x65, 0x74, 0x53, 0x6f, 0x63, 0x6b, 0x65, 0x74, 0x4e, 0x61,
  0x6d, 0x65, 0x00, 0x0d, 0x67, 0x65, 0x74, 0x53, 0x74, 0x61, 0x74, 0x75,
  0x73, 0x49, 0x6e, 0x66, 0x6f, 0x00, 0x0a, 0x67, 0x65, 0x74, 0x53, 0x75,
  0x72, 0x66, 0x61, 0x63, 0x65, 0x00, 0x10, 0x67, 0x65, 0x74, 0x53, 0x79,
  0x73, 0x74, 0x65, 0x6d, 0x43, 0x6f, 0x6e, 0x74, 0x65, 0x78, 0x74, 0x00,
  0x0a, 0x67, 0x65, 0x74, 0x54, 0x63, 0x70, 0x48, 0x6f, 0x73, 0x74, 0x00,
  0x0a, 0x67, 0x65, 0x74, 0x54, 0x63, 0x70, 0x50, 0x6f, 0x72, 0x74, 0x00,
  0x0b, 0x67, 0x65, 0x74, 0x55, 0x6e, 0x69, 0x71, 0x75, 0x65, 0x49, 0x64,
  0x00, 0x08, 0x67, 0x65, 0x74, 0x57, 0x69, 0x64, 0x74, 0x68, 0x00, 0x01,
  0x68, 0x00, 0x1a, 0x68, 0x61, 0x73, 0x47, 0x65, 0x74, 0x42, 0x75, 0x69,
  0x6c, 0x64, 0x49, 0x6e, 0x44, 0x69, 0x73, 0x70, 0x6c, 0x61, 0x79, 0x4d,
  0x65, 0x74, 0x68, 0x6f, 0x64, 0x00, 0x1e, 0x68, 0x61, 0x73, 0x47, 0x65,
  0x74, 0x50, 0x68, 0x79, 0x73, 0x69, 0x63, 0x61, 0x6c, 0x44, 0x69, 0x73,
  0x70, 0x6c, 0x61, 0x79, 0x49, 0x64, 0x73, 0x4d, 0x65, 0x74, 0x68, 0x6f,
  0x64, 0x00, 0x04, 0x68, 0x61, 0x73, 0x68, 0x00, 0x08, 0x68, 0x61, 0x73,
  0x68, 0x43, 0x6f, 0x64, 0x65, 0x00, 0x0c, 0x68, 0x65, 0x61, 0x64, 0x65,
  0x72, 0x42, 0x75, 0x66, 0x66, 0x65, 0x72, 0x00, 0x06, 0x68, 0x65, 0x69,
  0x67, 0x68, 0x74, 0x00, 0x01, 0x69, 0x00, 0x05, 0x69, 0x6d, 0x61, 0x67,
  0x65, 0x00, 0x0b, 0x69, 0x6d, 0x61, 0x67, 0x65, 0x48, 0x65, 0x69, 0x67,
  0x68, 0x74, 0x00, 0x09, 0x69, 0x6d, 0x61, 0x67, 0x65, 0x4c, 0x6f, 0x63,
  0x6b, 0x00, 0x0b, 0x69, 0x6d, 0x61, 0x67, 0x65, 0x52, 0x65, 0x61, 0x64,
  0x65, 0x72, 0x00, 0x0a, 0x69, 0x6d, 0x61, 0x67, 0x65, 0x57, 0x69, 0x64,
  0x74, 0x68, 0x00, 0x0c, 0x69, 0x6e, 0x69, 0x74, 0x4c, 0x6f, 0x67, 0x4c,
  0x65, 0x76, 0x65, 0x6c, 0x00, 0x11, 0x69, 0x6e, 0x69, 0x74, 0x69, 0x61,
  0x6c, 0x69, 0x7a, 0x65, 0x42, 0x75, 0x66, 0x66, 0x65, 0x72, 0x73, 0x00,
  0x10, 0x69, 0x6e, 0x69, 0x74, 0x69, 0x61, 0x6c, 0x69, 0x7a, 0x65, 0x53,
  0x65, 0x72, 0x76, 0x65, 0x72, 0x00, 0x14, 0x69, 0x6e, 0x69, 0x74, 0x69,
  0x61, 0x6c, 0x69, 0x7a, 0x65, 0x57, 0x69, 0x74, 0x68, 0x50, 0x61, 0x72,
  0x61, 0x6d, 0x73, 0x00, 0x06, 0x69, 0x6e, 0x76, 0x6f, 0x6b, 0x65, 0x00,
  0x07, 0x69, 0x73, 0x45, 0x6d, 0x70, 0x74, 0x79, 0x00, 0x09, 0x69, 0x73,
  0x45, 0x6e, 0x61, 0x62, 0x6c, 0x65, 0x64, 0x00, 0x0d, 0x69, 0x73, 0x4d,
  0x75, 0x6c, 0x74, 0x69, 0x70, 0x6c, 0x65, 0x4f, 0x66, 0x38, 0x00, 0x09,
  0x69, 0x73, 0x52, 0x75, 0x6e, 0x6e, 0x69, 0x6e, 0x67, 0x00, 0x09, 0x69,
  0x73, 0x53, 0x75, 0x63, 0x63, 0x65, 0x73, 0x73, 0x00, 0x01, 0x6a, 0x00,
  0x0f, 0x6a, 0x61, 0x76, 0x61, 0x2e, 0x63, 0x6c, 0x61, 0x73, 0x73, 0x2e,
  0x70, 0x61, 0x74, 0x68, 0x00, 0x04, 0x6a, 0x6f, 0x69, 0x6e, 0x00, 0x08,
  0x6b, 0x2d, 0x73, 0x63, 0x72, 0x63, 0x70, 0x79, 0x00, 0x10, 0x6b, 0x2d,
  0x73, 0x65, 0x72, 0x76, 0x65, 0x72, 0x2d, 0x63, 0x61, 0x70, 0x74, 0x75,
  0x72, 0x65, 0x00, 0x10, 0x6b, 0x2d, 0x73, 0x65, 0x72, 0x76, 0x65, 0x72,
  0x2d, 0x73, 0x75, 0x72, 0x66, 0x61, 0x63, 0x65, 0x00, 0x0d, 0x6c, 0x61,
  0x73, 0x74, 0x46, 0x72, 0x61, 0x6d, 0x65, 0x54, 0x69, 0x6d, 0x65, 0x00,
  0x0a, 0x6c, 0x61, 0x79, 0x65, 0x72, 0x53, 0x74, 0x61, 0x63, 0x6b, 0x00,
  0x0e, 0x6c, 0x61, 0x79, 0x65, 0x72, 0x53, 0x74, 0x61, 0x63, 0x6b, 0x52,
  0x65, 0x63, 0x74, 0x00, 0x03, 0x6c, 0x65, 0x6e, 0x00, 0x06, 0x6c, 0x65,
  0x6e, 0x67, 0x74, 0x68, 0x00, 0x05, 0x6c, 0x65, 0x76, 0x65, 0x6c, 0x00,
  0x07, 0x6c, 0x69, 0x62, 0x50, 0x61, 0x74, 0x68, 0x00, 0x05, 0x6c, 0x69,
  0x6d, 0x69, 0x74, 0x00, 0x04, 0x6c, 0x6f, 0x61, 0x64, 0x00, 0x11, 0x6c,
  0x6f, 0x67, 0x69, 0x63, 0x61, 0x6c, 0x44, 0x65, 0x6e, 0x73, 0x69, 0x74,
  0x79, 0x44, 0x70, 0x69, 0x00, 0x0d, 0x6c, 0x6f, 0x67, 0x69, 0x63, 0x61,
  0x6c, 0x48, 0x65, 0x69, 0x67, 0x68, 0x74, 0x00, 0x0c, 0x6c, 0x6f, 0x67,
  0x69, 0x63, 0x61, 0x6c, 0x57, 0x69, 0x64, 0x74, 0x68, 0x00, 0x04, 0x6c,
  0x6f, 0x6f, 0x70, 0x00, 0x04, 0x6d, 0x61, 0x69, 0x6e, 0x00, 0x05, 0x6d,
  0x61, 0x6a, 0x6f, 0x72, 0x00, 0x07, 0x6d, 0x61, 0x6e, 0x61, 0x67, 0x65,
  0x72, 0x00, 0x03, 0x6d, 0x61, 0x78, 0x00, 0x0d, 0x6d, 0x61, 0x78, 0x42,
  0x75, 0x66, 0x66, 0x65, 0x72, 0x53, 0x69, 0x7a, 0x65, 0x00, 0x09, 0x6d,
  0x61, 0x78, 0x49, 0x6d, 0x61, 0x67, 0x65, 0x73, 0x00, 0x07, 0x6d, 0x61,
  0x78, 0x53, 0x69, 0x7a, 0x65, 0x00, 0x0a, 0x6d, 0x65, 0x6d, 0x6f, 0x72,
  0x79, 0x53, 0x69, 0x7a, 0x65, 0x00, 0x07, 0x6d, 0x65, 0x73, 0x73, 0x61,
  0x67, 0x65, 0x00, 0x06, 0x6d, 0x65, 0x74, 0x68, 0x6f, 0x64, 0x00, 0x05,
  0x6d, 0x69, 0x6e, 0x6f, 0x72, 0x00, 0x04, 0x6d, 0x6f, 0x64, 0x65, 0x00,
  0x02, 0x6d, 0x73, 0x00, 0x04, 0x6e, 0x61, 0x6d, 0x65, 0x00, 0x0b, 0x6e,
  0x65, 0x77, 0x49, 0x6e, 0x73, 0x74, 0x61, 0x6e, 0x63, 0x65, 0x00, 0x08,
  0x6e, 0x65, 0x77, 0x4d, 0x61, 0x6a, 0x6f, 0x72, 0x00, 0x08, 0x6e, 0x65,
  0x77, 0x4d, 0x69, 0x6e, 0x6f, 0x72, 0x00, 0x0a, 0x6e, 0x75, 0x6c, 0x6c,
  0x53, 0x74, 0x72, 0x65, 0x61, 0x6d, 0x00, 0x01, 0x6f, 0x00, 0x03, 0x6f,
  0x62, 0x6a, 0x00, 0x03, 0x6f, 0x66, 0x66, 0x00, 0x10, 0x6f, 0x6e, 0x49,
  0x6d, 0x61, 0x67, 0x65, 0x41, 0x76, 0x61, 0x69, 0x6c, 0x61, 0x62, 0x6c,
  0x65, 0x00, 0x0f, 0x6f, 0x70, 0x65, 0x6e, 0x54, 0x72, 0x61, 0x6e, 0x73,
  0x61, 0x63, 0x74, 0x69, 0x6f, 0x6e, 0x00, 0x05, 0x6f, 0x72, 0x64, 0x65,
  0x72, 0x00, 0x07, 0x6f, 0x72, 0x64, 0x69, 0x6e, 0x61, 0x6c, 0x00, 0x0b,
  0x6f, 0x72, 0x69, 0x65, 0x6e, 0x74, 0x61, 0x74, 0x69, 0x6f, 0x6e, 0x00,
  0x03, 0x6f, 0x75, 0x74, 0x00, 0x0e, 0x70, 0x61, 0x72, 0x73, 0x65, 0x41,
  0x72, 0x67, 0x75, 0x6d, 0x65, 0x6e, 0x74, 0x73, 0x00, 0x08, 0x70, 0x61,
  0x72, 0x73, 0x65, 0x49, 0x6e, 0x74, 0x00, 0x11, 0x70, 0x68, 0x79, 0x73,
  0x69, 0x63, 0x61, 0x6c, 0x44, 0x69, 0x73, 0x70, 0x6c, 0x61, 0x79, 0x49,
  0x64, 0x00, 0x0b, 0x70, 0x69, 0x78, 0x65, 0x6c, 0x53, 0x74, 0x72, 0x69,
  0x64, 0x65, 0x00, 0x05, 0x70, 0x6c, 0x61, 0x6e, 0x65, 0x00, 0x04, 0x70,
  0x6f, 0x72, 0x74, 0x00, 0x08, 0x70, 0x6f, 0x72, 0x74, 0x72, 0x61, 0x69,
  0x74, 0x00, 0x04, 0x70, 0x6f, 0x73, 0x74, 0x00, 0x11, 0x70, 0x72, 0x65,
  0x70, 0x61, 0x72, 0x65, 0x4d, 0x61, 0x69, 0x6e, 0x4c, 0x6f, 0x6f, 0x70,
  0x65, 0x72, 0x00, 0x05, 0x70, 0x72, 0x69, 0x6e, 0x74, 0x00, 0x0f, 0x70,
  0x72, 0x69, 0x6e, 0x74, 0x53, 0x74, 0x61, 0x63, 0x6b, 0x54, 0x72, 0x61,
  0x63, 0x65, 0x00, 0x0a, 0x70, 0x72, 0x69, 0x6e, 0x74, 0x55, 0x73, 0x61,
  0x67, 0x65, 0x00, 0x07, 0x70, 0x72, 0x69, 0x6e, 0x74, 0x6c, 0x6e, 0x00,
  0x0c, 0x70, 0x72, 0x6f, 0x63, 0x65, 0x73, 0x73, 0x49, 0x6d, 0x61, 0x67,
  0x65, 0x00, 0x10, 0x70, 0x72, 0x6f, 0x63, 0x65, 0x73, 0x73, 0x49, 0x6d,
  0x61, 0x67, 0x65, 0x44, 0x61, 0x74, 0x61, 0x00, 0x0e, 0x70, 0x72, 0x6f,
  0x63, 0x65, 0x73, 0x73, 0x69, 0x6e, 0x67, 0x54, 0x69, 0x6d, 0x65, 0x00,
  0x06, 0x70, 0x75, 0x74, 0x49, 0x6e, 0x74, 0x00, 0x0a, 0x71, 0x75, 0x69,
  0x74, 0x53, 0x61, 0x66, 0x65, 0x6c, 0x79, 0x00, 0x06, 0x72, 0x65, 0x61,
  0x64, 0x65, 0x72, 0x00, 0x07, 0x72, 0x65, 0x6c, 0x65, 0x61, 0x73, 0x65,
  0x00, 0x0e, 0x72, 0x65, 0x71, 0x75, 0x69, 0x72, 0x65, 0x4e, 0x6f, 0x6e,
  0x4e, 0x75, 0x6c, 0x6c, 0x00, 0x08, 0x72, 0x65, 0x73, 0x70, 0x6f, 0x6e,
  0x73, 0x65, 0x00, 0x06, 0x72, 0x65, 0x73, 0x75, 0x6c, 0x74, 0x00, 0x11,
  0x72, 0x65, 0x75, 0x73, 0x61, 0x62, 0x6c, 0x65, 0x42, 0x79, 0x74, 0x65,
  0x41, 0x72, 0x72, 0x61, 0x79, 0x00, 0x06, 0x72, 0x6f, 0x74, 0x61, 0x74,
  0x65, 0x00, 0x08, 0x72, 0x6f, 0x74, 0x61, 0x74, 0x69, 0x6f, 0x6e, 0x00,
  0x06, 0x72, 0x6f, 0x75, 0x6e, 0x64, 0x38, 0x00, 0x09, 0x72, 0x6f, 0x77,
  0x42, 0x75, 0x66, 0x66, 0x65, 0x72, 0x00, 0x0a, 0x72, 0x6f, 0x77, 0x50,
  0x61, 0x64, 0x64, 0x69, 0x6e, 0x67, 0x00, 0x09, 0x72, 0x6f, 0x77, 0x53,
  0x74, 0x72, 0x69, 0x64, 0x65, 0x00, 0x03, 0x72, 0x75, 0x6e, 0x00, 0x1c,
  0x72, 0x75, 0x6e, 0x53, 0x75, 0x72, 0x66, 0x61, 0x63, 0x65, 0x43, 0x6f,
  0x6e, 0x74, 0x72, 0x6f, 0x6c, 0x43, 0x61, 0x70, 0x74, 0x75, 0x72, 0x65,
  0x4c, 0x6f, 0x6f, 0x70, 0x00, 0x14, 0x73, 0x63, 0x72, 0x65, 0x65, 0x6e,
  0x43, 0x61, 0x70, 0x74, 0x75, 0x72, 0x65, 0x53, 0x65, 0x72, 0x76, 0x69,
  0x63, 0x65, 0x00, 0x0a, 0x73, 0x63, 0x72, 0x65, 0x65, 0x6e, 0x52, 0x65,
  0x63, 0x74, 0x00, 0x0a, 0x73, 0x63, 0x72, 0x65, 0x65, 0x6e, 0x53, 0x69,
  0x7a, 0x65, 0x00, 0x06, 0x73, 0x65, 0x63, 0x75, 0x72, 0x65, 0x00, 0x08,
  0x73, 0x65, 0x72, 0x76, 0x65, 0x72, 0x2d, 0x6b, 0x00, 0x03, 0x73, 0x65,
  0x74, 0x00, 0x22, 0x73, 0x65, 0x74, 0x44, 0x65, 0x66, 0x61, 0x75, 0x6c,
  0x74, 0x55, 0x6e, 0x63, 0x61, 0x75, 0x67, 0x68, 0x74, 0x45, 0x78, 0x63,
  0x65, 0x70, 0x74, 0x69, 0x6f, 0x6e, 0x48, 0x61, 0x6e, 0x64, 0x6c, 0x65,
  0x72, 0x00, 0x14, 0x73, 0x65, 0x74, 0x44, 0x69, 0x73, 0x70, 0x6c, 0x61,
  0x79, 0x4c, 0x61, 0x79, 0x65, 0x72, 0x53, 0x74, 0x61, 0x63, 0x6b, 0x00,
  0x13, 0x73, 0x65, 0x74, 0x44, 0x69, 0x73, 0x70, 0x6c, 0x61, 0x79, 0x50,
  0x6f, 0x77, 0x65, 0x72, 0x4d, 0x6f, 0x64, 0x65, 0x00, 0x19, 0x73, 0x65,
  0x74, 0x44, 0x69, 0x73, 0x70, 0x6c, 0x61, 0x79, 0x50, 0x6f, 0x77, 0x65,
  0x72, 0x4d, 0x6f, 0x64, 0x65, 0x4d, 0x65, 0x74, 0x68, 0x6f, 0x64, 0x00,
  0x14, 0x73, 0x65, 0x74, 0x44, 0x69, 0x73, 0x70, 0x6c, 0x61, 0x79, 0x50,
  0x72, 0x6f, 0x6a, 0x65, 0x63, 0x74, 0x69, 0x6f, 0x6e, 0x00, 0x11, 0x73,
  0x65, 0x74, 0x44, 0x69, 0x73, 0x70, 0x6c, 0x61, 0x79, 0x53, 0x75, 0x72,
  0x66, 0x61, 0x63, 0x65, 0x00, 0x06, 0x73, 0x65, 0x74, 0x45, 0x72, 0x72,
  0x00, 0x0a, 0x73, 0x65, 0x74, 0x4c, 0x69, 0x62, 0x50, 0x61, 0x74, 0x68,
  0x00, 0x0d, 0x73, 0x65, 0x74, 0x4d, 0x65, 0x6d, 0x6f, 0x72, 0x79, 0x53,
  0x69, 0x7a, 0x65, 0x00, 0x07, 0x73, 0x65, 0x74, 0x4d, 0x6f, 0x64, 0x65,
  0x00, 0x1b, 0x73, 0x65, 0x74, 0x4f, 0x6e, 0x49, 0x6d, 0x61, 0x67, 0x65,
  0x41, 0x76, 0x61, 0x69, 0x6c, 0x61, 0x62, 0x6c, 0x65, 0x4c, 0x69, 0x73,
  0x74, 0x65, 0x6e, 0x65, 0x72, 0x00, 0x06, 0x73, 0x65, 0x74, 0x4f, 0x75,
  0x74, 0x00, 0x0e, 0x73, 0x65, 0x74, 0x50, 0x61, 0x63, 0x6b, 0x61, 0x67,
  0x65, 0x4e, 0x61, 0x6d, 0x65, 0x00, 0x0d, 0x73, 0x65, 0x74, 0x53, 0x6f,
  0x63, 0x6b, 0x65, 0x74, 0x4e, 0x61, 0x6d, 0x65, 0x00, 0x0a, 0x73, 0x65,
  0x74, 0x54, 0x63, 0x70, 0x48, 0x6f, 0x73, 0x74, 0x00, 0x0a, 0x73, 0x65,
  0x74, 0x54, 0x63, 0x70, 0x50, 0x6f, 0x72, 0x74, 0x00, 0x0a, 0x73, 0x68,
  0x6f, 0x75, 0x6c, 0x64, 0x53, 0x74, 0x6f, 0x70, 0x00, 0x04, 0x73, 0x69,
  0x7a, 0x65, 0x00, 0x05, 0x73, 0x6c, 0x65, 0x65, 0x70, 0x00, 0x0a, 0x73,
  0x6f, 0x63, 0x6b, 0x65, 0x74, 0x4e, 0x61, 0x6d, 0x65, 0x00, 0x05, 0x73,
  0x74, 0x61, 0x72, 0x74, 0x00, 0x09, 0x73, 0x74, 0x61, 0x72, 0x74, 0x54,
  0x69, 0x6d, 0x65, 0x00, 0x17, 0x73, 0x74, 0x61, 0x72, 0x74, 0x57, 0x69,
  0x74, 0x68, 0x53, 0x75, 0x72, 0x66, 0x61, 0x63, 0x65, 0x43, 0x6f, 0x6e,
  0x74, 0x72, 0x6f, 0x6c, 0x00, 0x17, 0x73, 0x74, 0x61, 0x72, 0x74, 0x57,
  0x69, 0x74, 0x68, 0x56, 0x69, 0x72, 0x74, 0x75, 0x61, 0x6c, 0x44, 0x69,
  0x73, 0x70, 0x6c, 0x61, 0x79, 0x00, 0x0a, 0x73, 0x74, 0x61, 0x72, 0x74,
  0x73, 0x57, 0x69, 0x74, 0x68, 0x00, 0x04, 0x73, 0x74, 0x6f, 0x70, 0x00,
  0x09, 0x73, 0x75, 0x62, 0x73, 0x74, 0x72, 0x69, 0x6e, 0x67, 0x00, 0x07,
  0x73, 0x75, 0x63, 0x63, 0x65, 0x73, 0x73, 0x00, 0x07, 0x73, 0x75, 0x72,
  0x66, 0x61, 0x63, 0x65, 0x00, 0x0a, 0x73, 0x79, 0x73, 0x74, 0x65, 0x6d,
  0x4d, 0x61, 0x69, 0x6e, 0x00, 0x0e, 0x74, 0x61, 0x6b, 0x65, 0x53, 0x63,
  0x72, 0x65, 0x65, 0x6e, 0x73, 0x68, 0x6f, 0x74, 0x00, 0x07, 0x74, 0x63,
  0x70, 0x48, 0x6f, 0x73, 0x74, 0x00, 0x07, 0x74, 0x63, 0x70, 0x50, 0x6f,
  0x72, 0x74, 0x00, 0x04, 0x74, 0x68, 0x69, 0x73, 0x00, 0x06, 0x74, 0x68,
  0x69, 0x73, 0x24, 0x30, 0x00, 0x06, 0x74, 0x68, 0x72, 0x65, 0x61, 0x64,
  0x00, 0x09, 0x74, 0x68, 0x72, 0x65, 0x73, 0x68, 0x6f, 0x6c, 0x64, 0x00,
  0x09, 0x74, 0x68, 0x72, 0x6f, 0x77, 0x61, 0x62, 0x6c, 0x65, 0x00, 0x06,
  0x74, 0x6f, 0x52, 0x65, 0x63, 0x74, 0x00, 0x08, 0x74, 0x6f, 0x53, 0x74,
  0x72, 0x69, 0x6e, 0x67, 0x00, 0x0b, 0x74, 0x6f, 0x55, 0x70, 0x70, 0x65,
  0x72, 0x43, 0x61, 0x73, 0x65, 0x00, 0x05, 0x74, 0x6f, 0x6b, 0x65, 0x6e,
  0x00, 0x09, 0x74, 0x6f, 0x74, 0x61, 0x6c, 0x53, 0x69, 0x7a, 0x65, 0x00,
  0x11, 0x75, 0x6e, 0x63, 0x61, 0x75, 0x67, 0x68, 0x74, 0x45, 0x78, 0x63,
  0x65, 0x70, 0x74, 0x69, 0x6f, 0x6e, 0x00, 0x08, 0x75, 0x6e, 0x69, 0x71,
  0x75, 0x65, 0x49, 0x64, 0x00, 0x01, 0x76, 0x00, 0x0e, 0x76, 0x61, 0x6c,
  0x69, 0x64, 0x61, 0x74, 0x65, 0x43, 0x6f, 0x6e, 0x66, 0x69, 0x67, 0x00,
  0x05, 0x76, 0x61, 0x6c, 0x75, 0x65, 0x00, 0x07, 0x76, 0x61, 0x6c, 0x75,
  0x65, 0x4f, 0x66, 0x00, 0x06, 0x76, 0x61, 0x6c, 0x75, 0x65, 0x73, 0x00,
  0x0e, 0x76, 0x69, 0x72, 0x74, 0x75, 0x61, 0x6c, 0x44, 0x69, 0x73, 0x70,
  0x6c, 0x61, 0x79, 0x00, 0x13, 0x76, 0x69, 0x72, 0x74, 0x75, 0x61, 0x6c,
  0x44, 0x69, 0x73, 0x70, 0x6c, 0x61, 0x79, 0x54, 0x6f, 0x6b, 0x65, 0x6e,
  0x00, 0x01, 0x77, 0x00, 0x05, 0x77, 0x69, 0x64, 0x74, 0x68, 0x00, 0x04,
  0x77, 0x72, 0x61, 0x70, 0x00, 0x05, 0x77, 0x72, 0x69, 0x74, 0x65, 0x00,
  0x09, 0x77, 0x72, 0x69, 0x74, 0x65, 0x44, 0x61, 0x74, 0x61, 0x00, 0x01,
  0x78, 0x00, 0x02, 0x78, 0x30, 0x00, 0x01, 0x79, 0x00, 0x09, 0xe5, 0x85,
  0xb1, 0xe4, 0xba, 0xab, 0xe5, 0x86, 0x85, 0xe5, 0xad, 0x98, 0xe6, 0xa8,
  0xa1, 0xe5, 0xbc, 0x8f, 0xe9, 0x80, 0x89, 0xe9, 0xa1, 0xb9, 0x3a, 0x00,
  0x2e, 0xe7, 0x94, 0xa8, 0xe6, 0xb3, 0x95, 0x3a, 0x20, 0x43, 0x4c, 0x41,
  0x53, 0x53, 0x50, 0x41, 0x54, 0x48, 0x3d, 0x3c, 0x61, 0x70, 0x6b, 0xe8,
  0xb7, 0xaf, 0xe5, 0xbe, 0x84, 0x3e, 0x20, 0x61, 0x70, 0x70, 0x5f, 0x70,
  0x72, 0x6f, 0x63, 0x65, 0x73, 0x73, 0x20, 0x2f, 0x73, 0x79, 0x73, 0x74,
  0x65, 0x6d, 0x2f, 0x62, 0x69, 0x6e, 0x20, 0x00, 0x03, 0xe7, 0xa4, 0xba,
  0xe4, 0xbe, 0x8b, 0x3a, 0x00, 0x05, 0xe9, 0x80, 0x9a, 0xe7, 0x94, 0xa8,
  0xe9, 0x80, 0x89, 0xe9, 0xa1, 0xb9, 0x3a, 0x00, 0x2e, 0xef, 0xbc, 0x8c,
  0xe6, 0x94, 0xaf, 0xe6, 0x8c, 0x81, 0xe7, 0x9a, 0x84, 0xe6, 0x96, 0xb9,
  0xe5, 0xbc, 0x8f, 0x3a, 0x20, 0x53, 0x48, 0x41, 0x52, 0x45, 0x44, 0x5f,
  0x4d, 0x45, 0x4d, 0x4f, 0x52, 0x59, 0x2c, 0x20, 0x55, 0x4e, 0x49, 0x58,
  0x5f, 0x53, 0x4f, 0x43, 0x4b, 0x45, 0x54, 0x2c, 0x20, 0x54, 0x43, 0x50,
  0x5f, 0x53, 0x4f, 0x43, 0x4b, 0x45, 0x54, 0x00, 0x0c, 0x00, 0x07, 0x0e,
  0x3d, 0x00, 0x11, 0x00, 0x07, 0x0e, 0x00, 0x18, 0x00, 0x07, 0x0e, 0x78,
  0x00, 0x14, 0x00, 0x07, 0x0e, 0x00, 0x1d, 0x00, 0x07, 0x0e, 0x69, 0x04,
  0x01, 0x94, 0x03, 0x3d, 0xb7, 0x01, 0x01, 0x11, 0x0f, 0x03, 0x00, 0x93,
  0x03, 0x49, 0x01, 0x13, 0x0f, 0x05, 0x00, 0x1e, 0x03, 0x02, 0xc7, 0x03,
  0x40, 0x00, 0x3f, 0x00, 0x07, 0x0e, 0xc3, 0x1e, 0x03, 0x00, 0xc7, 0x03,
  0x0a, 0x00, 0x32, 0x00, 0x07, 0x0e, 0x78, 0x03, 0x00, 0xa2, 0x03, 0x05,
  0x5a, 0x4d, 0x05, 0x00, 0x1b, 0x1f, 0x03, 0x01, 0xc7, 0x03, 0x40, 0x00,
  0x2c, 0x00, 0x07, 0x0e, 0x00, 0x27, 0x00, 0x07, 0x0e, 0x00, 0x0e, 0x07,
  0xbf, 0x03, 0x8a, 0x05, 0xec, 0x04, 0xac, 0x04, 0xcc, 0x03, 0xc6, 0x03,
  0xa5, 0x05, 0x07, 0x0e, 0x3c, 0x2d, 0x2d, 0x2d, 0x2d, 0x2d, 0x2d, 0x2d,
  0x00, 0x19, 0x00, 0x07, 0x0e, 0x00, 0x2d, 0x00, 0x07, 0x0e, 0x00, 0x29,
  0x00, 0x07, 0x0e, 0x00, 0x25, 0x00, 0x07, 0x0e, 0x00, 0x21, 0x00, 0x07,
  0x0e, 0x00, 0x1d, 0x00, 0x07, 0x0e, 0x00, 0x31, 0x00, 0x07, 0x0e, 0x00,
  0x07, 0x00, 0x07, 0x0e, 0x00, 0x0b, 0x02, 0xae, 0x05, 0x94, 0x04, 0x07,
  0x0e, 0x3c, 0x2d, 0x2d, 0x00, 0x5d, 0x01, 0xca, 0x04, 0x07, 0x2c, 0x33,
  0x19, 0xd2, 0x2e, 0x2d, 0x03, 0x00, 0x8a, 0x05, 0x1d, 0x00, 0x15, 0x00,
  0x07, 0x0e, 0x00, 0x19, 0x00, 0x07, 0x0e, 0x00, 0x11, 0x00, 0x07, 0x0e,
  0x00, 0x69, 0x00, 0x07, 0x0e, 0x00, 0x54, 0x00, 0x07, 0x0e, 0x00, 0x21,
  0x01, 0xbe, 0x04, 0x07, 0x0e, 0xe1, 0x01, 0x10, 0x10, 0x02, 0x12, 0x2c,
  0x05, 0x09, 0x02, 0x73, 0x1d, 0x06, 0x09, 0x78, 0x03, 0x05, 0xd9, 0x04,
  0x5b, 0x4b, 0x03, 0x01, 0xb9, 0x04, 0x02, 0x30, 0x4c, 0x03, 0x02, 0xc2,
  0x04, 0x02, 0x1e, 0x03, 0x03, 0xc7, 0x04, 0x02, 0x4c, 0x03, 0x04, 0xc8,
  0x04, 0x02, 0x3c, 0x03, 0x06, 0xad, 0x05, 0x02, 0x3c, 0x03, 0x00, 0x8e,
  0x04, 0x02, 0x01, 0x02, 0x05, 0x09, 0x02, 0x73, 0x4a, 0x05, 0x00, 0x05,
  0x01, 0x05, 0x02, 0x05, 0x03, 0x05, 0x04, 0x05, 0x05, 0x05, 0x06, 0x06,
  0x09, 0x2d, 0x06, 0x05, 0x40, 0x06, 0x01, 0x01, 0x03, 0x06, 0x02, 0x06,
  0x03, 0x06, 0x04, 0x22, 0x01, 0x01, 0x06, 0x06, 0x1e, 0x00, 0x1d, 0x00,
  0x07, 0x0e, 0x00, 0x3f, 0x00, 0x07, 0x0e, 0x02, 0x11, 0x68, 0x05, 0x07,
  0x02, 0x74, 0x1d, 0x06, 0x07, 0x78, 0x03, 0x03, 0xd9, 0x04, 0x5b, 0x4b,
  0x03, 0x01, 0xb9, 0x04, 0x02, 0x4c, 0x03, 0x02, 0xc2, 0x04, 0x02, 0x2d,
  0x4b, 0x2d, 0x20, 0x3c, 0x03, 0x04, 0xad, 0x05, 0x02, 0x3c, 0x03, 0x00,
  0x8e, 0x04, 0x02, 0x01, 0x02, 0x05, 0x07, 0x02, 0x74, 0x4a, 0x05, 0x00,
  0x05, 0x01, 0x05, 0x02, 0x05, 0x03, 0x05, 0x04, 0x06, 0x07, 0x2d, 0x06,
  0x03, 0x3c, 0x06, 0x01, 0x01, 0x03, 0x06, 0x02, 0x25, 0x01, 0x01, 0x06,
  0x04, 0x1e, 0x00, 0x58, 0x00, 0x07, 0x1d, 0x00, 0x6e, 0x00, 0x07, 0x0e,
  0x00, 0x16, 0x00, 0x07, 0x0e, 0x00, 0x17, 0x00, 0x07, 0x0e, 0x01, 0x32,
  0x0d, 0x00, 0x16, 0x02, 0x00, 0x00, 0x07, 0x0e, 0x00, 0x16, 0x01, 0xc5,
  0x04, 0x07, 0x0e, 0x00, 0x16, 0x00, 0x07, 0x0e, 0x00, 0x66, 0x00, 0x07,
  0x0e, 0x00, 0x74, 0x01, 0x9d, 0x03, 0x07, 0x0e, 0x00, 0x6a, 0x01, 0x9d,
  0x03, 0x07, 0x0e, 0x00, 0x6f, 0x03, 0x9d, 0x03, 0xcc, 0x04, 0xae, 0x04,
  0x07, 0x0e, 0x00, 0x13, 0x00, 0x07, 0x0e, 0xe1, 0xe6, 0x00, 0x1c, 0x00,
  0x07, 0x0e, 0x3d, 0x00, 0x3d, 0x01, 0xc0, 0x04, 0x07, 0x0e, 0x87, 0x5a,
  0x01, 0x1e, 0x10, 0x00, 0x21, 0x00, 0x07, 0x0e, 0xa5, 0x03, 0x00, 0xc9,
  0x04, 0x3a, 0x3c, 0x3c, 0x00, 0x63, 0x01, 0xc0, 0x04, 0x07, 0x0e, 0x4b,
  0x00, 0x59, 0x02, 0xc0, 0x04, 0x9e, 0x05, 0x07, 0x0e, 0x87, 0x5a, 0x01,
  0x1e, 0x0f, 0x2d, 0x5c, 0x00, 0x44, 0x01, 0xc0, 0x04, 0x07, 0x0e, 0x87,
  0x5a, 0x01, 0x1e, 0x10, 0x00, 0x2e, 0x01, 0xb0, 0x04, 0x07, 0x0e, 0x2d,
  0x00, 0x32, 0x01, 0xb0, 0x04, 0x07, 0x0e, 0x00, 0x36, 0x01, 0xc0, 0x04,
  0x07, 0x0e, 0x87, 0x5a, 0x01, 0x1e, 0x10, 0x00, 0x55, 0x01, 0xc0, 0x04,
  0x07, 0x0e, 0x4b, 0x00, 0x4b, 0x02, 0xc0, 0x04, 0x9e, 0x05, 0x07, 0x0e,
  0x87, 0x5a, 0x01, 0x1e, 0x0f, 0x2d, 0x5c, 0x00, 0x25, 0x01, 0xba, 0x04,
  0x07, 0x0e, 0x3c, 0x2d, 0x00, 0x1c, 0x00, 0x07, 0x0e, 0x69, 0x04, 0x00,
  0xa3, 0x03, 0x3d, 0xb7, 0x01, 0x96, 0x03, 0x03, 0xe8, 0x03, 0x54, 0x87,
  0x03, 0x01, 0xc5, 0x03, 0x49, 0x69, 0x05, 0x01, 0x05, 0x03, 0x1e, 0x03,
  0x02, 0xc7, 0x03, 0x4a, 0x00, 0x50, 0x00, 0x07, 0x0e, 0x4b, 0x01, 0x26,
  0x10, 0x00, 0x2b, 0x00, 0x07, 0x0e, 0x5a, 0x01, 0x16, 0x10, 0x47, 0x00,
  0x57, 0x05, 0xc5, 0x04, 0xae, 0x05, 0x94, 0x04, 0xc0, 0x03, 0x95, 0x05,
  0x07, 0x0e, 0x4b, 0x03, 0x00, 0xc1, 0x04, 0x54, 0x00, 0x49, 0x00, 0x07,
  0x0e, 0x01, 0x1b, 0x0f, 0x1e, 0x03, 0x00, 0xc7, 0x03, 0x4a, 0x00, 0x33,
  0x01, 0xbf, 0x03, 0x07, 0x0e, 0x4b, 0x03, 0x0c, 0xc1, 0x04, 0x54, 0xff,
  0x03, 0x09, 0xc1, 0x03, 0x49, 0x2d, 0x02, 0x0b, 0x1d, 0x02, 0x77, 0x1d,
  0x4c, 0x04, 0x08, 0xab, 0x03, 0x3d, 0xb7, 0x01, 0xa5, 0x03, 0x0d, 0xae,
  0x05, 0x02, 0xa5, 0x03, 0x0b, 0x94, 0x04, 0x02, 0xa5, 0x03, 0x03, 0xec,
  0x04, 0x02, 0xa5, 0x03, 0x04, 0xac, 0x04, 0x02, 0xa5, 0x03, 0x05, 0xcc,
  0x03, 0x02, 0xa5, 0x03, 0x06, 0xc6, 0x03, 0x02, 0xc3, 0x03, 0x07, 0xa5,
  0x05, 0x4d, 0xd2, 0x05, 0x03, 0x05, 0x04, 0x05, 0x05, 0x05, 0x06, 0x05,
  0x07, 0x05, 0x08, 0x05, 0x09, 0x05, 0x0b, 0x05, 0x0c, 0x05, 0x0d, 0x1e,
  0x03, 0x0a, 0xc7, 0x03, 0x4a, 0x00, 0x10, 0x00, 0x07, 0x0e, 0x3d, 0x00,
  0x15, 0x00, 0x07, 0x0e, 0x4b, 0x6a, 0x00, 0x19, 0x00, 0x07, 0x0e, 0x8a,
  0x1a, 0x1e, 0x03, 0x00, 0xc7, 0x03, 0x3e, 0x00, 0x24, 0x00, 0x07, 0x0e,
  0x3d, 0x00, 0x32, 0x00, 0x07, 0x0e, 0x01, 0x12, 0x12, 0x1a, 0x1e, 0x03,
  0x00, 0xc7, 0x03, 0x40, 0x00, 0x52, 0x02, 0xc5, 0x04, 0xf6, 0x04, 0x07,
  0x3b, 0x00, 0xba, 0x01, 0x01, 0xc4, 0x03, 0x07, 0x0e, 0x01, 0x1a, 0x12,
  0x1a, 0x1e, 0x03, 0x00, 0xc7, 0x03, 0x40, 0x00, 0x6d, 0x00, 0x07, 0x1d,
  0x4b, 0x03, 0x01, 0xc1, 0x04, 0x54, 0x6a, 0x01, 0x12, 0x15, 0x1a, 0xb4,
  0x1e, 0x03, 0x00, 0xc7, 0x03, 0x4a, 0x69, 0x00, 0x56, 0x00, 0x07, 0x1d,
  0x4d, 0x69, 0x01, 0x11, 0x13, 0x38, 0x00, 0x8d, 0x01, 0x00, 0x07, 0x0e,
  0x4b, 0xd3, 0x00, 0x7c, 0x00, 0x07, 0x0e, 0x4b, 0x01, 0x12, 0x10, 0x00,
  0x9e, 0x01, 0x00, 0x07, 0x1d, 0x4b, 0x03, 0x01, 0xc1, 0x04, 0x54, 0xa7,
  0x1b, 0x1e, 0x03, 0x00, 0xc7, 0x03, 0x4a, 0x69, 0x00, 0x84, 0x01, 0x01,
  0xd5, 0x04, 0x07, 0x1d, 0x4b, 0x03, 0x01, 0xc1, 0x04, 0x54, 0x01, 0x11,
  0x11, 0x05, 0x01, 0x1b, 0x1e, 0x03, 0x00, 0xc7, 0x03, 0x4a, 0x69, 0x00,
  0xa7, 0x01, 0x00, 0x07, 0x0e, 0x4b, 0x01, 0x17, 0x10, 0x00, 0x64, 0x00,
  0x07, 0x0e, 0x3c, 0x1f, 0x03, 0x00, 0xc7, 0x03, 0x47, 0x1c, 0x05, 0x00,
  0x1e, 0x06, 0x00, 0x00, 0x95, 0x01, 0x00, 0x07, 0x0e, 0x3c, 0x1f, 0x03,
  0x00, 0xc7, 0x03, 0x47, 0x1c, 0x05, 0x00, 0x1e, 0x06, 0x00, 0x00, 0x2a,
  0x00, 0x07, 0x0e, 0x01, 0x12, 0x12, 0x1a, 0x1e, 0x03, 0x00, 0xc7, 0x03,
  0x40, 0x00, 0x43, 0x02, 0xc4, 0x03, 0xac, 0x04, 0x07, 0x0e, 0x01, 0x26,
  0x12, 0x1a, 0x1e, 0x03, 0x00, 0xc7, 0x03, 0x40, 0x00, 0xaf, 0x01, 0x02,
  0xc4, 0x03, 0xc3, 0x04, 0x07, 0x2c, 0x4b, 0x03, 0x01, 0xc1, 0x04, 0x54,
  0x01, 0x11, 0x12, 0x05, 0x01, 0x1b, 0x1e, 0x03, 0x00, 0xc7, 0x03, 0x4a,
  0x69, 0x00, 0x3a, 0x04, 0xc4, 0x03, 0xd1, 0x04, 0xad, 0x04, 0xc3, 0x03,
  0x07, 0x0e, 0x01, 0x27, 0x0f, 0xf3, 0x1a, 0x1e, 0x03, 0x00, 0xc7, 0x03,
  0x40, 0x00, 0x4b, 0x02, 0xc4, 0x03, 0x95, 0x05, 0x07, 0x0e, 0x01, 0x22,
  0x12, 0x1a, 0x1e, 0x03, 0x00, 0xc7, 0x03, 0x40, 0x00, 0x11, 0x02, 0x94,
  0x05, 0xc0, 0x04, 0x07, 0x0e, 0xa5, 0x00, 0x14, 0x05, 0x94, 0x05, 0xc0,
  0x04, 0xb7, 0x03, 0xb8, 0x03, 0xe2, 0x04, 0x07, 0x0e, 0x3c, 0x2d, 0x2d,
  0x2d, 0x2d, 0x2d, 0x00, 0x32, 0x01, 0xcb, 0x04, 0x07, 0x2c, 0x02, 0x0e,
  0x3b, 0x02, 0x73, 0x1d, 0xd2, 0x2d, 0x03, 0x01, 0xe8, 0x04, 0x24, 0x69,
  0x69, 0x87, 0xa5, 0x4b, 0x4b, 0x87, 0x01, 0x01, 0x03, 0x00, 0x95, 0x04,
  0x02, 0x5a, 0xa3, 0x3e, 0x05, 0x00, 0x01, 0x08, 0x06, 0x00, 0x1e, 0x00,
  0x25, 0x00, 0x07, 0x0e, 0x00, 0x29, 0x00, 0x07, 0x0e, 0x00, 0x21, 0x00,
  0x07, 0x0e, 0x00, 0x2d, 0x00, 0x07, 0x0e, 0x00, 0x45, 0x00, 0x07, 0x0e,
  0x69, 0x03, 0x00, 0xe9, 0x04, 0x02, 0xa5, 0xe1, 0x69, 0xa5, 0x1a, 0x00,
  0x1d, 0x00, 0x07, 0x0e, 0x00, 0x07, 0x00, 0x07, 0x0e, 0x00, 0x1a, 0x00,
  0x07, 0x0e, 0x02, 0x72, 0x3b, 0x4d, 0x3c, 0x01, 0x17, 0x11, 0x4d, 0x4b,
  0x4e, 0x00, 0x1d, 0x01, 0xc3, 0x04, 0x07, 0x0e, 0x02, 0x6f, 0x3b, 0x4d,
  0x3c, 0x01, 0x17, 0x11, 0x4d, 0x4b, 0x51, 0x2d, 0x00, 0x21, 0x02, 0xc3,
  0x04, 0xb1, 0x04, 0x07, 0x0e, 0x02, 0x6b, 0x3b, 0x4d, 0x3c, 0x01, 0x17,
  0x11, 0x4d, 0x4b, 0x02, 0x0b, 0x4a, 0x2d, 0x2d, 0x00, 0x34, 0x00, 0x07,
  0x0e, 0x00, 0x30, 0x00, 0x07, 0x0e, 0x00, 0x28, 0x00, 0x07, 0x0e, 0x00,
  0x40, 0x00, 0x07, 0x0e, 0x00, 0x48, 0x00, 0x07, 0x0e, 0x00, 0x50, 0x00,
  0x07, 0x0e, 0x00, 0x38, 0x01, 0xb1, 0x04, 0x07, 0x0e, 0x2d, 0x00, 0x3c,
  0x01, 0xbf, 0x04, 0x07, 0x0e, 0x2d, 0x00, 0x2c, 0x01, 0xc3, 0x04, 0x07,
  0x0e, 0x2d, 0x00, 0x44, 0x01, 0x8c, 0x05, 0x07, 0x0e, 0x2d, 0x00, 0x4c,
  0x01, 0x98, 0x05, 0x07, 0x0e, 0x2d, 0x00, 0x54, 0x01, 0x99, 0x05, 0x07,
  0x0e, 0x2d, 0x00, 0x59, 0x00, 0x07, 0x2c, 0x00, 0x21, 0x00, 0x07, 0x0e,
  0x00, 0x24, 0x02, 0x9c, 0x05, 0x9e, 0x05, 0x07, 0x0e, 0x01, 0x20, 0x0f,
  0x3c, 0x4b, 0x00, 0xce, 0x01, 0x00, 0x07, 0x0e, 0x00, 0x16, 0x00, 0x07,
  0x0e, 0x00, 0x11, 0x00, 0x07, 0x0e, 0x00, 0x11, 0x00, 0x07, 0x0e, 0x00,
  0xbb, 0x02, 0x00, 0x07, 0x0e, 0x5a, 0x4b, 0x5b, 0x5a, 0x00, 0x81, 0x02,
  0x00, 0x07, 0x0e, 0x01, 0x22, 0x0f, 0x01, 0x1c, 0x0f, 0x5e, 0x5a, 0x4b,
  0x03, 0x07, 0xbf, 0x04, 0x02, 0x5a, 0x01, 0x1c, 0x0f, 0x01, 0x2c, 0x0f,
  0x03, 0x08, 0xe9, 0x04, 0x02, 0x2d, 0x01, 0x1c, 0x12, 0x02, 0x72, 0x1d,
  0x05, 0x07, 0x05, 0x08, 0x1e, 0x03, 0x06, 0xc7, 0x03, 0x40, 0x5a, 0x02,
  0x0b, 0x68, 0x05, 0x06, 0x06, 0x07, 0x06, 0x08, 0x00, 0x1f, 0x01, 0x9b,
  0x03, 0x07, 0x1d, 0x5b, 0x8e, 0x5b, 0x69, 0x5a, 0x4d, 0x69, 0x5a, 0x4d,
  0x5a, 0x3c, 0x3d, 0x5a, 0x96, 0x5b, 0x5a, 0x41, 0x02, 0x7b, 0x1d, 0x1e,
  0x03, 0x00, 0xc7, 0x03, 0x40, 0x5a, 0x3c, 0x00, 0x4d, 0x01, 0x9b, 0x03,
  0x07, 0x2c, 0x01, 0x01, 0x03, 0x03, 0xa5, 0x04, 0x02, 0x3c, 0x01, 0x28,
  0x0d, 0x3f, 0x01, 0x01, 0x03, 0x02, 0x95, 0x04, 0x02, 0x3c, 0x2d, 0x03,
  0x00, 0x9a, 0x03, 0x4d, 0x02, 0xce, 0x00, 0xb3, 0x87, 0xe1, 0x03, 0x04,
  0xc3, 0x04, 0x4d, 0x02, 0x22, 0x68, 0x05, 0x00, 0x05, 0x04, 0x02, 0x8e,
  0x7f, 0x1d, 0x06, 0x00, 0x01, 0x67, 0x11, 0x5a, 0x02, 0x7a, 0x4a, 0x53,
  0x5a, 0x02, 0xe8, 0x00, 0x68, 0x05, 0x00, 0x1e, 0x03, 0x01, 0xc7, 0x03,
  0x40, 0x02, 0x9b, 0x7f, 0x77, 0x05, 0x01, 0x06, 0x00, 0x3c, 0x5d, 0x01,
  0x11, 0x0f, 0x87, 0x06, 0x04, 0x8a, 0x05, 0x04, 0x7d, 0x01, 0x11, 0x0f,
  0x96, 0x01, 0x1d, 0x10, 0x7e, 0x01, 0x11, 0x0f, 0x96, 0x01, 0x1e, 0x10,
  0x7e, 0x01, 0x11, 0x10, 0x87, 0x03, 0x05, 0xd8, 0x04, 0x02, 0x5a, 0x01,
  0x18, 0x0f, 0x05, 0x05, 0x1e, 0x03, 0x01, 0xc7, 0x03, 0x48, 0x01, 0x1a,
  0x12, 0x05, 0x01, 0x7d, 0x01, 0x11, 0x0f, 0x96, 0x01, 0x1e, 0x10, 0x02,
  0x0c, 0x77, 0x87, 0xf0, 0x01, 0x1e, 0x0f, 0x87, 0xf0, 0x01, 0x1e, 0x0f,
  0x88, 0xe1, 0x06, 0x05, 0x5a, 0x01, 0x18, 0x0f, 0x05, 0x05, 0x1e, 0x06,
  0x01, 0x01, 0x18, 0x11, 0x05, 0x01, 0x87, 0xf0, 0x01, 0x1e, 0x0f, 0x87,
  0x01, 0x18, 0x10, 0x01, 0x18, 0x13, 0x05, 0x00, 0x69, 0x02, 0x92, 0x7f,
  0x2c, 0x00, 0x98, 0x02, 0x00, 0x07, 0x0e, 0x78, 0x5a, 0x01, 0x24, 0x0f,
  0x5a, 0x78, 0x78, 0x78, 0x78, 0x78, 0x5a, 0x78, 0x78, 0x5a, 0x78, 0x78,
  0x5a, 0x78, 0x78, 0x78, 0x5a, 0x78, 0x78, 0x01, 0x24, 0x0f, 0x5a, 0x78,
  0x01, 0x24, 0x0f, 0x5a, 0x78, 0x01, 0x24, 0x0f, 0x00, 0xf1, 0x01, 0x01,
  0xc3, 0x04, 0x07, 0x0e, 0x4b, 0x03, 0x00, 0xad, 0x03, 0x2a, 0x5a, 0x01,
  0x16, 0x0f, 0x20, 0x05, 0x00, 0x1b, 0x1e, 0x03, 0x01, 0xc7, 0x03, 0x41,
  0x01, 0x1c, 0x0f, 0x00, 0xce, 0x01, 0x00, 0x07, 0x1d, 0x02, 0x14, 0x01,
  0x11, 0x0e, 0x20, 0x03, 0x00, 0xc7, 0x03, 0x40, 0x02, 0x6b, 0x1d, 0x05,
  0x00, 0x01, 0x14, 0x0f, 0x02, 0x12, 0x68, 0x1e, 0x06, 0x00, 0x02, 0x72,
  0x68, 0x05, 0x00, 0x01, 0x14, 0x0f, 0x6d, 0x01, 0x13, 0x0f, 0x02, 0x71,
  0x68, 0x00, 0x06, 0x00, 0x07, 0x0e, 0x00, 0x0a, 0x00, 0x07, 0x0e, 0xa9,
  0xa9, 0x02, 0x72, 0xa4, 0x00, 0x06, 0x02, 0x00, 0x00, 0x07, 0x0e, 0x00,
  0x17, 0x01, 0xc3, 0x04, 0x07, 0x1d, 0x7f, 0x02, 0x7a, 0x1d, 0x2e, 0x28,
  0x00, 0x06, 0x01, 0xc5, 0x04, 0x07, 0x0e, 0x00, 0x06, 0x00, 0x07, 0x0e,
  0x00, 0xa0, 0x01, 0x01, 0x9b, 0x05, 0x07, 0x0e, 0x00, 0xa3, 0x01, 0x01,
  0xe5, 0x04, 0x07, 0x0e, 0xc3, 0x5b, 0x00, 0xc1, 0x01, 0x01, 0x9b, 0x05,
  0x07, 0x0e, 0x00, 0xc4, 0x01, 0x00, 0x07, 0x0e, 0x5a, 0x00, 0x4b, 0x01,
  0xae, 0x03, 0x07, 0x1d, 0x02, 0x61, 0x3b, 0x02, 0x10, 0x77, 0x5c, 0x78,
  0x7a, 0x53, 0x2d, 0x5a, 0x69, 0x4b, 0x88, 0x5a, 0x87, 0x4b, 0x88, 0x87,
  0x01, 0x2c, 0x0f, 0x5a, 0x00, 0x1e, 0x01, 0xb3, 0x05, 0x07, 0x0e, 0x00,
  0x1e, 0x01, 0xb3, 0x05, 0x07, 0x0e, 0x00, 0x1e, 0x01, 0xb3, 0x05, 0x07,
  0x0e, 0x00, 0x87, 0x02, 0x00, 0x07, 0x1d, 0x3e, 0x4c, 0x5a, 0x5d, 0x2f,
  0x4c, 0x5a, 0x5d, 0x2e, 0x02, 0x71, 0x1d, 0x1e, 0x03, 0x00, 0xc7, 0x03,
  0x40, 0x71, 0x05, 0x00, 0x1e, 0x06, 0x00, 0x00, 0xf7, 0x01, 0x00, 0x07,
  0x0e, 0x4c, 0x5a, 0x5d, 0x3d, 0x02, 0x7b, 0x1d, 0x1e, 0x03, 0x00, 0xc7,
  0x03, 0x40, 0x00, 0xd5, 0x02, 0x04, 0xae, 0x05, 0x94, 0x04, 0xce, 0x03,
  0xbd, 0x04, 0x07, 0x0e, 0x01, 0x34, 0x10, 0x4b, 0x03, 0x01, 0xe5, 0x04,
  0x12, 0x5d, 0x05, 0x01, 0x1b, 0x1e, 0x03, 0x00, 0xc7, 0x03, 0x40, 0x5a,
  0x00, 0xa7, 0x02, 0x00, 0x07, 0x2c, 0x01, 0x13, 0x0f, 0x03, 0x01, 0xf6,
  0x04, 0x5b, 0x01, 0x22, 0x10, 0x69, 0x03, 0x02, 0xa2, 0x05, 0x16, 0x2d,
  0x60, 0x05, 0x01, 0x05, 0x02, 0x02, 0x74, 0x1d, 0x33, 0x06, 0x01, 0x06,
  0x02, 0x6b, 0x05, 0x01, 0x05, 0x02, 0x1e, 0x03, 0x00, 0xc7, 0x03, 0x40,
  0x5a, 0x00, 0xfa, 0x03, 0x00, 0x07, 0x0e, 0x4b, 0x03, 0x01, 0xc2, 0x03,
  0x21, 0x5a, 0x03, 0x00, 0xc1, 0x03, 0x1c, 0x4b, 0x03, 0x03, 0x8a, 0x05,
  0x1d, 0x69, 0x03, 0x04, 0xae, 0x05, 0x02, 0x69, 0x03, 0x02, 0x94, 0x04,
  0x02, 0x00, 0x87, 0x01, 0x00, 0x07, 0x0e, 0x87, 0x03, 0x00, 0xbc, 0x04,
  0x02, 0x4b, 0x01, 0x1c, 0x0f, 0x00, 0x97, 0x03, 0x00, 0x07, 0x0e, 0x4b,
  0x03, 0x04, 0x8e, 0x05, 0x03, 0x3c, 0x20, 0x03, 0x01, 0x96, 0x04, 0x10,
  0x69, 0x02, 0x0b, 0x2c, 0x2e, 0x3e, 0x21, 0x02, 0x7a, 0x1d, 0x1e, 0x03,
  0x00, 0xc7, 0x03, 0x40, 0x6c, 0x05, 0x00, 0x02, 0x71, 0x3b, 0x3c, 0x69,
  0x4b, 0x03, 0x02, 0xe2, 0x04, 0x03, 0x01, 0x1c, 0x12, 0x2e, 0x41, 0x05,
  0x02, 0x02, 0x7b, 0x2c, 0x06, 0x02, 0x1e, 0x06, 0x00, 0x02, 0x79, 0x68,
  0x05, 0x00, 0x05, 0x02, 0x1e, 0x06, 0x00, 0x5b, 0x2e, 0x4b, 0x1e, 0x64,
  0x05, 0x00, 0x3d, 0x40, 0x19, 0x1e, 0x06, 0x00, 0x00, 0xba, 0x03, 0x01,
  0x96, 0x04, 0x07, 0x0e, 0x87, 0x03, 0x0b, 0xd7, 0x04, 0x0f, 0x4b, 0x03,
  0x03, 0xa0, 0x03, 0x55, 0x2d, 0x02, 0x31, 0x59, 0x05, 0x03, 0x05, 0x0b,
  0x02, 0x53, 0x1d, 0x06, 0x03, 0x06, 0x0b, 0x4b, 0x03, 0x09, 0x9a, 0x04,
  0x02, 0x4b, 0x03, 0x08, 0x97, 0x04, 0x02, 0x4b, 0x03, 0x0a, 0xd6, 0x04,
  0x02, 0x4b, 0x03, 0x0e, 0xf0, 0x04, 0x02, 0x4d, 0x03, 0x0d, 0xef, 0x04,
  0x02, 0x4b, 0x03, 0x04, 0xa4, 0x03, 0x02, 0x2d, 0x03, 0x10, 0xa3, 0x05,
  0x02, 0x01, 0x11, 0x0f, 0xc5, 0xe1, 0x03, 0x07, 0x93, 0x04, 0x55, 0x78,
  0x3c, 0x3d, 0x2e, 0x02, 0x0d, 0xef, 0xa5, 0x03, 0x0f, 0x94, 0x05, 0x02,
  0x2d, 0x01, 0x3a, 0x12, 0x05, 0x0f, 0x1e, 0x03, 0x06, 0xc7, 0x03, 0x40,
  0x97, 0x05, 0x03, 0x05, 0x04, 0x05, 0x06, 0x05, 0x07, 0x05, 0x08, 0x05,
  0x09, 0x05, 0x0a, 0x05, 0x0b, 0x05, 0x0d, 0x05, 0x0e, 0x05, 0x10, 0x1e,
  0x06, 0x06, 0x02, 0x6c, 0x95, 0x05, 0x06, 0x06, 0x03, 0x06, 0x04, 0x06,
  0x07, 0x06, 0x08, 0x06, 0x09, 0x06, 0x0a, 0x06, 0x0b, 0x06, 0x0d, 0x06,
  0x0e, 0x06, 0x10, 0x2d, 0x03, 0x0c, 0xee, 0x04, 0x5c, 0x2d, 0x03, 0x05,
  0xba, 0x03, 0x02, 0x01, 0x02, 0x03, 0x11, 0xb4, 0x05, 0x02, 0x4b, 0x78,
  0x01, 0x13, 0x0f, 0x47, 0x02, 0x0c, 0x3b, 0x05, 0x05, 0x05, 0x0c, 0x05,
  0x11, 0x06, 0x0f, 0x00, 0xce, 0x01, 0x00, 0x07, 0x0e, 0x5b, 0x01, 0x14,
  0x0f, 0x4b, 0x02, 0x1f, 0x59, 0x02, 0x64, 0x1d, 0x5a, 0x89, 0x3d, 0x69,
  0x4b, 0x02, 0x12, 0x59, 0x3c, 0x02, 0x71, 0x68, 0x69, 0x03, 0x03, 0xf4,
  0x04, 0x0c, 0x01, 0x13, 0x0f, 0x5b, 0x3c, 0x69, 0x05, 0x03, 0x1e, 0x03,
  0x06, 0xc7, 0x03, 0x43, 0x6a, 0x05, 0x06, 0x1e, 0x03, 0x06, 0xc7, 0x03,
  0x40, 0x00, 0xc1, 0x02, 0x05, 0xc4, 0x03, 0x95, 0x05, 0xbc, 0x03, 0xc3,
  0x03, 0xac, 0x04, 0x07, 0x0e, 0x3d, 0x3c, 0x4b, 0x3d, 0x3d, 0x1b, 0x4b,
  0x00, 0xb9, 0x01, 0x00, 0x07, 0x0e, 0x5b, 0x5a, 0x96, 0x5a, 0xd3, 0x5a,
  0xaa, 0x00, 0x90, 0x01, 0x00, 0x07, 0x0e, 0x5c, 0x01, 0x14, 0x0f, 0x4b,
  0x8a, 0x5a, 0x96, 0x5a, 0xd4, 0x5a, 0xcc, 0x5a, 0x01, 0x1d, 0x10, 0x4b,
  0x89, 0x5a, 0x00, 0xf6, 0x03, 0x00, 0x07, 0x0e, 0x00, 0x61, 0x00, 0x07,
  0x0e, 0x87, 0x02, 0x1f, 0x59, 0x02, 0x64, 0x1d, 0x5a, 0x6a, 0x78, 0x88,
  0x5e, 0x5a, 0x3c, 0x02, 0x0d, 0x59, 0x69, 0x02, 0x73, 0x68, 0x1e, 0x03,
  0x00, 0xc7, 0x03, 0x40, 0x5b, 0x3c, 0x69, 0x1e, 0x03, 0x01, 0xcb, 0x03,
  0x40, 0x5a, 0x3c, 0x00, 0xe4, 0x02, 0x00, 0x07, 0x1d, 0x87, 0x02, 0x2c,
  0x59, 0x02, 0x58, 0x1d, 0x5a, 0x6b, 0x4c, 0x5a, 0x5d, 0x30, 0x3e, 0x4c,
  0x5a, 0x5a, 0x78, 0x5d, 0x2d, 0x30, 0x5a, 0x3c, 0x5d, 0x69, 0x02, 0x61,
  0x68, 0x1e, 0x03, 0x00, 0xc7, 0x03, 0x40, 0x02, 0x0f, 0x68, 0x05, 0x00,
  0x1e, 0x03, 0x00, 0xc7, 0x03, 0x43, 0x72, 0x05, 0x00, 0x1e, 0x03, 0x00,
  0xc7, 0x03, 0x40, 0x00, 0x07, 0x00, 0x07, 0x0e, 0x00, 0x03, 0x00, 0x07,
  0x0e, 0x00, 0x00, 0x03, 0x01, 0xa7, 0x05, 0x1c, 0x01, 0x17, 0xd8, 0x02,
  0x2f, 0x01, 0xa7, 0x05, 0x18, 0x1f, 0x02, 0x31, 0x02, 0x90, 0x03, 0x24,
  0x19, 0x40, 0xc4, 0x04, 0x17, 0xac, 0x02, 0x33, 0x01, 0xa7, 0x05, 0x1c,
  0x04, 0x17, 0xb8, 0x17, 0x34, 0x17, 0x94, 0x17, 0x38, 0x02, 0x33, 0x01,
  0xa7, 0x05, 0x1c, 0x01, 0x17, 0x17, 0x02, 0x31, 0x02, 0x90, 0x03, 0x04,
  0x08, 0xc4, 0x04, 0x17, 0xda, 0x02, 0x32, 0x01, 0xa7, 0x05, 0x1c, 0x02,
  0x18, 0x1e, 0x18, 0x1d, 0x00, 0x03, 0x01, 0xa7, 0x05, 0x1c, 0x01, 0x17,
  0xe0, 0x02, 0x34, 0x01, 0xa7, 0x05, 0x1c, 0x01, 0x18, 0x46, 0x02, 0x34,
  0x01, 0xa7, 0x05, 0x1c, 0x01, 0x18, 0x3f, 0x00, 0x03, 0x01, 0xa7, 0x05,
  0x1c, 0x01, 0x17, 0xdf, 0x02, 0x33, 0x01, 0xa7, 0x05, 0x1c, 0x02, 0x17,
  0xb4, 0x17, 0x35, 0x02, 0x2f, 0x01, 0xa7, 0x05, 0x18, 0x24, 0x02, 0x31,
  0x02, 0x90, 0x03, 0x04, 0x09, 0xc4, 0x04, 0x17, 0xe2, 0x02, 0x32, 0x01,
  0xa7, 0x05, 0x1c, 0x01, 0x18, 0x23, 0x02, 0x30, 0x01, 0xa7, 0x05, 0x1a,
  0x99, 0x02, 0x31, 0x02, 0x90, 0x03, 0x04, 0x00, 0xc4, 0x04, 0x1e, 0x02,
  0x2f, 0x01, 0xa7, 0x05, 0x18, 0x28, 0x02, 0x31, 0x02, 0x90, 0x03, 0x24,
  0x08, 0x10, 0xc4, 0x04, 0x1e, 0x00, 0x03, 0x01, 0xa7, 0x05, 0x1c, 0x01,
  0x17, 0xf5, 0x02, 0x33, 0x01, 0xa7, 0x05, 0x1c, 0x04, 0x17, 0xb8, 0x17,
  0x34, 0x17, 0xa0, 0x17, 0x38, 0x02, 0x30, 0x01, 0xa7, 0x05, 0x1a, 0xba,
  0x02, 0x30, 0x01, 0xa7, 0x05, 0x1a, 0xb9, 0x0f, 0x04, 0x15, 0x04, 0x16,
  0x04, 0x17, 0x04, 0x18, 0x04, 0x19, 0x04, 0x1a, 0x04, 0x1b, 0x04, 0x1c,
  0x04, 0x1d, 0x04, 0x1e, 0x04, 0x1f, 0x04, 0x20, 0x04, 0x21, 0x04, 0x22,
  0x04, 0x23, 0x02, 0x1e, 0x37, 0xab, 0x01, 0x01, 0x04, 0x01, 0x04, 0x1e,
  0x1e, 0x37, 0x77, 0x01, 0x37, 0x27, 0x02, 0x02, 0x1e, 0x04, 0x02, 0x03,
  0x1e, 0x17, 0x8e, 0x17, 0x32, 0x07, 0x04, 0x28, 0x04, 0x04, 0x06, 0x14,
  0x04, 0x00, 0x04, 0x08, 0x04, 0x03, 0x17, 0xe7, 0x0f, 0x00, 0x01, 0x00,
  0x02, 0x19, 0x01, 0x19, 0x01, 0x19, 0x01, 0x19, 0x01, 0x19, 0x01, 0x19,
  0x01, 0x19, 0x01, 0x19, 0x01, 0x19, 0x01, 0x19, 0x01, 0x19, 0x01, 0x19,
  0x01, 0x19, 0x01, 0x19, 0x01, 0x19, 0x22, 0x82, 0x80, 0x04, 0xb8, 0x42,
  0x03, 0x00, 0x04, 0x04, 0x11, 0x1a, 0x01, 0x19, 0x01, 0x19, 0x23, 0x88,
  0x80, 0x04, 0xd0, 0x42, 0x01, 0x82, 0x80, 0x04, 0xf0, 0x42, 0x01, 0x09,
  0x90, 0x43, 0x05, 0x0a, 0xa8, 0x43, 0x26, 0x01, 0xa8, 0x44, 0x01, 0x01,
  0xec, 0x44, 0x01, 0x01, 0xb0, 0x45, 0x01, 0x01, 0xc8, 0x45, 0x01, 0x07,
  0x01, 0x07, 0x14, 0x19, 0x15, 0x12, 0x01, 0x12, 0x01, 0x12, 0x01, 0x12,
  0x01, 0x12, 0x01, 0x12, 0x01, 0x12, 0x2b, 0x81, 0x80, 0x04, 0xe0, 0x45,
  0x2c, 0x01, 0x94, 0x46, 0x01, 0x01, 0xac, 0x46, 0x01, 0x01, 0xc4, 0x46,
  0x01, 0x01, 0xdc, 0x46, 0x01, 0x01, 0xf4, 0x46, 0x01, 0x01, 0x8c, 0x47,
  0x01, 0x01, 0xa4, 0x47, 0x01, 0x02, 0x02, 0x0b, 0x1c, 0x98, 0x20, 0x1d,
  0x12, 0x01, 0x12, 0x33, 0x88, 0x80, 0x04, 0xbc, 0x47, 0x01, 0x81, 0x80,
  0x04, 0xe8, 0x47, 0x35, 0x01, 0x88, 0x48, 0x01, 0x01, 0xe0, 0x48, 0x01,
  0x01, 0xf8, 0x48, 0x01, 0x01, 0x9c, 0x49, 0x01, 0x01, 0xb4, 0x49, 0x01,
  0x01, 0xf8, 0x49, 0x01, 0x01, 0xa8, 0x4a, 0x01, 0x01, 0xd8, 0x4b, 0x01,
  0x01, 0xfc, 0x4b, 0x01, 0x01, 0xfc, 0x4c, 0x01, 0x01, 0xa4, 0x4d, 0x06,
  0x00, 0x05, 0x00, 0x1f, 0x9a, 0x20, 0x01, 0x99, 0x80, 0x01, 0x01, 0x99,
  0x80, 0x01, 0x01, 0x99, 0x80, 0x01, 0x01, 0x99, 0x80, 0x01, 0x01, 0x99,
  0x80, 0x01, 0x40, 0x8a, 0x20, 0xec, 0x4d, 0x01, 0x88, 0x80, 0x04, 0xb8,
  0x4e, 0x01, 0x82, 0x80, 0x04, 0xbc, 0x4f, 0x02, 0x09, 0xd4, 0x4f, 0x01,
  0x09, 0xf8, 0x4f, 0x00, 0x00, 0x01, 0x03, 0x46, 0x80, 0x80, 0x04, 0x9c,
  0x50, 0x47, 0x01, 0xb4, 0x50, 0x01, 0x01, 0xc8, 0x50, 0x01, 0x01, 0xdc,
  0x50, 0x05, 0x00, 0x0c, 0x00, 0x25, 0x1a, 0x01, 0x1a, 0x01, 0x1a, 0x01,
  0x1a, 0x01, 0x0a, 0x4a, 0x88, 0x80, 0x04, 0xf0, 0x50, 0x01, 0x82, 0x80,
  0x04, 0xc4, 0x51, 0x01, 0x09, 0xdc, 0x51, 0x01, 0x09, 0xc4, 0x52, 0x01,
  0x09, 0xf8, 0x52, 0x01, 0x09, 0x94, 0x53, 0x01, 0x09, 0x8c, 0x54, 0x01,
  0x09, 0xf4, 0x54, 0x01, 0x09, 0x8c, 0x55, 0x01, 0x09, 0xbc, 0x55, 0x01,
  0x09, 0xa4, 0x56, 0x01, 0x09, 0xc0, 0x56, 0x00, 0x03, 0x04, 0x03, 0x2a,
  0x02, 0x01, 0x02, 0x01, 0x12, 0x56, 0x82, 0x80, 0x04, 0xb8, 0x57, 0x01,
  0x08, 0xd4, 0x57, 0x02, 0x02, 0xb8, 0x58, 0x03, 0x82, 0x80, 0x08, 0xa4,
  0x59, 0x58, 0x01, 0x84, 0x5a, 0x02, 0x01, 0xe8, 0x5a, 0x01, 0x01, 0xc8,
  0x5b, 0x01, 0x00, 0x02, 0x00, 0x2d, 0x0a, 0x5d, 0x82, 0x80, 0x04, 0xd4,
  0x5d, 0x01, 0x09, 0xec, 0x5d, 0x07, 0x00, 0x13, 0x00, 0x2e, 0x1a, 0x01,
  0x19, 0x01, 0x19, 0x01, 0x0a, 0x01, 0x0a, 0x01, 0x0a, 0x01, 0x0a, 0x5f,
  0x88, 0x80, 0x04, 0x98, 0x5e, 0x01, 0x82, 0x80, 0x04, 0xd4, 0x5e, 0x01,
  0x09, 0xec, 0x5e, 0x01, 0x09, 0xbc, 0x5f, 0x01, 0x09, 0x9c, 0x60, 0x01,
  0x09, 0xfc, 0x60, 0x01, 0x0a, 0xfc, 0x61, 0x01, 0x0a, 0xe4, 0x62, 0x01,
  0x0a, 0x9c, 0x63, 0x01, 0x09, 0xe0, 0x63, 0x01, 0x09, 0xac, 0x64, 0x01,
  0x0a, 0x88, 0x65, 0x01, 0x09, 0xd4, 0x65, 0x01, 0x09, 0x80, 0x66, 0x01,
  0x09, 0xac, 0x66, 0x01, 0x09, 0xfc, 0x66, 0x01, 0x09, 0xf4, 0x67, 0x01,
  0x09, 0xd0, 0x68, 0x01, 0x09, 0xe8, 0x69, 0x00, 0x05, 0x02, 0x07, 0x35,
  0x12, 0x01, 0x12, 0x01, 0x12, 0x01, 0x12, 0x01, 0x12, 0x72, 0x81, 0x80,
  0x04, 0xd8, 0x6a, 0x01, 0x81, 0x80, 0x04, 0x80, 0x6b, 0x74, 0x01, 0xac,
  0x6b, 0x01, 0x01, 0xfc, 0x6c, 0x01, 0x01, 0x94, 0x6d, 0x01, 0x01, 0xac,
  0x6d, 0x01, 0x01, 0xc4, 0x6d, 0x01, 0x01, 0xdc, 0x6d, 0x01, 0x01, 0xd0,
  0x6e, 0x00, 0x00, 0x06, 0x00, 0x7b, 0x81, 0x80, 0x04, 0xe8, 0x6e, 0x01,
  0x89, 0x02, 0x00, 0x01, 0x89, 0x02, 0x00, 0x01, 0x89, 0x02, 0x00, 0x01,
  0x89, 0x02, 0x00, 0x01, 0x89, 0x02, 0x00, 0x00, 0x06, 0x03, 0x0d, 0x3a,
  0x02, 0x01, 0x02, 0x01, 0x02, 0x01, 0x02, 0x01, 0x02, 0x01, 0x02, 0x81,
  0x01, 0x81, 0x80, 0x04, 0x80, 0x6f, 0x01, 0x81, 0x80, 0x04, 0xec, 0x6f,
  0x01, 0x81, 0x80, 0x04, 0xdc, 0x70, 0x84, 0x01, 0x01, 0xd0, 0x71, 0x01,
  0x01, 0xe8, 0x71, 0x01, 0x01, 0x80, 0x72, 0x01, 0x01, 0x98, 0x72, 0x01,
  0x01, 0xb0, 0x72, 0x01, 0x01, 0xc8, 0x72, 0x01, 0x01, 0xe0, 0x72, 0x01,
  0x01, 0xf8, 0x72, 0x01, 0x01, 0x90, 0x73, 0x01, 0x01, 0xa8, 0x73, 0x01,
  0x01, 0xc0, 0x73, 0x01, 0x01, 0xd8, 0x73, 0x01, 0x01, 0xf0, 0x73, 0x00,
  0x00, 0x01, 0x01, 0x91, 0x01, 0x80, 0x80, 0x04, 0xcc, 0x75, 0x92, 0x01,
  0x01, 0xe4, 0x75, 0x01, 0x00, 0x01, 0x00, 0x40, 0x98, 0x20, 0x93, 0x01,
  0x88, 0x80, 0x04, 0xc4, 0x76, 0x04, 0x00, 0x0a, 0x00, 0x41, 0x1a, 0x01,
  0x1a, 0x01, 0x1a, 0x01, 0x0a, 0x94, 0x01, 0x88, 0x80, 0x04, 0xdc, 0x77,
  0x01, 0x81, 0x80, 0x04, 0xfc, 0x77, 0x01, 0x88, 0x20, 0x94, 0x78, 0x01,
  0x0a, 0xac, 0x78, 0x01, 0x0a, 0xe4, 0x78, 0x01, 0x09, 0xc8, 0x7c, 0x01,
  0x0a, 0xb0, 0x7e, 0x01, 0x0a, 0xb4, 0x8d, 0x01, 0x01, 0x0a, 0xa4, 0x92,
  0x01, 0x01, 0x0a, 0xc0, 0x93, 0x01, 0x04, 0x00, 0x06, 0x00, 0x45, 0x9a,
  0x20, 0x01, 0x99, 0x80, 0x01, 0x01, 0x99, 0x80, 0x01, 0x01, 0x99, 0x80,
  0x01, 0x9e, 0x01, 0x8a, 0x20, 0xc8, 0x95, 0x01, 0x01, 0x88, 0x80, 0x04,
  0x80, 0x96, 0x01, 0x01, 0x82, 0x80, 0x04, 0xdc, 0x96, 0x01, 0x01, 0x09,
  0xf4, 0x96, 0x01, 0x02, 0x09, 0xb4, 0x97, 0x01, 0x01, 0x09, 0xd8, 0x97,
  0x01, 0x00, 0x01, 0x01, 0x01, 0x49, 0x90, 0x20, 0xa5, 0x01, 0x80, 0x80,
  0x04, 0xfc, 0x97, 0x01, 0xa6, 0x01, 0x01, 0x98, 0x98, 0x01, 0x00, 0x01,
  0x01, 0x01, 0x4a, 0x90, 0x20, 0xa7, 0x01, 0x80, 0x80, 0x04, 0xcc, 0x98,
  0x01, 0xa8, 0x01, 0x01, 0xe8, 0x98, 0x01, 0x07, 0x0e, 0x10, 0x03, 0x4b,
  0x1a, 0x01, 0x1a, 0x01, 0x1a, 0x01, 0x1a, 0x01, 0x1a, 0x01, 0x1a, 0x01,
  0x1a, 0x52, 0x02, 0x01, 0x02, 0x01, 0x12, 0x01, 0x12, 0x01, 0x12, 0x01,
  0x12, 0x01, 0x02, 0x01, 0x12, 0x01, 0x42, 0x01, 0x02, 0x01, 0x12, 0x01,
  0x12, 0x01, 0x02, 0x01, 0x02, 0xa9, 0x01, 0x81, 0x80, 0x04, 0x84, 0x99,
  0x01, 0x01, 0x88, 0x20, 0xb0, 0x9b, 0x01, 0x01, 0x88, 0x20, 0xc8, 0x9b,
  0x01, 0x01, 0x88, 0x20, 0xe0, 0x9b, 0x01, 0x01, 0x02, 0xf8, 0x9b, 0x01,
  0x01, 0x02, 0x88, 0x9d, 0x01, 0x01, 0x02, 0xd8, 0x9d, 0x01, 0x01, 0x02,
  0x80, 0x9f, 0x01, 0x01, 0x09, 0xc8, 0xa0, 0x01, 0x01, 0x02, 0x94, 0xa1,
  0x01, 0x02, 0x02, 0xf8, 0xa1, 0x01, 0x01, 0x02, 0xf0, 0xa4, 0x01, 0x01,
  0x02, 0xbc, 0xa9, 0x01, 0x01, 0x02, 0xe4, 0xab, 0x01, 0x02, 0x02, 0xac,
  0xac, 0x01, 0x01, 0x02, 0xa8, 0xad, 0x01, 0xb3, 0x01, 0x01, 0xcc, 0xaf,
  0x01, 0x05, 0x01, 0xec, 0xaf, 0x01, 0x03, 0x01, 0xe0, 0xb1, 0x01, 0x00,
  0x00, 0x06, 0x00, 0xbc, 0x01, 0x81, 0x80, 0x04, 0x88, 0xb4, 0x01, 0x01,
  0x89, 0x02, 0x00, 0x01, 0x89, 0x02, 0x00, 0x01, 0x89, 0x02, 0x00, 0x01,
  0x89, 0x02, 0x00, 0x01, 0x89, 0x02, 0x00, 0x00, 0x00, 0x01, 0x00, 0xc2,
  0x01, 0x81, 0x80, 0x04, 0xa0, 0xb4, 0x01, 0x00, 0x11, 0x00, 0x00, 0x00,
  0x00, 0x00, 0x00, 0x00, 0x01, 0x00, 0x00, 0x00, 0x00, 0x00, 0x00, 0x00,
  0x01, 0x00, 0x00, 0x00, 0xb9, 0x02, 0x00, 0x00, 0x70, 0x00, 0x00, 0x00,
  0x02, 0x00, 0x00, 0x00, 0x64, 0x00, 0x00, 0x00, 0x54, 0x0b, 0x00, 0x00,
  0x03, 0x00, 0x00, 0x00, 0x73, 0x00, 0x00, 0x00, 0xe4, 0x0c, 0x00, 0x00,
  0x04, 0x00, 0x00, 0x00, 0x67, 0x00, 0x00, 0x00, 0x48, 0x12, 0x00, 0x00,
  0x05, 0x00, 0x00, 0x00, 0x09, 0x01, 0x00, 0x00, 0x80, 0x15, 0x00, 0x00,
  0x06, 0x00, 0x00, 0x00, 0x16, 0x00, 0x00, 0x00, 0xc8, 0x1d, 0x00, 0x00,
  0x03, 0x10, 0x00, 0x00, 0x12, 0x00, 0x00, 0x00, 0x88, 0x20, 0x00, 0x00,
  0x01, 0x20, 0x00, 0x00, 0x95, 0x00, 0x00, 0x00, 0x38, 0x21, 0x00, 0x00,
  0x06, 0x20, 0x00, 0x00, 0x10, 0x00, 0x00, 0x00, 0x38, 0x5a, 0x00, 0x00,
  0x01, 0x10, 0x00, 0x00, 0x33, 0x00, 0x00, 0x00, 0xb0, 0x5b, 0x00, 0x00,
  0x02, 0x20, 0x00, 0x00, 0xb9, 0x02, 0x00, 0x00, 0x92, 0x5d, 0x00, 0x00,
  0x03, 0x20, 0x00, 0x00, 0x95, 0x00, 0x00, 0x00, 0x9c, 0x98, 0x00, 0x00,
  0x04, 0x20, 0x00, 0x00, 0x17, 0x00, 0x00, 0x00, 0x2e, 0xa3, 0x00, 0x00,
  0x05, 0x20, 0x00, 0x00, 0x07, 0x00, 0x00, 0x00, 0x0b, 0xa4, 0x00, 0x00,
  0x00, 0x20, 0x00, 0x00, 0x16, 0x00, 0x00, 0x00, 0x54, 0xa4, 0x00, 0x00,
  0x00, 0x10, 0x00, 0x00, 0x01, 0x00, 0x00, 0x00, 0x74, 0xa8, 0x00, 0x00
};

unsigned int k_server_dex_len = 43332;

#endif // K_SERVER_DEX_H