#ifndef LIBSERVER_K_SO_H
#define LIBSERVER_K_SO_H

unsigned char libserver_k_so_data[] = {
  0x7f, 0x45, 0x4c, 0x46, 0x02, 0x01, 0x01, 0x00, 0x00, 0x00, 0x00, 0x00,
  0x00, 0x00, 0x00, 0x00, 0x03, 0x00, 0xb7, 0x00, 0x01, 0x00, 0x00, 0x00,
  0x00, 0x00, 0x00, 0x00, 0x00, 0x00, 0x00, 0x00, 0x40, 0x00, 0x00, 0x00,
  0x00, 0x00, 0x00, 0x00, 0x88, 0xa8, 0x01, 0x00, 0x00, 0x00, 0x00, 0x00,
  0x00, 0x00, 0x00, 0x00, 0x40, 0x00, 0x38, 0x00, 0x09, 0x00, 0x40, 0x00,
  0x21, 0x00, 0x1f, 0x00, 0x06, 0x00, 0x00, 0x00, 0x04, 0x00, 0x00, 0x00,
  0x40, 0x00, 0x00, 0x00, 0x00, 0x00, 0x00, 0x00, 0x40, 0x00, 0x00, 0x00,
  0x00, 0x00, 0x00, 0x00, 0x40, 0x00, 0x00, 0x00, 0x00, 0x00, 0x00, 0x00,
  0xf8, 0x01, 0x00, 0x00, 0x00, 0x00, 0x00, 0x00, 0xf8, 0x01, 0x00, 0x00,
  0x00, 0x00, 0x00, 0x00, 0x08, 0x00, 0x00, 0x00, 0x00, 0x00, 0x00, 0x00,
  0x01, 0x00, 0x00, 0x00, 0x05, 0x00, 0x00, 0x00, 0x00, 0x00, 0x00, 0x00,
  0x00, 0x00, 0x00, 0x00, 0x00, 0x00, 0x00, 0x00, 0x00, 0x00, 0x00, 0x00,
  0x00, 0x00, 0x00, 0x00, 0x00, 0x00, 0x00, 0x00, 0x30, 0x63, 0x00, 0x00,
  0x00, 0x00, 0x00, 0x00, 0x30, 0x63, 0x00, 0x00, 0x00, 0x00, 0x00, 0x00,
  0x00, 0x40, 0x00, 0x00, 0x00, 0x00, 0x00, 0x00, 0x01, 0x00, 0x00, 0x00,
  0x06, 0x00, 0x00, 0x00, 0x30, 0x63, 0x00, 0x00, 0x00, 0x00, 0x00, 0x00,
  0x30, 0xa3, 0x00, 0x00, 0x00, 0x00, 0x00, 0x00, 0x30, 0xa3, 0x00, 0x00,
  0x00, 0x00, 0x00, 0x00, 0x58, 0x04, 0x00, 0x00, 0x00, 0x00, 0x00, 0x00,
  0xd0, 0x0c, 0x00, 0x00, 0x00, 0x00, 0x00, 0x00, 0x00, 0x40, 0x00, 0x00,
  0x00, 0x00, 0x00, 0x00, 0x01, 0x00, 0x00, 0x00, 0x06, 0x00, 0x00, 0x00,
  0x88, 0x67, 0x00, 0x00, 0x00, 0x00, 0x00, 0x00, 0x88, 0xe7, 0x00, 0x00,
  0x00, 0x00, 0x00, 0x00, 0x88, 0xe7, 0x00, 0x00, 0x00, 0x00, 0x00, 0x00,
  0x04, 0x00, 0x00, 0x00, 0x00, 0x00, 0x00, 0x00, 0xa8, 0x03, 0x00, 0x00,
  0x00, 0x00, 0x00, 0x00, 0x00, 0x40, 0x00, 0x00, 0x00, 0x00, 0x00, 0x00,
  0x02, 0x00, 0x00, 0x00, 0x06, 0x00, 0x00, 0x00, 0xc0, 0x63, 0x00, 0x00,
  0x00, 0x00, 0x00, 0x00, 0xc0, 0xa3, 0x00, 0x00, 0x00, 0x00, 0x00, 0x00,
  0xc0, 0xa3, 0x00, 0x00, 0x00, 0x00, 0x00, 0x00, 0xa0, 0x01, 0x00, 0x00,
  0x00, 0x00, 0x00, 0x00, 0xa0, 0x01, 0x00, 0x00, 0x00, 0x00, 0x00, 0x00,
  0x08, 0x00, 0x00, 0x00, 0x00, 0x00, 0x00, 0x00, 0x52, 0xe5, 0x74, 0x64,
  0x04, 0x00, 0x00, 0x00, 0x30, 0x63, 0x00, 0x00, 0x00, 0x00, 0x00, 0x00,
  0x30, 0xa3, 0x00, 0x00, 0x00, 0x00, 0x00, 0x00, 0x30, 0xa3, 0x00, 0x00,
  0x00, 0x00, 0x00, 0x00, 0x58, 0x04, 0x00, 0x00, 0x00, 0x00, 0x00, 0x00,
  0xd0, 0x0c, 0x00, 0x00, 0x00, 0x00, 0x00, 0x00, 0x01, 0x00, 0x00, 0x00,
  0x00, 0x00, 0x00, 0x00, 0x50, 0xe5, 0x74, 0x64, 0x04, 0x00, 0x00, 0x00,
  0xb0, 0x2a, 0x00, 0x00, 0x00, 0x00, 0x00, 0x00, 0xb0, 0x2a, 0x00, 0x00,
  0x00, 0x00, 0x00, 0x00, 0xb0, 0x2a, 0x00, 0x00, 0x00, 0x00, 0x00, 0x00,
  0x8c, 0x01, 0x00, 0x00, 0x00, 0x00, 0x00, 0x00, 0x8c, 0x01, 0x00, 0x00,
  0x00, 0x00, 0x00, 0x00, 0x04, 0x00, 0x00, 0x00, 0x00, 0x00, 0x00, 0x00,
  0x51, 0xe5, 0x74, 0x64, 0x06, 0x00, 0x00, 0x00, 0x00, 0x00, 0x00, 0x00,
  0x00, 0x00, 0x00, 0x00, 0x00, 0x00, 0x00, 0x00, 0x00, 0x00, 0x00, 0x00,
  0x00, 0x00, 0x00, 0x00, 0x00, 0x00, 0x00, 0x00, 0x00, 0x00, 0x00, 0x00,
  0x00, 0x00, 0x00, 0x00, 0x00, 0x00, 0x00, 0x00, 0x00, 0x00, 0x00, 0x00,
  0x00, 0x00, 0x00, 0x00, 0x00, 0x00, 0x00, 0x00, 0x04, 0x00, 0x00, 0x00,
  0x04, 0x00, 0x00, 0x00, 0x38, 0x02, 0x00, 0x00, 0x00, 0x00, 0x00, 0x00,
  0x38, 0x02, 0x00, 0x00, 0x00, 0x00, 0x00, 0x00, 0x38, 0x02, 0x00, 0x00,
  0x00, 0x00, 0x00, 0x00, 0xbc, 0x00, 0x00, 0x00, 0x00, 0x00, 0x00, 0x00,
  0xbc, 0x00, 0x00, 0x00, 0x00, 0x00, 0x00, 0x00, 0x04, 0x00, 0x00, 0x00,
  0x00, 0x00, 0x00, 0x00, 0x08, 0x00, 0x00, 0x00, 0x84, 0x00, 0x00, 0x00,
  0x01, 0x00, 0x00, 0x00, 0x41, 0x6e, 0x64, 0x72, 0x6f, 0x69, 0x64, 0x00,
  0x18, 0x00, 0x00, 0x00, 0x72, 0x32, 0x39, 0x2d, 0x62, 0x65, 0x74, 0x61,
  0x31, 0x00, 0x00, 0x00, 0x00, 0x00, 0x00, 0x00, 0x00, 0x00, 0x00, 0x00,
  0x00, 0x00, 0x00, 0x00, 0x00, 0x00, 0x00, 0x00, 0x00, 0x00, 0x00, 0x00,
  0x00, 0x00, 0x00, 0x00, 0x00, 0x00, 0x00, 0x00, 0x00, 0x00, 0x00, 0x00,
  0x00, 0x00, 0x00, 0x00, 0x00, 0x00, 0x00, 0x00, 0x00, 0x00, 0x00, 0x00,
  0x00, 0x00, 0x00, 0x00, 0x00, 0x00, 0x00, 0x00, 0x31, 0x33, 0x31, 0x31,
  0x33, 0x34, 0x35, 0x36, 0x00, 0x00, 0x00, 0x00, 0x00, 0x00, 0x00, 0x00,
  0x00, 0x00, 0x00, 0x00, 0x00, 0x00, 0x00, 0x00, 0x00, 0x00, 0x00, 0x00,
  0x00, 0x00, 0x00, 0x00, 0x00, 0x00, 0x00, 0x00, 0x00, 0x00, 0x00, 0x00,
  0x00, 0x00, 0x00, 0x00, 0x00, 0x00, 0x00, 0x00, 0x00, 0x00, 0x00, 0x00,
  0x00, 0x00, 0x00, 0x00, 0x00, 0x00, 0x00, 0x00, 0x00, 0x00, 0x00, 0x00,
  0x04, 0x00, 0x00, 0x00, 0x14, 0x00, 0x00, 0x00, 0x03, 0x00, 0x00, 0x00,
  0x47, 0x4e, 0x55, 0x00, 0x1a, 0xfa, 0xd8, 0xb5, 0xaf, 0x79, 0xce, 0x4f,
  0x93, 0x47, 0xae, 0x80, 0x9c, 0xf7, 0x13, 0xfe, 0x58, 0x51, 0xb4, 0x9e,
  0x00, 0x00, 0x00, 0x00, 0x00, 0x00, 0x00, 0x00, 0x00, 0x00, 0x00, 0x00,
  0x00, 0x00, 0x00, 0x00, 0x00, 0x00, 0x00, 0x00, 0x00, 0x00, 0x00, 0x00,
  0x00, 0x00, 0x00, 0x00, 0x01, 0x00, 0x00, 0x00, 0x12, 0x00, 0x00, 0x00,
  0x00, 0x00, 0x00, 0x00, 0x00, 0x00, 0x00, 0x00, 0x00, 0x00, 0x00, 0x00,
  0x00, 0x00, 0x00, 0x00, 0x10, 0x00, 0x00, 0x00, 0x12, 0x00, 0x00, 0x00,
  0x00, 0x00, 0x00, 0x00, 0x00, 0x00, 0x00, 0x00, 0x00, 0x00, 0x00, 0x00,
  0x00, 0x00, 0x00, 0x00, 0x1d, 0x00, 0x00, 0x00, 0x12, 0x00, 0x00, 0x00,
  0x00, 0x00, 0x00, 0x00, 0x00, 0x00, 0x00, 0x00, 0x00, 0x00, 0x00, 0x00,
  0x00, 0x00, 0x00, 0x00, 0xac, 0x00, 0x00, 0x00, 0x12, 0x00, 0x00, 0x00,
  0x00, 0x00, 0x00, 0x00, 0x00, 0x00, 0x00, 0x00, 0x00, 0x00, 0x00, 0x00,
  0x00, 0x00, 0x00, 0x00, 0xbf, 0x00, 0x00, 0x00, 0x12, 0x00, 0x00, 0x00,
  0x00, 0x00, 0x00, 0x00, 0x00, 0x00, 0x00, 0x00, 0x00, 0x00, 0x00, 0x00,
  0x00, 0x00, 0x00, 0x00, 0xd4, 0x00, 0x00, 0x00, 0x12, 0x00, 0x00, 0x00,
  0x00, 0x00, 0x00, 0x00, 0x00, 0x00, 0x00, 0x00, 0x00, 0x00, 0x00, 0x00,
  0x00, 0x00, 0x00, 0x00, 0xf9, 0x00, 0x00, 0x00, 0x12, 0x00, 0x00, 0x00,
  0x00, 0x00, 0x00, 0x00, 0x00, 0x00, 0x00, 0x00, 0x00, 0x00, 0x00, 0x00,
  0x00, 0x00, 0x00, 0x00, 0x00, 0x01, 0x00, 0x00, 0x12, 0x00, 0x00, 0x00,
  0x00, 0x00, 0x00, 0x00, 0x00, 0x00, 0x00, 0x00, 0x00, 0x00, 0x00, 0x00,
  0x00, 0x00, 0x00, 0x00, 0x08, 0x01, 0x00, 0x00, 0x12, 0x00, 0x00, 0x00,
  0x00, 0x00, 0x00, 0x00, 0x00, 0x00, 0x00, 0x00, 0x00, 0x00, 0x00, 0x00,
  0x00, 0x00, 0x00, 0x00, 0x1b, 0x01, 0x00, 0x00, 0x12, 0x00, 0x00, 0x00,
  0x00, 0x00, 0x00, 0x00, 0x00, 0x00, 0x00, 0x00, 0x00, 0x00, 0x00, 0x00,
  0x00, 0x00, 0x00, 0x00, 0x3e, 0x01, 0x00, 0x00, 0x12, 0x00, 0x00, 0x00,
  0x00, 0x00, 0x00, 0x00, 0x00, 0x00, 0x00, 0x00, 0x00, 0x00, 0x00, 0x00,
  0x00, 0x00, 0x00, 0x00, 0x4d, 0x01, 0x00, 0x00, 0x12, 0x00, 0x00, 0x00,
  0x00, 0x00, 0x00, 0x00, 0x00, 0x00, 0x00, 0x00, 0x00, 0x00, 0x00, 0x00,
  0x00, 0x00, 0x00, 0x00, 0x09, 0x03, 0x00, 0x00, 0x12, 0x00, 0x00, 0x00,
  0x00, 0x00, 0x00, 0x00, 0x00, 0x00, 0x00, 0x00, 0x00, 0x00, 0x00, 0x00,
  0x00, 0x00, 0x00, 0x00, 0x10, 0x03, 0x00, 0x00, 0x12, 0x00, 0x00, 0x00,
  0x00, 0x00, 0x00, 0x00, 0x00, 0x00, 0x00, 0x00, 0x00, 0x00, 0x00, 0x00,
  0x00, 0x00, 0x00, 0x00, 0x16, 0x03, 0x00, 0x00, 0x12, 0x00, 0x00, 0x00,
  0x00, 0x00, 0x00, 0x00, 0x00, 0x00, 0x00, 0x00, 0x00, 0x00, 0x00, 0x00,
  0x00, 0x00, 0x00, 0x00, 0x1e, 0x03, 0x00, 0x00, 0x12, 0x00, 0x00, 0x00,
  0x00, 0x00, 0x00, 0x00, 0x00, 0x00, 0x00, 0x00, 0x00, 0x00, 0x00, 0x00,
  0x00, 0x00, 0x00, 0x00, 0x27, 0x03, 0x00, 0x00, 0x12, 0x00, 0x00, 0x00,
  0x00, 0x00, 0x00, 0x00, 0x00, 0x00, 0x00, 0x00, 0x00, 0x00, 0x00, 0x00,
  0x00, 0x00, 0x00, 0x00, 0x36, 0x03, 0x00, 0x00, 0x12, 0x00, 0x00, 0x00,
  0x00, 0x00, 0x00, 0x00, 0x00, 0x00, 0x00, 0x00, 0x00, 0x00, 0x00, 0x00,
  0x00, 0x00, 0x00, 0x00, 0x3d, 0x03, 0x00, 0x00, 0x12, 0x00, 0x00, 0x00,
  0x00, 0x00, 0x00, 0x00, 0x00, 0x00, 0x00, 0x00, 0x00, 0x00, 0x00, 0x00,
  0x00, 0x00, 0x00, 0x00, 0x42, 0x03, 0x00, 0x00, 0x12, 0x00, 0x00, 0x00,
  0x00, 0x00, 0x00, 0x00, 0x00, 0x00, 0x00, 0x00, 0x00, 0x00, 0x00, 0x00,
  0x00, 0x00, 0x00, 0x00, 0x49, 0x03, 0x00, 0x00, 0x12, 0x00, 0x00, 0x00,
  0x00, 0x00, 0x00, 0x00, 0x00, 0x00, 0x00, 0x00, 0x00, 0x00, 0x00, 0x00,
  0x00, 0x00, 0x00, 0x00, 0x4f, 0x03, 0x00, 0x00, 0x12, 0x00, 0x00, 0x00,
  0x00, 0x00, 0x00, 0x00, 0x00, 0x00, 0x00, 0x00, 0x00, 0x00, 0x00, 0x00,
  0x00, 0x00, 0x00, 0x00, 0x71, 0x03, 0x00, 0x00, 0x12, 0x00, 0x00, 0x00,
  0x00, 0x00, 0x00, 0x00, 0x00, 0x00, 0x00, 0x00, 0x00, 0x00, 0x00, 0x00,
  0x00, 0x00, 0x00, 0x00, 0x91, 0x03, 0x00, 0x00, 0x12, 0x00, 0x00, 0x00,
  0x00, 0x00, 0x00, 0x00, 0x00, 0x00, 0x00, 0x00, 0x00, 0x00, 0x00, 0x00,
  0x00, 0x00, 0x00, 0x00, 0xe9, 0x03, 0x00, 0x00, 0x12, 0x00, 0x00, 0x00,
  0x00, 0x00, 0x00, 0x00, 0x00, 0x00, 0x00, 0x00, 0x00, 0x00, 0x00, 0x00,
  0x00, 0x00, 0x00, 0x00, 0xf6, 0x03, 0x00, 0x00, 0x12, 0x00, 0x00, 0x00,
  0x00, 0x00, 0x00, 0x00, 0x00, 0x00, 0x00, 0x00, 0x00, 0x00, 0x00, 0x00,
  0x00, 0x00, 0x00, 0x00, 0xfd, 0x03, 0x00, 0x00, 0x12, 0x00, 0x00, 0x00,
  0x00, 0x00, 0x00, 0x00, 0x00, 0x00, 0x00, 0x00, 0x00, 0x00, 0x00, 0x00,
  0x00, 0x00, 0x00, 0x00, 0x0c, 0x04, 0x00, 0x00, 0x12, 0x00, 0x00, 0x00,
  0x00, 0x00, 0x00, 0x00, 0x00, 0x00, 0x00, 0x00, 0x00, 0x00, 0x00, 0x00,
  0x00, 0x00, 0x00, 0x00, 0x13, 0x04, 0x00, 0x00, 0x12, 0x00, 0x00, 0x00,
  0x00, 0x00, 0x00, 0x00, 0x00, 0x00, 0x00, 0x00, 0x00, 0x00, 0x00, 0x00,
  0x00, 0x00, 0x00, 0x00, 0x55, 0x04, 0x00, 0x00, 0x12, 0x00, 0x00, 0x00,
  0x00, 0x00, 0x00, 0x00, 0x00, 0x00, 0x00, 0x00, 0x00, 0x00, 0x00, 0x00,
  0x00, 0x00, 0x00, 0x00, 0x60, 0x04, 0x00, 0x00, 0x12, 0x00, 0x00, 0x00,
  0x00, 0x00, 0x00, 0x00, 0x00, 0x00, 0x00, 0x00, 0x00, 0x00, 0x00, 0x00,
  0x00, 0x00, 0x00, 0x00, 0xdd, 0x04, 0x00, 0x00, 0x12, 0x00, 0x00, 0x00,
  0x00, 0x00, 0x00, 0x00, 0x00, 0x00, 0x00, 0x00, 0x00, 0x00, 0x00, 0x00,
  0x00, 0x00, 0x00, 0x00, 0x3c, 0x05, 0x00, 0x00, 0x12, 0x00, 0x00, 0x00,
  0x00, 0x00, 0x00, 0x00, 0x00, 0x00, 0x00, 0x00, 0x00, 0x00, 0x00, 0x00,
  0x00, 0x00, 0x00, 0x00, 0x41, 0x05, 0x00, 0x00, 0x12, 0x00, 0x00, 0x00,
  0x00, 0x00, 0x00, 0x00, 0x00, 0x00, 0x00, 0x00, 0x00, 0x00, 0x00, 0x00,
  0x00, 0x00, 0x00, 0x00, 0x4b, 0x05, 0x00, 0x00, 0x12, 0x00, 0x00, 0x00,
  0x00, 0x00, 0x00, 0x00, 0x00, 0x00, 0x00, 0x00, 0x00, 0x00, 0x00, 0x00,
  0x00, 0x00, 0x00, 0x00, 0x5c, 0x05, 0x00, 0x00, 0x12, 0x00, 0x00, 0x00,
  0x00, 0x00, 0x00, 0x00, 0x00, 0x00, 0x00, 0x00, 0x00, 0x00, 0x00, 0x00,
  0x00, 0x00, 0x00, 0x00, 0x65, 0x05, 0x00, 0x00, 0x12, 0x00, 0x00, 0x00,
  0x00, 0x00, 0x00, 0x00, 0x00, 0x00, 0x00, 0x00, 0x00, 0x00, 0x00, 0x00,
  0x00, 0x00, 0x00, 0x00, 0x6c, 0x05, 0x00, 0x00, 0x12, 0x00, 0x00, 0x00,
  0x00, 0x00, 0x00, 0x00, 0x00, 0x00, 0x00, 0x00, 0x00, 0x00, 0x00, 0x00,
  0x00, 0x00, 0x00, 0x00, 0x83, 0x05, 0x00, 0x00, 0x12, 0x00, 0x00, 0x00,
  0x00, 0x00, 0x00, 0x00, 0x00, 0x00, 0x00, 0x00, 0x00, 0x00, 0x00, 0x00,
  0x00, 0x00, 0x00, 0x00, 0x8a, 0x05, 0x00, 0x00, 0x12, 0x00, 0x00, 0x00,
  0x00, 0x00, 0x00, 0x00, 0x00, 0x00, 0x00, 0x00, 0x00, 0x00, 0x00, 0x00,
  0x00, 0x00, 0x00, 0x00, 0xca, 0x01, 0x00, 0x00, 0x12, 0x00, 0x0d, 0x00,
  0xf0, 0x3f, 0x00, 0x00, 0x00, 0x00, 0x00, 0x00, 0x68, 0x00, 0x00, 0x00,
  0x00, 0x00, 0x00, 0x00, 0xe0, 0x02, 0x00, 0x00, 0x12, 0x00, 0x0d, 0x00,
  0xf0, 0x44, 0x00, 0x00, 0x00, 0x00, 0x00, 0x00, 0xbc, 0x00, 0x00, 0x00,
  0x00, 0x00, 0x00, 0x00, 0x29, 0x05, 0x00, 0x00, 0x11, 0x00, 0x16, 0x00,
  0x28, 0xeb, 0x00, 0x00, 0x00, 0x00, 0x00, 0x00, 0x08, 0x00, 0x00, 0x00,
  0x00, 0x00, 0x00, 0x00, 0x66, 0x01, 0x00, 0x00, 0x12, 0x00, 0x0d, 0x00,
  0x34, 0x3c, 0x00, 0x00, 0x00, 0x00, 0x00, 0x00, 0xcc, 0x00, 0x00, 0x00,
  0x00, 0x00, 0x00, 0x00, 0x7a, 0x04, 0x00, 0x00, 0x12, 0x00, 0x0d, 0x00,
  0x84, 0x53, 0x00, 0x00, 0x00, 0x00, 0x00, 0x00, 0x7c, 0x00, 0x00, 0x00,
  0x00, 0x00, 0x00, 0x00, 0x92, 0x04, 0x00, 0x00, 0x12, 0x00, 0x0d, 0x00,
  0x00, 0x54, 0x00, 0x00, 0x00, 0x00, 0x00, 0x00, 0x5c, 0x00, 0x00, 0x00,
  0x00, 0x00, 0x00, 0x00, 0x86, 0x02, 0x00, 0x00, 0x11, 0x00, 0x16, 0x00,
  0x08, 0xeb, 0x00, 0x00, 0x00, 0x00, 0x00, 0x00, 0x08, 0x00, 0x00, 0x00,
  0x00, 0x00, 0x00, 0x00, 0xad, 0x02, 0x00, 0x00, 0x12, 0x00, 0x0d, 0x00,
  0xa4, 0x43, 0x00, 0x00, 0x00, 0x00, 0x00, 0x00, 0xd8, 0x00, 0x00, 0x00,
  0x00, 0x00, 0x00, 0x00, 0x78, 0x03, 0x00, 0x00, 0x12, 0x00, 0x0d, 0x00,
  0xa4, 0x49, 0x00, 0x00, 0x00, 0x00, 0x00, 0x00, 0x7c, 0x00, 0x00, 0x00,
  0x00, 0x00, 0x00, 0x00, 0x1a, 0x04, 0x00, 0x00, 0x12, 0x00, 0x0d, 0x00,
  0x00, 0x4f, 0x00, 0x00, 0x00, 0x00, 0x00, 0x00, 0x50, 0x00, 0x00, 0x00,
  0x00, 0x00, 0x00, 0x00, 0xc2, 0x04, 0x00, 0x00, 0x12, 0x00, 0x0d, 0x00,
  0x9c, 0x56, 0x00, 0x00, 0x00, 0x00, 0x00, 0x00, 0xf0, 0x01, 0x00, 0x00,
  0x00, 0x00, 0x00, 0x00, 0x1a, 0x05, 0x00, 0x00, 0x11, 0x00, 0x16, 0x00,
  0x20, 0xeb, 0x00, 0x00, 0x00, 0x00, 0x00, 0x00, 0x08, 0x00, 0x00, 0x00,
  0x00, 0x00, 0x00, 0x00, 0x5b, 0x00, 0x00, 0x00, 0x12, 0x00, 0x0d, 0x00,
  0x50, 0x4f, 0x00, 0x00, 0x00, 0x00, 0x00, 0x00, 0x0c, 0x00, 0x00, 0x00,
  0x00, 0x00, 0x00, 0x00, 0xdb, 0x00, 0x00, 0x00, 0x12, 0x00, 0x0d, 0x00,
  0x78, 0x37, 0x00, 0x00, 0x00, 0x00, 0x00, 0x00, 0x20, 0x02, 0x00, 0x00,
  0x00, 0x00, 0x00, 0x00, 0xb2, 0x03, 0x00, 0x00, 0x12, 0x00, 0x0d, 0x00,
  0x18, 0x4b, 0x00, 0x00, 0x00, 0x00, 0x00, 0x00, 0xf8, 0x01, 0x00, 0x00,
  0x00, 0x00, 0x00, 0x00, 0xcd, 0x03, 0x00, 0x00, 0x12, 0x00, 0x0d, 0x00,
  0x10, 0x4d, 0x00, 0x00, 0x00, 0x00, 0x00, 0x00, 0xf0, 0x01, 0x00, 0x00,
  0x00, 0x00, 0x00, 0x00, 0xfa, 0x04, 0x00, 0x00, 0x11, 0x00, 0x16, 0x00,
  0x10, 0xeb, 0x00, 0x00, 0x00, 0x00, 0x00, 0x00, 0x08, 0x00, 0x00, 0x00,
  0x00, 0x00, 0x00, 0x00, 0x50, 0x05, 0x00, 0x00, 0x12, 0x00, 0x0d, 0x00,
  0x30, 0x5b, 0x00, 0x00, 0x00, 0x00, 0x00, 0x00, 0x00, 0x01, 0x00, 0x00,
  0x00, 0x00, 0x00, 0x00, 0x9f, 0x00, 0x00, 0x00, 0x11, 0x00, 0x16, 0x00,
  0x90, 0xe7, 0x00, 0x00, 0x00, 0x00, 0x00, 0x00, 0x78, 0x03, 0x00, 0x00,
  0x00, 0x00, 0x00, 0x00, 0x91, 0x01, 0x00, 0x00, 0x12, 0x00, 0x0d, 0x00,
  0x68, 0x3e, 0x00, 0x00, 0x00, 0x00, 0x00, 0x00, 0x88, 0x01, 0x00, 0x00,
  0x00, 0x00, 0x00, 0x00, 0xf4, 0x01, 0x00, 0x00, 0x12, 0x00, 0x0d, 0x00,
  0x58, 0x40, 0x00, 0x00, 0x00, 0x00, 0x00, 0x00, 0x68, 0x00, 0x00, 0x00,
  0x00, 0x00, 0x00, 0x00, 0x61, 0x02, 0x00, 0x00, 0x12, 0x00, 0x0d, 0x00,
  0x88, 0x42, 0x00, 0x00, 0x00, 0x00, 0x00, 0x00, 0xa4, 0x00, 0x00, 0x00,
  0x00, 0x00, 0x00, 0x00, 0x91, 0x02, 0x00, 0x00, 0x12, 0x00, 0x0d, 0x00,
  0x2c, 0x43, 0x00, 0x00, 0x00, 0x00, 0x00, 0x00, 0x78, 0x00, 0x00, 0x00,
  0x00, 0x00, 0x00, 0x00, 0xc3, 0x02, 0x00, 0x00, 0x12, 0x00, 0x0d, 0x00,
  0x30, 0x5c, 0x00, 0x00, 0x00, 0x00, 0x00, 0x00, 0x30, 0x01, 0x00, 0x00,
  0x00, 0x00, 0x00, 0x00, 0xf7, 0x02, 0x00, 0x00, 0x12, 0x00, 0x0d, 0x00,
  0xac, 0x45, 0x00, 0x00, 0x00, 0x00, 0x00, 0x00, 0xc8, 0x02, 0x00, 0x00,
  0x00, 0x00, 0x00, 0x00, 0x5a, 0x01, 0x00, 0x00, 0x12, 0x00, 0x0d, 0x00,
  0x64, 0x3b, 0x00, 0x00, 0x00, 0x00, 0x00, 0x00, 0xd0, 0x00, 0x00, 0x00,
  0x00, 0x00, 0x00, 0x00, 0x7d, 0x02, 0x00, 0x00, 0x11, 0x00, 0x15, 0x00,
  0x88, 0xe7, 0x00, 0x00, 0x00, 0x00, 0x00, 0x00, 0x04, 0x00, 0x00, 0x00,
  0x00, 0x00, 0x00, 0x00, 0xa1, 0x02, 0x00, 0x00, 0x12, 0x00, 0x0d, 0x00,
  0x98, 0x5a, 0x00, 0x00, 0x00, 0x00, 0x00, 0x00, 0x98, 0x00, 0x00, 0x00,
  0x00, 0x00, 0x00, 0x00, 0x7a, 0x05, 0x00, 0x00, 0x12, 0x00, 0x0d, 0x00,
  0x60, 0x5d, 0x00, 0x00, 0x00, 0x00, 0x00, 0x00, 0x54, 0x01, 0x00, 0x00,
  0x00, 0x00, 0x00, 0x00, 0xcd, 0x02, 0x00, 0x00, 0x12, 0x00, 0x0d, 0x00,
  0x7c, 0x44, 0x00, 0x00, 0x00, 0x00, 0x00, 0x00, 0x68, 0x00, 0x00, 0x00,
  0x00, 0x00, 0x00, 0x00, 0x9b, 0x03, 0x00, 0x00, 0x12, 0x00, 0x0d, 0x00,
  0xbc, 0x4a, 0x00, 0x00, 0x00, 0x00, 0x00, 0x00, 0x5c, 0x00, 0x00, 0x00,
  0x00, 0x00, 0x00, 0x00, 0x82, 0x00, 0x00, 0x00, 0x12, 0x00, 0x0d, 0x00,
  0xb4, 0x5e, 0x00, 0x00, 0x00, 0x00, 0x00, 0x00, 0xb0, 0x00, 0x00, 0x00,
  0x00, 0x00, 0x00, 0x00, 0x7f, 0x01, 0x00, 0x00, 0x12, 0x00, 0x0d, 0x00,
  0x00, 0x3d, 0x00, 0x00, 0x00, 0x00, 0x00, 0x00, 0x68, 0x01, 0x00, 0x00,
  0x00, 0x00, 0x00, 0x00, 0x1d, 0x02, 0x00, 0x00, 0x12, 0x00, 0x0d, 0x00,
  0xc0, 0x40, 0x00, 0x00, 0x00, 0x00, 0x00, 0x00, 0x34, 0x01, 0x00, 0x00,
  0x00, 0x00, 0x00, 0x00, 0x2e, 0x04, 0x00, 0x00, 0x12, 0x00, 0x0d, 0x00,
  0x5c, 0x4f, 0x00, 0x00, 0x00, 0x00, 0x00, 0x00, 0xf0, 0x00, 0x00, 0x00,
  0x00, 0x00, 0x00, 0x00, 0x6a, 0x04, 0x00, 0x00, 0x12, 0x00, 0x0d, 0x00,
  0xa0, 0x52, 0x00, 0x00, 0x00, 0x00, 0x00, 0x00, 0xe4, 0x00, 0x00, 0x00,
  0x00, 0x00, 0x00, 0x00, 0x2f, 0x00, 0x00, 0x00, 0x12, 0x00, 0x0d, 0x00,
  0x80, 0x35, 0x00, 0x00, 0x00, 0x00, 0x00, 0x00, 0x50, 0x00, 0x00, 0x00,
  0x00, 0x00, 0x00, 0x00, 0x4b, 0x02, 0x00, 0x00, 0x12, 0x00, 0x0d, 0x00,
  0xf4, 0x41, 0x00, 0x00, 0x00, 0x00, 0x00, 0x00, 0x94, 0x00, 0x00, 0x00,
  0x00, 0x00, 0x00, 0x00, 0x60, 0x03, 0x00, 0x00, 0x12, 0x00, 0x0d, 0x00,
  0x74, 0x48, 0x00, 0x00, 0x00, 0x00, 0x00, 0x00, 0x30, 0x01, 0x00, 0x00,
  0x00, 0x00, 0x00, 0x00, 0x31, 0x01, 0x00, 0x00, 0x12, 0x00, 0x0d, 0x00,
  0x98, 0x39, 0x00, 0x00, 0x00, 0x00, 0x00, 0x00, 0xcc, 0x01, 0x00, 0x00,
  0x00, 0x00, 0x00, 0x00, 0x72, 0x02, 0x00, 0x00, 0x12, 0x00, 0x0d, 0x00,
  0xe8, 0x58, 0x00, 0x00, 0x00, 0x00, 0x00, 0x00, 0xb0, 0x01, 0x00, 0x00,
  0x00, 0x00, 0x00, 0x00, 0xe7, 0x04, 0x00, 0x00, 0x12, 0x00, 0x0d, 0x00,
  0x8c, 0x58, 0x00, 0x00, 0x00, 0x00, 0x00, 0x00, 0x50, 0x00, 0x00, 0x00,
  0x00, 0x00, 0x00, 0x00, 0x3e, 0x00, 0x00, 0x00, 0x12, 0x00, 0x0d, 0x00,
  0xe4, 0x44, 0x00, 0x00, 0x00, 0x00, 0x00, 0x00, 0x0c, 0x00, 0x00, 0x00,
  0x00, 0x00, 0x00, 0x00, 0x6f, 0x00, 0x00, 0x00, 0x12, 0x00, 0x0d, 0x00,
  0xdc, 0x58, 0x00, 0x00, 0x00, 0x00, 0x00, 0x00, 0x0c, 0x00, 0x00, 0x00,
  0x00, 0x00, 0x00, 0x00, 0x8c, 0x00, 0x00, 0x00, 0x12, 0x00, 0x0d, 0x00,
  0xd0, 0x35, 0x00, 0x00, 0x00, 0x00, 0x00, 0x00, 0xa8, 0x01, 0x00, 0x00,
  0x00, 0x00, 0x00, 0x00, 0xa8, 0x04, 0x00, 0x00, 0x12, 0x00, 0x0d, 0x00,
  0x5c, 0x54, 0x00, 0x00, 0x00, 0x00, 0x00, 0x00, 0x40, 0x02, 0x00, 0x00,
  0x00, 0x00, 0x00, 0x00, 0x44, 0x04, 0x00, 0x00, 0x12, 0x00, 0x0d, 0x00,
  0x4c, 0x50, 0x00, 0x00, 0x00, 0x00, 0x00, 0x00, 0x54, 0x02, 0x00, 0x00,
  0x00, 0x00, 0x00, 0x00, 0x0a, 0x05, 0x00, 0x00, 0x11, 0x00, 0x16, 0x00,
  0x18, 0xeb, 0x00, 0x00, 0x00, 0x00, 0x00, 0x00, 0x08, 0x00, 0x00, 0x00,
  0x00, 0x00, 0x00, 0x00, 0x00, 0x00, 0x02, 0x00, 0x02, 0x00, 0x02, 0x00,
  0x02, 0x00, 0x02, 0x00, 0x02, 0x00, 0x02, 0x00, 0x02, 0x00, 0x02, 0x00,
  0x02, 0x00, 0x02, 0x00, 0x02, 0x00, 0x02, 0x00, 0x02, 0x00, 0x02, 0x00,
  0x02, 0x00, 0x02, 0x00, 0x02, 0x00, 0x02, 0x00, 0x02, 0x00, 0x02, 0x00,
  0x02, 0x00, 0x02, 0x00, 0x02, 0x00, 0x02, 0x00, 0x02, 0x00, 0x02, 0x00,
  0x02, 0x00, 0x02, 0x00, 0x02, 0x00, 0x02, 0x00, 0x02, 0x00, 0x02, 0x00,
  0x02, 0x00, 0x02, 0x00, 0x02, 0x00, 0x02, 0x00, 0x02, 0x00, 0x02, 0x00,
  0x01, 0x00, 0x01, 0x00, 0x01, 0x00, 0x01, 0x00, 0x01, 0x00, 0x01, 0x00,
  0x01, 0x00, 0x01, 0x00, 0x01, 0x00, 0x01, 0x00, 0x01, 0x00, 0x01, 0x00,
  0x01, 0x00, 0x01, 0x00, 0x01, 0x00, 0x01, 0x00, 0x01, 0x00, 0x01, 0x00,
  0x01, 0x00, 0x01, 0x00, 0x01, 0x00, 0x01, 0x00, 0x01, 0x00, 0x01, 0x00,
  0x01, 0x00, 0x01, 0x00, 0x01, 0x00, 0x01, 0x00, 0x01, 0x00, 0x01, 0x00,
  0x01, 0x00, 0x01, 0x00, 0x01, 0x00, 0x01, 0x00, 0x01, 0x00, 0x01, 0x00,
  0x01, 0x00, 0x01, 0x00, 0x01, 0x00, 0x01, 0x00, 0x01, 0x00, 0x01, 0x00,
  0x01, 0x00, 0x01, 0x00, 0x01, 0x00, 0x01, 0x00, 0x01, 0x00, 0x01, 0x00,
  0x01, 0x00, 0x00, 0x00, 0x01, 0x00, 0x01, 0x00, 0x9f, 0x05, 0x00, 0x00,
  0x10, 0x00, 0x00, 0x00, 0x00, 0x00, 0x00, 0x00, 0x63, 0x0d, 0x05, 0x00,
  0x00, 0x00, 0x02, 0x00, 0xa7, 0x05, 0x00, 0x00, 0x00, 0x00, 0x00, 0x00,
  0x00, 0x00, 0x00, 0x00, 0x0c, 0x00, 0x00, 0x00, 0x29, 0x00, 0x00, 0x00,
  0x10, 0x00, 0x00, 0x00, 0x1a, 0x00, 0x00, 0x00, 0x00, 0x00, 0x10, 0x04,
  0x42, 0x20, 0x01, 0x01, 0x40, 0x09, 0x02, 0x00, 0x00, 0x90, 0x00, 0x40,
  0x40, 0x00, 0x40, 0x00, 0x00, 0x82, 0x00, 0x00, 0x00, 0x00, 0x04, 0x00,
  0x00, 0x10, 0x00, 0x00, 0x00, 0x02, 0x00, 0x00, 0x20, 0x04, 0x20, 0x00,
  0x82, 0x08, 0x11, 0x80, 0x04, 0x00, 0x2a, 0x00, 0x04, 0x04, 0x00, 0x82,
  0x00, 0x00, 0x00, 0x00, 0x00, 0x00, 0x50, 0x00, 0x00, 0x20, 0x00, 0x80,
  0x02, 0x00, 0x20, 0x01, 0x10, 0x00, 0x84, 0x00, 0x60, 0x80, 0x04, 0x10,
  0x81, 0x40, 0x41, 0x80, 0x00, 0x00, 0x00, 0x04, 0x04, 0x04, 0x08, 0x00,
  0x00, 0x00, 0x00, 0x02, 0x00, 0x0c, 0x08, 0x06, 0x00, 0x00, 0x00, 0x01,
  0x00, 0x00, 0x00, 0x08, 0x41, 0x00, 0x04, 0x24, 0x00, 0x08, 0x02, 0x04,
  0x08, 0x40, 0x05, 0x40, 0x01, 0x00, 0x00, 0x10, 0x42, 0x10, 0x01, 0x00,
  0x01, 0x01, 0x00, 0x00, 0x29, 0x00, 0x00, 0x00, 0x2c, 0x00, 0x00, 0x00,
  0x2f, 0x00, 0x00, 0x00, 0x35, 0x00, 0x00, 0x00, 0x3b, 0x00, 0x00, 0x00,
  0x42, 0x00, 0x00, 0x00, 0x46, 0x00, 0x00, 0x00, 0x48, 0x00, 0x00, 0x00,
  0x4d, 0x00, 0x00, 0x00, 0x50, 0x00, 0x00, 0x00, 0x53, 0x00, 0x00, 0x00,
  0x57, 0x00, 0x00, 0x00, 0xbc, 0x47, 0x44, 0x4b, 0x30, 0xb4, 0xcb, 0x6a,
  0x61, 0xf6, 0xb8, 0xfe, 0x5c, 0xdf, 0x32, 0xc7, 0x74, 0x89, 0x35, 0x1e,
  0x25, 0x45, 0x10, 0xaa, 0x46, 0xf4, 0xa7, 0x2e, 0xc6, 0xff, 0x37, 0x43,
  0x32, 0xa6, 0x11, 0x60, 0x46, 0x2b, 0x33, 0x00, 0x9e, 0xdb, 0xcd, 0x0e,
  0x7b, 0x1b, 0x3b, 0x49, 0x4e, 0x4e, 0xb2, 0xd9, 0xea, 0x6a, 0xce, 0xe9,
  0x5e, 0xd5, 0xda, 0x2f, 0x3a, 0x1b, 0xec, 0x62, 0x9e, 0x05, 0x5d, 0x0a,
  0xaf, 0x74, 0x6a, 0x59, 0x90, 0xeb, 0x52, 0xf2, 0xa0, 0xff, 0x4b, 0x39,
  0x14, 0x80, 0xb4, 0xb4, 0x70, 0xbe, 0xa8, 0xb9, 0x48, 0xf0, 0x4a, 0xb0,
  0x30, 0xa4, 0xa5, 0xe3, 0xcd, 0x13, 0xad, 0x82, 0xc0, 0x1b, 0x9b, 0xa1,
  0x14, 0x4a, 0xaf, 0x05, 0xec, 0x25, 0xc1, 0x51, 0x21, 0xe0, 0x47, 0x9a,
  0xea, 0x0e, 0xc4, 0xe4, 0xa3, 0x0e, 0xd4, 0x6b, 0xf2, 0x12, 0x9b, 0x65,
  0xfe, 0x21, 0x03, 0x5b, 0x72, 0x9d, 0x5b, 0xc4, 0xb2, 0xea, 0x07, 0xa9,
  0x67, 0x5a, 0x6e, 0x19, 0xec, 0x00, 0xc8, 0x49, 0x54, 0xa5, 0x2f, 0x42,
  0x25, 0x0a, 0x2c, 0xdd, 0x08, 0x59, 0xfe, 0xd4, 0x98, 0x7d, 0xb0, 0x29,
  0xa9, 0x38, 0x38, 0x19, 0x5a, 0xbf, 0xfa, 0xac, 0x52, 0x8a, 0x35, 0x16,
  0x7e, 0x38, 0xd5, 0x1a, 0x63, 0x95, 0x84, 0x06, 0x6e, 0x6c, 0x39, 0x47,
  0x7f, 0x02, 0xa0, 0x70, 0x00, 0x5f, 0x5f, 0x63, 0x78, 0x61, 0x5f, 0x66,
  0x69, 0x6e, 0x61, 0x6c, 0x69, 0x7a, 0x65, 0x00, 0x5f, 0x5f, 0x63, 0x78,
  0x61, 0x5f, 0x61, 0x74, 0x65, 0x78, 0x69, 0x74, 0x00, 0x5f, 0x5f, 0x72,
  0x65, 0x67, 0x69, 0x73, 0x74, 0x65, 0x72, 0x5f, 0x61, 0x74, 0x66, 0x6f,
  0x72, 0x6b, 0x00, 0x67, 0x65, 0x74, 0x5f, 0x73, 0x65, 0x72, 0x76, 0x65,
  0x72, 0x5f, 0x6f, 0x70, 0x73, 0x00, 0x67, 0x65, 0x74, 0x5f, 0x73, 0x68,
  0x61, 0x72, 0x65, 0x64, 0x5f, 0x6d, 0x65, 0x6d, 0x6f, 0x72, 0x79, 0x5f,
  0x73, 0x65, 0x72, 0x76, 0x65, 0x72, 0x5f, 0x6f, 0x70, 0x73, 0x00, 0x67,
  0x65, 0x74, 0x5f, 0x75, 0x6e, 0x69, 0x78, 0x5f, 0x73, 0x65, 0x72, 0x76,
  0x65, 0x72, 0x5f, 0x6f, 0x70, 0x73, 0x00, 0x67, 0x65, 0x74, 0x5f, 0x74,
  0x63, 0x70, 0x5f, 0x73, 0x65, 0x72, 0x76, 0x65, 0x72, 0x5f, 0x6f, 0x70,
  0x73, 0x00, 0x6c, 0x6f, 0x67, 0x5f, 0x70, 0x72, 0x69, 0x6e, 0x74, 0x00,
  0x73, 0x65, 0x72, 0x76, 0x65, 0x72, 0x5f, 0x74, 0x68, 0x72, 0x65, 0x61,
  0x64, 0x5f, 0x66, 0x75, 0x6e, 0x63, 0x00, 0x67, 0x5f, 0x73, 0x65, 0x72,
  0x76, 0x65, 0x72, 0x5f, 0x63, 0x74, 0x78, 0x00, 0x70, 0x74, 0x68, 0x72,
  0x65, 0x61, 0x64, 0x5f, 0x6d, 0x75, 0x74, 0x65, 0x78, 0x5f, 0x6c, 0x6f,
  0x63, 0x6b, 0x00, 0x70, 0x74, 0x68, 0x72, 0x65, 0x61, 0x64, 0x5f, 0x6d,
  0x75, 0x74, 0x65, 0x78, 0x5f, 0x75, 0x6e, 0x6c, 0x6f, 0x63, 0x6b, 0x00,
  0x75, 0x73, 0x6c, 0x65, 0x65, 0x70, 0x00, 0x73, 0x65, 0x72, 0x76, 0x65,
  0x72, 0x5f, 0x69, 0x6e, 0x69, 0x74, 0x69, 0x61, 0x6c, 0x69, 0x7a, 0x65,
  0x5f, 0x77, 0x69, 0x74, 0x68, 0x5f, 0x70, 0x61, 0x72, 0x61, 0x6d, 0x73,
  0x00, 0x6d, 0x65, 0x6d, 0x73, 0x65, 0x74, 0x00, 0x73, 0x74, 0x72, 0x6e,
  0x63, 0x70, 0x79, 0x00, 0x70, 0x74, 0x68, 0x72, 0x65, 0x61, 0x64, 0x5f,
  0x6d, 0x75, 0x74, 0x65, 0x78, 0x5f, 0x69, 0x6e, 0x69, 0x74, 0x00, 0x70,
  0x74, 0x68, 0x72, 0x65, 0x61, 0x64, 0x5f, 0x6d, 0x75, 0x74, 0x65, 0x78,
  0x5f, 0x64, 0x65, 0x73, 0x74, 0x72, 0x6f, 0x79, 0x00, 0x73, 0x65, 0x72,
  0x76, 0x65, 0x72, 0x5f, 0x73, 0x74, 0x61, 0x72, 0x74, 0x00, 0x70, 0x74,
  0x68, 0x72, 0x65, 0x61, 0x64, 0x5f, 0x63, 0x72, 0x65, 0x61, 0x74, 0x65,
  0x00, 0x70, 0x74, 0x68, 0x72, 0x65, 0x61, 0x64, 0x5f, 0x6a, 0x6f, 0x69,
  0x6e, 0x00, 0x73, 0x65, 0x72, 0x76, 0x65, 0x72, 0x5f, 0x73, 0x74, 0x6f,
  0x70, 0x00, 0x63, 0x6c, 0x65, 0x61, 0x6e, 0x75, 0x70, 0x5f, 0x73, 0x65,
  0x72, 0x76, 0x65, 0x72, 0x5f, 0x72, 0x65, 0x73, 0x6f, 0x75, 0x72, 0x63,
  0x65, 0x73, 0x00, 0x73, 0x65, 0x72, 0x76, 0x65, 0x72, 0x5f, 0x77, 0x72,
  0x69, 0x74, 0x65, 0x5f, 0x64, 0x61, 0x74, 0x61, 0x00, 0x4a, 0x61, 0x76,
  0x61, 0x5f, 0x63, 0x6f, 0x6d, 0x5f, 0x67, 0x69, 0x74, 0x68, 0x75, 0x62,
  0x5f, 0x6b, 0x69, 0x72, 0x65, 0x72, 0x5f, 0x73, 0x65, 0x72, 0x76, 0x65,
  0x72, 0x5f, 0x53, 0x65, 0x72, 0x76, 0x65, 0x72, 0x5f, 0x69, 0x6e, 0x69,
  0x74, 0x69, 0x61, 0x6c, 0x69, 0x7a, 0x65, 0x57, 0x69, 0x74, 0x68, 0x50,
  0x61, 0x72, 0x61, 0x6d, 0x73, 0x00, 0x4a, 0x61, 0x76, 0x61, 0x5f, 0x63,
  0x6f, 0x6d, 0x5f, 0x67, 0x69, 0x74, 0x68, 0x75, 0x62, 0x5f, 0x6b, 0x69,
  0x72, 0x65, 0x72, 0x5f, 0x73, 0x65, 0x72, 0x76, 0x65, 0x72, 0x5f, 0x53,
  0x65, 0x72, 0x76, 0x65, 0x72, 0x5f, 0x73, 0x74, 0x61, 0x72, 0x74, 0x00,
  0x4a, 0x61, 0x76, 0x61, 0x5f, 0x63, 0x6f, 0x6d, 0x5f, 0x67, 0x69, 0x74,
  0x68, 0x75, 0x62, 0x5f, 0x6b, 0x69, 0x72, 0x65, 0x72, 0x5f, 0x73, 0x65,
  0x72, 0x76, 0x65, 0x72, 0x5f, 0x53, 0x65, 0x72, 0x76, 0x65, 0x72, 0x5f,
  0x73, 0x74, 0x6f, 0x70, 0x00, 0x4a, 0x61, 0x76, 0x61, 0x5f, 0x63, 0x6f,
  0x6d, 0x5f, 0x67, 0x69, 0x74, 0x68, 0x75, 0x62, 0x5f, 0x6b, 0x69, 0x72,
  0x65, 0x72, 0x5f, 0x73, 0x65, 0x72, 0x76, 0x65, 0x72, 0x5f, 0x53, 0x65,
  0x72, 0x76, 0x65, 0x72, 0x5f, 0x77, 0x72, 0x69, 0x74, 0x65, 0x44, 0x61,
  0x74, 0x61, 0x00, 0x73, 0x68, 0x6d, 0x5f, 0x73, 0x65, 0x72, 0x76, 0x65,
  0x72, 0x5f, 0x69, 0x6e, 0x69, 0x74, 0x69, 0x61, 0x6c, 0x69, 0x7a, 0x65,
  0x00, 0x73, 0x68, 0x6d, 0x5f, 0x73, 0x65, 0x72, 0x76, 0x65, 0x72, 0x5f,
  0x73, 0x74, 0x61, 0x72, 0x74, 0x00, 0x61, 0x73, 0x6d, 0x5f, 0x63, 0x72,
  0x65, 0x61, 0x74, 0x65, 0x00, 0x67, 0x5f, 0x61, 0x73, 0x6d, 0x5f, 0x66,
  0x64, 0x00, 0x67, 0x5f, 0x61, 0x73, 0x6d, 0x5f, 0x62, 0x61, 0x73, 0x65,
  0x00, 0x73, 0x68, 0x6d, 0x5f, 0x73, 0x65, 0x72, 0x76, 0x65, 0x72, 0x5f,
  0x73, 0x74, 0x6f, 0x70, 0x00, 0x61, 0x73, 0x6d, 0x5f, 0x63, 0x6c, 0x65,
  0x61, 0x6e, 0x75, 0x70, 0x00, 0x73, 0x68, 0x6d, 0x5f, 0x73, 0x65, 0x72,
  0x76, 0x65, 0x72, 0x5f, 0x77, 0x72, 0x69, 0x74, 0x65, 0x5f, 0x64, 0x61,
  0x74, 0x61, 0x00, 0x61, 0x73, 0x6d, 0x5f, 0x77, 0x72, 0x69, 0x74, 0x65,
  0x00, 0x73, 0x68, 0x6d, 0x5f, 0x73, 0x65, 0x72, 0x76, 0x65, 0x72, 0x5f,
  0x63, 0x6c, 0x65, 0x61, 0x6e, 0x75, 0x70, 0x00, 0x75, 0x6e, 0x69, 0x78,
  0x5f, 0x73, 0x65, 0x72, 0x76, 0x65, 0x72, 0x5f, 0x69, 0x6e, 0x69, 0x74,
  0x69, 0x61, 0x6c, 0x69, 0x7a, 0x65, 0x00, 0x75, 0x6e, 0x69, 0x78, 0x5f,
  0x73, 0x65, 0x72, 0x76, 0x65, 0x72, 0x5f, 0x73, 0x74, 0x61, 0x72, 0x74,
  0x00, 0x73, 0x6f, 0x63, 0x6b, 0x65, 0x74, 0x00, 0x66, 0x63, 0x6e, 0x74,
  0x6c, 0x00, 0x5f, 0x5f, 0x65, 0x72, 0x72, 0x6e, 0x6f, 0x00, 0x73, 0x74,
  0x72, 0x65, 0x72, 0x72, 0x6f, 0x72, 0x00, 0x5f, 0x5f, 0x73, 0x74, 0x72,
  0x6e, 0x63, 0x70, 0x79, 0x5f, 0x63, 0x68, 0x6b, 0x32, 0x00, 0x73, 0x74,
  0x72, 0x6c, 0x65, 0x6e, 0x00, 0x62, 0x69, 0x6e, 0x64, 0x00, 0x6c, 0x69,
  0x73, 0x74, 0x65, 0x6e, 0x00, 0x63, 0x6c, 0x6f, 0x73, 0x65, 0x00, 0x5f,
  0x5f, 0x73, 0x74, 0x61, 0x63, 0x6b, 0x5f, 0x63, 0x68, 0x6b, 0x5f, 0x66,
  0x61, 0x69, 0x6c, 0x00, 0x75, 0x6e, 0x69, 0x78, 0x5f, 0x73, 0x65, 0x72,
  0x76, 0x65, 0x72, 0x5f, 0x73, 0x74, 0x6f, 0x70, 0x00, 0x75, 0x6e, 0x6c,
  0x69, 0x6e, 0x6b, 0x00, 0x75, 0x6e, 0x69, 0x78, 0x5f, 0x73, 0x65, 0x72,
  0x76, 0x65, 0x72, 0x5f, 0x63, 0x6c, 0x6f, 0x73, 0x65, 0x5f, 0x63, 0x6c,
  0x69, 0x65, 0x6e, 0x74, 0x00, 0x76, 0x73, 0x6e, 0x70, 0x72, 0x69, 0x6e,
  0x74, 0x66, 0x00, 0x75, 0x6e, 0x69, 0x78, 0x5f, 0x73, 0x65, 0x72, 0x76,
  0x65, 0x72, 0x5f, 0x77, 0x72, 0x69, 0x74, 0x65, 0x5f, 0x64, 0x61, 0x74,
  0x61, 0x00, 0x75, 0x6e, 0x69, 0x78, 0x5f, 0x73, 0x65, 0x72, 0x76, 0x65,
  0x72, 0x5f, 0x61, 0x63, 0x63, 0x65, 0x70, 0x74, 0x5f, 0x63, 0x6c, 0x69,
  0x65, 0x6e, 0x74, 0x73, 0x00, 0x75, 0x6e, 0x69, 0x78, 0x5f, 0x73, 0x65,
  0x72, 0x76, 0x65, 0x72, 0x5f, 0x73, 0x65, 0x6e, 0x64, 0x5f, 0x74, 0x6f,
  0x5f, 0x63, 0x6c, 0x69, 0x65, 0x6e, 0x74, 0x73, 0x00, 0x5f, 0x5f, 0x46,
  0x44, 0x5f, 0x53, 0x45, 0x54, 0x5f, 0x63, 0x68, 0x6b, 0x00, 0x73, 0x65,
  0x6c, 0x65, 0x63, 0x74, 0x00, 0x5f, 0x5f, 0x46, 0x44, 0x5f, 0x49, 0x53,
  0x53, 0x45, 0x54, 0x5f, 0x63, 0x68, 0x6b, 0x00, 0x61, 0x63, 0x63, 0x65,
  0x70, 0x74, 0x00, 0x73, 0x65, 0x6e, 0x64, 0x74, 0x6f, 0x00, 0x75, 0x6e,
  0x69, 0x78, 0x5f, 0x73, 0x65, 0x72, 0x76, 0x65, 0x72, 0x5f, 0x63, 0x6c,
  0x65, 0x61, 0x6e, 0x75, 0x70, 0x00, 0x74, 0x63, 0x70, 0x5f, 0x73, 0x65,
  0x72, 0x76, 0x65, 0x72, 0x5f, 0x69, 0x6e, 0x69, 0x74, 0x69, 0x61, 0x6c,
  0x69, 0x7a, 0x65, 0x00, 0x74, 0x63, 0x70, 0x5f, 0x73, 0x65, 0x72, 0x76,
  0x65, 0x72, 0x5f, 0x73, 0x74, 0x61, 0x72, 0x74, 0x00, 0x73, 0x65, 0x74,
  0x73, 0x6f, 0x63, 0x6b, 0x6f, 0x70, 0x74, 0x00, 0x69, 0x6e, 0x65, 0x74,
  0x5f, 0x70, 0x74, 0x6f, 0x6e, 0x00, 0x74, 0x63, 0x70, 0x5f, 0x73, 0x65,
  0x72, 0x76, 0x65, 0x72, 0x5f, 0x73, 0x74, 0x6f, 0x70, 0x00, 0x74, 0x63,
  0x70, 0x5f, 0x73, 0x65, 0x72, 0x76, 0x65, 0x72, 0x5f, 0x63, 0x6c, 0x6f,
  0x73, 0x65, 0x5f, 0x63, 0x6c, 0x69, 0x65, 0x6e, 0x74, 0x00, 0x74, 0x63,
  0x70, 0x5f, 0x73, 0x65, 0x72, 0x76, 0x65, 0x72, 0x5f, 0x77, 0x72, 0x69,
  0x74, 0x65, 0x5f, 0x64, 0x61, 0x74, 0x61, 0x00, 0x74, 0x63, 0x70, 0x5f,
  0x73, 0x65, 0x72, 0x76, 0x65, 0x72, 0x5f, 0x61, 0x63, 0x63, 0x65, 0x70,
  0x74, 0x5f, 0x63, 0x6c, 0x69, 0x65, 0x6e, 0x74, 0x73, 0x00, 0x74, 0x63,
  0x70, 0x5f, 0x73, 0x65, 0x72, 0x76, 0x65, 0x72, 0x5f, 0x73, 0x65, 0x6e,
  0x64, 0x5f, 0x74, 0x6f, 0x5f, 0x63, 0x6c, 0x69, 0x65, 0x6e, 0x74, 0x73,
  0x00, 0x69, 0x6e, 0x65, 0x74, 0x5f, 0x6e, 0x74, 0x6f, 0x70, 0x00, 0x74,
  0x63, 0x70, 0x5f, 0x73, 0x65, 0x72, 0x76, 0x65, 0x72, 0x5f, 0x63, 0x6c,
  0x65, 0x61, 0x6e, 0x75, 0x70, 0x00, 0x67, 0x5f, 0x61, 0x73, 0x6d, 0x5f,
  0x74, 0x69, 0x6d, 0x65, 0x73, 0x74, 0x61, 0x6d, 0x70, 0x00, 0x67, 0x5f,
  0x61, 0x73, 0x6d, 0x5f, 0x64, 0x61, 0x74, 0x61, 0x5f, 0x73, 0x69, 0x7a,
  0x65, 0x00, 0x67, 0x5f, 0x61, 0x73, 0x6d, 0x5f, 0x64, 0x61, 0x74, 0x61,
  0x5f, 0x70, 0x74, 0x72, 0x00, 0x67, 0x5f, 0x61, 0x73, 0x6d, 0x5f, 0x6c,
  0x61, 0x73, 0x74, 0x5f, 0x72, 0x65, 0x61, 0x64, 0x5f, 0x74, 0x73, 0x00,
  0x6f, 0x70, 0x65, 0x6e, 0x00, 0x66, 0x74, 0x72, 0x75, 0x6e, 0x63, 0x61,
  0x74, 0x65, 0x00, 0x6d, 0x6d, 0x61, 0x70, 0x00, 0x61, 0x73, 0x6d, 0x5f,
  0x63, 0x6f, 0x6e, 0x6e, 0x65, 0x63, 0x74, 0x00, 0x5f, 0x5f, 0x6f, 0x70,
  0x65, 0x6e, 0x5f, 0x32, 0x00, 0x6d, 0x65, 0x6d, 0x63, 0x70, 0x79, 0x00,
  0x63, 0x6c, 0x6f, 0x63, 0x6b, 0x5f, 0x67, 0x65, 0x74, 0x74, 0x69, 0x6d,
  0x65, 0x00, 0x61, 0x73, 0x6d, 0x5f, 0x72, 0x65, 0x61, 0x64, 0x00, 0x6d,
  0x61, 0x6c, 0x6c, 0x6f, 0x63, 0x00, 0x5f, 0x5f, 0x61, 0x6e, 0x64, 0x72,
  0x6f, 0x69, 0x64, 0x5f, 0x6c, 0x6f, 0x67, 0x5f, 0x76, 0x70, 0x72, 0x69,
  0x6e, 0x74, 0x00, 0x6c, 0x69, 0x62, 0x63, 0x2e, 0x73, 0x6f, 0x00, 0x4c,
  0x49, 0x42, 0x43, 0x00, 0x6c, 0x69, 0x62, 0x6c, 0x6f, 0x67, 0x2e, 0x73,
  0x6f, 0x00, 0x6c, 0x69, 0x62, 0x6d, 0x2e, 0x73, 0x6f, 0x00, 0x6c, 0x69,
  0x62, 0x64, 0x6c, 0x2e, 0x73, 0x6f, 0x00, 0x6c, 0x69, 0x62, 0x73, 0x65,
  0x72, 0x76, 0x65, 0x72, 0x2d, 0x6b, 0x2e, 0x73, 0x6f, 0x00, 0x00, 0x00,
  0x30, 0xa3, 0x00, 0x00, 0x00, 0x00, 0x00, 0x00, 0x03, 0x04, 0x00, 0x00,
  0x00, 0x00, 0x00, 0x00, 0x30, 0xa3, 0x00, 0x00, 0x00, 0x00, 0x00, 0x00,
  0xb0, 0xa3, 0x00, 0x00, 0x00, 0x00, 0x00, 0x00, 0x03, 0x04, 0x00, 0x00,
  0x00, 0x00, 0x00, 0x00, 0x38, 0x35, 0x00, 0x00, 0x00, 0x00, 0x00, 0x00,
  0xb8, 0xa3, 0x00, 0x00, 0x00, 0x00, 0x00, 0x00, 0x03, 0x04, 0x00, 0x00,
  0x00, 0x00, 0x00, 0x00, 0x20, 0x35, 0x00, 0x00, 0x00, 0x00, 0x00, 0x00,
  0x60, 0xa3, 0x00, 0x00, 0x00, 0x00, 0x00, 0x00, 0x01, 0x01, 0x00, 0x00,
  0x2a, 0x00, 0x00, 0x00, 0x00, 0x00, 0x00, 0x00, 0x00, 0x00, 0x00, 0x00,
  0x98, 0xa5, 0x00, 0x00, 0x00, 0x00, 0x00, 0x00, 0x01, 0x04, 0x00, 0x00,
  0x2b, 0x00, 0x00, 0x00, 0x00, 0x00, 0x00, 0x00, 0x00, 0x00, 0x00, 0x00,
  0xa0, 0xa3, 0x00, 0x00, 0x00, 0x00, 0x00, 0x00, 0x01, 0x01, 0x00, 0x00,
  0x2e, 0x00, 0x00, 0x00, 0x00, 0x00, 0x00, 0x00, 0x00, 0x00, 0x00, 0x00,
  0x78, 0xa5, 0x00, 0x00, 0x00, 0x00, 0x00, 0x00, 0x01, 0x04, 0x00, 0x00,
  0x2f, 0x00, 0x00, 0x00, 0x00, 0x00, 0x00, 0x00, 0x00, 0x00, 0x00, 0x00,
  0x50, 0xa3, 0x00, 0x00, 0x00, 0x00, 0x00, 0x00, 0x01, 0x01, 0x00, 0x00,
  0x30, 0x00, 0x00, 0x00, 0x00, 0x00, 0x00, 0x00, 0x00, 0x00, 0x00, 0x00,
  0x80, 0xa3, 0x00, 0x00, 0x00, 0x00, 0x00, 0x00, 0x01, 0x01, 0x00, 0x00,
  0x32, 0x00, 0x00, 0x00, 0x00, 0x00, 0x00, 0x00, 0x00, 0x00, 0x00, 0x00,
  0x90, 0xa5, 0x00, 0x00, 0x00, 0x00, 0x00, 0x00, 0x01, 0x04, 0x00, 0x00,
  0x34, 0x00, 0x00, 0x00, 0x00, 0x00, 0x00, 0x00, 0x00, 0x00, 0x00, 0x00,
  0x80, 0xa5, 0x00, 0x00, 0x00, 0x00, 0x00, 0x00, 0x01, 0x04, 0x00, 0x00,
  0x39, 0x00, 0x00, 0x00, 0x00, 0x00, 0x00, 0x00, 0x00, 0x00, 0x00, 0x00,
  0x68, 0xa5, 0x00, 0x00, 0x00, 0x00, 0x00, 0x00, 0x01, 0x04, 0x00, 0x00,
  0x3b, 0x00, 0x00, 0x00, 0x00, 0x00, 0x00, 0x00, 0x00, 0x00, 0x00, 0x00,
  0x40, 0xa3, 0x00, 0x00, 0x00, 0x00, 0x00, 0x00, 0x01, 0x01, 0x00, 0x00,
  0x3e, 0x00, 0x00, 0x00, 0x00, 0x00, 0x00, 0x00, 0x00, 0x00, 0x00, 0x00,
  0x48, 0xa3, 0x00, 0x00, 0x00, 0x00, 0x00, 0x00, 0x01, 0x01, 0x00, 0x00,
  0x3f, 0x00, 0x00, 0x00, 0x00, 0x00, 0x00, 0x00, 0x00, 0x00, 0x00, 0x00,
  0x68, 0xa3, 0x00, 0x00, 0x00, 0x00, 0x00, 0x00, 0x01, 0x01, 0x00, 0x00,
  0x41, 0x00, 0x00, 0x00, 0x00, 0x00, 0x00, 0x00, 0x00, 0x00, 0x00, 0x00,
  0x70, 0xa5, 0x00, 0x00, 0x00, 0x00, 0x00, 0x00, 0x01, 0x04, 0x00, 0x00,
  0x43, 0x00, 0x00, 0x00, 0x00, 0x00, 0x00, 0x00, 0x00, 0x00, 0x00, 0x00,
  0x58, 0xa3, 0x00, 0x00, 0x00, 0x00, 0x00, 0x00, 0x01, 0x01, 0x00, 0x00,
  0x46, 0x00, 0x00, 0x00, 0x00, 0x00, 0x00, 0x00, 0x00, 0x00, 0x00, 0x00,
  0x78, 0xa3, 0x00, 0x00, 0x00, 0x00, 0x00, 0x00, 0x01, 0x01, 0x00, 0x00,
  0x47, 0x00, 0x00, 0x00, 0x00, 0x00, 0x00, 0x00, 0x00, 0x00, 0x00, 0x00,
  0x88, 0xa3, 0x00, 0x00, 0x00, 0x00, 0x00, 0x00, 0x01, 0x01, 0x00, 0x00,
  0x4b, 0x00, 0x00, 0x00, 0x00, 0x00, 0x00, 0x00, 0x00, 0x00, 0x00, 0x00,
  0x98, 0xa3, 0x00, 0x00, 0x00, 0x00, 0x00, 0x00, 0x01, 0x01, 0x00, 0x00,
  0x4c, 0x00, 0x00, 0x00, 0x00, 0x00, 0x00, 0x00, 0x00, 0x00, 0x00, 0x00,
  0x38, 0xa3, 0x00, 0x00, 0x00, 0x00, 0x00, 0x00, 0x01, 0x01, 0x00, 0x00,
  0x4e, 0x00, 0x00, 0x00, 0x00, 0x00, 0x00, 0x00, 0x00, 0x00, 0x00, 0x00,
  0x70, 0xa3, 0x00, 0x00, 0x00, 0x00, 0x00, 0x00, 0x01, 0x01, 0x00, 0x00,
  0x4f, 0x00, 0x00, 0x00, 0x00, 0x00, 0x00, 0x00, 0x00, 0x00, 0x00, 0x00,
  0xa8, 0xa3, 0x00, 0x00, 0x00, 0x00, 0x00, 0x00, 0x01, 0x01, 0x00, 0x00,
  0x52, 0x00, 0x00, 0x00, 0x00, 0x00, 0x00, 0x00, 0x00, 0x00, 0x00, 0x00,
  0x60, 0xa5, 0x00, 0x00, 0x00, 0x00, 0x00, 0x00, 0x01, 0x04, 0x00, 0x00,
  0x55, 0x00, 0x00, 0x00, 0x00, 0x00, 0x00, 0x00, 0x00, 0x00, 0x00, 0x00,
  0x90, 0xa3, 0x00, 0x00, 0x00, 0x00, 0x00, 0x00, 0x01, 0x01, 0x00, 0x00,
  0x57, 0x00, 0x00, 0x00, 0x00, 0x00, 0x00, 0x00, 0x00, 0x00, 0x00, 0x00,
  0x88, 0xa5, 0x00, 0x00, 0x00, 0x00, 0x00, 0x00, 0x01, 0x04, 0x00, 0x00,
  0x58, 0x00, 0x00, 0x00, 0x00, 0x00, 0x00, 0x00, 0x00, 0x00, 0x00, 0x00,
  0xb8, 0xa5, 0x00, 0x00, 0x00, 0x00, 0x00, 0x00, 0x02, 0x04, 0x00, 0x00,
  0x01, 0x00, 0x00, 0x00, 0x00, 0x00, 0x00, 0x00, 0x00, 0x00, 0x00, 0x00,
  0xc0, 0xa5, 0x00, 0x00, 0x00, 0x00, 0x00, 0x00, 0x02, 0x04, 0x00, 0x00,
  0x02, 0x00, 0x00, 0x00, 0x00, 0x00, 0x00, 0x00, 0x00, 0x00, 0x00, 0x00,
  0xc8, 0xa5, 0x00, 0x00, 0x00, 0x00, 0x00, 0x00, 0x02, 0x04, 0x00, 0x00,
  0x03, 0x00, 0x00, 0x00, 0x00, 0x00, 0x00, 0x00, 0x00, 0x00, 0x00, 0x00,
  0xd0, 0xa5, 0x00, 0x00, 0x00, 0x00, 0x00, 0x00, 0x02, 0x04, 0x00, 0x00,
  0x53, 0x00, 0x00, 0x00, 0x00, 0x00, 0x00, 0x00, 0x00, 0x00, 0x00, 0x00,
  0xd8, 0xa5, 0x00, 0x00, 0x00, 0x00, 0x00, 0x00, 0x02, 0x04, 0x00, 0x00,
  0x35, 0x00, 0x00, 0x00, 0x00, 0x00, 0x00, 0x00, 0x00, 0x00, 0x00, 0x00,
  0xe0, 0xa5, 0x00, 0x00, 0x00, 0x00, 0x00, 0x00, 0x02, 0x04, 0x00, 0x00,
  0x54, 0x00, 0x00, 0x00, 0x00, 0x00, 0x00, 0x00, 0x00, 0x00, 0x00, 0x00,
  0xe8, 0xa5, 0x00, 0x00, 0x00, 0x00, 0x00, 0x00, 0x02, 0x04, 0x00, 0x00,
  0x48, 0x00, 0x00, 0x00, 0x00, 0x00, 0x00, 0x00, 0x00, 0x00, 0x00, 0x00,
  0xf0, 0xa5, 0x00, 0x00, 0x00, 0x00, 0x00, 0x00, 0x02, 0x04, 0x00, 0x00,
  0x04, 0x00, 0x00, 0x00, 0x00, 0x00, 0x00, 0x00, 0x00, 0x00, 0x00, 0x00,
  0xf8, 0xa5, 0x00, 0x00, 0x00, 0x00, 0x00, 0x00, 0x02, 0x04, 0x00, 0x00,
  0x05, 0x00, 0x00, 0x00, 0x00, 0x00, 0x00, 0x00, 0x00, 0x00, 0x00, 0x00,
  0x00, 0xa6, 0x00, 0x00, 0x00, 0x00, 0x00, 0x00, 0x02, 0x04, 0x00, 0x00,
  0x06, 0x00, 0x00, 0x00, 0x00, 0x00, 0x00, 0x00, 0x00, 0x00, 0x00, 0x00,
  0x08, 0xa6, 0x00, 0x00, 0x00, 0x00, 0x00, 0x00, 0x02, 0x04, 0x00, 0x00,
  0x36, 0x00, 0x00, 0x00, 0x00, 0x00, 0x00, 0x00, 0x00, 0x00, 0x00, 0x00,
  0x10, 0xa6, 0x00, 0x00, 0x00, 0x00, 0x00, 0x00, 0x02, 0x04, 0x00, 0x00,
  0x07, 0x00, 0x00, 0x00, 0x00, 0x00, 0x00, 0x00, 0x00, 0x00, 0x00, 0x00,
  0x18, 0xa6, 0x00, 0x00, 0x00, 0x00, 0x00, 0x00, 0x02, 0x04, 0x00, 0x00,
  0x08, 0x00, 0x00, 0x00, 0x00, 0x00, 0x00, 0x00, 0x00, 0x00, 0x00, 0x00,
  0x20, 0xa6, 0x00, 0x00, 0x00, 0x00, 0x00, 0x00, 0x02, 0x04, 0x00, 0x00,
  0x09, 0x00, 0x00, 0x00, 0x00, 0x00, 0x00, 0x00, 0x00, 0x00, 0x00, 0x00,
  0x28, 0xa6, 0x00, 0x00, 0x00, 0x00, 0x00, 0x00, 0x02, 0x04, 0x00, 0x00,
  0x0a, 0x00, 0x00, 0x00, 0x00, 0x00, 0x00, 0x00, 0x00, 0x00, 0x00, 0x00,
  0x30, 0xa6, 0x00, 0x00, 0x00, 0x00, 0x00, 0x00, 0x02, 0x04, 0x00, 0x00,
  0x50, 0x00, 0x00, 0x00, 0x00, 0x00, 0x00, 0x00, 0x00, 0x00, 0x00, 0x00,
  0x38, 0xa6, 0x00, 0x00, 0x00, 0x00, 0x00, 0x00, 0x02, 0x04, 0x00, 0x00,
  0x0b, 0x00, 0x00, 0x00, 0x00, 0x00, 0x00, 0x00, 0x00, 0x00, 0x00, 0x00,
  0x40, 0xa6, 0x00, 0x00, 0x00, 0x00, 0x00, 0x00, 0x02, 0x04, 0x00, 0x00,
  0x0c, 0x00, 0x00, 0x00, 0x00, 0x00, 0x00, 0x00, 0x00, 0x00, 0x00, 0x00,
  0x48, 0xa6, 0x00, 0x00, 0x00, 0x00, 0x00, 0x00, 0x02, 0x04, 0x00, 0x00,
  0x42, 0x00, 0x00, 0x00, 0x00, 0x00, 0x00, 0x00, 0x00, 0x00, 0x00, 0x00,
  0x50, 0xa6, 0x00, 0x00, 0x00, 0x00, 0x00, 0x00, 0x02, 0x04, 0x00, 0x00,
  0x2c, 0x00, 0x00, 0x00, 0x00, 0x00, 0x00, 0x00, 0x00, 0x00, 0x00, 0x00,
  0x58, 0xa6, 0x00, 0x00, 0x00, 0x00, 0x00, 0x00, 0x02, 0x04, 0x00, 0x00,
  0x49, 0x00, 0x00, 0x00, 0x00, 0x00, 0x00, 0x00, 0x00, 0x00, 0x00, 0x00,
  0x60, 0xa6, 0x00, 0x00, 0x00, 0x00, 0x00, 0x00, 0x02, 0x04, 0x00, 0x00,
  0x51, 0x00, 0x00, 0x00, 0x00, 0x00, 0x00, 0x00, 0x00, 0x00, 0x00, 0x00,
  0x68, 0xa6, 0x00, 0x00, 0x00, 0x00, 0x00, 0x00, 0x02, 0x04, 0x00, 0x00,
  0x44, 0x00, 0x00, 0x00, 0x00, 0x00, 0x00, 0x00, 0x00, 0x00, 0x00, 0x00,
  0x70, 0xa6, 0x00, 0x00, 0x00, 0x00, 0x00, 0x00, 0x02, 0x04, 0x00, 0x00,
  0x40, 0x00, 0x00, 0x00, 0x00, 0x00, 0x00, 0x00, 0x00, 0x00, 0x00, 0x00,
  0x78, 0xa6, 0x00, 0x00, 0x00, 0x00, 0x00, 0x00, 0x02, 0x04, 0x00, 0x00,
  0x0d, 0x00, 0x00, 0x00, 0x00, 0x00, 0x00, 0x00, 0x00, 0x00, 0x00, 0x00,
  0x80, 0xa6, 0x00, 0x00, 0x00, 0x00, 0x00, 0x00, 0x02, 0x04, 0x00, 0x00,
  0x0e, 0x00, 0x00, 0x00, 0x00, 0x00, 0x00, 0x00, 0x00, 0x00, 0x00, 0x00,
  0x88, 0xa6, 0x00, 0x00, 0x00, 0x00, 0x00, 0x00, 0x02, 0x04, 0x00, 0x00,
  0x0f, 0x00, 0x00, 0x00, 0x00, 0x00, 0x00, 0x00, 0x00, 0x00, 0x00, 0x00,
  0x90, 0xa6, 0x00, 0x00, 0x00, 0x00, 0x00, 0x00, 0x02, 0x04, 0x00, 0x00,
  0x10, 0x00, 0x00, 0x00, 0x00, 0x00, 0x00, 0x00, 0x00, 0x00, 0x00, 0x00,
  0x98, 0xa6, 0x00, 0x00, 0x00, 0x00, 0x00, 0x00, 0x02, 0x04, 0x00, 0x00,
  0x11, 0x00, 0x00, 0x00, 0x00, 0x00, 0x00, 0x00, 0x00, 0x00, 0x00, 0x00,
  0xa0, 0xa6, 0x00, 0x00, 0x00, 0x00, 0x00, 0x00, 0x02, 0x04, 0x00, 0x00,
  0x12, 0x00, 0x00, 0x00, 0x00, 0x00, 0x00, 0x00, 0x00, 0x00, 0x00, 0x00,
  0xa8, 0xa6, 0x00, 0x00, 0x00, 0x00, 0x00, 0x00, 0x02, 0x04, 0x00, 0x00,
  0x13, 0x00, 0x00, 0x00, 0x00, 0x00, 0x00, 0x00, 0x00, 0x00, 0x00, 0x00,
  0xb0, 0xa6, 0x00, 0x00, 0x00, 0x00, 0x00, 0x00, 0x02, 0x04, 0x00, 0x00,
  0x14, 0x00, 0x00, 0x00, 0x00, 0x00, 0x00, 0x00, 0x00, 0x00, 0x00, 0x00,
  0xb8, 0xa6, 0x00, 0x00, 0x00, 0x00, 0x00, 0x00, 0x02, 0x04, 0x00, 0x00,
  0x15, 0x00, 0x00, 0x00, 0x00, 0x00, 0x00, 0x00, 0x00, 0x00, 0x00, 0x00,
  0xc0, 0xa6, 0x00, 0x00, 0x00, 0x00, 0x00, 0x00, 0x02, 0x04, 0x00, 0x00,
  0x16, 0x00, 0x00, 0x00, 0x00, 0x00, 0x00, 0x00, 0x00, 0x00, 0x00, 0x00,
  0xc8, 0xa6, 0x00, 0x00, 0x00, 0x00, 0x00, 0x00, 0x02, 0x04, 0x00, 0x00,
  0x4f, 0x00, 0x00, 0x00, 0x00, 0x00, 0x00, 0x00, 0x00, 0x00, 0x00, 0x00,
  0xd0, 0xa6, 0x00, 0x00, 0x00, 0x00, 0x00, 0x00, 0x02, 0x04, 0x00, 0x00,
  0x17, 0x00, 0x00, 0x00, 0x00, 0x00, 0x00, 0x00, 0x00, 0x00, 0x00, 0x00,
  0xd8, 0xa6, 0x00, 0x00, 0x00, 0x00, 0x00, 0x00, 0x02, 0x04, 0x00, 0x00,
  0x18, 0x00, 0x00, 0x00, 0x00, 0x00, 0x00, 0x00, 0x00, 0x00, 0x00, 0x00,
  0xe0, 0xa6, 0x00, 0x00, 0x00, 0x00, 0x00, 0x00, 0x02, 0x04, 0x00, 0x00,
  0x37, 0x00, 0x00, 0x00, 0x00, 0x00, 0x00, 0x00, 0x00, 0x00, 0x00, 0x00,
  0xe8, 0xa6, 0x00, 0x00, 0x00, 0x00, 0x00, 0x00, 0x02, 0x04, 0x00, 0x00,
  0x38, 0x00, 0x00, 0x00, 0x00, 0x00, 0x00, 0x00, 0x00, 0x00, 0x00, 0x00,
  0xf0, 0xa6, 0x00, 0x00, 0x00, 0x00, 0x00, 0x00, 0x02, 0x04, 0x00, 0x00,
  0x19, 0x00, 0x00, 0x00, 0x00, 0x00, 0x00, 0x00, 0x00, 0x00, 0x00, 0x00,
  0xf8, 0xa6, 0x00, 0x00, 0x00, 0x00, 0x00, 0x00, 0x02, 0x04, 0x00, 0x00,
  0x1a, 0x00, 0x00, 0x00, 0x00, 0x00, 0x00, 0x00, 0x00, 0x00, 0x00, 0x00,
  0x00, 0xa7, 0x00, 0x00, 0x00, 0x00, 0x00, 0x00, 0x02, 0x04, 0x00, 0x00,
  0x1b, 0x00, 0x00, 0x00, 0x00, 0x00, 0x00, 0x00, 0x00, 0x00, 0x00, 0x00,
  0x08, 0xa7, 0x00, 0x00, 0x00, 0x00, 0x00, 0x00, 0x02, 0x04, 0x00, 0x00,
  0x1c, 0x00, 0x00, 0x00, 0x00, 0x00, 0x00, 0x00, 0x00, 0x00, 0x00, 0x00,
  0x10, 0xa7, 0x00, 0x00, 0x00, 0x00, 0x00, 0x00, 0x02, 0x04, 0x00, 0x00,
  0x1d, 0x00, 0x00, 0x00, 0x00, 0x00, 0x00, 0x00, 0x00, 0x00, 0x00, 0x00,
  0x18, 0xa7, 0x00, 0x00, 0x00, 0x00, 0x00, 0x00, 0x02, 0x04, 0x00, 0x00,
  0x1e, 0x00, 0x00, 0x00, 0x00, 0x00, 0x00, 0x00, 0x00, 0x00, 0x00, 0x00,
  0x20, 0xa7, 0x00, 0x00, 0x00, 0x00, 0x00, 0x00, 0x02, 0x04, 0x00, 0x00,
  0x1f, 0x00, 0x00, 0x00, 0x00, 0x00, 0x00, 0x00, 0x00, 0x00, 0x00, 0x00,
  0x28, 0xa7, 0x00, 0x00, 0x00, 0x00, 0x00, 0x00, 0x02, 0x04, 0x00, 0x00,
  0x4c, 0x00, 0x00, 0x00, 0x00, 0x00, 0x00, 0x00, 0x00, 0x00, 0x00, 0x00,
  0x30, 0xa7, 0x00, 0x00, 0x00, 0x00, 0x00, 0x00, 0x02, 0x04, 0x00, 0x00,
  0x56, 0x00, 0x00, 0x00, 0x00, 0x00, 0x00, 0x00, 0x00, 0x00, 0x00, 0x00,
  0x38, 0xa7, 0x00, 0x00, 0x00, 0x00, 0x00, 0x00, 0x02, 0x04, 0x00, 0x00,
  0x33, 0x00, 0x00, 0x00, 0x00, 0x00, 0x00, 0x00, 0x00, 0x00, 0x00, 0x00,
  0x40, 0xa7, 0x00, 0x00, 0x00, 0x00, 0x00, 0x00, 0x02, 0x04, 0x00, 0x00,
  0x20, 0x00, 0x00, 0x00, 0x00, 0x00, 0x00, 0x00, 0x00, 0x00, 0x00, 0x00,
  0x48, 0xa7, 0x00, 0x00, 0x00, 0x00, 0x00, 0x00, 0x02, 0x04, 0x00, 0x00,
  0x21, 0x00, 0x00, 0x00, 0x00, 0x00, 0x00, 0x00, 0x00, 0x00, 0x00, 0x00,
  0x50, 0xa7, 0x00, 0x00, 0x00, 0x00, 0x00, 0x00, 0x02, 0x04, 0x00, 0x00,
  0x22, 0x00, 0x00, 0x00, 0x00, 0x00, 0x00, 0x00, 0x00, 0x00, 0x00, 0x00,
  0x58, 0xa7, 0x00, 0x00, 0x00, 0x00, 0x00, 0x00, 0x02, 0x04, 0x00, 0x00,
  0x23, 0x00, 0x00, 0x00, 0x00, 0x00, 0x00, 0x00, 0x00, 0x00, 0x00, 0x00,
  0x60, 0xa7, 0x00, 0x00, 0x00, 0x00, 0x00, 0x00, 0x02, 0x04, 0x00, 0x00,
  0x24, 0x00, 0x00, 0x00, 0x00, 0x00, 0x00, 0x00, 0x00, 0x00, 0x00, 0x00,
  0x68, 0xa7, 0x00, 0x00, 0x00, 0x00, 0x00, 0x00, 0x02, 0x04, 0x00, 0x00,
  0x25, 0x00, 0x00, 0x00, 0x00, 0x00, 0x00, 0x00, 0x00, 0x00, 0x00, 0x00,
  0x70, 0xa7, 0x00, 0x00, 0x00, 0x00, 0x00, 0x00, 0x02, 0x04, 0x00, 0x00,
  0x26, 0x00, 0x00, 0x00, 0x00, 0x00, 0x00, 0x00, 0x00, 0x00, 0x00, 0x00,
  0x78, 0xa7, 0x00, 0x00, 0x00, 0x00, 0x00, 0x00, 0x02, 0x04, 0x00, 0x00,
  0x27, 0x00, 0x00, 0x00, 0x00, 0x00, 0x00, 0x00, 0x00, 0x00, 0x00, 0x00,
  0x80, 0xa7, 0x00, 0x00, 0x00, 0x00, 0x00, 0x00, 0x02, 0x04, 0x00, 0x00,
  0x28, 0x00, 0x00, 0x00, 0x00, 0x00, 0x00, 0x00, 0x00, 0x00, 0x00, 0x00,
  0xe7, 0xad, 0x89, 0xe5, 0xbe, 0x85, 0x55, 0x6e, 0x69, 0x78, 0x20, 0x53,
  0x6f, 0x63, 0x6b, 0x65, 0x74, 0xe6, 0x9c, 0x8d, 0xe5, 0x8a, 0xa1, 0xe5,
  0x99, 0xa8, 0xe5, 0x90, 0xaf, 0xe5, 0x8a, 0xa8, 0x2e, 0x2e, 0x2e, 0x20,
  0xe5, 0x89, 0xa9, 0xe4, 0xbd, 0x99, 0x20, 0x25, 0x64, 0x20, 0xe7, 0xa7,
  0x92, 0x00, 0x4a, 0x4e, 0x49, 0x3a, 0x20, 0xe4, 0xbd, 0xbf, 0xe7, 0x94,
  0xa8, 0xe5, 0x8f, 0x82, 0xe6, 0x95, 0xb0, 0xe9, 0x85, 0x8d, 0xe7, 0xbd,
  0xae, 0xe5, 0x88, 0x9d, 0xe5, 0xa7, 0x8b, 0xe5, 0x8c, 0x96, 0xe6, 0x9c,
  0x8d, 0xe5, 0x8a, 0xa1, 0xe5, 0x99, 0xa8, 0x00, 0xe6, 0x9c, 0x8d, 0xe5,
  0x8a, 0xa1, 0xe5, 0x99, 0xa8, 0xe5, 0x90, 0xaf, 0xe5, 0x8a, 0xa8, 0xe5,
  0xa4, 0xb1, 0xe8, 0xb4, 0xa5, 0x00, 0x4a, 0x4e, 0x49, 0x3a, 0x20, 0xe6,
  0x95, 0xb0, 0xe6, 0x8d, 0xae, 0xe5, 0x86, 0x99, 0xe5, 0x85, 0xa5, 0xe6,
  0x88, 0x90, 0xe5, 0x8a, 0x9f, 0x00, 0x55, 0x6e, 0x69, 0x78, 0xe5, 0xa5,
  0x97, 0xe6, 0x8e, 0xa5, 0xe5, 0xad, 0x97, 0xe6, 0x9c, 0x8d, 0xe5, 0x8a,
  0xa1, 0xe5, 0x99, 0xa8, 0xe5, 0x88, 0x9d, 0xe5, 0xa7, 0x8b, 0xe5, 0x8c,
  0x96, 0xe6, 0x88, 0x90, 0xe5, 0x8a, 0x9f, 0xef, 0xbc, 0x8c, 0xe5, 0xa5,
  0x97, 0xe6, 0x8e, 0xa5, 0xe5, 0xad, 0x97, 0xe5, 0x90, 0x8d, 0xe7, 0xa7,
  0xb0, 0x3a, 0x20, 0x25, 0x73, 0x00, 0xe4, 0xbd, 0xbf, 0xe7, 0x94, 0xa8,
  0xe5, 0x8f, 0x82, 0xe6, 0x95, 0xb0, 0xe9, 0x85, 0x8d, 0xe7, 0xbd, 0xae,
  0xe5, 0x88, 0x9d, 0xe5, 0xa7, 0x8b, 0xe5, 0x8c, 0x96, 0xe6, 0x9c, 0x8d,
  0xe5, 0x8a, 0xa1, 0xe5, 0x99, 0xa8, 0x00, 0x31, 0x32, 0x37, 0x2e, 0x30,
  0x2e, 0x30, 0x2e, 0x31, 0x00, 0xe5, 0x88, 0x9d, 0xe5, 0xa7, 0x8b, 0xe5,
  0x8c, 0x96, 0xe6, 0x9c, 0x8d, 0xe5, 0x8a, 0xa1, 0xe5, 0x99, 0xa8, 0xe5,
  0xae, 0x9e, 0xe7, 0x8e, 0xb0, 0xe5, 0xa4, 0xb1, 0xe8, 0xb4, 0xa5, 0x00,
  0xe5, 0x88, 0x9b, 0xe5, 0xbb, 0xba, 0xe6, 0x9c, 0x8d, 0xe5, 0x8a, 0xa1,
  0xe5, 0x99, 0xa8, 0xe7, 0xba, 0xbf, 0xe7, 0xa8, 0x8b, 0xe5, 0xa4, 0xb1,
  0xe8, 0xb4, 0xa5, 0x00, 0xe5, 0x85, 0xb1, 0xe4, 0xba, 0xab, 0xe5, 0x86,
  0x85, 0xe5, 0xad, 0x98, 0xe6, 0x9c, 0xaa, 0xe5, 0x88, 0x9d, 0xe5, 0xa7,
  0x8b, 0xe5, 0x8c, 0x96, 0x00, 0xe5, 0xa5, 0x97, 0xe6, 0x8e, 0xa5, 0xe5,
  0xad, 0x97, 0xe9, 0x9d, 0x9e, 0xe9, 0x98, 0xbb, 0xe5, 0xa1, 0x9e, 0xe6,
  0xa8, 0xa1, 0xe5, 0xbc, 0x8f, 0xe8, 0xae, 0xbe, 0xe7, 0xbd, 0xae, 0xe6,
  0x88, 0x90, 0xe5, 0x8a, 0x9f, 0x00, 0x55, 0x6e, 0x69, 0x78, 0xe5, 0xa5,
  0x97, 0xe6, 0x8e, 0xa5, 0xe5, 0xad, 0x97, 0xe7, 0xbb, 0x91, 0xe5, 0xae,
  0x9a, 0xe6, 0x88, 0x90, 0xe5, 0x8a, 0x9f, 0x00, 0x55, 0x6e, 0x69, 0x78,
  0xe5, 0xa5, 0x97, 0xe6, 0x8e, 0xa5, 0xe5, 0xad, 0x97, 0xe6, 0x9c, 0x8d,
  0xe5, 0x8a, 0xa1, 0xe5, 0x99, 0xa8, 0xe5, 0xb7, 0xb2, 0xe5, 0x81, 0x9c,
  0xe6, 0xad, 0xa2, 0x00, 0xe6, 0x96, 0xb0, 0xe5, 0xae, 0xa2, 0xe6, 0x88,
  0xb7, 0xe7, 0xab, 0xaf, 0xe8, 0xbf, 0x9e, 0xe6, 0x8e, 0xa5, 0xe6, 0x9d,
  0xa5, 0xe8, 0x87, 0xaa, 0x20, 0x25, 0x73, 0x3a, 0x25, 0x64, 0xef, 0xbc,
  0x8c, 0x66, 0x64, 0x3a, 0x20, 0x25, 0x64, 0xef, 0xbc, 0x8c, 0xe6, 0x80,
  0xbb, 0xe5, 0xae, 0xa2, 0xe6, 0x88, 0xb7, 0xe7, 0xab, 0xaf, 0xe6, 0x95,
  0xb0, 0x3a, 0x20, 0x25, 0x64, 0x00, 0x25, 0x73, 0x25, 0x73, 0x00, 0xe6,
  0xb8, 0x85, 0xe7, 0x90, 0x86, 0x55, 0x6e, 0x69, 0x78, 0xe5, 0xa5, 0x97,
  0xe6, 0x8e, 0xa5, 0xe5, 0xad, 0x97, 0xe6, 0x9c, 0x8d, 0xe5, 0x8a, 0xa1,
  0xe5, 0x99, 0xa8, 0x00, 0xe6, 0x9c, 0x8d, 0xe5, 0x8a, 0xa1, 0xe5, 0x99,
  0xa8, 0xe6, 0x9c, 0xaa, 0xe5, 0x88, 0x9d, 0xe5, 0xa7, 0x8b, 0xe5, 0x8c,
  0x96, 0xe6, 0x88, 0x96, 0xe5, 0xb7, 0xb2, 0xe5, 0x90, 0xaf, 0xe5, 0x8a,
  0xa8, 0x00, 0xe6, 0x9c, 0x8d, 0xe5, 0x8a, 0xa1, 0xe5, 0x99, 0xa8, 0xe5,
  0x90, 0xaf, 0xe5, 0x8a, 0xa8, 0xe8, 0xb6, 0x85, 0xe6, 0x97, 0xb6, 0xef,
  0xbc, 0x88, 0x31, 0x35, 0xe7, 0xa7, 0x92, 0xef, 0xbc, 0x89, 0x00, 0x55,
  0x6e, 0x69, 0x78, 0xe5, 0xa5, 0x97, 0xe6, 0x8e, 0xa5, 0xe5, 0xad, 0x97,
  0xe5, 0x88, 0x9b, 0xe5, 0xbb, 0xba, 0xe6, 0x88, 0x90, 0xe5, 0x8a, 0x9f,
  0xef, 0xbc, 0x8c, 0x66, 0x64, 0x3a, 0x20, 0x25, 0x64, 0x00, 0xe6, 0xb2,
  0xa1, 0xe6, 0x9c, 0x89, 0xe5, 0xae, 0xa2, 0xe6, 0x88, 0xb7, 0xe7, 0xab,
  0xaf, 0xe8, 0xbf, 0x9e, 0xe6, 0x8e, 0xa5, 0xef, 0xbc, 0x8c, 0xe8, 0xb7,
  0xb3, 0xe8, 0xbf, 0x87, 0xe6, 0x95, 0xb0, 0xe6, 0x8d, 0xae, 0xe5, 0x8f,
  0x91, 0xe9, 0x80, 0x81, 0x00, 0x54, 0x43, 0x50, 0xe6, 0x9c, 0x8d, 0xe5,
  0x8a, 0xa1, 0xe5, 0x99, 0xa8, 0xe5, 0x88, 0x9d, 0xe5, 0xa7, 0x8b, 0xe5,
  0x8c, 0x96, 0xe6, 0x88, 0x90, 0xe5, 0x8a, 0x9f, 0xef, 0xbc, 0x8c, 0xe4,
  0xb8, 0xbb, 0xe6, 0x9c, 0xba, 0x3a, 0x20, 0x25, 0x73, 0xef, 0xbc, 0x8c,
  0xe7, 0xab, 0xaf, 0xe5, 0x8f, 0xa3, 0x3a, 0x20, 0x25, 0x64, 0x00, 0xe5,
  0x90, 0xaf, 0xe5, 0x8a, 0xa8, 0x54, 0x43, 0x50, 0xe6, 0x9c, 0x8d, 0xe5,
  0x8a, 0xa1, 0xe5, 0x99, 0xa8, 0x00, 0xe5, 0x86, 0x99, 0xe5, 0x85, 0xa5,
  0xe6, 0x95, 0xb0, 0xe6, 0x8d, 0xae, 0xe5, 0xa4, 0xa7, 0xe5, 0xb0, 0x8f,
  0xe8, 0xbf, 0x87, 0xe5, 0xa4, 0xa7, 0x3a, 0x20, 0x25, 0x7a, 0x75, 0x00,
  0xe7, 0xbb, 0x91, 0xe5, 0xae, 0x9a, 0x41, 0x62, 0x73, 0x74, 0x72, 0x61,
  0x63, 0x74, 0x20, 0x55, 0x6e, 0x69, 0x78, 0xe5, 0xa5, 0x97, 0xe6, 0x8e,
  0xa5, 0xe5, 0xad, 0x97, 0x2e, 0x2e, 0x2e, 0x00, 0xe5, 0x90, 0x91, 0xe5,
  0xae, 0xa2, 0xe6, 0x88, 0xb7, 0xe7, 0xab, 0xaf, 0x20, 0x25, 0x64, 0x20,
  0xe5, 0x8f, 0x91, 0xe9, 0x80, 0x81, 0xe6, 0x95, 0xb0, 0xe6, 0x8d, 0xae,
  0xe5, 0xa4, 0xb4, 0xe5, 0xa4, 0xb1, 0xe8, 0xb4, 0xa5, 0x3a, 0x20, 0x25,
  0x73, 0x00, 0xe5, 0x85, 0xb3, 0xe9, 0x97, 0xad, 0xe5, 0xae, 0xa2, 0xe6,
  0x88, 0xb7, 0xe7, 0xab, 0xaf, 0xe8, 0xbf, 0x9e, 0xe6, 0x8e, 0xa5, 0xef,
  0xbc, 0x8c, 0x66, 0x64, 0x3a, 0x20, 0x25, 0x64, 0x00, 0xe5, 0x81, 0x9c,
  0xe6, 0xad, 0xa2, 0x54, 0x43, 0x50, 0xe6, 0x9c, 0x8d, 0xe5, 0x8a, 0xa1,
  0xe5, 0x99, 0xa8, 0x00, 0x53, 0x45, 0x52, 0x56, 0x45, 0x52, 0x2d, 0x4b,
  0x2d, 0x43, 0x4f, 0x52, 0x45, 0x00, 0xe6, 0x9c, 0x8d, 0xe5, 0x8a, 0xa1,
  0xe5, 0x99, 0xa8, 0xe5, 0xb7, 0xb2, 0xe5, 0x88, 0x9d, 0xe5, 0xa7, 0x8b,
  0xe5, 0x8c, 0x96, 0x00, 0x4a, 0x4e, 0x49, 0x3a, 0x20, 0xe4, 0xbd, 0xbf,
  0xe7, 0x94, 0xa8, 0xe5, 0x8f, 0x82, 0xe6, 0x95, 0xb0, 0xe9, 0x85, 0x8d,
  0xe7, 0xbd, 0xae, 0xe7, 0x9a, 0x84, 0xe6, 0x9c, 0x8d, 0xe5, 0x8a, 0xa1,
  0xe5, 0x99, 0xa8, 0xe5, 0x88, 0x9d, 0xe5, 0xa7, 0x8b, 0xe5, 0x8c, 0x96,
  0xe6, 0x88, 0x90, 0xe5, 0x8a, 0x9f, 0x00, 0x54, 0x43, 0x50, 0xe4, 0xb8,
  0xbb, 0xe6, 0x9c, 0xba, 0xe5, 0x9c, 0xb0, 0xe5, 0x9d, 0x80, 0xe4, 0xb8,
  0xba, 0xe7, 0xa9, 0xba, 0x00, 0xe4, 0xb8, 0x8d, 0xe6, 0x94, 0xaf, 0xe6,
  0x8c, 0x81, 0xe7, 0x9a, 0x84, 0xe6, 0x9c, 0x8d, 0xe5, 0x8a, 0xa1, 0xe5,
  0x99, 0xa8, 0xe6, 0xa8, 0xa1, 0xe5, 0xbc, 0x8f, 0x3a, 0x20, 0x25, 0x64,
  0x00, 0xe6, 0x95, 0xb0, 0xe6, 0x8d, 0xae, 0xe5, 0x8f, 0x82, 0xe6, 0x95,
  0xb0, 0xe6, 0x97, 0xa0, 0xe6, 0x95, 0x88, 0x00, 0xe6, 0x9c, 0x8d, 0xe5,
  0x8a, 0xa1, 0xe5, 0x99, 0xa8, 0xe8, 0xb5, 0x84, 0xe6, 0xba, 0x90, 0xe6,
  0xb8, 0x85, 0xe7, 0x90, 0x86, 0xe5, 0xae, 0x8c, 0xe6, 0x88, 0x90, 0x00,
  0xe4, 0xbd, 0xbf, 0xe7, 0x94, 0xa8, 0x41, 0x62, 0x73, 0x74, 0x72, 0x61,
  0x63, 0x74, 0x20, 0x55, 0x6e, 0x69, 0x78, 0x20, 0x53, 0x6f, 0x63, 0x6b,
  0x65, 0x74, 0x3a, 0x20, 0x40, 0x25, 0x73, 0x00, 0xe7, 0x9b, 0x91, 0xe5,
  0x90, 0xac, 0xe5, 0xa5, 0x97, 0xe6, 0x8e, 0xa5, 0xe5, 0xad, 0x97, 0xe5,
  0xa4, 0xb1, 0xe8, 0xb4, 0xa5, 0x3a, 0x20, 0x25, 0x73, 0x00, 0xe5, 0x81,
  0x9c, 0xe6, 0xad, 0xa2, 0xe6, 0x9c, 0x8d, 0xe5, 0x8a, 0xa1, 0xe5, 0x99,
  0xa8, 0xe6, 0x97, 0xb6, 0xe5, 0x8f, 0x91, 0xe7, 0x94, 0x9f, 0xe9, 0x94,
  0x99, 0xe8, 0xaf, 0xaf, 0x00, 0x4a, 0x4e, 0x49, 0x3a, 0x20, 0xe6, 0x9c,
  0x8d, 0xe5, 0x8a, 0xa1, 0xe5, 0x99, 0xa8, 0xe5, 0x81, 0x9c, 0xe6, 0xad,
  0xa2, 0xe6, 0x88, 0x90, 0xe5, 0x8a, 0x9f, 0x00, 0xe5, 0x88, 0x9d, 0xe5,
  0xa7, 0x8b, 0xe5, 0x8c, 0x96, 0xe5, 0x85, 0xb1, 0xe4, 0xba, 0xab, 0xe5,
  0x86, 0x85, 0xe5, 0xad, 0x98, 0xe6, 0x9c, 0x8d, 0xe5, 0x8a, 0xa1, 0xe5,
  0x99, 0xa8, 0x00, 0xe5, 0x85, 0xb1, 0xe4, 0xba, 0xab, 0xe5, 0x86, 0x85,
  0xe5, 0xad, 0x98, 0xe6, 0x9c, 0x8d, 0xe5, 0x8a, 0xa1, 0xe5, 0x99, 0xa8,
  0xe5, 0x90, 0xaf, 0xe5, 0x8a, 0xa8, 0xe6, 0x88, 0x90, 0xe5, 0x8a, 0x9f,
  0x00, 0xe5, 0x85, 0xb1, 0xe4, 0xba, 0xab, 0xe5, 0x86, 0x85, 0xe5, 0xad,
  0x98, 0xe6, 0x9c, 0x8d, 0xe5, 0x8a, 0xa1, 0xe5, 0x99, 0xa8, 0xe5, 0xb7,
  0xb2, 0xe5, 0x81, 0x9c, 0xe6, 0xad, 0xa2, 0x00, 0xe6, 0x95, 0xb0, 0xe6,
  0x8d, 0xae, 0xe5, 0xa4, 0xa7, 0xe5, 0xb0, 0x8f, 0xe8, 0xbf, 0x87, 0xe5,
  0xa4, 0xa7, 0x3a, 0x20, 0x25, 0x7a, 0x75, 0x00, 0x2f, 0x64, 0x61, 0x74,
  0x61, 0x2f, 0x6c, 0x6f, 0x63, 0x61, 0x6c, 0x2f, 0x74, 0x6d, 0x70, 0x2f,
  0x73, 0x6f, 0x63, 0x6b, 0x65, 0x74, 0x5f, 0x00, 0x46, 0x61, 0x69, 0x6c,
  0x65, 0x64, 0x20, 0x74, 0x6f, 0x20, 0x61, 0x63, 0x63, 0x65, 0x70, 0x74,
  0x20, 0x63, 0x6c, 0x69, 0x65, 0x6e, 0x74, 0x3a, 0x20, 0x25, 0x73, 0x00,
  0xe6, 0x9c, 0x8d, 0xe5, 0x8a, 0xa1, 0xe5, 0x99, 0xa8, 0xe5, 0x90, 0xaf,
  0xe5, 0x8a, 0xa8, 0xe6, 0x88, 0x90, 0xe5, 0x8a, 0x9f, 0x00, 0xe5, 0x90,
  0x91, 0xe5, 0x85, 0xb1, 0xe4, 0xba, 0xab, 0xe5, 0x86, 0x85, 0xe5, 0xad,
  0x98, 0xe5, 0x86, 0x99, 0xe5, 0x85, 0xa5, 0xe6, 0x95, 0xb0, 0xe6, 0x8d,
  0xae, 0xe5, 0xa4, 0xb1, 0xe8, 0xb4, 0xa5, 0xef, 0xbc, 0x8c, 0xe9, 0x94,
  0x99, 0xe8, 0xaf, 0xaf, 0xe4, 0xbb, 0xa3, 0xe7, 0xa0, 0x81, 0x3a, 0x20,
  0x25, 0x64, 0x00, 0xe6, 0xb8, 0x85, 0xe7, 0x90, 0x86, 0xe5, 0x85, 0xb1,
  0xe4, 0xba, 0xab, 0xe5, 0x86, 0x85, 0xe5, 0xad, 0x98, 0xe6, 0x9c, 0x8d,
  0xe5, 0x8a, 0xa1, 0xe5, 0x99, 0xa8, 0x00, 0xe8, 0xae, 0xbe, 0xe7, 0xbd,
  0xae, 0xe5, 0xa5, 0x97, 0xe6, 0x8e, 0xa5, 0xe5, 0xad, 0x97, 0xe4, 0xb8,
  0xba, 0xe9, 0x9d, 0x9e, 0xe9, 0x98, 0xbb, 0xe5, 0xa1, 0x9e, 0xe6, 0xa8,
  0xa1, 0xe5, 0xbc, 0x8f, 0x2e, 0x2e, 0x2e, 0x00, 0xe8, 0xbf, 0x9e, 0xe6,
  0x8e, 0xa5, 0xe5, 0x85, 0xb1, 0xe4, 0xba, 0xab, 0xe5, 0x86, 0x85, 0xe5,
  0xad, 0x98, 0xe6, 0x96, 0x87, 0xe4, 0xbb, 0xb6, 0xef, 0xbc, 0x8c, 0xe5,
  0xa4, 0xa7, 0xe5, 0xb0, 0x8f, 0x3a, 0x20, 0x25, 0x7a, 0x75, 0x20, 0xe5,
  0xad, 0x97, 0xe8, 0x8a, 0x82, 0x00, 0xe5, 0x88, 0x86, 0xe9, 0x85, 0x8d,
  0xe5, 0x86, 0x85, 0xe5, 0xad, 0x98, 0xe5, 0xa4, 0xb1, 0xe8, 0xb4, 0xa5,
  0x00, 0xe5, 0x88, 0x9d, 0xe5, 0xa7, 0x8b, 0xe5, 0x8c, 0x96, 0xe7, 0x8a,
  0xb6, 0xe6, 0x80, 0x81, 0xe4, 0xba, 0x92, 0xe6, 0x96, 0xa5, 0xe9, 0x94,
  0x81, 0xe5, 0xa4, 0xb1, 0xe8, 0xb4, 0xa5, 0x00, 0xe5, 0x81, 0x9c, 0xe6,
  0xad, 0xa2, 0xe6, 0x9c, 0x8d, 0xe5, 0x8a, 0xa1, 0xe5, 0x99, 0xa8, 0x00,
  0xe6, 0x89, 0x93, 0xe5, 0xbc, 0x80, 0xe5, 0x85, 0xb1, 0xe4, 0xba, 0xab,
  0xe5, 0x86, 0x85, 0xe5, 0xad, 0x98, 0xe6, 0x96, 0x87, 0xe4, 0xbb, 0xb6,
  0xe5, 0xa4, 0xb1, 0xe8, 0xb4, 0xa5, 0x00, 0xe6, 0x9c, 0x8d, 0xe5, 0x8a,
  0xa1, 0xe5, 0x99, 0xa8, 0xe6, 0x9c, 0xaa, 0xe5, 0x90, 0xaf, 0xe5, 0x8a,
  0xa8, 0x00, 0xe5, 0x90, 0xaf, 0xe5, 0x8a, 0xa8, 0xe5, 0x85, 0xb1, 0xe4,
  0xba, 0xab, 0xe5, 0x86, 0x85, 0xe5, 0xad, 0x98, 0xe6, 0x9c, 0x8d, 0xe5,
  0x8a, 0xa1, 0xe5, 0x99, 0xa8, 0x00, 0xe6, 0x95, 0xb0, 0xe6, 0x8d, 0xae,
  0xe6, 0x88, 0x90, 0xe5, 0x8a, 0x9f, 0xe5, 0x86, 0x99, 0xe5, 0x85, 0xa5,
  0xe5, 0x85, 0xb1, 0xe4, 0xba, 0xab, 0xe5, 0x86, 0x85, 0xe5, 0xad, 0x98,
  0x00, 0xe5, 0x88, 0x9d, 0xe5, 0xa7, 0x8b, 0xe5, 0x8c, 0x96, 0x55, 0x6e,
  0x69, 0x78, 0xe5, 0xa5, 0x97, 0xe6, 0x8e, 0xa5, 0xe5, 0xad, 0x97, 0xe6,
  0x9c, 0x8d, 0xe5, 0x8a, 0xa1, 0xe5, 0x99, 0xa8, 0x00, 0xe8, 0xae, 0xbe,
  0xe7, 0xbd, 0xae, 0x53, 0x4f, 0x5f, 0x52, 0x45, 0x55, 0x53, 0x45, 0x41,
  0x44, 0x44, 0x52, 0xe5, 0xa4, 0xb1, 0xe8, 0xb4, 0xa5, 0x3a, 0x20, 0x25,
  0x73, 0x00, 0xe6, 0xb8, 0x85, 0xe7, 0x90, 0x86, 0xe6, 0x9c, 0x8d, 0xe5,
  0x8a, 0xa1, 0xe5, 0x99, 0xa8, 0xe8, 0xb5, 0x84, 0xe6, 0xba, 0x90, 0x00,
  0x4a, 0x4e, 0x49, 0x3a, 0x20, 0xe6, 0x9c, 0x8d, 0xe5, 0x8a, 0xa1, 0xe5,
  0x99, 0xa8, 0xe5, 0x90, 0xaf, 0xe5, 0x8a, 0xa8, 0xe6, 0x88, 0x90, 0xe5,
  0x8a, 0x9f, 0x00, 0x53, 0x45, 0x52, 0x56, 0x45, 0x52, 0x2d, 0x4b, 0x2d,
  0x53, 0x48, 0x4d, 0x00, 0x54, 0x43, 0x50, 0xe6, 0x9c, 0x8d, 0xe5, 0x8a,
  0xa1, 0xe5, 0x99, 0xa8, 0xe5, 0xb7, 0xb2, 0xe5, 0x81, 0x9c, 0xe6, 0xad,
  0xa2, 0x00, 0xe5, 0x8f, 0x82, 0xe6, 0x95, 0xb0, 0xe6, 0x97, 0xa0, 0xe6,
  0x95, 0x88, 0x00, 0xe7, 0xad, 0x89, 0xe5, 0xbe, 0x85, 0xe6, 0x9c, 0x8d,
  0xe5, 0x8a, 0xa1, 0xe5, 0x99, 0xa8, 0xe7, 0xba, 0xbf, 0xe7, 0xa8, 0x8b,
  0xe7, 0xbb, 0x93, 0xe6, 0x9d, 0x9f, 0xe5, 0xa4, 0xb1, 0xe8, 0xb4, 0xa5,
  0x00, 0x4a, 0x4e, 0x49, 0x3a, 0x20, 0xe5, 0x86, 0x99, 0xe5, 0x85, 0xa5,
  0xe6, 0x95, 0xb0, 0xe6, 0x8d, 0xae, 0xef, 0xbc, 0x8c, 0xe5, 0xa4, 0xa7,
  0xe5, 0xb0, 0x8f, 0x3a, 0x20, 0x25, 0x64, 0x20, 0xe5, 0xad, 0x97, 0xe8,
  0x8a, 0x82, 0x00, 0xe6, 0x9c, 0x8d, 0xe5, 0x8a, 0xa1, 0xe5, 0x99, 0xa8,
  0xe7, 0xba, 0xbf, 0xe7, 0xa8, 0x8b, 0xe5, 0xb7, 0xb2, 0xe5, 0x81, 0x9c,
  0xe6, 0xad, 0xa2, 0x00, 0xe8, 0x8e, 0xb7, 0xe5, 0x8f, 0x96, 0xe6, 0x9c,
  0x8d, 0xe5, 0x8a, 0xa1, 0xe5, 0x99, 0xa8, 0xe6, 0x93, 0x8d, 0xe4, 0xbd,
  0x9c, 0xe5, 0x87, 0xbd, 0xe6, 0x95, 0xb0, 0xe5, 0xa4, 0xb1, 0xe8, 0xb4,
  0xa5, 0x00, 0xe5, 0x90, 0xaf, 0xe5, 0x8a, 0xa8, 0xe6, 0x9c, 0x8d, 0xe5,
  0x8a, 0xa1, 0xe5, 0x99, 0xa8, 0xe5, 0xa4, 0xb1, 0xe8, 0xb4, 0xa5, 0x00,
  0x4a, 0x4e, 0x49, 0x3a, 0x20, 0xe6, 0x9c, 0x8d, 0xe5, 0x8a, 0xa1, 0xe5,
  0x99, 0xa8, 0xe5, 0x90, 0xaf, 0xe5, 0x8a, 0xa8, 0xe5, 0xa4, 0xb1, 0xe8,
  0xb4, 0xa5, 0x00, 0x4a, 0x4e, 0x49, 0x3a, 0x20, 0xe6, 0x9c, 0x8d, 0xe5,
  0x8a, 0xa1, 0xe5, 0x99, 0xa8, 0xe5, 0x81, 0x9c, 0xe6, 0xad, 0xa2, 0xe5,
  0xa4, 0xb1, 0xe8, 0xb4, 0xa5, 0x00, 0x4a, 0x4e, 0x49, 0x3a, 0x20, 0xe6,
  0x95, 0xb0, 0xe6, 0x8d, 0xae, 0xe5, 0x86, 0x99, 0xe5, 0x85, 0xa5, 0xe5,
  0xa4, 0xb1, 0xe8, 0xb4, 0xa5, 0x00, 0xe6, 0x96, 0xb0, 0xe5, 0xae, 0xa2,
  0xe6, 0x88, 0xb7, 0xe7, 0xab, 0xaf, 0xe8, 0xbf, 0x9e, 0xe6, 0x8e, 0xa5,
  0xef, 0xbc, 0x8c, 0x66, 0x64, 0x3a, 0x20, 0x25, 0x64, 0xef, 0xbc, 0x8c,
  0xe6, 0x80, 0xbb, 0xe5, 0xae, 0xa2, 0xe6, 0x88, 0xb7, 0xe7, 0xab, 0xaf,
  0xe6, 0x95, 0xb0, 0x3a, 0x20, 0x25, 0x64, 0x00, 0xe5, 0x90, 0x91, 0xe5,
  0xae, 0xa2, 0xe6, 0x88, 0xb7, 0xe7, 0xab, 0xaf, 0x20, 0x25, 0x64, 0x20,
  0xe5, 0x8f, 0x91, 0xe9, 0x80, 0x81, 0xe6, 0x95, 0xb0, 0xe6, 0x8d, 0xae,
  0xe5, 0xa4, 0xb1, 0xe8, 0xb4, 0xa5, 0x3a, 0x20, 0x25, 0x73, 0x00, 0xe6,
  0x88, 0x90, 0xe5, 0x8a, 0x9f, 0xe8, 0xaf, 0xbb, 0xe5, 0x8f, 0x96, 0xe6,
  0x95, 0xb0, 0xe6, 0x8d, 0xae, 0xef, 0xbc, 0x8c, 0xe5, 0xa4, 0xa7, 0xe5,
  0xb0, 0x8f, 0x3a, 0x20, 0x25, 0x7a, 0x75, 0x20, 0xe5, 0xad, 0x97, 0xe8,
  0x8a, 0x82, 0x00, 0xe6, 0x9c, 0x8d, 0xe5, 0x8a, 0xa1, 0xe5, 0x99, 0xa8,
  0xe7, 0xba, 0xbf, 0xe7, 0xa8, 0x8b, 0xe6, 0xad, 0xa3, 0xe5, 0x9c, 0xa8,
  0xe5, 0x81, 0x9c, 0xe6, 0xad, 0xa2, 0x00, 0xe5, 0x86, 0x99, 0xe5, 0x85,
  0xa5, 0xe6, 0x95, 0xb0, 0xe6, 0x8d, 0xae, 0xef, 0xbc, 0x8c, 0xe5, 0xa4,
  0xa7, 0xe5, 0xb0, 0x8f, 0x3a, 0x20, 0x25, 0x7a, 0x75, 0x20, 0xe5, 0xad,
  0x97, 0xe8, 0x8a, 0x82, 0x00, 0xe6, 0x97, 0xa0, 0xe6, 0x95, 0x88, 0xe7,
  0x9a, 0x84, 0xe5, 0x86, 0x85, 0xe5, 0xad, 0x98, 0xe5, 0xa4, 0xa7, 0xe5,
  0xb0, 0x8f, 0x3a, 0x20, 0x25, 0x64, 0x00, 0x53, 0x45, 0x52, 0x56, 0x45,
  0x52, 0x2d, 0x4b, 0x2d, 0x54, 0x43, 0x50, 0x00, 0x53, 0x45, 0x52, 0x56,
  0x45, 0x52, 0x2d, 0x4b, 0x2d, 0x55, 0x4e, 0x49, 0x58, 0x00, 0xe6, 0x97,
  0xa0, 0xe6, 0x95, 0x88, 0xe7, 0x9a, 0x84, 0x54, 0x43, 0x50, 0xe7, 0xab,
  0xaf, 0xe5, 0x8f, 0xa3, 0x3a, 0x20, 0x25, 0x64, 0x00, 0xe5, 0x81, 0x9c,
  0xe6, 0xad, 0xa2, 0xe5, 0x85, 0xb1, 0xe4, 0xba, 0xab, 0xe5, 0x86, 0x85,
  0xe5, 0xad, 0x98, 0xe6, 0x9c, 0x8d, 0xe5, 0x8a, 0xa1, 0xe5, 0x99, 0xa8,
  0x00, 0xe5, 0x90, 0x91, 0x20, 0x25, 0x64, 0x20, 0xe4, 0xb8, 0xaa, 0xe5,
  0xae, 0xa2, 0xe6, 0x88, 0xb7, 0xe7, 0xab, 0xaf, 0xe5, 0x8f, 0x91, 0xe9,
  0x80, 0x81, 0xe6, 0x95, 0xb0, 0xe6, 0x8d, 0xae, 0xef, 0xbc, 0x8c, 0xe5,
  0xa4, 0xa7, 0xe5, 0xb0, 0x8f, 0x3a, 0x20, 0x25, 0x7a, 0x75, 0x20, 0xe5,
  0xad, 0x97, 0xe8, 0x8a, 0x82, 0x00, 0xe5, 0x88, 0x9b, 0xe5, 0xbb, 0xba,
  0xe5, 0x85, 0xb1, 0xe4, 0xba, 0xab, 0xe5, 0x86, 0x85, 0xe5, 0xad, 0x98,
  0xe6, 0x88, 0x90, 0xe5, 0x8a, 0x9f, 0x00, 0xe6, 0x9c, 0x8d, 0xe5, 0x8a,
  0xa1, 0xe5, 0x99, 0xa8, 0xe5, 0x81, 0x9c, 0xe6, 0xad, 0xa2, 0xe6, 0x88,
  0x90, 0xe5, 0x8a, 0x9f, 0x00, 0xe5, 0x88, 0x9b, 0xe5, 0xbb, 0xba, 0xe5,
  0xa5, 0x97, 0xe6, 0x8e, 0xa5, 0xe5, 0xad, 0x97, 0xe5, 0xa4, 0xb1, 0xe8,
  0xb4, 0xa5, 0x3a, 0x20, 0x25, 0x73, 0x00, 0xe5, 0x88, 0x9d, 0xe5, 0xa7,
  0x8b, 0xe5, 0x8c, 0x96, 0x54, 0x43, 0x50, 0xe6, 0x9c, 0x8d, 0xe5, 0x8a,
  0xa1, 0xe5, 0x99, 0xa8, 0x00, 0x54, 0x43, 0x50, 0xe6, 0x9c, 0x8d, 0xe5,
  0x8a, 0xa1, 0xe5, 0x99, 0xa8, 0xe5, 0x90, 0xaf, 0xe5, 0x8a, 0xa8, 0xe6,
  0x88, 0x90, 0xe5, 0x8a, 0x9f, 0xef, 0xbc, 0x8c, 0xe5, 0x9c, 0xb0, 0xe5,
  0x9d, 0x80, 0x3a, 0x20, 0x25, 0x73, 0x3a, 0x25, 0x64, 0x00, 0xe5, 0x85,
  0xb1, 0xe4, 0xba, 0xab, 0xe5, 0x86, 0x85, 0xe5, 0xad, 0x98, 0xe8, 0xbf,
  0x9e, 0xe6, 0x8e, 0xa5, 0xe6, 0x88, 0x90, 0xe5, 0x8a, 0x9f, 0x00, 0xe5,
  0x88, 0x9b, 0xe5, 0xbb, 0xba, 0xe5, 0x85, 0xb1, 0xe4, 0xba, 0xab, 0xe5,
  0x86, 0x85, 0xe5, 0xad, 0x98, 0xe5, 0xa4, 0xb1, 0xe8, 0xb4, 0xa5, 0xef,
  0xbc, 0x8c, 0xe9, 0x94, 0x99, 0xe8, 0xaf, 0xaf, 0xe4, 0xbb, 0xa3, 0xe7,
  0xa0, 0x81, 0x3a, 0x20, 0x25, 0x64, 0x00, 0xe7, 0xbb, 0x91, 0xe5, 0xae,
  0x9a, 0x41, 0x62, 0x73, 0x74, 0x72, 0x61, 0x63, 0x74, 0xe5, 0xa5, 0x97,
  0xe6, 0x8e, 0xa5, 0xe5, 0xad, 0x97, 0x20, 0x40, 0x25, 0x73, 0x20, 0xe5,
  0xa4, 0xb1, 0xe8, 0xb4, 0xa5, 0x3a, 0x20, 0x25, 0x73, 0x00, 0x4a, 0x4e,
  0x49, 0x3a, 0x20, 0xe6, 0x95, 0xb0, 0xe6, 0x8d, 0xae, 0xe6, 0x95, 0xb0,
  0xe7, 0xbb, 0x84, 0xe4, 0xb8, 0xba, 0xe7, 0xa9, 0xba, 0x00, 0xe9, 0x85,
  0x8d, 0xe7, 0xbd, 0xae, 0xe5, 0x8f, 0x82, 0xe6, 0x95, 0xb0, 0xe4, 0xb8,
  0xba, 0xe7, 0xa9, 0xba, 0x00, 0xe5, 0x85, 0xb1, 0xe4, 0xba, 0xab, 0xe5,
  0x86, 0x85, 0xe5, 0xad, 0x98, 0xe6, 0x9c, 0x8d, 0xe5, 0x8a, 0xa1, 0xe5,
  0x99, 0xa8, 0xe6, 0xb8, 0x85, 0xe7, 0x90, 0x86, 0xe5, 0xae, 0x8c, 0xe6,
  0x88, 0x90, 0x00, 0xe5, 0xb7, 0xb2, 0xe8, 0xbe, 0xbe, 0xe5, 0x88, 0xb0,
  0xe6, 0x9c, 0x80, 0xe5, 0xa4, 0xa7, 0xe5, 0xae, 0xa2, 0xe6, 0x88, 0xb7,
  0xe7, 0xab, 0xaf, 0xe6, 0x95, 0xb0, 0xe9, 0x87, 0x8f, 0xef, 0xbc, 0x8c,
  0xe6, 0x8b, 0x92, 0xe7, 0xbb, 0x9d, 0xe8, 0xbf, 0x9e, 0xe6, 0x8e, 0xa5,
  0x00, 0xe5, 0xbc, 0x80, 0xe5, 0xa7, 0x8b, 0xe7, 0x9b, 0x91, 0xe5, 0x90,
  0xac, 0xe8, 0xbf, 0x9e, 0xe6, 0x8e, 0xa5, 0xef, 0xbc, 0x8c, 0xe6, 0x9c,
  0x80, 0xe5, 0xa4, 0xa7, 0xe5, 0xae, 0xa2, 0xe6, 0x88, 0xb7, 0xe7, 0xab,
  0xaf, 0xe6, 0x95, 0xb0, 0x3a, 0x20, 0x25, 0x64, 0x00, 0xe6, 0x8e, 0xa5,
  0xe5, 0x8f, 0x97, 0xe5, 0xae, 0xa2, 0xe6, 0x88, 0xb7, 0xe7, 0xab, 0xaf,
  0xe8, 0xbf, 0x9e, 0xe6, 0x8e, 0xa5, 0xe5, 0xa4, 0xb1, 0xe8, 0xb4, 0xa5,
  0x3a, 0x20, 0x25, 0x73, 0x00, 0xe6, 0x97, 0xa0, 0xe6, 0x95, 0x88, 0xe7,
  0x9a, 0x84, 0x54, 0x43, 0x50, 0xe4, 0xb8, 0xbb, 0xe6, 0x9c, 0xba, 0xe5,
  0x9c, 0xb0, 0xe5, 0x9d, 0x80, 0x3a, 0x20, 0x25, 0x73, 0x00, 0xe6, 0xb8,
  0x85, 0xe7, 0x90, 0x86, 0x54, 0x43, 0x50, 0xe6, 0x9c, 0x8d, 0xe5, 0x8a,
  0xa1, 0xe5, 0x99, 0xa8, 0x00, 0xe5, 0x88, 0x9b, 0xe5, 0xbb, 0xba, 0xe5,
  0x85, 0xb1, 0xe4, 0xba, 0xab, 0xe5, 0x86, 0x85, 0xe5, 0xad, 0x98, 0xe6,
  0x96, 0x87, 0xe4, 0xbb, 0xb6, 0xef, 0xbc, 0x8c, 0xe5, 0xa4, 0xa7, 0xe5,
  0xb0, 0x8f, 0x3a, 0x20, 0x25, 0x7a, 0x75, 0x20, 0xe5, 0xad, 0x97, 0xe8,
  0x8a, 0x82, 0x00, 0xe6, 0x9c, 0x8d, 0xe5, 0x8a, 0xa1, 0xe5, 0x99, 0xa8,
  0xe7, 0xba, 0xbf, 0xe7, 0xa8, 0x8b, 0xe5, 0xb7, 0xb2, 0xe5, 0x90, 0xaf,
  0xe5, 0x8a, 0xa8, 0x00, 0x73, 0x65, 0x72, 0x76, 0x65, 0x72, 0x2d, 0x6b,
  0x00, 0xe5, 0x90, 0x91, 0xe5, 0x85, 0xb1, 0xe4, 0xba, 0xab, 0xe5, 0x86,
  0x85, 0xe5, 0xad, 0x98, 0xe5, 0x86, 0x99, 0xe5, 0x85, 0xa5, 0xe6, 0x95,
  0xb0, 0xe6, 0x8d, 0xae, 0xef, 0xbc, 0x8c, 0xe5, 0xa4, 0xa7, 0xe5, 0xb0,
  0x8f, 0x3a, 0x20, 0x25, 0x7a, 0x75, 0x20, 0xe5, 0xad, 0x97, 0xe8, 0x8a,
  0x82, 0x00, 0x55, 0x6e, 0x69, 0x78, 0xe5, 0xa5, 0x97, 0xe6, 0x8e, 0xa5,
  0xe5, 0xad, 0x97, 0xe6, 0x9c, 0x8d, 0xe5, 0x8a, 0xa1, 0xe5, 0x99, 0xa8,
  0xe6, 0xb8, 0x85, 0xe7, 0x90, 0x86, 0xe5, 0xae, 0x8c, 0xe6, 0x88, 0x90,
  0x00, 0x54, 0x43, 0x50, 0xe6, 0x9c, 0x8d, 0xe5, 0x8a, 0xa1, 0xe5, 0x99,
  0xa8, 0xe6, 0xb8, 0x85, 0xe7, 0x90, 0x86, 0xe5, 0xae, 0x8c, 0xe6, 0x88,
  0x90, 0x00, 0xe5, 0x85, 0xb1, 0xe4, 0xba, 0xab, 0xe5, 0x86, 0x85, 0xe5,
  0xad, 0x98, 0xe5, 0x88, 0x9b, 0xe5, 0xbb, 0xba, 0xe6, 0x88, 0x90, 0xe5,
  0x8a, 0x9f, 0x00, 0x4a, 0x4e, 0x49, 0x3a, 0x20, 0xe8, 0x8e, 0xb7, 0xe5,
  0x8f, 0x96, 0xe5, 0xad, 0x97, 0xe8, 0x8a, 0x82, 0xe6, 0x95, 0xb0, 0xe7,
  0xbb, 0x84, 0xe5, 0x85, 0x83, 0xe7, 0xb4, 0xa0, 0xe5, 0xa4, 0xb1, 0xe8,
  0xb4, 0xa5, 0x00, 0xe8, 0xae, 0xbe, 0xe7, 0xbd, 0xae, 0xe5, 0xa5, 0x97,
  0xe6, 0x8e, 0xa5, 0xe5, 0xad, 0x97, 0xe9, 0x9d, 0x9e, 0xe9, 0x98, 0xbb,
  0xe5, 0xa1, 0x9e, 0xe6, 0xa8, 0xa1, 0xe5, 0xbc, 0x8f, 0xe5, 0xa4, 0xb1,
  0xe8, 0xb4, 0xa5, 0x3a, 0x20, 0x25, 0x73, 0x00, 0xe7, 0xbb, 0x91, 0xe5,
  0xae, 0x9a, 0xe5, 0xa5, 0x97, 0xe6, 0x8e, 0xa5, 0xe5, 0xad, 0x97, 0xe5,
  0x88, 0xb0, 0x20, 0x25, 0x73, 0x3a, 0x25, 0x64, 0x20, 0xe5, 0xa4, 0xb1,
  0xe8, 0xb4, 0xa5, 0x3a, 0x20, 0x25, 0x73, 0x00, 0x2f, 0x64, 0x61, 0x74,
  0x61, 0x2f, 0x6c, 0x6f, 0x63, 0x61, 0x6c, 0x2f, 0x74, 0x6d, 0x70, 0x2f,
  0x73, 0x65, 0x72, 0x76, 0x65, 0x72, 0x2d, 0x6b, 0x2d, 0x61, 0x73, 0x6d,
  0x00, 0xe5, 0x88, 0x9b, 0xe5, 0xbb, 0xba, 0xe5, 0x85, 0xb1, 0xe4, 0xba,
  0xab, 0xe5, 0x86, 0x85, 0xe5, 0xad, 0x98, 0xe5, 0xa4, 0xb1, 0xe8, 0xb4,
  0xa5, 0x00, 0xe4, 0xbd, 0xbf, 0xe7, 0x94, 0xa8, 0xe5, 0x8f, 0x82, 0xe6,
  0x95, 0xb0, 0xe9, 0x85, 0x8d, 0xe7, 0xbd, 0xae, 0xe7, 0x9a, 0x84, 0xe6,
  0x9c, 0x8d, 0xe5, 0x8a, 0xa1, 0xe5, 0x99, 0xa8, 0xe5, 0x88, 0x9d, 0xe5,
  0xa7, 0x8b, 0xe5, 0x8c, 0x96, 0xe6, 0x88, 0x90, 0xe5, 0x8a, 0x9f, 0x00,
  0xe7, 0xad, 0x89, 0xe5, 0xbe, 0x85, 0xe6, 0x9c, 0x8d, 0xe5, 0x8a, 0xa1,
  0xe5, 0x99, 0xa8, 0xe5, 0x90, 0xaf, 0xe5, 0x8a, 0xa8, 0xef, 0xbc, 0x8c,
  0xe8, 0xb6, 0x85, 0xe6, 0x97, 0xb6, 0xe6, 0x97, 0xb6, 0xe9, 0x97, 0xb4,
  0x3a, 0x20, 0x25, 0x64, 0x20, 0xe7, 0xa7, 0x92, 0x00, 0x4a, 0x4e, 0x49,
  0x3a, 0x20, 0xe4, 0xbd, 0xbf, 0xe7, 0x94, 0xa8, 0xe5, 0x8f, 0x82, 0xe6,
  0x95, 0xb0, 0xe9, 0x85, 0x8d, 0xe7, 0xbd, 0xae, 0xe7, 0x9a, 0x84, 0xe6,
  0x9c, 0x8d, 0xe5, 0x8a, 0xa1, 0xe5, 0x99, 0xa8, 0xe5, 0x88, 0x9d, 0xe5,
  0xa7, 0x8b, 0xe5, 0x8c, 0x96, 0xe5, 0xa4, 0xb1, 0xe8, 0xb4, 0xa5, 0x00,
  0x4a, 0x4e, 0x49, 0x3a, 0x20, 0xe5, 0x81, 0x9c, 0xe6, 0xad, 0xa2, 0xe6,
  0x9c, 0x8d, 0xe5, 0x8a, 0xa1, 0xe5, 0x99, 0xa8, 0x00, 0xe5, 0xa5, 0x97,
  0xe6, 0x8e, 0xa5, 0xe5, 0xad, 0x97, 0xe5, 0x90, 0x8d, 0xe7, 0xa7, 0xb0,
  0xe4, 0xb8, 0xba, 0xe7, 0xa9, 0xba, 0x00, 0xe5, 0x81, 0x9c, 0xe6, 0xad,
  0xa2, 0x55, 0x6e, 0x69, 0x78, 0xe5, 0xa5, 0x97, 0xe6, 0x8e, 0xa5, 0xe5,
  0xad, 0x97, 0xe6, 0x9c, 0x8d, 0xe5, 0x8a, 0xa1, 0xe5, 0x99, 0xa8, 0x00,
  0xe6, 0x88, 0x90, 0xe5, 0x8a, 0x9f, 0xe5, 0x90, 0x91, 0x20, 0x25, 0x64,
  0x20, 0xe4, 0xb8, 0xaa, 0xe5, 0xae, 0xa2, 0xe6, 0x88, 0xb7, 0xe7, 0xab,
  0xaf, 0xe5, 0x8f, 0x91, 0xe9, 0x80, 0x81, 0xe6, 0x95, 0xb0, 0xe6, 0x8d,
  0xae, 0x00, 0xe5, 0x90, 0xaf, 0xe5, 0x8a, 0xa8, 0xe6, 0x9c, 0x8d, 0xe5,
  0x8a, 0xa1, 0xe5, 0x99, 0xa8, 0x00, 0xe6, 0x9c, 0x8d, 0xe5, 0x8a, 0xa1,
  0xe5, 0x99, 0xa8, 0xe6, 0x93, 0x8d, 0xe4, 0xbd, 0x9c, 0xe5, 0x87, 0xbd,
  0xe6, 0x95, 0xb0, 0xe4, 0xb8, 0x8d, 0xe5, 0x8f, 0xaf, 0xe7, 0x94, 0xa8,
  0x00, 0xe5, 0x85, 0xb1, 0xe4, 0xba, 0xab, 0xe5, 0x86, 0x85, 0xe5, 0xad,
  0x98, 0xe6, 0x9c, 0x8d, 0xe5, 0x8a, 0xa1, 0xe5, 0x99, 0xa8, 0xe5, 0x88,
  0x9d, 0xe5, 0xa7, 0x8b, 0xe5, 0x8c, 0x96, 0xe6, 0x88, 0x90, 0xe5, 0x8a,
  0x9f, 0xef, 0xbc, 0x8c, 0xe5, 0x86, 0x85, 0xe5, 0xad, 0x98, 0xe5, 0xa4,
  0xa7, 0xe5, 0xb0, 0x8f, 0x3a, 0x20, 0x25, 0x64, 0x20, 0xe5, 0xad, 0x97,
  0xe8, 0x8a, 0x82, 0x00, 0xe5, 0x88, 0x9b, 0xe5, 0xbb, 0xba, 0x55, 0x6e,
  0x69, 0x78, 0xe5, 0xa5, 0x97, 0xe6, 0x8e, 0xa5, 0xe5, 0xad, 0x97, 0x2e,
  0x2e, 0x2e, 0x00, 0x41, 0x62, 0x73, 0x74, 0x72, 0x61, 0x63, 0x74, 0x20,
  0x55, 0x6e, 0x69, 0x78, 0xe5, 0xa5, 0x97, 0xe6, 0x8e, 0xa5, 0xe5, 0xad,
  0x97, 0xe6, 0x9c, 0x8d, 0xe5, 0x8a, 0xa1, 0xe5, 0x99, 0xa8, 0xe5, 0x90,
  0xaf, 0xe5, 0x8a, 0xa8, 0xe6, 0x88, 0x90, 0xe5, 0x8a, 0x9f, 0xef, 0xbc,
  0x8c, 0xe5, 0x90, 0x8d, 0xe7, 0xa7, 0xb0, 0x3a, 0x20, 0x40, 0x25, 0x73,
  0x00, 0x4a, 0x4e, 0x49, 0x3a, 0x20, 0xe5, 0x90, 0xaf, 0xe5, 0x8a, 0xa8,
  0xe6, 0x9c, 0x8d, 0xe5, 0x8a, 0xa1, 0xe5, 0x99, 0xa8, 0x00, 0xe6, 0xb8,
  0x85, 0xe7, 0x90, 0x86, 0xe5, 0x85, 0xb1, 0xe4, 0xba, 0xab, 0xe5, 0x86,
  0x85, 0xe5, 0xad, 0x98, 0xe6, 0x97, 0xb6, 0xe5, 0x8f, 0x91, 0xe7, 0x94,
  0x9f, 0xe9, 0x94, 0x99, 0xe8, 0xaf, 0xaf, 0x00, 0xe5, 0x90, 0xaf, 0xe5,
  0x8a, 0xa8, 0x55, 0x6e, 0x69, 0x78, 0xe5, 0xa5, 0x97, 0xe6, 0x8e, 0xa5,
  0xe5, 0xad, 0x97, 0xe6, 0x9c, 0x8d, 0xe5, 0x8a, 0xa1, 0xe5, 0x99, 0xa8,
  0x00, 0x55, 0x6e, 0x69, 0x78, 0xe5, 0xa5, 0x97, 0xe6, 0x8e, 0xa5, 0xe5,
  0xad, 0x97, 0xe7, 0x9b, 0x91, 0xe5, 0x90, 0xac, 0xe6, 0x88, 0x90, 0xe5,
  0x8a, 0x9f, 0x00, 0x53, 0x45, 0x52, 0x56, 0x45, 0x52, 0x2d, 0x4b, 0x2d,
  0x41, 0x53, 0x4d, 0x00, 0x03, 0x00, 0x00, 0x00, 0x04, 0x00, 0x00, 0x00,
  0x05, 0x00, 0x00, 0x00, 0x06, 0x00, 0x00, 0x00, 0x01, 0x1b, 0x03, 0x3b,
  0x8c, 0x01, 0x00, 0x00, 0x30, 0x00, 0x00, 0x00, 0x70, 0x0a, 0x00, 0x00,
  0xa4, 0x01, 0x00, 0x00, 0x80, 0x0a, 0x00, 0x00, 0xb8, 0x01, 0x00, 0x00,
  0x88, 0x0a, 0x00, 0x00, 0xcc, 0x01, 0x00, 0x00, 0x90, 0x0a, 0x00, 0x00,
  0xe0, 0x01, 0x00, 0x00, 0xa4, 0x0a, 0x00, 0x00, 0xf4, 0x01, 0x00, 0x00,
  0xc0, 0x0a, 0x00, 0x00, 0x08, 0x02, 0x00, 0x00, 0xd0, 0x0a, 0x00, 0x00,
  0x20, 0x02, 0x00, 0x00, 0x20, 0x0b, 0x00, 0x00, 0x48, 0x02, 0x00, 0x00,
  0xc8, 0x0c, 0x00, 0x00, 0x78, 0x02, 0x00, 0x00, 0xe8, 0x0e, 0x00, 0x00,
  0xb4, 0x02, 0x00, 0x00, 0xb4, 0x10, 0x00, 0x00, 0xf0, 0x02, 0x00, 0x00,
  0x84, 0x11, 0x00, 0x00, 0x1c, 0x03, 0x00, 0x00, 0x50, 0x12, 0x00, 0x00,
  0x48, 0x03, 0x00, 0x00, 0xb8, 0x13, 0x00, 0x00, 0x8c, 0x03, 0x00, 0x00,
  0x40, 0x15, 0x00, 0x00, 0xd4, 0x03, 0x00, 0x00, 0xa8, 0x15, 0x00, 0x00,
  0x00, 0x04, 0x00, 0x00, 0x10, 0x16, 0x00, 0x00, 0x2c, 0x04, 0x00, 0x00,
  0x44, 0x17, 0x00, 0x00, 0x68, 0x04, 0x00, 0x00, 0xd8, 0x17, 0x00, 0x00,
  0x94, 0x04, 0x00, 0x00, 0x7c, 0x18, 0x00, 0x00, 0xc0, 0x04, 0x00, 0x00,
  0xf4, 0x18, 0x00, 0x00, 0xe8, 0x04, 0x00, 0x00, 0xcc, 0x19, 0x00, 0x00,
  0x18, 0x05, 0x00, 0x00, 0x34, 0x1a, 0x00, 0x00, 0x44, 0x05, 0x00, 0x00,
  0x40, 0x1a, 0x00, 0x00, 0x5c, 0x05, 0x00, 0x00, 0xfc, 0x1a, 0x00, 0x00,
  0x88, 0x05, 0x00, 0x00, 0xc4, 0x1d, 0x00, 0x00, 0xc0, 0x05, 0x00, 0x00,
  0xf4, 0x1e, 0x00, 0x00, 0x08, 0x06, 0x00, 0x00, 0x70, 0x1f, 0x00, 0x00,
  0x38, 0x06, 0x00, 0x00, 0x0c, 0x20, 0x00, 0x00, 0x6c, 0x06, 0x00, 0x00,
  0x68, 0x20, 0x00, 0x00, 0xa8, 0x06, 0x00, 0x00, 0x60, 0x22, 0x00, 0x00,
  0xdc, 0x06, 0x00, 0x00, 0x50, 0x24, 0x00, 0x00, 0x28, 0x07, 0x00, 0x00,
  0xa0, 0x24, 0x00, 0x00, 0x50, 0x07, 0x00, 0x00, 0xac, 0x24, 0x00, 0x00,
  0x68, 0x07, 0x00, 0x00, 0x9c, 0x25, 0x00, 0x00, 0x94, 0x07, 0x00, 0x00,
  0xf0, 0x27, 0x00, 0x00, 0xcc, 0x07, 0x00, 0x00, 0xd4, 0x28, 0x00, 0x00,
  0x08, 0x08, 0x00, 0x00, 0x50, 0x29, 0x00, 0x00, 0x38, 0x08, 0x00, 0x00,
  0xac, 0x29, 0x00, 0x00, 0x74, 0x08, 0x00, 0x00, 0xec, 0x2b, 0x00, 0x00,
  0xac, 0x08, 0x00, 0x00, 0xdc, 0x2d, 0x00, 0x00, 0xf8, 0x08, 0x00, 0x00,
  0x2c, 0x2e, 0x00, 0x00, 0x20, 0x09, 0x00, 0x00, 0x38, 0x2e, 0x00, 0x00,
  0x34, 0x09, 0x00, 0x00, 0xe8, 0x2f, 0x00, 0x00, 0x68, 0x09, 0x00, 0x00,
  0x80, 0x30, 0x00, 0x00, 0x94, 0x09, 0x00, 0x00, 0x80, 0x31, 0x00, 0x00,
  0xc0, 0x09, 0x00, 0x00, 0xb0, 0x32, 0x00, 0x00, 0xf8, 0x09, 0x00, 0x00,
  0x04, 0x34, 0x00, 0x00, 0x38, 0x0a, 0x00, 0x00, 0x00, 0x00, 0x00, 0x00,
  0x10, 0x00, 0x00, 0x00, 0x00, 0x00, 0x00, 0x00, 0x01, 0x7a, 0x52, 0x00,
  0x01, 0x7c, 0x1e, 0x01, 0x1b, 0x0c, 0x1f, 0x00, 0x10, 0x00, 0x00, 0x00,
  0x18, 0x00, 0x00, 0x00, 0xc4, 0x08, 0x00, 0x00, 0x10, 0x00, 0x00, 0x00,
  0x00, 0x00, 0x00, 0x00, 0x10, 0x00, 0x00, 0x00, 0x2c, 0x00, 0x00, 0x00,
  0xc0, 0x08, 0x00, 0x00, 0x08, 0x00, 0x00, 0x00, 0x00, 0x00, 0x00, 0x00,
  0x10, 0x00, 0x00, 0x00, 0x40, 0x00, 0x00, 0x00, 0xb4, 0x08, 0x00, 0x00,
  0x08, 0x00, 0x00, 0x00, 0x00, 0x00, 0x00, 0x00, 0x10, 0x00, 0x00, 0x00,
  0x54, 0x00, 0x00, 0x00, 0xa8, 0x08, 0x00, 0x00, 0x14, 0x00, 0x00, 0x00,
  0x00, 0x00, 0x00, 0x00, 0x10, 0x00, 0x00, 0x00, 0x68, 0x00, 0x00, 0x00,
  0xa8, 0x08, 0x00, 0x00, 0x1c, 0x00, 0x00, 0x00, 0x00, 0x00, 0x00, 0x00,
  0x14, 0x00, 0x00, 0x00, 0x7c, 0x00, 0x00, 0x00, 0xb0, 0x08, 0x00, 0x00,
  0x10, 0x00, 0x00, 0x00, 0x00, 0x00, 0x00, 0x00, 0x00, 0x00, 0x00, 0x00,
  0x24, 0x00, 0x00, 0x00, 0x94, 0x00, 0x00, 0x00, 0xa8, 0x08, 0x00, 0x00,
  0x50, 0x00, 0x00, 0x00, 0x00, 0x68, 0x0e, 0x10, 0x44, 0x0c, 0x1d, 0x10,
  0x9e, 0x02, 0x9d, 0x04, 0x5c, 0x0c, 0x1f, 0x10, 0x44, 0x0e, 0x00, 0xde,
  0xdd, 0x00, 0x00, 0x00, 0x2c, 0x00, 0x00, 0x00, 0xbc, 0x00, 0x00, 0x00,
  0xd0, 0x08, 0x00, 0x00, 0xa8, 0x01, 0x00, 0x00, 0x00, 0x44, 0x0e, 0x20,
  0x48, 0x0c, 0x1d, 0x20, 0x93, 0x02, 0x94, 0x04, 0x9e, 0x06, 0x9d, 0x08,
  0x0a, 0x02, 0xd0, 0x0c, 0x1f, 0x20, 0x48, 0x0e, 0x00, 0xd3, 0xd4, 0xde,
  0xdd, 0x44, 0x0b, 0x00, 0x38, 0x00, 0x00, 0x00, 0xec, 0x00, 0x00, 0x00,
  0x48, 0x0a, 0x00, 0x00, 0x20, 0x02, 0x00, 0x00, 0x00, 0x44, 0x0e, 0x50,
  0x54, 0x0c, 0x1d, 0x50, 0x93, 0x02, 0x94, 0x04, 0x95, 0x06, 0x96, 0x08,
  0x97, 0x0a, 0x98, 0x0c, 0x99, 0x10, 0x9e, 0x12, 0x9d, 0x14, 0x03, 0xf0,
  0x01, 0x0c, 0x1f, 0x50, 0x54, 0x0e, 0x00, 0xd3, 0xd4, 0xd5, 0xd6, 0xd7,
  0xd8, 0xd9, 0xde, 0xdd, 0x38, 0x00, 0x00, 0x00, 0x28, 0x01, 0x00, 0x00,
  0x2c, 0x0c, 0x00, 0x00, 0xcc, 0x01, 0x00, 0x00, 0x00, 0x44, 0x0e, 0x40,
  0x50, 0x0c, 0x1d, 0x40, 0x93, 0x02, 0x94, 0x04, 0x95, 0x06, 0x96, 0x08,
  0x97, 0x0a, 0x98, 0x0c, 0x9e, 0x0e, 0x9d, 0x10, 0x0a, 0x02, 0xa4, 0x0c,
  0x1f, 0x40, 0x50, 0x0e, 0x00, 0xd3, 0xd4, 0xd5, 0xd6, 0xd7, 0xd8, 0xde,
  0xdd, 0x44, 0x0b, 0x00, 0x28, 0x00, 0x00, 0x00, 0x64, 0x01, 0x00, 0x00,
  0xbc, 0x0d, 0x00, 0x00, 0xd0, 0x00, 0x00, 0x00, 0x00, 0x44, 0x0e, 0x20,
  0x48, 0x0c, 0x1d, 0x20, 0x93, 0x02, 0x94, 0x04, 0x9e, 0x06, 0x9d, 0x08,
  0x02, 0xb8, 0x0c, 0x1f, 0x20, 0x48, 0x0e, 0x00, 0xd3, 0xd4, 0xde, 0xdd,
  0x28, 0x00, 0x00, 0x00, 0x90, 0x01, 0x00, 0x00, 0x60, 0x0e, 0x00, 0x00,
  0xcc, 0x00, 0x00, 0x00, 0x00, 0x44, 0x0e, 0x20, 0x48, 0x0c, 0x1d, 0x20,
  0x93, 0x04, 0x9e, 0x06, 0x9d, 0x08, 0x02, 0xb4, 0x0c, 0x1f, 0x20, 0x48,
  0x0e, 0x00, 0xd3, 0xde, 0xdd, 0x00, 0x00, 0x00, 0x40, 0x00, 0x00, 0x00,
  0xbc, 0x01, 0x00, 0x00, 0x00, 0x0f, 0x00, 0x00, 0x68, 0x01, 0x00, 0x00,
  0x00, 0x44, 0x0e, 0x30, 0x4c, 0x0c, 0x1d, 0x30, 0x93, 0x02, 0x94, 0x04,
  0x95, 0x06, 0x96, 0x08, 0x9e, 0x0a, 0x9d, 0x0c, 0x0a, 0x03, 0x04, 0x01,
  0x0c, 0x1f, 0x30, 0x4c, 0x0e, 0x00, 0xd3, 0xd4, 0xd5, 0xd6, 0xde, 0xdd,
  0x44, 0x0b, 0x74, 0x0c, 0x1f, 0x30, 0x4c, 0x0e, 0x00, 0xd3, 0xd4, 0xd5,
  0xd6, 0xde, 0xdd, 0x00, 0x44, 0x00, 0x00, 0x00, 0x00, 0x02, 0x00, 0x00,
  0x24, 0x10, 0x00, 0x00, 0x88, 0x01, 0x00, 0x00, 0x00, 0x44, 0x0e, 0x60,
  0x58, 0x0c, 0x1d, 0x60, 0x93, 0x02, 0x94, 0x04, 0x95, 0x06, 0x96, 0x08,
  0x97, 0x0a, 0x98, 0x0c, 0x99, 0x0e, 0x9a, 0x10, 0x9b, 0x12, 0x9c, 0x14,
  0x9e, 0x16, 0x9d, 0x18, 0x03, 0x50, 0x01, 0x0c, 0x1f, 0x60, 0x58, 0x0e,
  0x00, 0xd3, 0xd4, 0xd5, 0xd6, 0xd7, 0xd8, 0xd9, 0xda, 0xdb, 0xdc, 0xde,
  0xdd, 0x00, 0x00, 0x00, 0x28, 0x00, 0x00, 0x00, 0x48, 0x02, 0x00, 0x00,
  0x64, 0x11, 0x00, 0x00, 0x68, 0x00, 0x00, 0x00, 0x00, 0x44, 0x0e, 0x20,
  0x48, 0x0c, 0x1d, 0x20, 0x93, 0x04, 0x9e, 0x06, 0x9d, 0x08, 0x02, 0x50,
  0x0c, 0x1f, 0x20, 0x48, 0x0e, 0x00, 0xd3, 0xde, 0xdd, 0x00, 0x00, 0x00,
  0x28, 0x00, 0x00, 0x00, 0x74, 0x02, 0x00, 0x00, 0xa0, 0x11, 0x00, 0x00,
  0x68, 0x00, 0x00, 0x00, 0x00, 0x44, 0x0e, 0x20, 0x48, 0x0c, 0x1d, 0x20,
  0x93, 0x04, 0x9e, 0x06, 0x9d, 0x08, 0x02, 0x50, 0x0c, 0x1f, 0x20, 0x48,
  0x0e, 0x00, 0xd3, 0xde, 0xdd, 0x00, 0x00, 0x00, 0x38, 0x00, 0x00, 0x00,
  0xa0, 0x02, 0x00, 0x00, 0xdc, 0x11, 0x00, 0x00, 0x34, 0x01, 0x00, 0x00,
  0x00, 0x44, 0x0e, 0x30, 0x4c, 0x0c, 0x1d, 0x30, 0x93, 0x02, 0x94, 0x04,
  0x95, 0x06, 0x96, 0x08, 0x9e, 0x0a, 0x9d, 0x0c, 0x0a, 0x02, 0xfc, 0x0c,
  0x1f, 0x30, 0x4c, 0x0e, 0x00, 0xd3, 0xd4, 0xd5, 0xd6, 0xde, 0xdd, 0x44,
  0x0b, 0x00, 0x00, 0x00, 0x00, 0x00, 0x00, 0x00, 0x28, 0x00, 0x00, 0x00,
  0xdc, 0x02, 0x00, 0x00, 0xd4, 0x12, 0x00, 0x00, 0x94, 0x00, 0x00, 0x00,
  0x00, 0x44, 0x0e, 0x20, 0x48, 0x0c, 0x1d, 0x20, 0x93, 0x04, 0x9e, 0x06,
  0x9d, 0x08, 0x02, 0x7c, 0x0c, 0x1f, 0x20, 0x48, 0x0e, 0x00, 0xd3, 0xde,
  0xdd, 0x00, 0x00, 0x00, 0x28, 0x00, 0x00, 0x00, 0x08, 0x03, 0x00, 0x00,
  0x3c, 0x13, 0x00, 0x00, 0xa4, 0x00, 0x00, 0x00, 0x00, 0x44, 0x0e, 0x20,
  0x48, 0x0c, 0x1d, 0x20, 0x93, 0x04, 0x9e, 0x06, 0x9d, 0x08, 0x02, 0x8c,
  0x0c, 0x1f, 0x20, 0x48, 0x0e, 0x00, 0xd3, 0xde, 0xdd, 0x00, 0x00, 0x00,
  0x24, 0x00, 0x00, 0x00, 0x34, 0x03, 0x00, 0x00, 0xb4, 0x13, 0x00, 0x00,
  0x78, 0x00, 0x00, 0x00, 0x00, 0x44, 0x0e, 0x10, 0x44, 0x0c, 0x1d, 0x10,
  0x9e, 0x02, 0x9d, 0x04, 0x02, 0x68, 0x0c, 0x1f, 0x10, 0x44, 0x0e, 0x00,
  0xde, 0xdd, 0x00, 0x00, 0x2c, 0x00, 0x00, 0x00, 0x5c, 0x03, 0x00, 0x00,
  0x04, 0x14, 0x00, 0x00, 0xd8, 0x00, 0x00, 0x00, 0x00, 0x44, 0x0e, 0x20,
  0x48, 0x0c, 0x1d, 0x20, 0x93, 0x02, 0x94, 0x04, 0x9e, 0x06, 0x9d, 0x08,
  0x0a, 0x02, 0xac, 0x0c, 0x1f, 0x20, 0x48, 0x0e, 0x00, 0xd3, 0xd4, 0xde,
  0xdd, 0x44, 0x0b, 0x00, 0x28, 0x00, 0x00, 0x00, 0x8c, 0x03, 0x00, 0x00,
  0xac, 0x14, 0x00, 0x00, 0x68, 0x00, 0x00, 0x00, 0x00, 0x44, 0x0e, 0x20,
  0x48, 0x0c, 0x1d, 0x20, 0x93, 0x02, 0x94, 0x04, 0x9e, 0x06, 0x9d, 0x08,
  0x02, 0x50, 0x0c, 0x1f, 0x20, 0x48, 0x0e, 0x00, 0xd3, 0xd4, 0xde, 0xdd,
  0x14, 0x00, 0x00, 0x00, 0xb8, 0x03, 0x00, 0x00, 0xe8, 0x14, 0x00, 0x00,
  0x0c, 0x00, 0x00, 0x00, 0x00, 0x00, 0x00, 0x00, 0x00, 0x00, 0x00, 0x00,
  0x28, 0x00, 0x00, 0x00, 0xd0, 0x03, 0x00, 0x00, 0xdc, 0x14, 0x00, 0x00,
  0xbc, 0x00, 0x00, 0x00, 0x00, 0x44, 0x0e, 0x20, 0x48, 0x0c, 0x1d, 0x20,
  0x93, 0x04, 0x9e, 0x06, 0x9d, 0x08, 0x02, 0xa4, 0x0c, 0x1f, 0x20, 0x48,
  0x0e, 0x00, 0xd3, 0xde, 0xdd, 0x00, 0x00, 0x00, 0x34, 0x00, 0x00, 0x00,
  0xfc, 0x03, 0x00, 0x00, 0x6c, 0x15, 0x00, 0x00, 0xc8, 0x02, 0x00, 0x00,
  0x00, 0x44, 0x0e, 0xb0, 0x01, 0x50, 0x0c, 0x1d, 0x30, 0x93, 0x02, 0x94,
  0x04, 0x95, 0x06, 0x96, 0x08, 0x9e, 0x0a, 0x9d, 0x0c, 0x0a, 0x03, 0x9c,
  0x02, 0x0c, 0x1f, 0xb0, 0x01, 0x50, 0x0e, 0x00, 0xd3, 0xd4, 0xd5, 0xd6,
  0xde, 0xdd, 0x44, 0x0b, 0x44, 0x00, 0x00, 0x00, 0x34, 0x04, 0x00, 0x00,
  0xfc, 0x17, 0x00, 0x00, 0x30, 0x01, 0x00, 0x00, 0x00, 0x44, 0x0e, 0xf0,
  0x02, 0x5c, 0x0c, 0x1d, 0x60, 0x93, 0x02, 0x94, 0x04, 0x95, 0x06, 0x96,
  0x08, 0x97, 0x0a, 0x98, 0x0c, 0x99, 0x0e, 0x9a, 0x10, 0x9c, 0x14, 0x9e,
  0x16, 0x9d, 0x18, 0x0a, 0x02, 0xec, 0x0c, 0x1f, 0xf0, 0x02, 0x5c, 0x0e,
  0x00, 0xd3, 0xd4, 0xd5, 0xd6, 0xd7, 0xd8, 0xd9, 0xda, 0xdc, 0xde, 0xdd,
  0x44, 0x0b, 0x00, 0x00, 0x2c, 0x00, 0x00, 0x00, 0x7c, 0x04, 0x00, 0x00,
  0xe4, 0x18, 0x00, 0x00, 0x7c, 0x00, 0x00, 0x00, 0x00, 0x4c, 0x0e, 0x30,
  0x4c, 0x0c, 0x1d, 0x30, 0x93, 0x02, 0x94, 0x04, 0x95, 0x08, 0x9e, 0x0a,
  0x9d, 0x0c, 0x02, 0x54, 0x0c, 0x1f, 0x30, 0x4c, 0x0e, 0x00, 0xd3, 0xd4,
  0xd5, 0xde, 0xdd, 0x00, 0x30, 0x00, 0x00, 0x00, 0xac, 0x04, 0x00, 0x00,
  0x30, 0x19, 0x00, 0x00, 0x9c, 0x00, 0x00, 0x00, 0x00, 0x44, 0x0e, 0x90,
  0x02, 0x4c, 0x0c, 0x1d, 0x20, 0x93, 0x02, 0x9c, 0x04, 0x9e, 0x06, 0x9d,
  0x08, 0x0a, 0x02, 0x78, 0x0c, 0x1f, 0x90, 0x02, 0x4c, 0x0e, 0x00, 0xd3,
  0xdc, 0xde, 0xdd, 0x44, 0x0b, 0x00, 0x00, 0x00, 0x38, 0x00, 0x00, 0x00,
  0xe0, 0x04, 0x00, 0x00, 0x98, 0x19, 0x00, 0x00, 0x5c, 0x00, 0x00, 0x00,
  0x00, 0x44, 0x0e, 0x20, 0x48, 0x0c, 0x1d, 0x20, 0x93, 0x02, 0x94, 0x04,
  0x9e, 0x06, 0x9d, 0x08, 0x0a, 0x5c, 0x0c, 0x1f, 0x20, 0x48, 0x0e, 0x00,
  0xd3, 0xd4, 0xde, 0xdd, 0x44, 0x0b, 0x5c, 0x0c, 0x1f, 0x20, 0x48, 0x0e,
  0x00, 0xd3, 0xd4, 0xde, 0xdd, 0x00, 0x00, 0x00, 0x30, 0x00, 0x00, 0x00,
  0x1c, 0x05, 0x00, 0x00, 0xb8, 0x19, 0x00, 0x00, 0xf8, 0x01, 0x00, 0x00,
  0x00, 0x44, 0x0e, 0xc0, 0x01, 0x4c, 0x0c, 0x1d, 0x20, 0x93, 0x02, 0x94,
  0x04, 0x9e, 0x06, 0x9d, 0x08, 0x0a, 0x03, 0xd4, 0x01, 0x0c, 0x1f, 0xc0,
  0x01, 0x4c, 0x0e, 0x00, 0xd3, 0xd4, 0xde, 0xdd, 0x44, 0x0b, 0x00, 0x00,
  0x48, 0x00, 0x00, 0x00, 0x50, 0x05, 0x00, 0x00, 0x7c, 0x1b, 0x00, 0x00,
  0xf0, 0x01, 0x00, 0x00, 0x00, 0x44, 0x0e, 0x80, 0x01, 0x5c, 0x0c, 0x1d,
  0x60, 0x93, 0x02, 0x94, 0x04, 0x95, 0x06, 0x96, 0x08, 0x97, 0x0a, 0x98,
  0x0c, 0x99, 0x0e, 0x9a, 0x10, 0x9b, 0x12, 0x9c, 0x14, 0x9e, 0x16, 0x9d,
  0x18, 0x0a, 0x03, 0xac, 0x01, 0x0c, 0x1f, 0x80, 0x01, 0x5c, 0x0e, 0x00,
  0xd3, 0xd4, 0xd5, 0xd6, 0xd7, 0xd8, 0xd9, 0xda, 0xdb, 0xdc, 0xde, 0xdd,
  0x44, 0x0b, 0x00, 0x00, 0x24, 0x00, 0x00, 0x00, 0x9c, 0x05, 0x00, 0x00,
  0x20, 0x1d, 0x00, 0x00, 0x50, 0x00, 0x00, 0x00, 0x00, 0x44, 0x0e, 0x20,
  0x48, 0x0c, 0x1d, 0x20, 0x93, 0x04, 0x9e, 0x06, 0x9d, 0x08, 0x78, 0x0c,
  0x1f, 0x20, 0x48, 0x0e, 0x00, 0xd3, 0xde, 0xdd, 0x14, 0x00, 0x00, 0x00,
  0xc4, 0x05, 0x00, 0x00, 0x48, 0x1d, 0x00, 0x00, 0x0c, 0x00, 0x00, 0x00,
  0x00, 0x00, 0x00, 0x00, 0x00, 0x00, 0x00, 0x00, 0x28, 0x00, 0x00, 0x00,
  0xdc, 0x05, 0x00, 0x00, 0x3c, 0x1d, 0x00, 0x00, 0xf0, 0x00, 0x00, 0x00,
  0x00, 0x44, 0x0e, 0x20, 0x48, 0x0c, 0x1d, 0x20, 0x93, 0x04, 0x9e, 0x06,
  0x9d, 0x08, 0x0a, 0x02, 0x88, 0x0c, 0x1f, 0x20, 0x48, 0x0e, 0x00, 0xd3,
  0xde, 0xdd, 0x44, 0x0b, 0x34, 0x00, 0x00, 0x00, 0x08, 0x06, 0x00, 0x00,
  0x00, 0x1e, 0x00, 0x00, 0x54, 0x02, 0x00, 0x00, 0x00, 0x44, 0x0e, 0x50,
  0x50, 0x0c, 0x1d, 0x30, 0x93, 0x02, 0x94, 0x04, 0x95, 0x06, 0x96, 0x08,
  0x9e, 0x0a, 0x9d, 0x0c, 0x0a, 0x03, 0x28, 0x02, 0x0c, 0x1f, 0x50, 0x50,
  0x0e, 0x00, 0xd3, 0xd4, 0xd5, 0xd6, 0xde, 0xdd, 0x44, 0x0b, 0x00, 0x00,
  0x38, 0x00, 0x00, 0x00, 0x40, 0x06, 0x00, 0x00, 0x1c, 0x20, 0x00, 0x00,
  0xe4, 0x00, 0x00, 0x00, 0x00, 0x44, 0x0e, 0x50, 0x54, 0x0c, 0x1d, 0x50,
  0x93, 0x02, 0x94, 0x04, 0x95, 0x06, 0x96, 0x08, 0x97, 0x0a, 0x98, 0x0c,
  0x99, 0x10, 0x9e, 0x12, 0x9d, 0x14, 0x02, 0xb4, 0x0c, 0x1f, 0x50, 0x54,
  0x0e, 0x00, 0xd3, 0xd4, 0xd5, 0xd6, 0xd7, 0xd8, 0xd9, 0xde, 0xdd, 0x00,
  0x2c, 0x00, 0x00, 0x00, 0x7c, 0x06, 0x00, 0x00, 0xc4, 0x20, 0x00, 0x00,
  0x7c, 0x00, 0x00, 0x00, 0x00, 0x4c, 0x0e, 0x30, 0x4c, 0x0c, 0x1d, 0x30,
  0x93, 0x02, 0x94, 0x04, 0x95, 0x08, 0x9e, 0x0a, 0x9d, 0x0c, 0x02, 0x54,
  0x0c, 0x1f, 0x30, 0x4c, 0x0e, 0x00, 0xd3, 0xd4, 0xd5, 0xde, 0xdd, 0x00,
  0x38, 0x00, 0x00, 0x00, 0xac, 0x06, 0x00, 0x00, 0x10, 0x21, 0x00, 0x00,
  0x5c, 0x00, 0x00, 0x00, 0x00, 0x44, 0x0e, 0x20, 0x48, 0x0c, 0x1d, 0x20,
  0x93, 0x02, 0x94, 0x04, 0x9e, 0x06, 0x9d, 0x08, 0x0a, 0x5c, 0x0c, 0x1f,
  0x20, 0x48, 0x0e, 0x00, 0xd3, 0xd4, 0xde, 0xdd, 0x44, 0x0b, 0x5c, 0x0c,
  0x1f, 0x20, 0x48, 0x0e, 0x00, 0xd3, 0xd4, 0xde, 0xdd, 0x00, 0x00, 0x00,
  0x34, 0x00, 0x00, 0x00, 0xe8, 0x06, 0x00, 0x00, 0x30, 0x21, 0x00, 0x00,
  0x40, 0x02, 0x00, 0x00, 0x00, 0x44, 0x0e, 0x80, 0x02, 0x50, 0x0c, 0x1d,
  0x30, 0x93, 0x02, 0x94, 0x04, 0x95, 0x08, 0x9e, 0x0a, 0x9d, 0x0c, 0x0a,
  0x03, 0x14, 0x02, 0x0c, 0x1f, 0x80, 0x02, 0x50, 0x0e, 0x00, 0xd3, 0xd4,
  0xd5, 0xde, 0xdd, 0x44, 0x0b, 0x00, 0x00, 0x00, 0x48, 0x00, 0x00, 0x00,
  0x20, 0x07, 0x00, 0x00, 0x38, 0x23, 0x00, 0x00, 0xf0, 0x01, 0x00, 0x00,
  0x00, 0x44, 0x0e, 0x80, 0x01, 0x5c, 0x0c, 0x1d, 0x60, 0x93, 0x02, 0x94,
  0x04, 0x95, 0x06, 0x96, 0x08, 0x97, 0x0a, 0x98, 0x0c, 0x99, 0x0e, 0x9a,
  0x10, 0x9b, 0x12, 0x9c, 0x14, 0x9e, 0x16, 0x9d, 0x18, 0x0a, 0x03, 0xac,
  0x01, 0x0c, 0x1f, 0x80, 0x01, 0x5c, 0x0e, 0x00, 0xd3, 0xd4, 0xd5, 0xd6,
  0xd7, 0xd8, 0xd9, 0xda, 0xdb, 0xdc, 0xde, 0xdd, 0x44, 0x0b, 0x00, 0x00,
  0x24, 0x00, 0x00, 0x00, 0x6c, 0x07, 0x00, 0x00, 0xdc, 0x24, 0x00, 0x00,
  0x50, 0x00, 0x00, 0x00, 0x00, 0x44, 0x0e, 0x20, 0x48, 0x0c, 0x1d, 0x20,
  0x93, 0x04, 0x9e, 0x06, 0x9d, 0x08, 0x78, 0x0c, 0x1f, 0x20, 0x48, 0x0e,
  0x00, 0xd3, 0xde, 0xdd, 0x10, 0x00, 0x00, 0x00, 0x94, 0x07, 0x00, 0x00,
  0x04, 0x25, 0x00, 0x00, 0x0c, 0x00, 0x00, 0x00, 0x00, 0x00, 0x00, 0x00,
  0x30, 0x00, 0x00, 0x00, 0xa8, 0x07, 0x00, 0x00, 0xfc, 0x24, 0x00, 0x00,
  0xb0, 0x01, 0x00, 0x00, 0x00, 0x44, 0x0e, 0x30, 0x4c, 0x0c, 0x1d, 0x30,
  0x93, 0x02, 0x94, 0x04, 0x95, 0x06, 0x96, 0x08, 0x9e, 0x0a, 0x9d, 0x0c,
  0x03, 0x90, 0x01, 0x0c, 0x1f, 0x30, 0x4c, 0x0e, 0x00, 0xd3, 0xd4, 0xd5,
  0xd6, 0xde, 0xdd, 0x00, 0x28, 0x00, 0x00, 0x00, 0xdc, 0x07, 0x00, 0x00,
  0x78, 0x26, 0x00, 0x00, 0x98, 0x00, 0x00, 0x00, 0x00, 0x7c, 0x0e, 0x20,
  0x48, 0x0c, 0x1d, 0x20, 0x93, 0x02, 0x94, 0x04, 0x9e, 0x06, 0x9d, 0x08,
  0x02, 0x48, 0x0c, 0x1f, 0x20, 0x48, 0x0e, 0x00, 0xd3, 0xd4, 0xde, 0xdd,
  0x28, 0x00, 0x00, 0x00, 0x08, 0x08, 0x00, 0x00, 0xe4, 0x26, 0x00, 0x00,
  0x00, 0x01, 0x00, 0x00, 0x00, 0x44, 0x0e, 0x20, 0x48, 0x0c, 0x1d, 0x20,
  0x93, 0x02, 0x94, 0x04, 0x9e, 0x06, 0x9d, 0x08, 0x02, 0xe8, 0x0c, 0x1f,
  0x20, 0x48, 0x0e, 0x00, 0xd3, 0xd4, 0xde, 0xdd, 0x34, 0x00, 0x00, 0x00,
  0x34, 0x08, 0x00, 0x00, 0xb8, 0x27, 0x00, 0x00, 0x30, 0x01, 0x00, 0x00,
  0x00, 0x44, 0x0e, 0x50, 0x50, 0x0c, 0x1d, 0x30, 0x93, 0x02, 0x94, 0x04,
  0x95, 0x06, 0x96, 0x08, 0x9e, 0x0a, 0x9d, 0x0c, 0x0a, 0x03, 0x04, 0x01,
  0x0c, 0x1f, 0x50, 0x50, 0x0e, 0x00, 0xd3, 0xd4, 0xd5, 0xd6, 0xde, 0xdd,
  0x44, 0x0b, 0x00, 0x00, 0x3c, 0x00, 0x00, 0x00, 0x6c, 0x08, 0x00, 0x00,
  0xb0, 0x28, 0x00, 0x00, 0x54, 0x01, 0x00, 0x00, 0x00, 0x44, 0x0e, 0x50,
  0x54, 0x0c, 0x1d, 0x50, 0x93, 0x02, 0x94, 0x04, 0x95, 0x06, 0x96, 0x08,
  0x97, 0x0a, 0x98, 0x0c, 0x99, 0x10, 0x9e, 0x12, 0x9d, 0x14, 0x0a, 0x02,
  0xec, 0x0c, 0x1f, 0x50, 0x54, 0x0e, 0x00, 0xd3, 0xd4, 0xd5, 0xd6, 0xd7,
  0xd8, 0xd9, 0xde, 0xdd, 0x44, 0x0b, 0x00, 0x00, 0x30, 0x00, 0x00, 0x00,
  0xac, 0x08, 0x00, 0x00, 0xc4, 0x29, 0x00, 0x00, 0xb0, 0x00, 0x00, 0x00,
  0x00, 0x44, 0x0e, 0xa0, 0x02, 0x4c, 0x0c, 0x1d, 0x20, 0x93, 0x02, 0x9c,
  0x04, 0x9e, 0x06, 0x9d, 0x08, 0x0a, 0x02, 0x8c, 0x0c, 0x1f, 0xa0, 0x02,
  0x4c, 0x0e, 0x00, 0xd3, 0xdc, 0xde, 0xdd, 0x44, 0x0b, 0x00, 0x00, 0x00,
  0x00, 0x00, 0x00, 0x00, 0x5f, 0x24, 0x03, 0xd5, 0x1f, 0x20, 0x03, 0xd5,
  0x40, 0x70, 0x03, 0x10, 0x99, 0x0a, 0x00, 0x14, 0x5f, 0x24, 0x03, 0xd5,
  0xc0, 0x03, 0x5f, 0xd6, 0x5f, 0x24, 0x03, 0xd5, 0xfd, 0xff, 0xff, 0x17,
  0x5f, 0x24, 0x03, 0xd5, 0x60, 0x00, 0x00, 0xb4, 0xf0, 0x03, 0x00, 0xaa,
  0x00, 0x02, 0x1f, 0xd6, 0xc0, 0x03, 0x5f, 0xd6, 0x5f, 0x24, 0x03, 0xd5,
  0xe1, 0x03, 0x00, 0xaa, 0x1f, 0x20, 0x03, 0xd5, 0x00, 0xff, 0xff, 0x10,
  0x1f, 0x20, 0x03, 0xd5, 0x42, 0x6e, 0x03, 0x10, 0x8d, 0x0a, 0x00, 0x14,
  0x5f, 0x24, 0x03, 0xd5, 0x1f, 0x20, 0x03, 0xd5, 0xc3, 0x6d, 0x03, 0x10,
  0x8d, 0x0a, 0x00, 0x14, 0x1f, 0x08, 0x00, 0x71, 0xe0, 0x00, 0x00, 0x54,
  0xe3, 0x03, 0x00, 0x2a, 0x1f, 0x04, 0x00, 0x71, 0x60, 0x00, 0x00, 0x54,
  0x83, 0x00, 0x00, 0x35, 0x8a, 0x0a, 0x00, 0x14, 0x8d, 0x0a, 0x00, 0x14,
  0x90, 0x0a, 0x00, 0x14, 0xfd, 0x7b, 0xbf, 0xa9, 0xfd, 0x03, 0x00, 0x91,
  0x1f, 0x20, 0x03, 0xd5, 0x61, 0x49, 0xff, 0x10, 0xe2, 0xff, 0xff, 0xd0,
  0x42, 0x24, 0x3d, 0x91, 0x60, 0x00, 0x80, 0x52, 0x8c, 0x0a, 0x00, 0x94,
  0xe0, 0x03, 0x1f, 0xaa, 0xfd, 0x7b, 0xc1, 0xa8, 0xc0, 0x03, 0x5f, 0xd6,
  0xfd, 0x7b, 0xbe, 0xa9, 0xf4, 0x4f, 0x01, 0xa9, 0xfd, 0x03, 0x00, 0x91,
  0x1f, 0x20, 0x03, 0xd5, 0xe1, 0x47, 0xff, 0x10, 0xe2, 0xff, 0xff, 0xf0,
  0x42, 0x6c, 0x1c, 0x91, 0x20, 0x00, 0x80, 0x52, 0x80, 0x0a, 0x00, 0x94,
  0x34, 0x00, 0x00, 0xf0, 0x94, 0xb6, 0x42, 0xf9, 0x83, 0x02, 0x40, 0xb9,
  0x7f, 0x08, 0x00, 0x71, 0x80, 0x01, 0x00, 0x54, 0x7f, 0x04, 0x00, 0x71,
  0xc0, 0x00, 0x00, 0x54, 0x83, 0x02, 0x00, 0x35, 0x6b, 0x0a, 0x00, 0x94,
  0xf3, 0x03, 0x00, 0xaa, 0x20, 0x01, 0x00, 0xb5, 0x16, 0x00, 0x00, 0x14,
  0x6b, 0x0a, 0x00, 0x94, 0xf3, 0x03, 0x00, 0xaa, 0xa0, 0x00, 0x00, 0xb5,
  0x12, 0x00, 0x00, 0x14, 0x6b, 0x0a, 0x00, 0x94, 0xf3, 0x03, 0x00, 0xaa,
  0xe0, 0x01, 0x00, 0xb4, 0x68, 0x06, 0x40, 0xf9, 0x00, 0x01, 0x3f, 0xd6,
  0x80, 0x03, 0x00, 0x34, 0x1f, 0x20, 0x03, 0xd5, 0x61, 0x44, 0xff, 0x10,
  0xe2, 0xff, 0xff, 0xf0, 0x42, 0x08, 0x0d, 0x91, 0x0b, 0x00, 0x00, 0x14,
  0x1f, 0x20, 0x03, 0xd5, 0xc1, 0x43, 0xff, 0x10, 0xe2, 0xff, 0xff, 0xd0,
  0x42, 0x24, 0x3d, 0x91, 0x60, 0x00, 0x80, 0x52, 0x5f, 0x0a, 0x00, 0x94,
  0x1f, 0x20, 0x03, 0xd5, 0x01, 0x43, 0xff, 0x10, 0xe2, 0xff, 0xff, 0xf0,
  0x42, 0x80, 0x0c, 0x91, 0x60, 0x00, 0x80, 0x52, 0x59, 0x0a, 0x00, 0x94,
  0x80, 0x42, 0x0c, 0x91, 0x5b, 0x0a, 0x00, 0x94, 0x88, 0x00, 0x80, 0x52,
  0x80, 0x42, 0x0c, 0x91, 0x88, 0x0e, 0x03, 0xb9, 0x5b, 0x0a, 0x00, 0x94,
  0xe0, 0x03, 0x1f, 0xaa, 0xf4, 0x4f, 0x41, 0xa9, 0xfd, 0x7b, 0xc2, 0xa8,
  0xc0, 0x03, 0x5f, 0xd6, 0x80, 0x42, 0x0c, 0x91, 0x51, 0x0a, 0x00, 0x94,
  0x48, 0x00, 0x80, 0x52, 0x80, 0x42, 0x0c, 0x91, 0x88, 0x0e, 0x03, 0xb9,
  0x51, 0x0a, 0x00, 0x94, 0x1f, 0x20, 0x03, 0xd5, 0x41, 0x40, 0xff, 0x10,
  0xe2, 0xff, 0xff, 0xf0, 0x42, 0xe0, 0x02, 0x91, 0x20, 0x00, 0x80, 0x52,
  0x43, 0x0a, 0x00, 0x94, 0x88, 0x02, 0x4d, 0x39, 0x1f, 0x05, 0x00, 0x71,
  0xc1, 0x00, 0x00, 0x54, 0x00, 0xd4, 0x90, 0x52, 0x20, 0x00, 0xa0, 0x72,
  0x49, 0x0a, 0x00, 0x94, 0x88, 0x02, 0x4d, 0x39, 0x88, 0xff, 0x07, 0x37,
  0x1f, 0x20, 0x03, 0xd5, 0x81, 0x3e, 0xff, 0x10, 0xe2, 0xff, 0xff, 0xf0,
  0x42, 0x9c, 0x10, 0x91, 0x20, 0x00, 0x80, 0x52, 0x35, 0x0a, 0x00, 0x94,
  0x68, 0x0a, 0x40, 0xf9, 0x00, 0x01, 0x3f, 0xd6, 0xe0, 0x00, 0x00, 0x34,
  0x1f, 0x20, 0x03, 0xd5, 0x61, 0x3d, 0xff, 0x10, 0xe2, 0xff, 0xff, 0xd0,
  0x42, 0x48, 0x3f, 0x91, 0x40, 0x00, 0x80, 0x52, 0x2c, 0x0a, 0x00, 0x94,
  0x80, 0x42, 0x0c, 0x91, 0x2e, 0x0a, 0x00, 0x94, 0x68, 0x00, 0x80, 0x52,
  0x80, 0x42, 0x0c, 0x91, 0x88, 0x0e, 0x03, 0xb9, 0x2e, 0x0a, 0x00, 0x94,
  0x1f, 0x20, 0x03, 0xd5, 0xe1, 0x3b, 0xff, 0x10, 0xe2, 0xff, 0xff, 0xf0,
  0x42, 0x1c, 0x0c, 0x91, 0x20, 0x00, 0x80, 0x52, 0x20, 0x0a, 0x00, 0x94,
  0xcd, 0xff, 0xff, 0x17, 0xfd, 0x7b, 0xbb, 0xa9, 0xf9, 0x0b, 0x00, 0xf9,
  0xf8, 0x5f, 0x02, 0xa9, 0xf6, 0x57, 0x03, 0xa9, 0xf4, 0x4f, 0x04, 0xa9,
  0xfd, 0x03, 0x00, 0x91, 0xf5, 0x03, 0x02, 0xaa, 0xf7, 0x03, 0x01, 0x2a,
  0xf8, 0x03, 0x00, 0x2a, 0x1f, 0x20, 0x03, 0xd5, 0xe1, 0x39, 0xff, 0x10,
  0xe2, 0xff, 0xff, 0xd0, 0x42, 0x98, 0x30, 0x91, 0x20, 0x00, 0x80, 0x52,
  0xf6, 0x03, 0x05, 0x2a, 0xf3, 0x03, 0x04, 0xaa, 0xf4, 0x03, 0x03, 0xaa,
  0x0d, 0x0a, 0x00, 0x94, 0x39, 0x00, 0x00, 0xf0, 0x39, 0xb7, 0x42, 0xf9,
  0x20, 0x43, 0x0c, 0x91, 0x0d, 0x0a, 0x00, 0x94, 0x28, 0x0f, 0x43, 0xb9,
  0x68, 0x01, 0x00, 0x34, 0x1f, 0x20, 0x03, 0xd5, 0x01, 0x38, 0xff, 0x10,
  0xe2, 0xff, 0xff, 0xd0, 0x42, 0xa8, 0x3b, 0x91, 0x40, 0x00, 0x80, 0x52,
  0x01, 0x0a, 0x00, 0x94, 0x20, 0x43, 0x0c, 0x91, 0x07, 0x0a, 0x00, 0x94,
  0xe0, 0x03, 0x1f, 0x2a, 0x61, 0x00, 0x00, 0x14, 0x20, 0x43, 0x0c, 0x91,
  0x03, 0x0a, 0x00, 0x94, 0x20, 0x23, 0x00, 0x91, 0xe1, 0x03, 0x1f, 0x2a,
  0x02, 0x60, 0x80, 0x52, 0x0b, 0x0a, 0x00, 0x94, 0x38, 0x5f, 0x00, 0x29,
  0x36, 0x0b, 0x03, 0xb9, 0xb5, 0x00, 0x00, 0xb4, 0x20, 0x23, 0x00, 0x91,
  0xe1, 0x03, 0x15, 0xaa, 0xe2, 0x1f, 0x80, 0x52, 0x08, 0x0a, 0x00, 0x94,
  0x74, 0x01, 0x00, 0xb4, 0x20, 0x23, 0x04, 0x91, 0xe1, 0x03, 0x14, 0xaa,
  0xe2, 0x1f, 0x80, 0x52, 0x03, 0x0a, 0x00, 0x94, 0x93, 0x01, 0x00, 0xb4,
  0x20, 0x23, 0x08, 0x91, 0xe1, 0x03, 0x13, 0xaa, 0xe2, 0x1f, 0x80, 0x52,
  0xfe, 0x09, 0x00, 0x94, 0x0d, 0x00, 0x00, 0x14, 0xe8, 0xff, 0xff, 0xf0,
  0x08, 0xd1, 0x1c, 0x91, 0x3f, 0x43, 0x04, 0x39, 0x08, 0x01, 0x40, 0xf9,
  0x28, 0x87, 0x00, 0xf9, 0xd3, 0xfe, 0xff, 0xb5, 0xe9, 0xff, 0xff, 0xd0,
  0x29, 0x2d, 0x31, 0x91, 0x28, 0x06, 0x80, 0x52, 0x29, 0x01, 0x40, 0xf9,
  0x28, 0x23, 0x04, 0x79, 0x29, 0x07, 0x01, 0xf9, 0x20, 0x43, 0x0c, 0x91,
  0xe1, 0x03, 0x1f, 0xaa, 0xf2, 0x09, 0x00, 0x94, 0x00, 0x01, 0x00, 0x34,
  0x1f, 0x20, 0x03, 0xd5, 0xc1, 0x31, 0xff, 0x10, 0xe2, 0xff, 0xff, 0xf0,
  0x42, 0x14, 0x06, 0x91, 0x60, 0x00, 0x80, 0x52, 0xcf, 0x09, 0x00, 0x94,
  0x31, 0x00, 0x00, 0x14, 0x23, 0x03, 0x40, 0xb9, 0x7f, 0x08, 0x00, 0x71,
  0x40, 0x01, 0x00, 0x54, 0x7f, 0x04, 0x00, 0x71, 0xa0, 0x00, 0x00, 0x54,
  0xa3, 0x03, 0x00, 0x35, 0xbb, 0x09, 0x00, 0x94, 0xe0, 0x00, 0x00, 0xb5,
  0x20, 0x00, 0x00, 0x14, 0xbc, 0x09, 0x00, 0x94, 0x80, 0x00, 0x00, 0xb5,
  0x1d, 0x00, 0x00, 0x14, 0xbd, 0x09, 0x00, 0x94, 0x60, 0x03, 0x00, 0xb4,
  0x33, 0x00, 0x00, 0xf0, 0x08, 0x00, 0x40, 0xf9, 0x73, 0xb6, 0x42, 0xf9,
  0xe0, 0x03, 0x13, 0xaa, 0x00, 0x01, 0x3f, 0xd6, 0xa0, 0x02, 0x00, 0x35,
  0x60, 0x42, 0x0c, 0x91, 0xbc, 0x09, 0x00, 0x94, 0x28, 0x00, 0x80, 0x52,
  0x60, 0x42, 0x0c, 0x91, 0x7f, 0x02, 0x0d, 0x39, 0x68, 0x0e, 0x03, 0xb9,
  0xbb, 0x09, 0x00, 0x94, 0x1f, 0x20, 0x03, 0xd5, 0x81, 0x2d, 0xff, 0x10,
  0xe2, 0xff, 0xff, 0xf0, 0x42, 0xa8, 0x21, 0x91, 0x20, 0x00, 0x80, 0x52,
  0xad, 0x09, 0x00, 0x94, 0xae, 0xff, 0xff, 0x17, 0x1f, 0x20, 0x03, 0xd5,
  0xa1, 0x2c, 0xff, 0x10, 0xe2, 0xff, 0xff, 0xd0, 0x42, 0x24, 0x3d, 0x91,
  0x60, 0x00, 0x80, 0x52, 0xa6, 0x09, 0x00, 0x94, 0x1f, 0x20, 0x03, 0xd5,
  0xe1, 0x2b, 0xff, 0x10, 0xe2, 0xff, 0xff, 0xd0, 0x42, 0x54, 0x31, 0x91,
  0x60, 0x00, 0x80, 0x52, 0xa0, 0x09, 0x00, 0x94, 0x20, 0x43, 0x0c, 0x91,
  0xbe, 0x09, 0x00, 0x94, 0x00, 0x00, 0x80, 0x12, 0xf4, 0x4f, 0x44, 0xa9,
  0xf9, 0x0b, 0x40, 0xf9, 0xf6, 0x57, 0x43, 0xa9, 0xf8, 0x5f, 0x42, 0xa9,
  0xfd, 0x7b, 0xc5, 0xa8, 0xc0, 0x03, 0x5f, 0xd6, 0xfd, 0x7b, 0xbc, 0xa9,
  0xf8, 0x5f, 0x01, 0xa9, 0xf6, 0x57, 0x02, 0xa9, 0xf4, 0x4f, 0x03, 0xa9,
  0xfd, 0x03, 0x00, 0x91, 0x1f, 0x20, 0x03, 0xd5, 0x61, 0x29, 0xff, 0x10,
  0xe2, 0xff, 0xff, 0xf0, 0x42, 0x98, 0x25, 0x91, 0x20, 0x00, 0x80, 0x52,
  0x33, 0x00, 0x80, 0x52, 0x8b, 0x09, 0x00, 0x94, 0x35, 0x00, 0x00, 0xf0,
  0xb5, 0xb6, 0x42, 0xf9, 0xa0, 0x42, 0x0c, 0x91, 0x8b, 0x09, 0x00, 0x94,
  0xa8, 0x0e, 0x43, 0xb9, 0x1f, 0x05, 0x00, 0x71, 0x61, 0x02, 0x00, 0x54,
  0xa0, 0x42, 0x0c, 0x91, 0x8a, 0x09, 0x00, 0x94, 0xb3, 0x02, 0x0d, 0x39,
  0x22, 0x00, 0x00, 0xf0, 0xa0, 0xe2, 0x0c, 0x91, 0x42, 0xb0, 0x42, 0xf9,
  0xe1, 0x03, 0x1f, 0xaa, 0xe3, 0x03, 0x1f, 0xaa, 0xa3, 0x09, 0x00, 0x94,
  0xe0, 0x02, 0x00, 0x34, 0x1f, 0x20, 0x03, 0xd5, 0x61, 0x26, 0xff, 0x10,
  0xe2, 0xff, 0xff, 0xd0, 0x42, 0xd0, 0x31, 0x91, 0x60, 0x00, 0x80, 0x52,
  0x74, 0x09, 0x00, 0x94, 0xbf, 0x02, 0x0d, 0x39, 0x09, 0x00, 0x00, 0x14,
  0x1f, 0x20, 0x03, 0xd5, 0x61, 0x25, 0xff, 0x10, 0xe2, 0xff, 0xff, 0xd0,
  0x42, 0xa0, 0x35, 0x91, 0x60, 0x00, 0x80, 0x52, 0x6c, 0x09, 0x00, 0x94,
  0xa0, 0x42, 0x0c, 0x91, 0x72, 0x09, 0x00, 0x94, 0x00, 0x00, 0x80, 0x12,
  0xf4, 0x4f, 0x43, 0xa9, 0xf6, 0x57, 0x42, 0xa9, 0xf8, 0x5f, 0x41, 0xa9,
  0xfd, 0x7b, 0xc4, 0xa8, 0xc0, 0x03, 0x5f, 0xd6, 0x1f, 0x20, 0x03, 0xd5,
  0xb3, 0x23, 0xff, 0x10, 0xe2, 0xff, 0xff, 0xf0, 0x42, 0x60, 0x22, 0x91,
  0xe1, 0x03, 0x13, 0xaa, 0xe3, 0x01, 0x80, 0x52, 0x5d, 0x09, 0x00, 0x94,
  0xb7, 0x99, 0x99, 0x52, 0xd6, 0x12, 0x80, 0x52, 0xf4, 0xff, 0xff, 0xd0,
  0x94, 0x82, 0x2d, 0x91, 0x97, 0x99, 0xb9, 0x72, 0x06, 0x00, 0x00, 0x14,
  0x00, 0xd4, 0x90, 0x52, 0x20, 0x00, 0xa0, 0x72, 0x60, 0x09, 0x00, 0x94,
  0xd6, 0x06, 0x00, 0x71, 0x89, 0x04, 0x00, 0x54, 0xa0, 0x42, 0x0c, 0x91,
  0x54, 0x09, 0x00, 0x94, 0xb8, 0x0e, 0x43, 0xb9, 0xa0, 0x42, 0x0c, 0x91,
  0x55, 0x09, 0x00, 0x94, 0x1f, 0x13, 0x00, 0x71, 0x00, 0x03, 0x00, 0x54,
  0x1f, 0x0b, 0x00, 0x71, 0xc0, 0x01, 0x00, 0x54, 0xc8, 0x7e, 0xb7, 0x9b,
  0xa9, 0x02, 0x40, 0xb9, 0x03, 0xfd, 0x63, 0xd3, 0x68, 0x08, 0x03, 0x0b,
  0x08, 0x79, 0x1f, 0x53, 0x1f, 0x01, 0x16, 0x6b, 0x20, 0x09, 0x41, 0x7a,
  0x61, 0xfd, 0xff, 0x54, 0xe0, 0x03, 0x1f, 0x2a, 0xe1, 0x03, 0x13, 0xaa,
  0xe2, 0x03, 0x14, 0xaa, 0x3d, 0x09, 0x00, 0x94, 0xe6, 0xff, 0xff, 0x17,
  0x1f, 0x20, 0x03, 0xd5, 0xa1, 0x1e, 0xff, 0x10, 0xe2, 0xff, 0xff, 0xf0,
  0x42, 0xe0, 0x02, 0x91, 0x20, 0x00, 0x80, 0x52, 0x36, 0x09, 0x00, 0x94,
  0xe0, 0x03, 0x1f, 0x2a, 0xcc, 0xff, 0xff, 0x17, 0x1f, 0x20, 0x03, 0xd5,
  0xa1, 0x1d, 0xff, 0x10, 0xe2, 0xff, 0xff, 0xd0, 0x42, 0xf0, 0x2e, 0x91,
  0x05, 0x00, 0x00, 0x14, 0x1f, 0x20, 0x03, 0xd5, 0x01, 0x1d, 0xff, 0x10,
  0xe2, 0xff, 0xff, 0xd0, 0x42, 0x28, 0x36, 0x91, 0x60, 0x00, 0x80, 0x52,
  0x29, 0x09, 0x00, 0x94, 0xa0, 0x9e, 0x41, 0xf9, 0xe1, 0x03, 0x1f, 0xaa,
  0xbf, 0x02, 0x0d, 0x39, 0x51, 0x09, 0x00, 0x94, 0xbb, 0xff, 0xff, 0x17,
  0xfd, 0x7b, 0xbe, 0xa9, 0xf4, 0x4f, 0x01, 0xa9, 0xfd, 0x03, 0x00, 0x91,
  0x1f, 0x20, 0x03, 0xd5, 0x41, 0x1b, 0xff, 0x10, 0xe2, 0xff, 0xff, 0xf0,
  0x42, 0x90, 0x06, 0x91, 0x20, 0x00, 0x80, 0x52, 0x1b, 0x09, 0x00, 0x94,
  0x33, 0x00, 0x00, 0xf0, 0x73, 0xb6, 0x42, 0xf9, 0x60, 0x42, 0x0c, 0x91,
  0x1b, 0x09, 0x00, 0x94, 0x74, 0x0e, 0x43, 0xb9, 0x60, 0x42, 0x0c, 0x91,
  0x1c, 0x09, 0x00, 0x94, 0x9f, 0x0a, 0x00, 0x71, 0x21, 0x03, 0x00, 0x54,
  0x60, 0x9e, 0x41, 0xf9, 0xe1, 0x03, 0x1f, 0xaa, 0x7f, 0x02, 0x0d, 0x39,
  0x3a, 0x09, 0x00, 0x94, 0xe0, 0x00, 0x00, 0x34, 0x1f, 0x20, 0x03, 0xd5,
  0xc1, 0x18, 0xff, 0x10, 0xe2, 0xff, 0xff, 0xf0, 0x42, 0xfc, 0x0a, 0x91,
  0x40, 0x00, 0x80, 0x52, 0x07, 0x09, 0x00, 0x94, 0x3a, 0x09, 0x00, 0x94,
  0x60, 0x42, 0x0c, 0x91, 0x08, 0x09, 0x00, 0x94, 0x68, 0x00, 0x80, 0x52,
  0x60, 0x42, 0x0c, 0x91, 0x68, 0x0e, 0x03, 0xb9, 0x08, 0x09, 0x00, 0x94,
  0x1f, 0x20, 0x03, 0xd5, 0x21, 0x17, 0xff, 0x10, 0xe2, 0xff, 0xff, 0xf0,
  0x42, 0x6c, 0x14, 0x91, 0x20, 0x00, 0x80, 0x52, 0x06, 0x00, 0x00, 0x14,
  0x1f, 0x20, 0x03, 0xd5, 0x61, 0x16, 0xff, 0x10, 0xe2, 0xff, 0xff, 0xf0,
  0x42, 0x4c, 0x07, 0x91, 0x40, 0x00, 0x80, 0x52, 0xf4, 0x08, 0x00, 0x94,
  0xe0, 0x03, 0x1f, 0x2a, 0xf4, 0x4f, 0x41, 0xa9, 0xfd, 0x7b, 0xc2, 0xa8,
  0xc0, 0x03, 0x5f, 0xd6, 0xfd, 0x7b, 0xbe, 0xa9, 0xf3, 0x0b, 0x00, 0xf9,
  0xfd, 0x03, 0x00, 0x91, 0x1f, 0x20, 0x03, 0xd5, 0xc1, 0x14, 0xff, 0x10,
  0xe2, 0xff, 0xff, 0xf0, 0x42, 0x78, 0x09, 0x91, 0x20, 0x00, 0x80, 0x52,
  0xe7, 0x08, 0x00, 0x94, 0x33, 0x00, 0x00, 0xf0, 0x73, 0xb6, 0x42, 0xf9,
  0x63, 0x02, 0x40, 0xb9, 0x7f, 0x08, 0x00, 0x71, 0x40, 0x01, 0x00, 0x54,
  0x7f, 0x04, 0x00, 0x71, 0xa0, 0x00, 0x00, 0x54, 0xa3, 0x01, 0x00, 0x35,
  0xd2, 0x08, 0x00, 0x94, 0xe0, 0x00, 0x00, 0xb5, 0x10, 0x00, 0x00, 0x14,
  0xd3, 0x08, 0x00, 0x94, 0x80, 0x00, 0x00, 0xb5, 0x0d, 0x00, 0x00, 0x14,
  0xd4, 0x08, 0x00, 0x94, 0x60, 0x01, 0x00, 0xb4, 0x08, 0x10, 0x40, 0xf9,
  0x28, 0x01, 0x00, 0xb4, 0x00, 0x01, 0x3f, 0xd6, 0x07, 0x00, 0x00, 0x14,
  0x1f, 0x20, 0x03, 0xd5, 0x81, 0x11, 0xff, 0x10, 0xe2, 0xff, 0xff, 0xd0,
  0x42, 0x24, 0x3d, 0x91, 0x60, 0x00, 0x80, 0x52, 0xcd, 0x08, 0x00, 0x94,
  0x60, 0x42, 0x0c, 0x91, 0xeb, 0x08, 0x00, 0x94, 0xe0, 0x03, 0x13, 0xaa,
  0xe1, 0x03, 0x1f, 0x2a, 0x02, 0x6f, 0x80, 0x52, 0xdb, 0x08, 0x00, 0x94,
  0x1f, 0x20, 0x03, 0xd5, 0x01, 0x10, 0xff, 0x10, 0xe2, 0xff, 0xff, 0xd0,
  0x42, 0xf0, 0x3d, 0x91, 0x20, 0x00, 0x80, 0x52, 0xc1, 0x08, 0x00, 0x94,
  0xe0, 0x03, 0x1f, 0x2a, 0xf3, 0x0b, 0x40, 0xf9, 0xfd, 0x7b, 0xc2, 0xa8,
  0xc0, 0x03, 0x5f, 0xd6, 0xfd, 0x7b, 0xbd, 0xa9, 0xf6, 0x57, 0x01, 0xa9,
  0xf4, 0x4f, 0x02, 0xa9, 0xfd, 0x03, 0x00, 0x91, 0xe0, 0x01, 0x00, 0xb4,
  0xf3, 0x03, 0x01, 0xaa, 0xa1, 0x01, 0x00, 0xb4, 0x28, 0x00, 0x80, 0x52,
  0x08, 0x64, 0xa0, 0x72, 0x7f, 0x02, 0x08, 0xeb, 0xe3, 0x01, 0x00, 0x54,
  0x1f, 0x20, 0x03, 0xd5, 0x61, 0x0d, 0xff, 0x10, 0xe2, 0xff, 0xff, 0xf0,
  0x42, 0xb0, 0x01, 0x91, 0x60, 0x00, 0x80, 0x52, 0xe3, 0x03, 0x13, 0xaa,
  0xab, 0x08, 0x00, 0x94, 0x43, 0x00, 0x00, 0x14, 0x1f, 0x20, 0x03, 0xd5,
  0x61, 0x0c, 0xff, 0x10, 0xe2, 0xff, 0xff, 0xd0, 0x42, 0xa4, 0x3d, 0x91,
  0x40, 0x00, 0x80, 0x52, 0x3c, 0x00, 0x00, 0x14, 0x35, 0x00, 0x00, 0xf0,
  0xf4, 0x03, 0x00, 0xaa, 0xb5, 0xb6, 0x42, 0xf9, 0xa0, 0x42, 0x0c, 0x91,
  0xa3, 0x08, 0x00, 0x94, 0xb6, 0x0e, 0x43, 0xb9, 0xa0, 0x42, 0x0c, 0x91,
  0xa4, 0x08, 0x00, 0x94, 0xdf, 0x0a, 0x00, 0x71, 0x61, 0x01, 0x00, 0x54,
  0xa3, 0x02, 0x40, 0xb9, 0x7f, 0x08, 0x00, 0x71, 0x20, 0x02, 0x00, 0x54,
  0x7f, 0x04, 0x00, 0x71, 0x60, 0x01, 0x00, 0x54, 0x23, 0x04, 0x00, 0x35,
  0x87, 0x08, 0x00, 0x94, 0xf5, 0x03, 0x00, 0xaa, 0xc0, 0x01, 0x00, 0xb5,
  0x23, 0x00, 0x00, 0x14, 0x1f, 0x20, 0x03, 0xd5, 0x21, 0x09, 0xff, 0x10,
  0xe2, 0xff, 0xff, 0xf0, 0x42, 0x4c, 0x07, 0x91, 0x22, 0x00, 0x00, 0x14,
  0x82, 0x08, 0x00, 0x94, 0xf5, 0x03, 0x00, 0xaa, 0xa0, 0x00, 0x00, 0xb5,
  0x1a, 0x00, 0x00, 0x14, 0x82, 0x08, 0x00, 0x94, 0xf5, 0x03, 0x00, 0xaa,
  0xe0, 0x02, 0x00, 0xb4, 0xa8, 0x0e, 0x40, 0xf9, 0xa8, 0x02, 0x00, 0xb4,
  0x1f, 0x20, 0x03, 0xd5, 0x61, 0x07, 0xff, 0x10, 0xe2, 0xff, 0xff, 0xf0,
  0x42, 0x0c, 0x11, 0x91, 0xe0, 0x03, 0x1f, 0x2a, 0xe3, 0x03, 0x13, 0xaa,
  0x7b, 0x08, 0x00, 0x94, 0xa2, 0x0e, 0x40, 0xf9, 0xe0, 0x03, 0x14, 0xaa,
  0xe1, 0x03, 0x13, 0xaa, 0xf4, 0x4f, 0x42, 0xa9, 0xf6, 0x57, 0x41, 0xa9,
  0xfd, 0x7b, 0xc3, 0xa8, 0x40, 0x00, 0x1f, 0xd6, 0x1f, 0x20, 0x03, 0xd5,
  0xa1, 0x05, 0xff, 0x10, 0xe2, 0xff, 0xff, 0xd0, 0x42, 0x24, 0x3d, 0x91,
  0x60, 0x00, 0x80, 0x52, 0x6e, 0x08, 0x00, 0x94, 0x1f, 0x20, 0x03, 0xd5,
  0xe1, 0x04, 0xff, 0x10, 0xe2, 0xff, 0xff, 0xf0, 0x42, 0xd8, 0x25, 0x91,
  0x60, 0x00, 0x80, 0x52, 0x68, 0x08, 0x00, 0x94, 0x00, 0x00, 0x80, 0x12,
  0xf4, 0x4f, 0x42, 0xa9, 0xf6, 0x57, 0x41, 0xa9, 0xfd, 0x7b, 0xc3, 0xa8,
  0xc0, 0x03, 0x5f, 0xd6, 0xfd, 0x7b, 0xba, 0xa9, 0xfc, 0x6f, 0x01, 0xa9,
  0xfa, 0x67, 0x02, 0xa9, 0xf8, 0x5f, 0x03, 0xa9, 0xf6, 0x57, 0x04, 0xa9,
  0xf4, 0x4f, 0x05, 0xa9, 0xfd, 0x03, 0x00, 0x91, 0xf9, 0x03, 0x02, 0x2a,
  0xf4, 0x03, 0x00, 0xaa, 0x1f, 0x20, 0x03, 0xd5, 0x61, 0x02, 0xff, 0x10,
  0xe2, 0xff, 0xff, 0xd0, 0x42, 0x48, 0x2e, 0x91, 0x20, 0x00, 0x80, 0x52,
  0xf7, 0x03, 0x07, 0x2a, 0xf3, 0x03, 0x06, 0xaa, 0xf5, 0x03, 0x05, 0xaa,
  0xf6, 0x03, 0x04, 0xaa, 0xf8, 0x03, 0x03, 0x2a, 0x4f, 0x08, 0x00, 0x94,
  0x36, 0x03, 0x00, 0xb4, 0x88, 0x02, 0x40, 0xf9, 0xe0, 0x03, 0x14, 0xaa,
  0xe1, 0x03, 0x16, 0xaa, 0xe2, 0x03, 0x1f, 0xaa, 0x08, 0xa5, 0x42, 0xf9,
  0x00, 0x01, 0x3f, 0xd6, 0xfa, 0x03, 0x00, 0xaa, 0x75, 0x02, 0x00, 0xb4,
  0x88, 0x02, 0x40, 0xf9, 0xe0, 0x03, 0x14, 0xaa, 0xe1, 0x03, 0x15, 0xaa,
  0xe2, 0x03, 0x1f, 0xaa, 0x08, 0xa5, 0x42, 0xf9, 0x00, 0x01, 0x3f, 0xd6,
  0xfb, 0x03, 0x00, 0xaa, 0xb3, 0x01, 0x00, 0xb4, 0x88, 0x02, 0x40, 0xf9,
  0xe0, 0x03, 0x14, 0xaa, 0xe1, 0x03, 0x13, 0xaa, 0xe2, 0x03, 0x1f, 0xaa,
  0x08, 0xa5, 0x42, 0xf9, 0x00, 0x01, 0x3f, 0xd6, 0xfc, 0x03, 0x00, 0xaa,
  0x06, 0x00, 0x00, 0x14, 0xfa, 0x03, 0x1f, 0xaa, 0xf5, 0xfd, 0xff, 0xb5,
  0xfb, 0x03, 0x1f, 0xaa, 0xb3, 0xfe, 0xff, 0xb5, 0xfc, 0x03, 0x1f, 0xaa,
  0xe0, 0x03, 0x19, 0x2a, 0xe1, 0x03, 0x18, 0x2a, 0xe2, 0x03, 0x1a, 0xaa,
  0xe3, 0x03, 0x1b, 0xaa, 0xe4, 0x03, 0x1c, 0xaa, 0xe5, 0x03, 0x17, 0x2a,
  0x3a, 0x08, 0x00, 0x94, 0xf7, 0x03, 0x00, 0x2a, 0xfa, 0x00, 0x00, 0xb4,
  0x88, 0x02, 0x40, 0xf9, 0xe0, 0x03, 0x14, 0xaa, 0xe1, 0x03, 0x16, 0xaa,
  0xe2, 0x03, 0x1a, 0xaa, 0x08, 0xa9, 0x42, 0xf9, 0x00, 0x01, 0x3f, 0xd6,
  0xfb, 0x00, 0x00, 0xb4, 0x88, 0x02, 0x40, 0xf9, 0xe0, 0x03, 0x14, 0xaa,
  0xe1, 0x03, 0x15, 0xaa, 0xe2, 0x03, 0x1b, 0xaa, 0x08, 0xa9, 0x42, 0xf9,
  0x00, 0x01, 0x3f, 0xd6, 0xfc, 0x00, 0x00, 0xb4, 0x88, 0x02, 0x40, 0xf9,
  0xe0, 0x03, 0x14, 0xaa, 0xe1, 0x03, 0x13, 0xaa, 0xe2, 0x03, 0x1c, 0xaa,
  0x08, 0xa9, 0x42, 0xf9, 0x00, 0x01, 0x3f, 0xd6, 0x1f, 0x20, 0x03, 0xd5,
  0xa1, 0xf9, 0xfe, 0x10, 0xb7, 0x00, 0x00, 0x34, 0xe2, 0xff, 0xff, 0xf0,
  0x42, 0x14, 0x23, 0x91, 0x60, 0x00, 0x80, 0x52, 0x04, 0x00, 0x00, 0x14,
  0xe2, 0xff, 0xff, 0xd0, 0x42, 0x00, 0x3c, 0x91, 0x20, 0x00, 0x80, 0x52,
  0x09, 0x08, 0x00, 0x94, 0xe0, 0x03, 0x17, 0x2a, 0xf4, 0x4f, 0x45, 0xa9,
  0xf6, 0x57, 0x44, 0xa9, 0xf8, 0x5f, 0x43, 0xa9, 0xfa, 0x67, 0x42, 0xa9,
  0xfc, 0x6f, 0x41, 0xa9, 0xfd, 0x7b, 0xc6, 0xa8, 0xc0, 0x03, 0x5f, 0xd6,
  0xfd, 0x7b, 0xbe, 0xa9, 0xf3, 0x0b, 0x00, 0xf9, 0xfd, 0x03, 0x00, 0x91,
  0x1f, 0x20, 0x03, 0xd5, 0xe1, 0xf6, 0xfe, 0x10, 0xe2, 0xff, 0xff, 0xd0,
  0x42, 0x94, 0x28, 0x91, 0x20, 0x00, 0x80, 0x52, 0xf8, 0x07, 0x00, 0x94,
  0x1b, 0x08, 0x00, 0x94, 0xf3, 0x03, 0x00, 0x2a, 0x1f, 0x20, 0x03, 0xd5,
  0xe1, 0xf5, 0xfe, 0x10, 0xa0, 0x00, 0x00, 0x34, 0xe2, 0xff, 0xff, 0xd0,
  0x42, 0x60, 0x0d, 0x91, 0x60, 0x00, 0x80, 0x52, 0x04, 0x00, 0x00, 0x14,
  0xe2, 0xff, 0xff, 0xd0, 0x42, 0xd0, 0x09, 0x91, 0x20, 0x00, 0x80, 0x52,
  0xeb, 0x07, 0x00, 0x94, 0xe0, 0x03, 0x13, 0x2a, 0xf3, 0x0b, 0x40, 0xf9,
  0xfd, 0x7b, 0xc2, 0xa8, 0xc0, 0x03, 0x5f, 0xd6, 0xfd, 0x7b, 0xbe, 0xa9,
  0xf3, 0x0b, 0x00, 0xf9, 0xfd, 0x03, 0x00, 0x91, 0x1f, 0x20, 0x03, 0xd5,
  0xa1, 0xf3, 0xfe, 0x10, 0xe2, 0xff, 0xff, 0xd0, 0x42, 0xe0, 0x23, 0x91,
  0x20, 0x00, 0x80, 0x52, 0xde, 0x07, 0x00, 0x94, 0x0d, 0x08, 0x00, 0x94,
  0xf3, 0x03, 0x00, 0x2a, 0x1f, 0x20, 0x03, 0xd5, 0xa1, 0xf2, 0xfe, 0x10,
  0xa0, 0x00, 0x00, 0x34, 0xe2, 0xff, 0xff, 0xd0, 0x42, 0xcc, 0x0d, 0x91,
  0x60, 0x00, 0x80, 0x52, 0x04, 0x00, 0x00, 0x14, 0xe2, 0xff, 0xff, 0xb0,
  0x42, 0xc4, 0x3f, 0x91, 0x20, 0x00, 0x80, 0x52, 0xd1, 0x07, 0x00, 0x94,
  0xe0, 0x03, 0x13, 0x2a, 0xf3, 0x0b, 0x40, 0xf9, 0xfd, 0x7b, 0xc2, 0xa8,
  0xc0, 0x03, 0x5f, 0xd6, 0xfd, 0x7b, 0xbd, 0xa9, 0xf6, 0x57, 0x01, 0xa9,
  0xf4, 0x4f, 0x02, 0xa9, 0xfd, 0x03, 0x00, 0x91, 0xa2, 0x05, 0x00, 0xb4,
  0x08, 0x00, 0x40, 0xf9, 0xe1, 0x03, 0x02, 0xaa, 0xf3, 0x03, 0x02, 0xaa,
  0xf4, 0x03, 0x00, 0xaa, 0x08, 0xad, 0x42, 0xf9, 0x00, 0x01, 0x3f, 0xd6,
  0x1f, 0x00, 0x00, 0x71, 0x4d, 0x05, 0x00, 0x54, 0x88, 0x02, 0x40, 0xf9,
  0xf5, 0x03, 0x00, 0x2a, 0xe0, 0x03, 0x14, 0xaa, 0xe1, 0x03, 0x13, 0xaa,
  0xe2, 0x03, 0x1f, 0xaa, 0x08, 0xe1, 0x42, 0xf9, 0x00, 0x01, 0x3f, 0xd6,
  0x00, 0x05, 0x00, 0xb4, 0xf6, 0x03, 0x00, 0xaa, 0x1f, 0x20, 0x03, 0xd5,
  0x01, 0xee, 0xfe, 0x10, 0xe2, 0xff, 0xff, 0xd0, 0x42, 0x84, 0x0b, 0x91,
  0xe0, 0x03, 0x1f, 0x2a, 0xe3, 0x03, 0x15, 0x2a, 0xb0, 0x07, 0x00, 0x94,
  0xe1, 0x03, 0x15, 0x2a, 0xe0, 0x03, 0x16, 0xaa, 0xe5, 0x07, 0x00, 0x94,
  0x88, 0x02, 0x40, 0xf9, 0xf5, 0x03, 0x00, 0x2a, 0xe0, 0x03, 0x14, 0xaa,
  0xe1, 0x03, 0x13, 0xaa, 0xe2, 0x03, 0x16, 0xaa, 0x43, 0x00, 0x80, 0x52,
  0x08, 0x01, 0x43, 0xf9, 0x00, 0x01, 0x3f, 0xd6, 0x1f, 0x20, 0x03, 0xd5,
  0xc1, 0xeb, 0xfe, 0x10, 0xb5, 0x03, 0x00, 0x34, 0xe2, 0xff, 0xff, 0xd0,
  0x42, 0x38, 0x0e, 0x91, 0x60, 0x00, 0x80, 0x52, 0x9e, 0x07, 0x00, 0x94,
  0xe0, 0x03, 0x15, 0x2a, 0x13, 0x00, 0x00, 0x14, 0x1f, 0x20, 0x03, 0xd5,
  0xa1, 0xea, 0xfe, 0x10, 0xe2, 0xff, 0xff, 0xd0, 0x42, 0xd8, 0x17, 0x91,
  0x0b, 0x00, 0x00, 0x14, 0x1f, 0x20, 0x03, 0xd5, 0x01, 0xea, 0xfe, 0x10,
  0xe2, 0xff, 0xff, 0xd0, 0x42, 0xd8, 0x17, 0x91, 0x40, 0x00, 0x80, 0x52,
  0x06, 0x00, 0x00, 0x14, 0x1f, 0x20, 0x03, 0xd5, 0x41, 0xe9, 0xfe, 0x10,
  0xe2, 0xff, 0xff, 0xd0, 0x42, 0x0c, 0x1f, 0x91, 0x60, 0x00, 0x80, 0x52,
  0x8b, 0x07, 0x00, 0x94, 0x00, 0x00, 0x80, 0x12, 0xf4, 0x4f, 0x42, 0xa9,
  0xf6, 0x57, 0x41, 0xa9, 0xfd, 0x7b, 0xc3, 0xa8, 0xc0, 0x03, 0x5f, 0xd6,
  0xe2, 0xff, 0xff, 0xb0, 0x42, 0x48, 0x2f, 0x91, 0xe0, 0x03, 0x1f, 0x2a,
  0x82, 0x07, 0x00, 0x94, 0xe0, 0x03, 0x1f, 0x2a, 0xf7, 0xff, 0xff, 0x17,
  0xfd, 0x7b, 0xbe, 0xa9, 0xf3, 0x0b, 0x00, 0xf9, 0xfd, 0x03, 0x00, 0x91,
  0x60, 0x02, 0x00, 0xb4, 0xf3, 0x03, 0x00, 0xaa, 0x1f, 0x20, 0x03, 0xd5,
  0x01, 0x04, 0xff, 0x70, 0xe2, 0xff, 0xff, 0xd0, 0x42, 0x30, 0x00, 0x91,
  0x20, 0x00, 0x80, 0x52, 0x75, 0x07, 0x00, 0x94, 0x63, 0x06, 0x40, 0xb9,
  0x1f, 0x20, 0x03, 0xd5, 0x21, 0x03, 0xff, 0x70, 0x7f, 0x00, 0x00, 0x71,
  0xcd, 0x01, 0x00, 0x54, 0xe2, 0xff, 0xff, 0xd0, 0x42, 0x54, 0x26, 0x91,
  0x20, 0x00, 0x80, 0x52, 0x6c, 0x07, 0x00, 0x94, 0xe0, 0x03, 0x1f, 0x2a,
  0x0d, 0x00, 0x00, 0x14, 0x1f, 0x20, 0x03, 0xd5, 0xe1, 0x01, 0xff, 0x70,
  0xe2, 0xff, 0xff, 0xd0, 0x42, 0x38, 0x18, 0x91, 0x60, 0x00, 0x80, 0x52,
  0x64, 0x07, 0x00, 0x94, 0x05, 0x00, 0x00, 0x14, 0xe2, 0xff, 0xff, 0xd0,
  0x42, 0x94, 0x11, 0x91, 0x60, 0x00, 0x80, 0x52, 0x5f, 0x07, 0x00, 0x94,
  0x00, 0x00, 0x80, 0x12, 0xf3, 0x0b, 0x40, 0xf9, 0xfd, 0x7b, 0xc2, 0xa8,
  0xc0, 0x03, 0x5f, 0xd6, 0xfd, 0x7b, 0xbe, 0xa9, 0xf3, 0x0b, 0x00, 0xf9,
  0xfd, 0x03, 0x00, 0x91, 0x1f, 0x20, 0x03, 0xd5, 0xa1, 0xff, 0xfe, 0x70,
  0xe2, 0xff, 0xff, 0xd0, 0x42, 0x98, 0x07, 0x91, 0x20, 0x00, 0x80, 0x52,
  0x52, 0x07, 0x00, 0x94, 0x33, 0x00, 0x00, 0xd0, 0x73, 0xb6, 0x42, 0xf9,
  0x60, 0x06, 0x80, 0xb9, 0x8a, 0x07, 0x00, 0x94, 0x40, 0x01, 0x00, 0x34,
  0xe3, 0x03, 0x00, 0x2a, 0x1f, 0x20, 0x03, 0xd5, 0x21, 0xfe, 0xfe, 0x70,
  0xe2, 0xff, 0xff, 0xd0, 0x42, 0x8c, 0x16, 0x91, 0x60, 0x00, 0x80, 0x52,
  0x46, 0x07, 0x00, 0x94, 0x00, 0x00, 0x80, 0x12, 0x10, 0x00, 0x00, 0x14,
  0x28, 0x00, 0x00, 0xd0, 0x29, 0x00, 0x00, 0xd0, 0x1f, 0x20, 0x03, 0xd5,
  0xe1, 0xfc, 0xfe, 0x70, 0x08, 0xb9, 0x42, 0xf9, 0x29, 0xbd, 0x42, 0xf9,
  0xe2, 0xff, 0xff, 0xd0, 0x42, 0xac, 0x00, 0x91, 0x20, 0x00, 0x80, 0x52,
  0x08, 0x01, 0x40, 0xb9, 0x29, 0x01, 0x40, 0xf9, 0x68, 0x4a, 0x03, 0xb9,
  0x69, 0xaa, 0x01, 0xf9, 0x36, 0x07, 0x00, 0x94, 0xe0, 0x03, 0x1f, 0x2a,
  0xf3, 0x0b, 0x40, 0xf9, 0xfd, 0x7b, 0xc2, 0xa8, 0xc0, 0x03, 0x5f, 0xd6,
  0xfd, 0x7b, 0xbf, 0xa9, 0xfd, 0x03, 0x00, 0x91, 0x1f, 0x20, 0x03, 0xd5,
  0xa1, 0xfa, 0xfe, 0x70, 0xe2, 0xff, 0xff, 0xd0, 0x42, 0xc4, 0x12, 0x91,
  0x20, 0x00, 0x80, 0x52, 0x2a, 0x07, 0x00, 0x94, 0x69, 0x07, 0x00, 0x94,
  0xe0, 0x00, 0x00, 0x34, 0x1f, 0x20, 0x03, 0xd5, 0xa1, 0xf9, 0xfe, 0x70,
  0xe2, 0xff, 0xff, 0xd0, 0x42, 0xe8, 0x28, 0x91, 0x40, 0x00, 0x80, 0x52,
  0x22, 0x07, 0x00, 0x94, 0x28, 0x00, 0x00, 0xd0, 0x09, 0x00, 0x80, 0x12,
  0x1f, 0x20, 0x03, 0xd5, 0xa1, 0xf8, 0xfe, 0x70, 0x08, 0xb5, 0x42, 0xf9,
  0xe2, 0xff, 0xff, 0xd0, 0x42, 0x34, 0x01, 0x91, 0x20, 0x00, 0x80, 0x52,
  0x09, 0x49, 0x03, 0xb9, 0x1f, 0xa9, 0x01, 0xf9, 0x17, 0x07, 0x00, 0x94,
  0xe0, 0x03, 0x1f, 0x2a, 0xfd, 0x7b, 0xc1, 0xa8, 0xc0, 0x03, 0x5f, 0xd6,
  0xfd, 0x7b, 0xbe, 0xa9, 0xf4, 0x4f, 0x01, 0xa9, 0xfd, 0x03, 0x00, 0x91,
  0xc0, 0x03, 0x00, 0xb4, 0xa1, 0x03, 0x00, 0xb4, 0x28, 0x00, 0x00, 0xd0,
  0x08, 0xbd, 0x42, 0xf9, 0x08, 0x01, 0x40, 0xf9, 0xe8, 0x03, 0x00, 0xb4,
  0x1f, 0x20, 0x03, 0xd5, 0x08, 0xf6, 0xfe, 0x70, 0xf4, 0x03, 0x01, 0xaa,
  0xe2, 0xff, 0xff, 0xd0, 0x42, 0xf4, 0x1c, 0x91, 0xf3, 0x03, 0x00, 0xaa,
  0xe0, 0x03, 0x1f, 0x2a, 0xe1, 0x03, 0x08, 0xaa, 0xe3, 0x03, 0x14, 0xaa,
  0x01, 0x07, 0x00, 0x94, 0xe0, 0x03, 0x13, 0xaa, 0xe1, 0x03, 0x14, 0xaa,
  0x42, 0x07, 0x00, 0x94, 0x1f, 0x20, 0x03, 0xd5, 0x61, 0xf4, 0xfe, 0x70,
  0x20, 0x03, 0x00, 0x34, 0xf3, 0x03, 0x00, 0x2a, 0xe2, 0xff, 0xff, 0xd0,
  0x42, 0x38, 0x03, 0x91, 0x60, 0x00, 0x80, 0x52, 0xe3, 0x03, 0x13, 0x2a,
  0xf5, 0x06, 0x00, 0x94, 0xe0, 0x03, 0x13, 0x2a, 0x0e, 0x00, 0x00, 0x14,
  0x1f, 0x20, 0x03, 0xd5, 0x01, 0xf3, 0xfe, 0x70, 0xe2, 0xff, 0xff, 0xb0,
  0x42, 0xa4, 0x3d, 0x91, 0x40, 0x00, 0x80, 0x52, 0x06, 0x00, 0x00, 0x14,
  0x1f, 0x20, 0x03, 0xd5, 0x41, 0xf2, 0xfe, 0x70, 0xe2, 0xff, 0xff, 0xb0,
  0x42, 0x40, 0x32, 0x91, 0x60, 0x00, 0x80, 0x52, 0xe7, 0x06, 0x00, 0x94,
  0x00, 0x00, 0x80, 0x12, 0xf4, 0x4f, 0x41, 0xa9, 0xfd, 0x7b, 0xc2, 0xa8,
  0xc0, 0x03, 0x5f, 0xd6, 0xe2, 0xff, 0xff, 0xd0, 0x42, 0x08, 0x08, 0x91,
  0xe0, 0x06, 0x00, 0x94, 0xe0, 0x03, 0x1f, 0x2a, 0xf9, 0xff, 0xff, 0x17,
  0xfd, 0x7b, 0xbe, 0xa9, 0xf4, 0x4f, 0x01, 0xa9, 0xfd, 0x03, 0x00, 0x91,
  0x1f, 0x20, 0x03, 0xd5, 0x13, 0xf0, 0xfe, 0x70, 0xe2, 0xff, 0xff, 0xd0,
  0x42, 0x0c, 0x04, 0x91, 0x20, 0x00, 0x80, 0x52, 0xe1, 0x03, 0x13, 0xaa,
  0xd4, 0x06, 0x00, 0x94, 0x13, 0x07, 0x00, 0x94, 0x28, 0x00, 0x00, 0xd0,
  0xf4, 0x03, 0x00, 0x2a, 0x09, 0x00, 0x80, 0x12, 0x08, 0xb5, 0x42, 0xf9,
  0xe2, 0xff, 0xff, 0xd0, 0x42, 0x84, 0x18, 0x91, 0x20, 0x00, 0x80, 0x52,
  0xe1, 0x03, 0x13, 0xaa, 0x09, 0x49, 0x03, 0xb9, 0x1f, 0xa9, 0x01, 0xf9,
  0xc8, 0x06, 0x00, 0x94, 0xe0, 0x03, 0x14, 0x2a, 0xf4, 0x4f, 0x41, 0xa9,
  0xfd, 0x7b, 0xc2, 0xa8, 0xc0, 0x03, 0x5f, 0xd6, 0x1f, 0x20, 0x03, 0xd5,
  0x80, 0xf2, 0x02, 0x10, 0xc0, 0x03, 0x5f, 0xd6, 0xfd, 0x7b, 0xbe, 0xa9,
  0xf3, 0x0b, 0x00, 0xf9, 0xfd, 0x03, 0x00, 0x91, 0xa0, 0x03, 0x00, 0xb4,
  0xf3, 0x03, 0x00, 0xaa, 0x1f, 0x20, 0x03, 0xd5, 0x21, 0xfc, 0xfe, 0x10,
  0xe2, 0xff, 0xff, 0xd0, 0x42, 0x84, 0x08, 0x91, 0x20, 0x00, 0x80, 0x52,
  0xb6, 0x06, 0x00, 0x94, 0x68, 0x22, 0x44, 0x39, 0x28, 0x03, 0x00, 0x34,
  0x28, 0x00, 0x00, 0xd0, 0xe0, 0xe7, 0x07, 0x6f, 0x09, 0x00, 0x80, 0x92,
  0x08, 0xb5, 0x42, 0xf9, 0x1f, 0x20, 0x03, 0xd5, 0xa1, 0xfa, 0xfe, 0x10,
  0xe2, 0xff, 0xff, 0xb0, 0x42, 0xa8, 0x2f, 0x91, 0x63, 0x22, 0x04, 0x91,
  0x0a, 0x31, 0x0d, 0x91, 0x20, 0x00, 0x80, 0x52, 0x1f, 0x75, 0x03, 0xb9,
  0x49, 0x11, 0x00, 0xf9, 0x09, 0x00, 0x80, 0x12, 0x40, 0x01, 0x00, 0xad,
  0x09, 0x49, 0x03, 0xb9, 0xa3, 0x06, 0x00, 0x94, 0xe0, 0x03, 0x1f, 0x2a,
  0x0d, 0x00, 0x00, 0x14, 0x1f, 0x20, 0x03, 0xd5, 0xc1, 0xf8, 0xfe, 0x10,
  0xe2, 0xff, 0xff, 0xd0, 0x42, 0x38, 0x18, 0x91, 0x05, 0x00, 0x00, 0x14,
  0x1f, 0x20, 0x03, 0xd5, 0x21, 0xf8, 0xfe, 0x10, 0xe2, 0xff, 0xff, 0xd0,
  0x42, 0x34, 0x24, 0x91, 0x60, 0x00, 0x80, 0x52, 0x96, 0x06, 0x00, 0x94,
  0x00, 0x00, 0x80, 0x12, 0xf3, 0x0b, 0x40, 0xf9, 0xfd, 0x7b, 0xc2, 0xa8,
  0xc0, 0x03, 0x5f, 0xd6, 0xff, 0xc3, 0x02, 0xd1, 0xfd, 0x7b, 0x08, 0xa9,
  0xf6, 0x57, 0x09, 0xa9, 0xf4, 0x4f, 0x0a, 0xa9, 0xfd, 0x03, 0x02, 0x91,
  0x55, 0xd0, 0x3b, 0xd5, 0x1f, 0x20, 0x03, 0xd5, 0x33, 0xf6, 0xfe, 0x10,
  0xa8, 0x16, 0x40, 0xf9, 0xe2, 0xff, 0xff, 0xd0, 0x42, 0x70, 0x29, 0x91,
  0x20, 0x00, 0x80, 0x52, 0xe1, 0x03, 0x13, 0xaa, 0xa8, 0x83, 0x1f, 0xf8,
  0x83, 0x06, 0x00, 0x94, 0xe2, 0xff, 0xff, 0xd0, 0x42, 0x50, 0x27, 0x91,
  0xe0, 0x03, 0x1f, 0x2a, 0xe1, 0x03, 0x13, 0xaa, 0x7e, 0x06, 0x00, 0x94,
  0x20, 0x00, 0x80, 0x52, 0x21, 0x00, 0x80, 0x52, 0xe2, 0x03, 0x1f, 0x2a,
  0xc2, 0x06, 0x00, 0x94, 0x80, 0x0d, 0xf8, 0x37, 0xf3, 0x03, 0x00, 0x2a,
  0x1f, 0x20, 0x03, 0xd5, 0xb4, 0xf3, 0xfe, 0x10, 0xe2, 0xff, 0xff, 0xb0,
  0x42, 0xac, 0x36, 0x91, 0xe0, 0x03, 0x1f, 0x2a, 0xe1, 0x03, 0x14, 0xaa,
  0xe3, 0x03, 0x13, 0x2a, 0x70, 0x06, 0x00, 0x94, 0xe2, 0xff, 0xff, 0xd0,
  0x42, 0x7c, 0x04, 0x91, 0xe0, 0x03, 0x1f, 0x2a, 0xe1, 0x03, 0x14, 0xaa,
  0x6b, 0x06, 0x00, 0x94, 0xe0, 0x03, 0x13, 0x2a, 0x61, 0x00, 0x80, 0x52,
  0xe2, 0x03, 0x1f, 0x2a, 0xb3, 0x06, 0x00, 0x94, 0xa0, 0x01, 0xf8, 0x37,
  0x02, 0x00, 0x15, 0x32, 0xe0, 0x03, 0x13, 0x2a, 0x81, 0x00, 0x80, 0x52,
  0xae, 0x06, 0x00, 0x94, 0x00, 0x01, 0xf8, 0x37, 0x1f, 0x20, 0x03, 0xd5,
  0xc1, 0xf0, 0xfe, 0x10, 0xe2, 0xff, 0xff, 0xb0, 0x42, 0xa4, 0x32, 0x91,
  0xe0, 0x03, 0x1f, 0x2a, 0x5b, 0x06, 0x00, 0x94, 0x0b, 0x00, 0x00, 0x14,
  0xa9, 0x06, 0x00, 0x94, 0x00, 0x00, 0x40, 0xb9, 0xab, 0x06, 0x00, 0x94,
  0xe3, 0x03, 0x00, 0xaa, 0x1f, 0x20, 0x03, 0xd5, 0x61, 0xef, 0xfe, 0x10,
  0xe2, 0xff, 0xff, 0xd0, 0x42, 0x9c, 0x1f, 0x91, 0x40, 0x00, 0x80, 0x52,
  0x50, 0x06, 0x00, 0x94, 0x36, 0x00, 0x00, 0xd0, 0xe2, 0xff, 0xff, 0xb0,
  0x42, 0x60, 0x3e, 0x91, 0xd6, 0xb6, 0x42, 0xf9, 0xe0, 0x03, 0x1f, 0x2a,
  0xe1, 0x03, 0x14, 0xaa, 0xc3, 0x22, 0x04, 0x91, 0x48, 0x06, 0x00, 0x94,
  0xe2, 0xff, 0xff, 0xb0, 0x42, 0x80, 0x39, 0x91, 0xe0, 0x03, 0x1f, 0x2a,
  0xe1, 0x03, 0x14, 0xaa, 0x43, 0x06, 0x00, 0x94, 0x00, 0xe4, 0x00, 0x6f,
  0xe9, 0x23, 0x00, 0x91, 0x28, 0x00, 0x80, 0x52, 0x20, 0x05, 0x40, 0xb2,
  0xc1, 0x22, 0x04, 0x91, 0x42, 0x0d, 0x80, 0x52, 0x63, 0x0d, 0x80, 0x52,
  0x04, 0x20, 0x80, 0x52, 0xe8, 0x13, 0x00, 0x79, 0xe0, 0x63, 0x86, 0x3c,
  0xe0, 0xa3, 0x85, 0x3c, 0xe0, 0xa3, 0x84, 0x3c, 0xe0, 0xa3, 0x83, 0x3c,
  0xe0, 0xa3, 0x82, 0x3c, 0xe0, 0xa3, 0x81, 0x3c, 0xe0, 0xa3, 0x80, 0x3c,
  0x8a, 0x06, 0x00, 0x94, 0xc0, 0x22, 0x04, 0x91, 0x8c, 0x06, 0x00, 0x94,
  0xe1, 0x23, 0x00, 0x91, 0x02, 0x0c, 0x00, 0x11, 0xe0, 0x03, 0x13, 0x2a,
  0x8c, 0x06, 0x00, 0x94, 0x20, 0x05, 0xf8, 0x37, 0xe2, 0xff, 0xff, 0xb0,
  0x42, 0x38, 0x33, 0x91, 0xe0, 0x03, 0x1f, 0x2a, 0xe1, 0x03, 0x14, 0xaa,
  0x26, 0x06, 0x00, 0x94, 0xe2, 0xff, 0xff, 0xd0, 0x42, 0xc4, 0x19, 0x91,
  0xe0, 0x03, 0x1f, 0x2a, 0xe1, 0x03, 0x14, 0xaa, 0x43, 0x01, 0x80, 0x52,
  0x20, 0x06, 0x00, 0x94, 0xe0, 0x03, 0x13, 0x2a, 0x41, 0x01, 0x80, 0x52,
  0x81, 0x06, 0x00, 0x94, 0xc0, 0x04, 0xf8, 0x37, 0xe2, 0xff, 0xff, 0xd0,
  0x42, 0xe4, 0x29, 0x91, 0xe0, 0x03, 0x1f, 0x2a, 0xe1, 0x03, 0x14, 0xaa,
  0x17, 0x06, 0x00, 0x94, 0xe2, 0xff, 0xff, 0xd0, 0x42, 0xac, 0x27, 0x91,
  0xc3, 0x22, 0x04, 0x91, 0x20, 0x00, 0x80, 0x52, 0xe1, 0x03, 0x14, 0xaa,
  0xd3, 0x4a, 0x03, 0xb9, 0x10, 0x06, 0x00, 0x94, 0xe0, 0x03, 0x1f, 0x2a,
  0x25, 0x00, 0x00, 0x14, 0x5d, 0x06, 0x00, 0x94, 0x00, 0x00, 0x40, 0xb9,
  0x5f, 0x06, 0x00, 0x94, 0xe3, 0x03, 0x00, 0xaa, 0x1f, 0x20, 0x03, 0xd5,
  0xe1, 0xe5, 0xfe, 0x10, 0xe2, 0xff, 0xff, 0xd0, 0x42, 0xc4, 0x14, 0x91,
  0x60, 0x00, 0x80, 0x52, 0x04, 0x06, 0x00, 0x94, 0x19, 0x00, 0x00, 0x14,
  0x52, 0x06, 0x00, 0x94, 0x00, 0x00, 0x40, 0xb9, 0x54, 0x06, 0x00, 0x94,
  0xe4, 0x03, 0x00, 0xaa, 0x1f, 0x20, 0x03, 0xd5, 0x81, 0xe4, 0xfe, 0x10,
  0xe2, 0xff, 0xff, 0xd0, 0x42, 0x3c, 0x17, 0x91, 0xc3, 0x22, 0x04, 0x91,
  0x60, 0x00, 0x80, 0x52, 0xf8, 0x05, 0x00, 0x94, 0x0b, 0x00, 0x00, 0x14,
  0x46, 0x06, 0x00, 0x94, 0x00, 0x00, 0x40, 0xb9, 0x48, 0x06, 0x00, 0x94,
  0xe3, 0x03, 0x00, 0xaa, 0x1f, 0x20, 0x03, 0xd5, 0x01, 0xe3, 0xfe, 0x10,
  0xe2, 0xff, 0xff, 0xb0, 0x42, 0xe0, 0x3e, 0x91, 0x60, 0x00, 0x80, 0x52,
  0xed, 0x05, 0x00, 0x94, 0xe0, 0x03, 0x13, 0x2a, 0x53, 0x06, 0x00, 0x94,
  0x00, 0x00, 0x80, 0x12, 0xa8, 0x16, 0x40, 0xf9, 0xa9, 0x83, 0x5f, 0xf8,
  0x1f, 0x01, 0x09, 0xeb, 0xc1, 0x00, 0x00, 0x54, 0xf4, 0x4f, 0x4a, 0xa9,
  0xf6, 0x57, 0x49, 0xa9, 0xfd, 0x7b, 0x48, 0xa9, 0xff, 0xc3, 0x02, 0x91,
  0xc0, 0x03, 0x5f, 0xd6, 0x4c, 0x06, 0x00, 0x94, 0xff, 0xc3, 0x05, 0xd1,
  0xfd, 0x7b, 0x11, 0xa9, 0xfc, 0x93, 0x00, 0xf9, 0xfa, 0x67, 0x13, 0xa9,
  0xf8, 0x5f, 0x14, 0xa9, 0xf6, 0x57, 0x15, 0xa9, 0xf4, 0x4f, 0x16, 0xa9,
  0xfd, 0x43, 0x04, 0x91, 0x56, 0xd0, 0x3b, 0xd5, 0x1f, 0x20, 0x03, 0xd5,
  0x93, 0xdf, 0xfe, 0x10, 0xc8, 0x16, 0x40, 0xf9, 0xe2, 0xff, 0xff, 0xd0,
  0x42, 0x8c, 0x24, 0x91, 0x20, 0x00, 0x80, 0x52, 0xe1, 0x03, 0x13, 0xaa,
  0xa8, 0x83, 0x1f, 0xf8, 0xce, 0x05, 0x00, 0x94, 0x37, 0x00, 0x00, 0xd0,
  0xf8, 0x03, 0x1f, 0xaa, 0xf4, 0xff, 0xff, 0xb0, 0x94, 0xaa, 0x3a, 0x91,
  0xf7, 0xb6, 0x42, 0xf9, 0x19, 0x00, 0x80, 0x12, 0x04, 0x00, 0x00, 0x14,
  0x18, 0x13, 0x00, 0x91, 0x1f, 0xa3, 0x00, 0xf1, 0x00, 0x02, 0x00, 0x54,
  0xfa, 0x02, 0x18, 0x8b, 0x55, 0x4f, 0x43, 0xb9, 0x75, 0xff, 0xff, 0x37,
  0x20, 0x00, 0x80, 0x52, 0xe1, 0x03, 0x13, 0xaa, 0xe2, 0x03, 0x14, 0xaa,
  0xe3, 0x03, 0x15, 0x2a, 0xbc, 0x05, 0x00, 0x94, 0xe0, 0x03, 0x15, 0x2a,
  0x22, 0x06, 0x00, 0x94, 0x59, 0x4f, 0x03, 0xb9, 0xe8, 0x76, 0x43, 0xb9,
  0x08, 0x05, 0x00, 0x51, 0xe8, 0x76, 0x03, 0xb9, 0xef, 0xff, 0xff, 0x17,
  0xe0, 0x4a, 0x43, 0xb9, 0x80, 0x00, 0xf8, 0x37, 0x1a, 0x06, 0x00, 0x94,
  0x08, 0x00, 0x80, 0x12, 0xe8, 0x4a, 0x03, 0xb9, 0xe4, 0xff, 0xff, 0xd0,
  0x84, 0x10, 0x02, 0x91, 0xe0, 0x23, 0x00, 0x91, 0xe5, 0x22, 0x04, 0x91,
  0x37, 0x00, 0x00, 0x94, 0xe0, 0x23, 0x00, 0x91, 0x1d, 0x06, 0x00, 0x94,
  0xff, 0x76, 0x03, 0xb9, 0xc8, 0x16, 0x40, 0xf9, 0xa9, 0x83, 0x5f, 0xf8,
  0x1f, 0x01, 0x09, 0xeb, 0x01, 0x02, 0x00, 0x54, 0x1f, 0x20, 0x03, 0xd5,
  0x21, 0xd9, 0xfe, 0x10, 0xe2, 0xff, 0xff, 0xb0, 0x42, 0xa0, 0x33, 0x91,
  0x20, 0x00, 0x80, 0x52, 0x9e, 0x05, 0x00, 0x94, 0xe0, 0x03, 0x1f, 0x2a,
  0xf4, 0x4f, 0x56, 0xa9, 0xfc, 0x93, 0x40, 0xf9, 0xf6, 0x57, 0x55, 0xa9,
  0xf8, 0x5f, 0x54, 0xa9, 0xfa, 0x67, 0x53, 0xa9, 0xfd, 0x7b, 0x51, 0xa9,
  0xff, 0xc3, 0x05, 0x91, 0xc0, 0x03, 0x5f, 0xd6, 0x00, 0x06, 0x00, 0x94,
  0x1f, 0x24, 0x00, 0x71, 0xa8, 0x03, 0x00, 0x54, 0xfd, 0x7b, 0xbd, 0xa9,
  0xf5, 0x0b, 0x00, 0xf9, 0xf4, 0x4f, 0x02, 0xa9, 0xfd, 0x03, 0x00, 0x91,
  0x34, 0x00, 0x00, 0xd0, 0x94, 0xb6, 0x42, 0xf9, 0x88, 0x4a, 0x20, 0x8b,
  0x13, 0x4d, 0x43, 0xb9, 0x33, 0x02, 0xf8, 0x37, 0xf5, 0x03, 0x00, 0x2a,
  0x1f, 0x20, 0x03, 0xd5, 0xa1, 0xd5, 0xfe, 0x10, 0xe2, 0xff, 0xff, 0xb0,
  0x42, 0xa8, 0x3a, 0x91, 0x20, 0x00, 0x80, 0x52, 0xe3, 0x03, 0x13, 0x2a,
  0x81, 0x05, 0x00, 0x94, 0xe0, 0x03, 0x13, 0x2a, 0xe7, 0x05, 0x00, 0x94,
  0x88, 0x0a, 0x15, 0x8b, 0x09, 0x00, 0x80, 0x12, 0x09, 0x4d, 0x03, 0xb9,
  0x88, 0x76, 0x43, 0xb9, 0x08, 0x05, 0x00, 0x51, 0x88, 0x76, 0x03, 0xb9,
  0xf4, 0x4f, 0x42, 0xa9, 0xf5, 0x0b, 0x40, 0xf9, 0xfd, 0x7b, 0xc3, 0xa8,
  0xc0, 0x03, 0x5f, 0xd6, 0xff, 0x43, 0x04, 0xd1, 0xfd, 0x7b, 0x0f, 0xa9,
  0xfc, 0x4f, 0x10, 0xa9, 0xfd, 0xc3, 0x03, 0x91, 0xa4, 0x17, 0x39, 0xa9,
  0xa9, 0xc3, 0x01, 0xd1, 0xea, 0x03, 0x00, 0x91, 0xa6, 0x1f, 0x3a, 0xa9,
  0x4a, 0x01, 0x02, 0x91, 0xe2, 0xff, 0xff, 0xb0, 0x42, 0x18, 0x35, 0x91,
  0xe0, 0x07, 0x00, 0xad, 0xa3, 0x43, 0x01, 0xd1, 0xe2, 0x0f, 0x01, 0xad,
  0x01, 0x20, 0x80, 0x52, 0xe4, 0x17, 0x02, 0xad, 0xe6, 0x1f, 0x03, 0xad,
  0x53, 0xd0, 0x3b, 0xd5, 0x68, 0x16, 0x40, 0xf9, 0xa8, 0x83, 0x1f, 0xf8,
  0x28, 0x81, 0x00, 0x91, 0xa9, 0x83, 0x00, 0x91, 0xa9, 0xa3, 0x3d, 0xa9,
  0xe8, 0x03, 0x80, 0x92, 0xa9, 0xa3, 0x00, 0xd1, 0x08, 0xf0, 0xdf, 0xf2,
  0xaa, 0xa3, 0x3e, 0xa9, 0x20, 0x05, 0x40, 0xad, 0xa0, 0x87, 0x3d, 0xad,
  0xcf, 0x05, 0x00, 0x94, 0x68, 0x16, 0x40, 0xf9, 0xa9, 0x83, 0x5f, 0xf8,
  0x1f, 0x01, 0x09, 0xeb, 0xa1, 0x00, 0x00, 0x54, 0xfc, 0x4f, 0x50, 0xa9,
  0xfd, 0x7b, 0x4f, 0xa9, 0xff, 0x43, 0x04, 0x91, 0xc0, 0x03, 0x5f, 0xd6,
  0xba, 0x05, 0x00, 0x94, 0xfd, 0x7b, 0xbe, 0xa9, 0xf4, 0x4f, 0x01, 0xa9,
  0xfd, 0x03, 0x00, 0x91, 0x40, 0x01, 0x00, 0xb4, 0x21, 0x01, 0x00, 0xb4,
  0xf3, 0x03, 0x00, 0xaa, 0xf4, 0x03, 0x01, 0xaa, 0xc2, 0x05, 0x00, 0x94,
  0xe0, 0x03, 0x13, 0xaa, 0xe1, 0x03, 0x14, 0xaa, 0xf4, 0x4f, 0x41, 0xa9,
  0xfd, 0x7b, 0xc2, 0xa8, 0xc1, 0x05, 0x00, 0x14, 0x1f, 0x20, 0x03, 0xd5,
  0xc1, 0xcc, 0xfe, 0x10, 0xe2, 0xff, 0xff, 0xb0, 0x42, 0xa4, 0x3d, 0x91,
  0x40, 0x00, 0x80, 0x52, 0x3b, 0x05, 0x00, 0x94, 0x00, 0x00, 0x80, 0x12,
  0xf4, 0x4f, 0x41, 0xa9, 0xfd, 0x7b, 0xc2, 0xa8, 0xc0, 0x03, 0x5f, 0xd6,
  0xff, 0x03, 0x03, 0xd1, 0xfd, 0x7b, 0x0a, 0xa9, 0xf4, 0x4f, 0x0b, 0xa9,
  0xfd, 0x83, 0x02, 0x91, 0x54, 0xd0, 0x3b, 0xd5, 0x33, 0x00, 0x00, 0xd0,
  0x88, 0x16, 0x40, 0xf9, 0x73, 0xb6, 0x42, 0xf9, 0xa8, 0x83, 0x1f, 0xf8,
  0x60, 0x4a, 0x43, 0xb9, 0xe0, 0x07, 0xf8, 0x37, 0x00, 0xe4, 0x00, 0x6f,
  0xe1, 0x43, 0x00, 0x91, 0x02, 0x10, 0x80, 0x52, 0xff, 0x7f, 0x00, 0xa9,
  0xe0, 0x83, 0x00, 0xad, 0xe0, 0x83, 0x01, 0xad, 0xe0, 0x83, 0x02, 0xad,
  0xe0, 0x83, 0x03, 0xad, 0xa7, 0x05, 0x00, 0x94, 0x68, 0x4a, 0x43, 0xb9,
  0xe1, 0x43, 0x00, 0x91, 0xe4, 0x03, 0x00, 0x91, 0xe2, 0x03, 0x1f, 0xaa,
  0xe3, 0x03, 0x1f, 0xaa, 0x00, 0x05, 0x00, 0x11, 0xa4, 0x05, 0x00, 0x94,
  0x1f, 0x04, 0x00, 0x71, 0x0b, 0x0b, 0x00, 0x54, 0x60, 0x4a, 0x43, 0xb9,
  0xe1, 0x43, 0x00, 0x91, 0x02, 0x10, 0x80, 0x52, 0xa2, 0x05, 0x00, 0x94,
  0x80, 0x0a, 0x00, 0x34, 0x60, 0x4a, 0x43, 0xb9, 0xe1, 0x03, 0x1f, 0xaa,
  0xe2, 0x03, 0x1f, 0xaa, 0xa1, 0x05, 0x00, 0x94, 0xe0, 0x03, 0xf8, 0x37,
  0x68, 0x4e, 0x43, 0xb9, 0x68, 0x04, 0xf8, 0x37, 0x68, 0x52, 0x43, 0xb9,
  0xa8, 0x05, 0xf8, 0x37, 0x68, 0x56, 0x43, 0xb9, 0xa8, 0x05, 0xf8, 0x37,
  0x68, 0x5a, 0x43, 0xb9, 0xa8, 0x05, 0xf8, 0x37, 0x68, 0x5e, 0x43, 0xb9,
  0xa8, 0x05, 0xf8, 0x37, 0x68, 0x62, 0x43, 0xb9, 0xa8, 0x05, 0xf8, 0x37,
  0x68, 0x66, 0x43, 0xb9, 0xa8, 0x05, 0xf8, 0x37, 0x68, 0x6a, 0x43, 0xb9,
  0xa8, 0x05, 0xf8, 0x37, 0x68, 0x6e, 0x43, 0xb9, 0xa8, 0x05, 0xf8, 0x37,
  0x68, 0x72, 0x43, 0xb9, 0xa8, 0x05, 0xf8, 0x37, 0x1f, 0x20, 0x03, 0xd5,
  0x21, 0xc4, 0xfe, 0x10, 0xe2, 0xff, 0xff, 0xd0, 0x42, 0x0c, 0x19, 0x91,
  0xf3, 0x03, 0x00, 0x2a, 0x40, 0x00, 0x80, 0x52, 0xf5, 0x04, 0x00, 0x94,
  0xe0, 0x03, 0x13, 0x2a, 0x5b, 0x05, 0x00, 0x94, 0x30, 0x00, 0x00, 0x14,
  0x41, 0x05, 0x00, 0x94, 0x00, 0x00, 0x40, 0xb9, 0x1f, 0x2c, 0x00, 0x71,
  0xa1, 0x00, 0x00, 0x54, 0x00, 0x00, 0x80, 0x12, 0x2b, 0x00, 0x00, 0x14,
  0xe8, 0x03, 0x1f, 0xaa, 0x1c, 0x00, 0x00, 0x14, 0x3d, 0x05, 0x00, 0x94,
  0xe3, 0x03, 0x00, 0xaa, 0x1f, 0x20, 0x03, 0xd5, 0xa1, 0xc1, 0xfe, 0x10,
  0xe2, 0xff, 0xff, 0xd0, 0x42, 0x74, 0x1a, 0x91, 0x40, 0x00, 0x80, 0x52,
  0xe2, 0x04, 0x00, 0x94, 0x00, 0x00, 0x80, 0x12, 0x1f, 0x00, 0x00, 0x14,
  0x28, 0x00, 0x80, 0x52, 0x10, 0x00, 0x00, 0x14, 0x48, 0x00, 0x80, 0x52,
  0x0e, 0x00, 0x00, 0x14, 0x68, 0x00, 0x80, 0x52, 0x0c, 0x00, 0x00, 0x14,
  0x88, 0x00, 0x80, 0x52, 0x0a, 0x00, 0x00, 0x14, 0xa8, 0x00, 0x80, 0x52,
  0x08, 0x00, 0x00, 0x14, 0xc8, 0x00, 0x80, 0x52, 0x06, 0x00, 0x00, 0x14,
  0xe8, 0x00, 0x80, 0x52, 0x04, 0x00, 0x00, 0x14, 0x08, 0x01, 0x80, 0x52,
  0x02, 0x00, 0x00, 0x14, 0x28, 0x01, 0x80, 0x52, 0x68, 0x0a, 0x08, 0x8b,
  0x1f, 0x20, 0x03, 0xd5, 0x61, 0xbe, 0xfe, 0x10, 0xe2, 0xff, 0xff, 0xd0,
  0x42, 0x98, 0x0e, 0x91, 0xe3, 0x03, 0x00, 0x2a, 0x00, 0x4d, 0x03, 0xb9,
  0x20, 0x00, 0x80, 0x52, 0x68, 0x76, 0x43, 0xb9, 0x04, 0x05, 0x00, 0x11,
  0x64, 0x76, 0x03, 0xb9, 0xc3, 0x04, 0x00, 0x94, 0xe0, 0x03, 0x1f, 0x2a,
  0x88, 0x16, 0x40, 0xf9, 0xa9, 0x83, 0x5f, 0xf8, 0x1f, 0x01, 0x09, 0xeb,
  0xa1, 0x00, 0x00, 0x54, 0xf4, 0x4f, 0x4b, 0xa9, 0xfd, 0x7b, 0x4a, 0xa9,
  0xff, 0x03, 0x03, 0x91, 0xc0, 0x03, 0x5f, 0xd6, 0x25, 0x05, 0x00, 0x94,
  0xff, 0x03, 0x02, 0xd1, 0xfd, 0x7b, 0x02, 0xa9, 0xfc, 0x6f, 0x03, 0xa9,
  0xfa, 0x67, 0x04, 0xa9, 0xf8, 0x5f, 0x05, 0xa9, 0xf6, 0x57, 0x06, 0xa9,
  0xf4, 0x4f, 0x07, 0xa9, 0xfd, 0x83, 0x00, 0x91, 0x55, 0xd0, 0x3b, 0xd5,
  0x3c, 0x00, 0x00, 0xd0, 0xa8, 0x16, 0x40, 0xf9, 0x9c, 0xb7, 0x42, 0xf9,
  0xa8, 0x83, 0x1f, 0xf8, 0x83, 0x77, 0x43, 0xb9, 0x43, 0x0b, 0x00, 0x34,
  0xf3, 0x03, 0x01, 0xaa, 0x1f, 0x20, 0x03, 0xd5, 0xd6, 0xb9, 0xfe, 0x10,
  0xf4, 0x03, 0x00, 0xaa, 0xe2, 0xff, 0xff, 0xd0, 0x42, 0x34, 0x13, 0x91,
  0xe0, 0x03, 0x1f, 0x2a, 0xe1, 0x03, 0x16, 0xaa, 0xe4, 0x03, 0x13, 0xaa,
  0xf5, 0x07, 0x00, 0xf9, 0x9f, 0x04, 0x00, 0x94, 0xf7, 0x03, 0x1f, 0xaa,
  0xf5, 0x03, 0x1f, 0x2a, 0xf8, 0xff, 0xff, 0xb0, 0x18, 0xab, 0x3a, 0x91,
  0xf9, 0xff, 0xff, 0xb0, 0x39, 0x03, 0x3a, 0x91, 0xb3, 0x43, 0x1f, 0xb8,
  0x05, 0x00, 0x00, 0x14, 0xb5, 0x06, 0x00, 0x11, 0xf7, 0x12, 0x00, 0x91,
  0xff, 0xa2, 0x00, 0xf1, 0x00, 0x07, 0x00, 0x54, 0x88, 0x03, 0x17, 0x8b,
  0x1a, 0x4d, 0x43, 0xb9, 0x7a, 0xff, 0xff, 0x37, 0xa1, 0x33, 0x00, 0xd1,
  0xe0, 0x03, 0x1a, 0x2a, 0x82, 0x00, 0x80, 0x52, 0x03, 0x00, 0x88, 0x52,
  0xe4, 0x03, 0x1f, 0xaa, 0xe5, 0x03, 0x1f, 0x2a, 0x1d, 0x05, 0x00, 0x94,
  0x1f, 0x10, 0x00, 0xf1, 0x61, 0x02, 0x00, 0x54, 0xe0, 0x03, 0x1a, 0x2a,
  0xe1, 0x03, 0x14, 0xaa, 0xe2, 0x03, 0x13, 0xaa, 0x03, 0x00, 0x88, 0x52,
  0xe4, 0x03, 0x1f, 0xaa, 0xe5, 0x03, 0x1f, 0x2a, 0x14, 0x05, 0x00, 0x94,
  0x1f, 0x00, 0x13, 0xeb, 0x00, 0xfd, 0xff, 0x54, 0xcd, 0x04, 0x00, 0x94,
  0x00, 0x00, 0x40, 0xb9, 0xcf, 0x04, 0x00, 0x94, 0xe4, 0x03, 0x00, 0xaa,
  0x40, 0x00, 0x80, 0x52, 0xe1, 0x03, 0x16, 0xaa, 0xe2, 0xff, 0xff, 0xd0,
  0x42, 0x60, 0x0f, 0x91, 0x08, 0x00, 0x00, 0x14, 0xc4, 0x04, 0x00, 0x94,
  0x00, 0x00, 0x40, 0xb9, 0xc6, 0x04, 0x00, 0x94, 0xe4, 0x03, 0x00, 0xaa,
  0x40, 0x00, 0x80, 0x52, 0xe1, 0x03, 0x16, 0xaa, 0xe2, 0x03, 0x19, 0xaa,
  0xe3, 0x03, 0x1a, 0x2a, 0x6c, 0x04, 0x00, 0x94, 0x9b, 0x03, 0x17, 0x8b,
  0x7a, 0x4f, 0x43, 0xb9, 0x9a, 0xfa, 0xff, 0x37, 0x20, 0x00, 0x80, 0x52,
  0xe1, 0x03, 0x16, 0xaa, 0xe2, 0x03, 0x18, 0xaa, 0xe3, 0x03, 0x1a, 0x2a,
  0x64, 0x04, 0x00, 0x94, 0xe0, 0x03, 0x1a, 0x2a, 0xca, 0x04, 0x00, 0x94,
  0x08, 0x00, 0x80, 0x12, 0x68, 0x4f, 0x03, 0xb9, 0x88, 0x77, 0x43, 0xb9,
  0x08, 0x05, 0x00, 0x51, 0x88, 0x77, 0x03, 0xb9, 0xc7, 0xff, 0xff, 0x17,
  0x1f, 0x20, 0x03, 0xd5, 0x21, 0xb0, 0xfe, 0x10, 0xe2, 0xff, 0xff, 0xd0,
  0x42, 0x00, 0x25, 0x91, 0xe0, 0x03, 0x1f, 0x2a, 0xe3, 0x03, 0x15, 0x2a,
  0x55, 0x04, 0x00, 0x94, 0xbf, 0x06, 0x00, 0x71, 0xf5, 0x07, 0x40, 0xf9,
  0xe0, 0xa3, 0x9f, 0x5a, 0x08, 0x00, 0x00, 0x14, 0x1f, 0x20, 0x03, 0xd5,
  0xc1, 0xae, 0xfe, 0x10, 0xe2, 0xff, 0xff, 0xb0, 0x42, 0x38, 0x37, 0x91,
  0xe0, 0x03, 0x1f, 0x2a, 0x4b, 0x04, 0x00, 0x94, 0xe0, 0x03, 0x1f, 0x2a,
  0xa8, 0x16, 0x40, 0xf9, 0xa9, 0x83, 0x5f, 0xf8, 0x1f, 0x01, 0x09, 0xeb,
  0x21, 0x01, 0x00, 0x54, 0xf4, 0x4f, 0x47, 0xa9, 0xf6, 0x57, 0x46, 0xa9,
  0xf8, 0x5f, 0x45, 0xa9, 0xfa, 0x67, 0x44, 0xa9, 0xfc, 0x6f, 0x43, 0xa9,
  0xfd, 0x7b, 0x42, 0xa9, 0xff, 0x03, 0x02, 0x91, 0xc0, 0x03, 0x5f, 0xd6,
  0xa9, 0x04, 0x00, 0x94, 0xfd, 0x7b, 0xbe, 0xa9, 0xf3, 0x0b, 0x00, 0xf9,
  0xfd, 0x03, 0x00, 0x91, 0x1f, 0x20, 0x03, 0xd5, 0xf3, 0xab, 0xfe, 0x10,
  0xe2, 0xff, 0xff, 0xb0, 0x42, 0x2c, 0x35, 0x91, 0x20, 0x00, 0x80, 0x52,
  0xe1, 0x03, 0x13, 0xaa, 0x33, 0x04, 0x00, 0x94, 0xa2, 0x04, 0x00, 0x94,
  0xe2, 0xff, 0xff, 0xd0, 0x42, 0xb8, 0x1d, 0x91, 0x20, 0x00, 0x80, 0x52,
  0xe1, 0x03, 0x13, 0xaa, 0x2d, 0x04, 0x00, 0x94, 0xe0, 0x03, 0x1f, 0x2a,
  0xf3, 0x0b, 0x40, 0xf9, 0xfd, 0x7b, 0xc2, 0xa8, 0xc0, 0x03, 0x5f, 0xd6,
  0x1f, 0x20, 0x03, 0xd5, 0x60, 0xa0, 0x02, 0x10, 0xc0, 0x03, 0x5f, 0xd6,
  0xfd, 0x7b, 0xbe, 0xa9, 0xf3, 0x0b, 0x00, 0xf9, 0xfd, 0x03, 0x00, 0x91,
  0xc0, 0x02, 0x00, 0xb4, 0xf3, 0x03, 0x00, 0xaa, 0x1f, 0x20, 0x03, 0xd5,
  0x41, 0xa8, 0xfe, 0x70, 0xe2, 0xff, 0xff, 0xd0, 0x42, 0x2c, 0x15, 0x91,
  0x20, 0x00, 0x80, 0x52, 0x1b, 0x04, 0x00, 0x94, 0x68, 0x22, 0x48, 0x39,
  0x48, 0x02, 0x00, 0x34, 0x63, 0x0a, 0x43, 0xb9, 0xc9, 0xff, 0x9f, 0x12,
  0x68, 0x40, 0x40, 0x51, 0x1f, 0x01, 0x09, 0x6b, 0xe2, 0x02, 0x00, 0x54,
  0x1f, 0x20, 0x03, 0xd5, 0xa1, 0xa6, 0xfe, 0x70, 0xe2, 0xff, 0xff, 0xd0,
  0x42, 0x68, 0x12, 0x91, 0x60, 0x00, 0x80, 0x52, 0x0e, 0x04, 0x00, 0x94,
  0x0c, 0x00, 0x00, 0x14, 0x1f, 0x20, 0x03, 0xd5, 0xc1, 0xa5, 0xfe, 0x70,
  0xe2, 0xff, 0xff, 0xd0, 0x42, 0x38, 0x18, 0x91, 0x05, 0x00, 0x00, 0x14,
  0x1f, 0x20, 0x03, 0xd5, 0x21, 0xa5, 0xfe, 0x70, 0xe2, 0xff, 0xff, 0xb0,
  0x42, 0xcc, 0x3c, 0x91, 0x60, 0x00, 0x80, 0x52, 0x02, 0x04, 0x00, 0x94,
  0x00, 0x00, 0x80, 0x12, 0xf3, 0x0b, 0x40, 0xf9, 0xfd, 0x7b, 0xc2, 0xa8,
  0xc0, 0x03, 0x5f, 0xd6, 0x28, 0x00, 0x00, 0xd0, 0xe0, 0xe7, 0x07, 0x6f,
  0x09, 0x00, 0x80, 0x92, 0x08, 0xb5, 0x42, 0xf9, 0x1f, 0x20, 0x03, 0xd5,
  0x61, 0xa3, 0xfe, 0x70, 0xe2, 0xff, 0xff, 0x90, 0x42, 0xe4, 0x37, 0x91,
  0x63, 0x22, 0x08, 0x91, 0x0a, 0x31, 0x0d, 0x91, 0x1f, 0x75, 0x03, 0xb9,
  0x20, 0x00, 0x80, 0x52, 0x49, 0x11, 0x00, 0xf9, 0x09, 0x00, 0x80, 0x12,
  0x40, 0x01, 0x00, 0xad, 0x09, 0x49, 0x03, 0xb9, 0x64, 0x0a, 0x43, 0xb9,
  0xec, 0x03, 0x00, 0x94, 0xe0, 0x03, 0x1f, 0x2a, 0xea, 0xff, 0xff, 0x17,
  0xff, 0x43, 0x01, 0xd1, 0xfd, 0x7b, 0x02, 0xa9, 0xf6, 0x57, 0x03, 0xa9,
  0xf4, 0x4f, 0x04, 0xa9, 0xfd, 0x83, 0x00, 0x91, 0x55, 0xd0, 0x3b, 0xd5,
  0x1f, 0x20, 0x03, 0xd5, 0xa1, 0xa0, 0xfe, 0x70, 0xa8, 0x16, 0x40, 0xf9,
  0xe2, 0xff, 0xff, 0x90, 0x42, 0xbc, 0x38, 0x91, 0x20, 0x00, 0x80, 0x52,
  0x34, 0x00, 0x80, 0x52, 0xa8, 0x83, 0x1f, 0xf8, 0xdb, 0x03, 0x00, 0x94,
  0x40, 0x00, 0x80, 0x52, 0x21, 0x00, 0x80, 0x52, 0xe2, 0x03, 0x1f, 0x2a,
  0x1f, 0x04, 0x00, 0x94, 0x80, 0x09, 0xf8, 0x37, 0xe3, 0x13, 0x00, 0x91,
  0x21, 0x00, 0x80, 0x52, 0x42, 0x00, 0x80, 0x52, 0x84, 0x00, 0x80, 0x52,
  0xf3, 0x03, 0x00, 0x2a, 0xf4, 0x07, 0x00, 0xb9, 0x67, 0x04, 0x00, 0x94,
  0x60, 0x01, 0xf8, 0x36, 0x1d, 0x04, 0x00, 0x94, 0x00, 0x00, 0x40, 0xb9,
  0x1f, 0x04, 0x00, 0x94, 0xe3, 0x03, 0x00, 0xaa, 0x1f, 0x20, 0x03, 0xd5,
  0x61, 0x9d, 0xfe, 0x70, 0xe2, 0xff, 0xff, 0xb0, 0x42, 0x04, 0x09, 0x91,
  0x40, 0x00, 0x80, 0x52, 0xc4, 0x03, 0x00, 0x94, 0xe0, 0x03, 0x13, 0x2a,
  0x61, 0x00, 0x80, 0x52, 0xe2, 0x03, 0x1f, 0x2a, 0x0c, 0x04, 0x00, 0x94,
  0xc0, 0x00, 0xf8, 0x37, 0x02, 0x00, 0x15, 0x32, 0xe0, 0x03, 0x13, 0x2a,
  0x81, 0x00, 0x80, 0x52, 0x07, 0x04, 0x00, 0x94, 0x60, 0x01, 0xf8, 0x36,
  0x09, 0x04, 0x00, 0x94, 0x00, 0x00, 0x40, 0xb9, 0x0b, 0x04, 0x00, 0x94,
  0xe3, 0x03, 0x00, 0xaa, 0x1f, 0x20, 0x03, 0xd5, 0xe1, 0x9a, 0xfe, 0x70,
  0xe2, 0xff, 0xff, 0xb0, 0x42, 0x9c, 0x1f, 0x91, 0x40, 0x00, 0x80, 0x52,
  0xb0, 0x03, 0x00, 0x94, 0x36, 0x00, 0x00, 0xb0, 0x49, 0x00, 0x80, 0x52,
  0x40, 0x00, 0x80, 0x52, 0xd6, 0xb6, 0x42, 0xf9, 0xe9, 0x13, 0x00, 0x79,
  0xe9, 0x23, 0x00, 0x91, 0x22, 0x11, 0x00, 0x91, 0xff, 0x17, 0x00, 0xb9,
  0xc8, 0x12, 0x46, 0x79, 0xc1, 0x22, 0x08, 0x91, 0xff, 0xc3, 0x00, 0xf8,
  0x08, 0x09, 0xc0, 0x5a, 0x08, 0x7d, 0x10, 0x53, 0xe8, 0x17, 0x00, 0x79,
  0x3d, 0x04, 0x00, 0x94, 0x1f, 0x00, 0x00, 0x71, 0x0d, 0x04, 0x00, 0x54,
  0xe1, 0x23, 0x00, 0x91, 0xe0, 0x03, 0x13, 0x2a, 0x02, 0x02, 0x80, 0x52,
  0xfb, 0x03, 0x00, 0x94, 0x20, 0x04, 0xf8, 0x37, 0xe0, 0x03, 0x13, 0x2a,
  0x41, 0x01, 0x80, 0x52, 0xfb, 0x03, 0x00, 0x94, 0x60, 0x05, 0xf8, 0x37,
  0xc4, 0x0a, 0x43, 0xb9, 0x1f, 0x20, 0x03, 0xd5, 0xc1, 0x96, 0xfe, 0x70,
  0xe2, 0xff, 0xff, 0xb0, 0x42, 0x84, 0x15, 0x91, 0xc3, 0x22, 0x08, 0x91,
  0x20, 0x00, 0x80, 0x52, 0xd3, 0x4a, 0x03, 0xb9, 0x8d, 0x03, 0x00, 0x94,
  0xe0, 0x03, 0x1f, 0x2a, 0x2d, 0x00, 0x00, 0x14, 0xda, 0x03, 0x00, 0x94,
  0x00, 0x00, 0x40, 0xb9, 0xdc, 0x03, 0x00, 0x94, 0xe3, 0x03, 0x00, 0xaa,
  0x1f, 0x20, 0x03, 0xd5, 0x01, 0x95, 0xfe, 0x70, 0xe2, 0xff, 0xff, 0xb0,
  0x42, 0xc4, 0x14, 0x91, 0x60, 0x00, 0x80, 0x52, 0x81, 0x03, 0x00, 0x94,
  0x21, 0x00, 0x00, 0x14, 0x1f, 0x20, 0x03, 0xd5, 0x21, 0x94, 0xfe, 0x70,
  0xe2, 0xff, 0xff, 0xb0, 0x42, 0xf4, 0x1a, 0x91, 0xc3, 0x22, 0x08, 0x91,
  0x17, 0x00, 0x00, 0x14, 0xd4, 0x0a, 0x43, 0xb9, 0xc8, 0x03, 0x00, 0x94,
  0x00, 0x00, 0x40, 0xb9, 0xca, 0x03, 0x00, 0x94, 0xe5, 0x03, 0x00, 0xaa,
  0x1f, 0x20, 0x03, 0xd5, 0xc1, 0x92, 0xfe, 0x70, 0xe2, 0xff, 0xff, 0xb0,
  0x42, 0x40, 0x20, 0x91, 0xc3, 0x22, 0x08, 0x91, 0x60, 0x00, 0x80, 0x52,
  0xe4, 0x03, 0x14, 0x2a, 0x6d, 0x03, 0x00, 0x94, 0x0b, 0x00, 0x00, 0x14,
  0xbb, 0x03, 0x00, 0x94, 0x00, 0x00, 0x40, 0xb9, 0xbd, 0x03, 0x00, 0x94,
  0xe3, 0x03, 0x00, 0xaa, 0x1f, 0x20, 0x03, 0xd5, 0x21, 0x91, 0xfe, 0x70,
  0xe2, 0xff, 0xff, 0x90, 0x42, 0xe0, 0x3e, 0x91, 0x60, 0x00, 0x80, 0x52,
  0x62, 0x03, 0x00, 0x94, 0xe0, 0x03, 0x13, 0x2a, 0xc8, 0x03, 0x00, 0x94,
  0x00, 0x00, 0x80, 0x12, 0xa8, 0x16, 0x40, 0xf9, 0xa9, 0x83, 0x5f, 0xf8,
  0x1f, 0x01, 0x09, 0xeb, 0xc1, 0x00, 0x00, 0x54, 0xf4, 0x4f, 0x44, 0xa9,
  0xf6, 0x57, 0x43, 0xa9, 0xfd, 0x7b, 0x42, 0xa9, 0xff, 0x43, 0x01, 0x91,
  0xc0, 0x03, 0x5f, 0xd6, 0xc1, 0x03, 0x00, 0x94, 0xfd, 0x7b, 0xbb, 0xa9,
  0xf9, 0x0b, 0x00, 0xf9, 0xf8, 0x5f, 0x02, 0xa9, 0xf6, 0x57, 0x03, 0xa9,
  0xf4, 0x4f, 0x04, 0xa9, 0xfd, 0x03, 0x00, 0x91, 0x1f, 0x20, 0x03, 0xd5,
  0x13, 0x8e, 0xfe, 0x70, 0xe2, 0xff, 0xff, 0x90, 0x42, 0x24, 0x3b, 0x91,
  0x20, 0x00, 0x80, 0x52, 0xe1, 0x03, 0x13, 0xaa, 0x48, 0x03, 0x00, 0x94,
  0x36, 0x00, 0x00, 0xb0, 0xf7, 0x03, 0x1f, 0xaa, 0xf4, 0xff, 0xff, 0x90,
  0x94, 0xaa, 0x3a, 0x91, 0xd6, 0xb6, 0x42, 0xf9, 0x18, 0x00, 0x80, 0x12,
  0x04, 0x00, 0x00, 0x14, 0xf7, 0x12, 0x00, 0x91, 0xff, 0xa2, 0x00, 0xf1,
  0x00, 0x02, 0x00, 0x54, 0xd9, 0x02, 0x17, 0x8b, 0x35, 0x4f, 0x43, 0xb9,
  0x75, 0xff, 0xff, 0x37, 0x20, 0x00, 0x80, 0x52, 0xe1, 0x03, 0x13, 0xaa,
  0xe2, 0x03, 0x14, 0xaa, 0xe3, 0x03, 0x15, 0x2a, 0x36, 0x03, 0x00, 0x94,
  0xe0, 0x03, 0x15, 0x2a, 0x9c, 0x03, 0x00, 0x94, 0x38, 0x4f, 0x03, 0xb9,
  0xc8, 0x76, 0x43, 0xb9, 0x08, 0x05, 0x00, 0x51, 0xc8, 0x76, 0x03, 0xb9,
  0xef, 0xff, 0xff, 0x17, 0xc0, 0x4a, 0x43, 0xb9, 0x80, 0x00, 0xf8, 0x37,
  0x94, 0x03, 0x00, 0x94, 0x08, 0x00, 0x80, 0x12, 0xc8, 0x4a, 0x03, 0xb9,
  0x1f, 0x20, 0x03, 0xd5, 0x61, 0x89, 0xfe, 0x70, 0xe2, 0xff, 0xff, 0xb0,
  0x42, 0x70, 0x0a, 0x91, 0x20, 0x00, 0x80, 0x52, 0xdf, 0x76, 0x03, 0xb9,
  0x23, 0x03, 0x00, 0x94, 0xe0, 0x03, 0x1f, 0x2a, 0xf4, 0x4f, 0x44, 0xa9,
  0xf9, 0x0b, 0x40, 0xf9, 0xf6, 0x57, 0x43, 0xa9, 0xf8, 0x5f, 0x42, 0xa9,
  0xfd, 0x7b, 0xc5, 0xa8, 0xc0, 0x03, 0x5f, 0xd6, 0x1f, 0x24, 0x00, 0x71,
  0xa8, 0x03, 0x00, 0x54, 0xfd, 0x7b, 0xbd, 0xa9, 0xf5, 0x0b, 0x00, 0xf9,
  0xf4, 0x4f, 0x02, 0xa9, 0xfd, 0x03, 0x00, 0x91, 0x34, 0x00, 0x00, 0xb0,
  0x94, 0xb6, 0x42, 0xf9, 0x88, 0x4a, 0x20, 0x8b, 0x13, 0x4d, 0x43, 0xb9,
  0x33, 0x02, 0xf8, 0x37, 0xf5, 0x03, 0x00, 0x2a, 0x1f, 0x20, 0x03, 0xd5,
  0x21, 0x86, 0xfe, 0x70, 0xe2, 0xff, 0xff, 0x90, 0x42, 0xa8, 0x3a, 0x91,
  0x20, 0x00, 0x80, 0x52, 0xe3, 0x03, 0x13, 0x2a, 0x09, 0x03, 0x00, 0x94,
  0xe0, 0x03, 0x13, 0x2a, 0x6f, 0x03, 0x00, 0x94, 0x88, 0x0a, 0x15, 0x8b,
  0x09, 0x00, 0x80, 0x12, 0x09, 0x4d, 0x03, 0xb9, 0x88, 0x76, 0x43, 0xb9,
  0x08, 0x05, 0x00, 0x51, 0x88, 0x76, 0x03, 0xb9, 0xf4, 0x4f, 0x42, 0xa9,
  0xf5, 0x0b, 0x40, 0xf9, 0xfd, 0x7b, 0xc3, 0xa8, 0xc0, 0x03, 0x5f, 0xd6,
  0xfd, 0x7b, 0xbe, 0xa9, 0xf4, 0x4f, 0x01, 0xa9, 0xfd, 0x03, 0x00, 0x91,
  0x40, 0x01, 0x00, 0xb4, 0x21, 0x01, 0x00, 0xb4, 0xf3, 0x03, 0x00, 0xaa,
  0xf4, 0x03, 0x01, 0xaa, 0x99, 0x03, 0x00, 0x94, 0xe0, 0x03, 0x13, 0xaa,
  0xe1, 0x03, 0x14, 0xaa, 0xf4, 0x4f, 0x41, 0xa9, 0xfd, 0x7b, 0xc2, 0xa8,
  0x98, 0x03, 0x00, 0x14, 0x1f, 0x20, 0x03, 0xd5, 0x21, 0x82, 0xfe, 0x70,
  0xe2, 0xff, 0xff, 0x90, 0x42, 0xa4, 0x3d, 0x91, 0x40, 0x00, 0x80, 0x52,
  0xea, 0x02, 0x00, 0x94, 0x00, 0x00, 0x80, 0x12, 0xf4, 0x4f, 0x41, 0xa9,
  0xfd, 0x7b, 0xc2, 0xa8, 0xc0, 0x03, 0x5f, 0xd6, 0xff, 0x03, 0x04, 0xd1,
  0xfd, 0x7b, 0x0d, 0xa9, 0xf5, 0x73, 0x00, 0xf9, 0xf4, 0x4f, 0x0f, 0xa9,
  0xfd, 0x43, 0x03, 0x91, 0x54, 0xd0, 0x3b, 0xd5, 0x35, 0x00, 0x00, 0xb0,
  0x88, 0x16, 0x40, 0xf9, 0xb5, 0xb6, 0x42, 0xf9, 0xa8, 0x83, 0x1f, 0xf8,
  0xa0, 0x4a, 0x43, 0xb9, 0x60, 0x08, 0xf8, 0x37, 0x00, 0xe4, 0x00, 0x6f,
  0xe8, 0x03, 0x01, 0x91, 0xe1, 0x03, 0x01, 0x91, 0x02, 0x10, 0x80, 0x52,
  0xff, 0x7f, 0x01, 0xa9, 0xe0, 0x03, 0x02, 0xad, 0xe0, 0x03, 0x03, 0xad,
  0xe0, 0x23, 0x80, 0x3d, 0x00, 0x81, 0x02, 0xad, 0x00, 0x1d, 0x80, 0x3d,
  0x53, 0x03, 0x00, 0x94, 0xa8, 0x4a, 0x43, 0xb9, 0xe1, 0x03, 0x01, 0x91,
  0xe4, 0x43, 0x00, 0x91, 0xe2, 0x03, 0x1f, 0xaa, 0xe3, 0x03, 0x1f, 0xaa,
  0x00, 0x05, 0x00, 0x11, 0x50, 0x03, 0x00, 0x94, 0x1f, 0x04, 0x00, 0x71,
  0xcb, 0x0c, 0x00, 0x54, 0xa0, 0x4a, 0x43, 0xb9, 0xe1, 0x03, 0x01, 0x91,
  0x02, 0x10, 0x80, 0x52, 0x4e, 0x03, 0x00, 0x94, 0x40, 0x0c, 0x00, 0x34,
  0xa0, 0x4a, 0x43, 0xb9, 0x08, 0x02, 0x80, 0x52, 0xe1, 0xc3, 0x00, 0x91,
  0xe2, 0x33, 0x00, 0x91, 0xe8, 0x0f, 0x00, 0xb9, 0x4b, 0x03, 0x00, 0x94,
  0xe0, 0x03, 0xf8, 0x37, 0xa8, 0x4e, 0x43, 0xb9, 0x68, 0x04, 0xf8, 0x37,
  0xa8, 0x52, 0x43, 0xb9, 0xa8, 0x05, 0xf8, 0x37, 0xa8, 0x56, 0x43, 0xb9,
  0xa8, 0x05, 0xf8, 0x37, 0xa8, 0x5a, 0x43, 0xb9, 0xa8, 0x05, 0xf8, 0x37,
  0xa8, 0x5e, 0x43, 0xb9, 0xa8, 0x05, 0xf8, 0x37, 0xa8, 0x62, 0x43, 0xb9,
  0xa8, 0x05, 0xf8, 0x37, 0xa8, 0x66, 0x43, 0xb9, 0xa8, 0x05, 0xf8, 0x37,
  0xa8, 0x6a, 0x43, 0xb9, 0xa8, 0x05, 0xf8, 0x37, 0xa8, 0x6e, 0x43, 0xb9,
  0xa8, 0x05, 0xf8, 0x37, 0xa8, 0x72, 0x43, 0xb9, 0xa8, 0x05, 0xf8, 0x37,
  0x1f, 0x20, 0x03, 0xd5, 0xe1, 0x78, 0xfe, 0x70, 0xe2, 0xff, 0xff, 0xb0,
  0x42, 0x0c, 0x19, 0x91, 0xf3, 0x03, 0x00, 0x2a, 0x40, 0x00, 0x80, 0x52,
  0x9f, 0x02, 0x00, 0x94, 0xe0, 0x03, 0x13, 0x2a, 0x05, 0x03, 0x00, 0x94,
  0x3c, 0x00, 0x00, 0x14, 0xeb, 0x02, 0x00, 0x94, 0x00, 0x00, 0x40, 0xb9,
  0x1f, 0x2c, 0x00, 0x71, 0xa1, 0x00, 0x00, 0x54, 0x00, 0x00, 0x80, 0x12,
  0x37, 0x00, 0x00, 0x14, 0xe8, 0x03, 0x1f, 0xaa, 0x1c, 0x00, 0x00, 0x14,
  0xe7, 0x02, 0x00, 0x94, 0xe3, 0x03, 0x00, 0xaa, 0x1f, 0x20, 0x03, 0xd5,
  0x61, 0x76, 0xfe, 0x70, 0xe2, 0xff, 0xff, 0xb0, 0x42, 0x70, 0x02, 0x91,
  0x40, 0x00, 0x80, 0x52, 0x8c, 0x02, 0x00, 0x94, 0x00, 0x00, 0x80, 0x12,
  0x2b, 0x00, 0x00, 0x14, 0x28, 0x00, 0x80, 0x52, 0x10, 0x00, 0x00, 0x14,
  0x48, 0x00, 0x80, 0x52, 0x0e, 0x00, 0x00, 0x14, 0x68, 0x00, 0x80, 0x52,
  0x0c, 0x00, 0x00, 0x14, 0x88, 0x00, 0x80, 0x52, 0x0a, 0x00, 0x00, 0x14,
  0xa8, 0x00, 0x80, 0x52, 0x08, 0x00, 0x00, 0x14, 0xc8, 0x00, 0x80, 0x52,
  0x06, 0x00, 0x00, 0x14, 0xe8, 0x00, 0x80, 0x52, 0x04, 0x00, 0x00, 0x14,
  0x08, 0x01, 0x80, 0x52, 0x02, 0x00, 0x00, 0x14, 0x28, 0x01, 0x80, 0x52,
  0xa8, 0x0a, 0x08, 0x8b, 0xe2, 0x83, 0x00, 0x91, 0xf3, 0x03, 0x00, 0x2a,
  0x03, 0x02, 0x80, 0x52, 0x00, 0x4d, 0x03, 0xb9, 0x40, 0x00, 0x80, 0x52,
  0xa8, 0x76, 0x43, 0xb9, 0x08, 0x05, 0x00, 0x11, 0xa8, 0x76, 0x03, 0xb9,
  0xe8, 0xc3, 0x00, 0x91, 0x01, 0x11, 0x00, 0x91, 0x19, 0x03, 0x00, 0x94,
  0xe8, 0x67, 0x40, 0x79, 0xa6, 0x76, 0x43, 0xb9, 0x1f, 0x20, 0x03, 0xd5,
  0x81, 0x71, 0xfe, 0x70, 0xe2, 0xff, 0xff, 0x90, 0x42, 0x20, 0x34, 0x91,
  0x08, 0x09, 0xc0, 0x5a, 0xe3, 0x83, 0x00, 0x91, 0x20, 0x00, 0x80, 0x52,
  0x04, 0x7d, 0x10, 0x53, 0xe5, 0x03, 0x13, 0x2a, 0x61, 0x02, 0x00, 0x94,
  0xe0, 0x03, 0x1f, 0x2a, 0x88, 0x16, 0x40, 0xf9, 0xa9, 0x83, 0x5f, 0xf8,
  0x1f, 0x01, 0x09, 0xeb, 0xc1, 0x00, 0x00, 0x54, 0xf4, 0x4f, 0x4f, 0xa9,
  0xf5, 0x73, 0x40, 0xf9, 0xfd, 0x7b, 0x4d, 0xa9, 0xff, 0x03, 0x04, 0x91,
  0xc0, 0x03, 0x5f, 0xd6, 0xc2, 0x02, 0x00, 0x94, 0xff, 0x03, 0x02, 0xd1,
  0xfd, 0x7b, 0x02, 0xa9, 0xfc, 0x6f, 0x03, 0xa9, 0xfa, 0x67, 0x04, 0xa9,
  0xf8, 0x5f, 0x05, 0xa9, 0xf6, 0x57, 0x06, 0xa9, 0xf4, 0x4f, 0x07, 0xa9,
  0xfd, 0x83, 0x00, 0x91, 0x55, 0xd0, 0x3b, 0xd5, 0x3c, 0x00, 0x00, 0xb0,
  0xa8, 0x16, 0x40, 0xf9, 0x9c, 0xb7, 0x42, 0xf9, 0xa8, 0x83, 0x1f, 0xf8,
  0x83, 0x77, 0x43, 0xb9, 0x43, 0x0b, 0x00, 0x34, 0xf3, 0x03, 0x01, 0xaa,
  0x1f, 0x20, 0x03, 0xd5, 0xf6, 0x6c, 0xfe, 0x70, 0xf4, 0x03, 0x00, 0xaa,
  0xe2, 0xff, 0xff, 0xb0, 0x42, 0x34, 0x13, 0x91, 0xe0, 0x03, 0x1f, 0x2a,
  0xe1, 0x03, 0x16, 0xaa, 0xe4, 0x03, 0x13, 0xaa, 0xf5, 0x07, 0x00, 0xf9,
  0x3c, 0x02, 0x00, 0x94, 0xf7, 0x03, 0x1f, 0xaa, 0xf5, 0x03, 0x1f, 0x2a,
  0xf8, 0xff, 0xff, 0x90, 0x18, 0xab, 0x3a, 0x91, 0xf9, 0xff, 0xff, 0x90,
  0x39, 0x03, 0x3a, 0x91, 0xb3, 0x43, 0x1f, 0xb8, 0x05, 0x00, 0x00, 0x14,
  0xb5, 0x06, 0x00, 0x11, 0xf7, 0x12, 0x00, 0x91, 0xff, 0xa2, 0x00, 0xf1,
  0x00, 0x07, 0x00, 0x54, 0x88, 0x03, 0x17, 0x8b, 0x1a, 0x4d, 0x43, 0xb9,
  0x7a, 0xff, 0xff, 0x37, 0xa1, 0x33, 0x00, 0xd1, 0xe0, 0x03, 0x1a, 0x2a,
  0x82, 0x00, 0x80, 0x52, 0x03, 0x00, 0x88, 0x52, 0xe4, 0x03, 0x1f, 0xaa,
  0xe5, 0x03, 0x1f, 0x2a, 0xba, 0x02, 0x00, 0x94, 0x1f, 0x10, 0x00, 0xf1,
  0x61, 0x02, 0x00, 0x54, 0xe0, 0x03, 0x1a, 0x2a, 0xe1, 0x03, 0x14, 0xaa,
  0xe2, 0x03, 0x13, 0xaa, 0x03, 0x00, 0x88, 0x52, 0xe4, 0x03, 0x1f, 0xaa,
  0xe5, 0x03, 0x1f, 0x2a, 0xb1, 0x02, 0x00, 0x94, 0x1f, 0x00, 0x13, 0xeb,
  0x00, 0xfd, 0xff, 0x54, 0x6a, 0x02, 0x00, 0x94, 0x00, 0x00, 0x40, 0xb9,
  0x6c, 0x02, 0x00, 0x94, 0xe4, 0x03, 0x00, 0xaa, 0x40, 0x00, 0x80, 0x52,
  0xe1, 0x03, 0x16, 0xaa, 0xe2, 0xff, 0xff, 0xb0, 0x42, 0x60, 0x0f, 0x91,
  0x08, 0x00, 0x00, 0x14, 0x61, 0x02, 0x00, 0x94, 0x00, 0x00, 0x40, 0xb9,
  0x63, 0x02, 0x00, 0x94, 0xe4, 0x03, 0x00, 0xaa, 0x40, 0x00, 0x80, 0x52,
  0xe1, 0x03, 0x16, 0xaa, 0xe2, 0x03, 0x19, 0xaa, 0xe3, 0x03, 0x1a, 0x2a,
  0x09, 0x02, 0x00, 0x94, 0x9b, 0x03, 0x17, 0x8b, 0x7a, 0x4f, 0x43, 0xb9,
  0x9a, 0xfa, 0xff, 0x37, 0x20, 0x00, 0x80, 0x52, 0xe1, 0x03, 0x16, 0xaa,
  0xe2, 0x03, 0x18, 0xaa, 0xe3, 0x03, 0x1a, 0x2a, 0x01, 0x02, 0x00, 0x94,
  0xe0, 0x03, 0x1a, 0x2a, 0x67, 0x02, 0x00, 0x94, 0x08, 0x00, 0x80, 0x12,
  0x68, 0x4f, 0x03, 0xb9, 0x88, 0x77, 0x43, 0xb9, 0x08, 0x05, 0x00, 0x51,
  0x88, 0x77, 0x03, 0xb9, 0xc7, 0xff, 0xff, 0x17, 0x1f, 0x20, 0x03, 0xd5,
  0x41, 0x63, 0xfe, 0x70, 0xe2, 0xff, 0xff, 0xb0, 0x42, 0x00, 0x25, 0x91,
  0xe0, 0x03, 0x1f, 0x2a, 0xe3, 0x03, 0x15, 0x2a, 0xf2, 0x01, 0x00, 0x94,
  0xbf, 0x06, 0x00, 0x71, 0xf5, 0x07, 0x40, 0xf9, 0xe0, 0xa3, 0x9f, 0x5a,
  0x08, 0x00, 0x00, 0x14, 0x1f, 0x20, 0x03, 0xd5, 0xe1, 0x61, 0xfe, 0x70,
  0xe2, 0xff, 0xff, 0x90, 0x42, 0x38, 0x37, 0x91, 0xe0, 0x03, 0x1f, 0x2a,
  0xe8, 0x01, 0x00, 0x94, 0xe0, 0x03, 0x1f, 0x2a, 0xa8, 0x16, 0x40, 0xf9,
  0xa9, 0x83, 0x5f, 0xf8, 0x1f, 0x01, 0x09, 0xeb, 0x21, 0x01, 0x00, 0x54,
  0xf4, 0x4f, 0x47, 0xa9, 0xf6, 0x57, 0x46, 0xa9, 0xf8, 0x5f, 0x45, 0xa9,
  0xfa, 0x67, 0x44, 0xa9, 0xfc, 0x6f, 0x43, 0xa9, 0xfd, 0x7b, 0x42, 0xa9,
  0xff, 0x03, 0x02, 0x91, 0xc0, 0x03, 0x5f, 0xd6, 0x46, 0x02, 0x00, 0x94,
  0xfd, 0x7b, 0xbe, 0xa9, 0xf3, 0x0b, 0x00, 0xf9, 0xfd, 0x03, 0x00, 0x91,
  0x1f, 0x20, 0x03, 0xd5, 0x13, 0x5f, 0xfe, 0x70, 0xe2, 0xff, 0xff, 0xb0,
  0x42, 0x68, 0x1b, 0x91, 0x20, 0x00, 0x80, 0x52, 0xe1, 0x03, 0x13, 0xaa,
  0xd0, 0x01, 0x00, 0x94, 0x6f, 0x02, 0x00, 0x94, 0xe2, 0xff, 0xff, 0xb0,
  0x42, 0x44, 0x1e, 0x91, 0x20, 0x00, 0x80, 0x52, 0xe1, 0x03, 0x13, 0xaa,
  0xca, 0x01, 0x00, 0x94, 0xe0, 0x03, 0x1f, 0x2a, 0xf3, 0x0b, 0x40, 0xf9,
  0xfd, 0x7b, 0xc2, 0xa8, 0xc0, 0x03, 0x5f, 0xd6, 0x1f, 0x20, 0x03, 0xd5,
  0x40, 0x55, 0x02, 0x10, 0xc0, 0x03, 0x5f, 0xd6, 0xfd, 0x7b, 0xbd, 0xa9,
  0xf6, 0x57, 0x01, 0xa9, 0xf4, 0x4f, 0x02, 0xa9, 0xfd, 0x03, 0x00, 0x91,
  0xf3, 0x03, 0x00, 0xaa, 0x1f, 0x20, 0x03, 0xd5, 0x81, 0x8c, 0xfe, 0x70,
  0xe2, 0xff, 0xff, 0xb0, 0x42, 0xb4, 0x1b, 0x91, 0x03, 0x40, 0x00, 0x91,
  0x20, 0x00, 0x80, 0x52, 0xb7, 0x01, 0x00, 0x94, 0x35, 0x00, 0x00, 0xb0,
  0xb5, 0xbe, 0x42, 0xf9, 0xa8, 0x02, 0x40, 0xf9, 0x68, 0x01, 0x00, 0xb4,
  0x28, 0x00, 0x00, 0xb0, 0x29, 0x00, 0x00, 0xb0, 0x2a, 0x00, 0x00, 0xb0,
  0x08, 0xc1, 0x42, 0xf9, 0xbf, 0x02, 0x00, 0xf9, 0x29, 0xc5, 0x42, 0xf9,
  0x4a, 0xc9, 0x42, 0xf9, 0x1f, 0x01, 0x00, 0xf9, 0x3f, 0x01, 0x00, 0xf9,
  0x5f, 0x01, 0x00, 0xf9, 0x36, 0x00, 0x00, 0xb0, 0xd6, 0xba, 0x42, 0xf9,
  0xc0, 0x02, 0x40, 0xb9, 0x80, 0x00, 0xf8, 0x37, 0x0c, 0x02, 0x00, 0x94,
  0x08, 0x00, 0x80, 0x12, 0xc8, 0x02, 0x00, 0xb9, 0xf4, 0xff, 0xff, 0xb0,
  0x94, 0xd2, 0x20, 0x91, 0xe0, 0x03, 0x14, 0xaa, 0x12, 0x02, 0x00, 0x94,
  0x28, 0x00, 0x00, 0xb0, 0xe0, 0x03, 0x14, 0xaa, 0x08, 0xcd, 0x42, 0xf9,
  0x1f, 0x01, 0x00, 0xf9, 0x0d, 0x02, 0x00, 0x94, 0xe0, 0x03, 0x14, 0xaa,
  0x41, 0x08, 0x80, 0x52, 0xc2, 0x36, 0x80, 0x52, 0x45, 0x02, 0x00, 0x94,
  0x20, 0x05, 0xf8, 0x37, 0x61, 0x42, 0x00, 0x91, 0xf4, 0x03, 0x00, 0x2a,
  0x45, 0x02, 0x00, 0x94, 0x1f, 0x20, 0x03, 0xd5, 0xe1, 0x86, 0xfe, 0x70,
  0x40, 0x05, 0xf8, 0x37, 0xe2, 0xff, 0xff, 0xb0, 0x42, 0x08, 0x14, 0x91,
  0xe0, 0x03, 0x1f, 0x2a, 0x8a, 0x01, 0x00, 0x94, 0x61, 0x42, 0x00, 0x91,
  0xe0, 0x03, 0x1f, 0xaa, 0x62, 0x00, 0x80, 0x52, 0x23, 0x00, 0x80, 0x52,
  0xe4, 0x03, 0x14, 0x2a, 0xe5, 0x03, 0x1f, 0xaa, 0x3b, 0x02, 0x00, 0x94,
  0x1f, 0x04, 0x00, 0xb1, 0x20, 0x04, 0x00, 0x54, 0xd4, 0x02, 0x00, 0xb9,
  0x28, 0x00, 0x00, 0xb0, 0x2a, 0x00, 0x00, 0xb0, 0xa0, 0x02, 0x00, 0xf9,
  0x09, 0x20, 0x00, 0x91, 0x1f, 0x20, 0x03, 0xd5, 0x41, 0x84, 0xfe, 0x70,
  0x08, 0xc1, 0x42, 0xf9, 0x4a, 0xc5, 0x42, 0xf9, 0xe2, 0xff, 0xff, 0xb0,
  0x42, 0xa8, 0x1e, 0x91, 0x00, 0x01, 0x00, 0xf9, 0x28, 0x00, 0x00, 0xb0,
  0x08, 0xc9, 0x42, 0xf9, 0x49, 0x01, 0x00, 0xf9, 0x09, 0x40, 0x00, 0x91,
  0x20, 0x00, 0x80, 0x52, 0x09, 0x01, 0x00, 0xf9, 0x6e, 0x01, 0x00, 0x94,
  0xe0, 0x03, 0x1f, 0x2a, 0x12, 0x00, 0x00, 0x14, 0x1f, 0x20, 0x03, 0xd5,
  0x41, 0x82, 0xfe, 0x70, 0xe2, 0xff, 0xff, 0xb0, 0x42, 0x44, 0x21, 0x91,
  0x60, 0x00, 0x80, 0x52, 0x66, 0x01, 0x00, 0x94, 0x0a, 0x00, 0x00, 0x14,
  0xe2, 0xff, 0xff, 0xb0, 0x42, 0x44, 0x21, 0x91, 0x60, 0x00, 0x80, 0x52,
  0x61, 0x01, 0x00, 0x94, 0xe0, 0x03, 0x14, 0x2a, 0xc7, 0x01, 0x00, 0x94,
  0xe0, 0xff, 0xff, 0xb0, 0x00, 0xd0, 0x20, 0x91, 0xd0, 0x01, 0x00, 0x94,
  0x00, 0x00, 0x80, 0x12, 0xf4, 0x4f, 0x42, 0xa9, 0xf6, 0x57, 0x41, 0xa9,
  0xfd, 0x7b, 0xc3, 0xa8, 0xc0, 0x03, 0x5f, 0xd6, 0x28, 0x00, 0x00, 0xb0,
  0x08, 0xbd, 0x42, 0xf9, 0x09, 0x01, 0x40, 0xf9, 0x69, 0x01, 0x00, 0xb4,
  0x29, 0x00, 0x00, 0xb0, 0x2a, 0x00, 0x00, 0xb0, 0x29, 0xc1, 0x42, 0xf9,
  0x1f, 0x01, 0x00, 0xf9, 0x28, 0x00, 0x00, 0xb0, 0x08, 0xc5, 0x42, 0xf9,
  0x4a, 0xc9, 0x42, 0xf9, 0x3f, 0x01, 0x00, 0xf9, 0x1f, 0x01, 0x00, 0xf9,
  0x5f, 0x01, 0x00, 0xf9, 0xfd, 0x7b, 0xbe, 0xa9, 0xf4, 0x4f, 0x01, 0xa9,
  0xfd, 0x03, 0x00, 0x91, 0x34, 0x00, 0x00, 0xb0, 0x94, 0xba, 0x42, 0xf9,
  0x80, 0x02, 0x40, 0xb9, 0xe0, 0x00, 0xf8, 0x37, 0xa9, 0x01, 0x00, 0x94,
  0x1f, 0x00, 0x00, 0x71, 0x08, 0x00, 0x80, 0x12, 0xf3, 0x03, 0x9f, 0x5a,
  0x88, 0x02, 0x00, 0xb9, 0x02, 0x00, 0x00, 0x14, 0xf3, 0x03, 0x1f, 0x2a,
  0xe0, 0xff, 0xff, 0xb0, 0x00, 0xd0, 0x20, 0x91, 0xac, 0x01, 0x00, 0x94,
  0x28, 0x00, 0x00, 0xb0, 0xe0, 0x03, 0x13, 0x2a, 0x08, 0xcd, 0x42, 0xf9,
  0x1f, 0x01, 0x00, 0xf9, 0xf4, 0x4f, 0x41, 0xa9, 0xfd, 0x7b, 0xc2, 0xa8,
  0xc0, 0x03, 0x5f, 0xd6, 0xfd, 0x7b, 0xbe, 0xa9, 0xf4, 0x4f, 0x01, 0xa9,
  0xfd, 0x03, 0x00, 0x91, 0xf4, 0x03, 0x00, 0xaa, 0x1f, 0x20, 0x03, 0xd5,
  0x61, 0x7a, 0xfe, 0x70, 0xe2, 0xff, 0xff, 0xb0, 0x42, 0x10, 0x05, 0x91,
  0x03, 0x40, 0x00, 0x91, 0x20, 0x00, 0x80, 0x52, 0x26, 0x01, 0x00, 0x94,
  0xe0, 0xff, 0xff, 0xb0, 0x00, 0xd0, 0x20, 0x91, 0x41, 0x00, 0x80, 0x52,
  0xde, 0x01, 0x00, 0x94, 0x80, 0x04, 0xf8, 0x37, 0xf3, 0x03, 0x00, 0x2a,
  0x81, 0x42, 0x00, 0x91, 0xe0, 0x03, 0x1f, 0xaa, 0x62, 0x00, 0x80, 0x52,
  0x23, 0x00, 0x80, 0x52, 0xe4, 0x03, 0x13, 0x2a, 0xe5, 0x03, 0x1f, 0xaa,
  0xd1, 0x01, 0x00, 0x94, 0x1f, 0x04, 0x00, 0xb1, 0x20, 0x04, 0x00, 0x54,
  0x28, 0x00, 0x00, 0xb0, 0x29, 0x00, 0x00, 0xb0, 0x2a, 0x00, 0x00, 0xb0,
  0x08, 0xb9, 0x42, 0xf9, 0x29, 0xbd, 0x42, 0xf9, 0x4a, 0xc1, 0x42, 0xf9,
  0x1f, 0x20, 0x03, 0xd5, 0xe1, 0x76, 0xfe, 0x70, 0xe2, 0xff, 0xff, 0xb0,
  0x42, 0x28, 0x16, 0x91, 0x13, 0x01, 0x00, 0xb9, 0x28, 0x00, 0x00, 0xb0,
  0x20, 0x01, 0x00, 0xf9, 0x09, 0x20, 0x00, 0x91, 0x40, 0x01, 0x00, 0xf9,
  0x2a, 0x00, 0x00, 0xb0, 0x08, 0xc5, 0x42, 0xf9, 0x4a, 0xc9, 0x42, 0xf9,
  0x09, 0x01, 0x00, 0xf9, 0x08, 0x40, 0x00, 0x91, 0x20, 0x00, 0x80, 0x52,
  0x48, 0x01, 0x00, 0xf9, 0x00, 0x01, 0x00, 0x94, 0xe0, 0x03, 0x1f, 0x2a,
  0x0b, 0x00, 0x00, 0x14, 0x1f, 0x20, 0x03, 0xd5, 0x81, 0x74, 0xfe, 0x70,
  0xe2, 0xff, 0xff, 0xb0, 0x42, 0xd0, 0x06, 0x91, 0x60, 0x00, 0x80, 0x52,
  0xf8, 0x00, 0x00, 0x94, 0x03, 0x00, 0x00, 0x14, 0xe0, 0x03, 0x13, 0x2a,
  0x5d, 0x01, 0x00, 0x94, 0x00, 0x00, 0x80, 0x12, 0xf4, 0x4f, 0x41, 0xa9,
  0xfd, 0x7b, 0xc2, 0xa8, 0xc0, 0x03, 0x5f, 0xd6, 0xff, 0x43, 0x01, 0xd1,
  0xfd, 0x7b, 0x02, 0xa9, 0xf6, 0x57, 0x03, 0xa9, 0xf4, 0x4f, 0x04, 0xa9,
  0xfd, 0x83, 0x00, 0x91, 0x54, 0xd0, 0x3b, 0xd5, 0xf3, 0x03, 0x01, 0xaa,
  0xe1, 0x03, 0x00, 0xaa, 0x88, 0x16, 0x40, 0xf9, 0x00, 0x00, 0x80, 0x12,
  0xa8, 0x83, 0x1f, 0xf8, 0xe1, 0x06, 0x00, 0xb4, 0x28, 0x00, 0x00, 0xb0,
  0x08, 0xbd, 0x42, 0xf9, 0x08, 0x01, 0x40, 0xf9, 0x68, 0x06, 0x00, 0xb4,
  0x28, 0x00, 0x00, 0xb0, 0x08, 0xc9, 0x42, 0xf9, 0x08, 0x01, 0x40, 0xf9,
  0xe8, 0x05, 0x00, 0xb4, 0x36, 0x00, 0x00, 0xb0, 0xd6, 0xc6, 0x42, 0xf9,
  0xc9, 0x02, 0x40, 0xf9, 0x69, 0x05, 0x00, 0xb4, 0x35, 0x00, 0x00, 0xb0,
  0xb5, 0xc2, 0x42, 0xf9, 0xa9, 0x02, 0x40, 0xf9, 0xe9, 0x04, 0x00, 0xb4,
  0x29, 0x00, 0x80, 0x52, 0x09, 0x64, 0xa0, 0x72, 0x7f, 0x02, 0x09, 0xeb,
  0x43, 0x01, 0x00, 0x54, 0x1f, 0x20, 0x03, 0xd5, 0xe1, 0x6e, 0xfe, 0x70,
  0xe2, 0xff, 0xff, 0x90, 0x42, 0x08, 0x39, 0x91, 0x60, 0x00, 0x80, 0x52,
  0xe3, 0x03, 0x13, 0xaa, 0xca, 0x00, 0x00, 0x94, 0x00, 0x00, 0x80, 0x12,
  0x1a, 0x00, 0x00, 0x14, 0xe0, 0x03, 0x08, 0xaa, 0xe2, 0x03, 0x13, 0xaa,
  0x85, 0x01, 0x00, 0x94, 0xbf, 0x3b, 0x03, 0xd5, 0xe1, 0x23, 0x00, 0x91,
  0x20, 0x00, 0x80, 0x52, 0xc8, 0x02, 0x40, 0xf9, 0x13, 0x01, 0x00, 0xf9,
  0xbf, 0x3b, 0x03, 0xd5, 0x82, 0x01, 0x00, 0x94, 0x60, 0x00, 0x00, 0x34,
  0xe8, 0x03, 0x1f, 0xaa, 0x0a, 0x00, 0x00, 0x14, 0xe8, 0xab, 0x40, 0xa9,
  0x09, 0x7d, 0x80, 0x52, 0x08, 0x7d, 0x09, 0x9b, 0x69, 0x9b, 0x86, 0xd2,
  0xc9, 0xf6, 0xba, 0xf2, 0x49, 0xd0, 0xdb, 0xf2, 0x69, 0x63, 0xe8, 0xf2,
  0x49, 0x7d, 0xc9, 0x9b, 0x08, 0x49, 0x49, 0x8b, 0xa9, 0x02, 0x40, 0xf9,
  0xe0, 0x03, 0x1f, 0x2a, 0x28, 0x01, 0x00, 0xf9, 0x88, 0x16, 0x40, 0xf9,
  0xa9, 0x83, 0x5f, 0xf8, 0x1f, 0x01, 0x09, 0xeb, 0xc1, 0x00, 0x00, 0x54,
  0xf4, 0x4f, 0x44, 0xa9, 0xf6, 0x57, 0x43, 0xa9, 0xfd, 0x7b, 0x42, 0xa9,
  0xff, 0x43, 0x01, 0x91, 0xc0, 0x03, 0x5f, 0xd6, 0x11, 0x01, 0x00, 0x94,
  0xfd, 0x7b, 0xbb, 0xa9, 0xf9, 0x0b, 0x00, 0xf9, 0xf8, 0x5f, 0x02, 0xa9,
  0xf6, 0x57, 0x03, 0xa9, 0xf4, 0x4f, 0x04, 0xa9, 0xfd, 0x03, 0x00, 0x91,
  0xe0, 0x05, 0x00, 0xb4, 0xc1, 0x05, 0x00, 0xb4, 0x28, 0x00, 0x00, 0xb0,
  0x08, 0xbd, 0x42, 0xf9, 0x08, 0x01, 0x40, 0xf9, 0xe8, 0x05, 0x00, 0xb4,
  0x28, 0x00, 0x00, 0xb0, 0x08, 0xc1, 0x42, 0xf9, 0x09, 0x01, 0x40, 0xf9,
  0x69, 0x05, 0x00, 0xb4, 0x28, 0x00, 0x00, 0xb0, 0x08, 0xc5, 0x42, 0xf9,
  0x08, 0x01, 0x40, 0xf9, 0xe8, 0x04, 0x00, 0xb4, 0x2a, 0x00, 0x00, 0xb0,
  0x4a, 0xc9, 0x42, 0xf9, 0x54, 0x01, 0x40, 0xf9, 0x74, 0x04, 0x00, 0xb4,
  0x36, 0x00, 0x00, 0xb0, 0xd6, 0xce, 0x42, 0xf9, 0x37, 0x01, 0x40, 0xf9,
  0xc9, 0x02, 0x40, 0xf9, 0xff, 0x02, 0x09, 0xeb, 0x49, 0x05, 0x00, 0x54,
  0x13, 0x01, 0x40, 0xf9, 0x93, 0x05, 0x00, 0xb4, 0xf9, 0x03, 0x00, 0xaa,
  0xe0, 0x03, 0x13, 0xaa, 0xf8, 0x03, 0x01, 0xaa, 0x49, 0x01, 0x00, 0x94,
  0x80, 0x05, 0x00, 0xb4, 0xe1, 0x03, 0x14, 0xaa, 0xe2, 0x03, 0x13, 0xaa,
  0xf5, 0x03, 0x00, 0xaa, 0x3c, 0x01, 0x00, 0x94, 0x1f, 0x20, 0x03, 0xd5,
  0x41, 0x64, 0xfe, 0x70, 0xe2, 0xff, 0xff, 0xb0, 0x42, 0xfc, 0x0f, 0x91,
  0xe0, 0x03, 0x1f, 0x2a, 0xe3, 0x03, 0x13, 0xaa, 0x35, 0x03, 0x00, 0xf9,
  0x13, 0x03, 0x00, 0xf9, 0xd7, 0x02, 0x00, 0xf9, 0x72, 0x00, 0x00, 0x94,
  0xe0, 0x03, 0x1f, 0x2a, 0x0d, 0x00, 0x00, 0x14, 0x1f, 0x20, 0x03, 0xd5,
  0xc1, 0x62, 0xfe, 0x70, 0xe2, 0xff, 0xff, 0xb0, 0x42, 0xc8, 0x0a, 0x91,
  0x05, 0x00, 0x00, 0x14, 0x1f, 0x20, 0x03, 0xd5, 0x21, 0x62, 0xfe, 0x70,
  0xe2, 0xff, 0xff, 0x90, 0x42, 0x40, 0x32, 0x91, 0x60, 0x00, 0x80, 0x52,
  0x65, 0x00, 0x00, 0x94, 0x00, 0x00, 0x80, 0x12, 0xf4, 0x4f, 0x44, 0xa9,
  0xf9, 0x0b, 0x40, 0xf9, 0xf6, 0x57, 0x43, 0xa9, 0xf8, 0x5f, 0x42, 0xa9,
  0xfd, 0x7b, 0xc5, 0xa8, 0xc0, 0x03, 0x5f, 0xd6, 0x1f, 0x00, 0x00, 0xf9,
  0x20, 0x00, 0x80, 0x52, 0x3f, 0x00, 0x00, 0xf9, 0xf7, 0xff, 0xff, 0x17,
  0x1f, 0x00, 0x00, 0xf9, 0x20, 0x00, 0x80, 0x52, 0x3f, 0x00, 0x00, 0xf9,
  0xd7, 0x02, 0x00, 0xf9, 0xf2, 0xff, 0xff, 0x17, 0x1f, 0x20, 0x03, 0xd5,
  0x61, 0x5f, 0xfe, 0x70, 0xe2, 0xff, 0xff, 0xb0, 0x42, 0xc8, 0x05, 0x91,
  0xea, 0xff, 0xff, 0x17, 0xff, 0x83, 0x04, 0xd1, 0xfd, 0x7b, 0x10, 0xa9,
  0xfc, 0x4f, 0x11, 0xa9, 0xfd, 0x03, 0x04, 0x91, 0xa3, 0x93, 0x38, 0xa9,
  0xa5, 0x9b, 0x39, 0xa9, 0xa7, 0x83, 0x1a, 0xf8, 0xe0, 0x07, 0x00, 0xad,
  0xe2, 0x0f, 0x01, 0xad, 0xe4, 0x17, 0x02, 0xad, 0xe6, 0x1f, 0x03, 0xad,
  0x53, 0xd0, 0x3b, 0xd5, 0x68, 0x16, 0x40, 0xf9, 0x1f, 0x0c, 0x00, 0x71,
  0xa8, 0x83, 0x1f, 0xf8, 0x88, 0x02, 0x00, 0x54, 0x61, 0x02, 0x00, 0xb4,
  0x42, 0x02, 0x00, 0xb4, 0xa9, 0xe3, 0x01, 0xd1, 0xa8, 0x83, 0x00, 0x91,
  0xea, 0x03, 0x00, 0x91, 0x29, 0xa1, 0x00, 0x91, 0x4a, 0x01, 0x02, 0x91,
  0xa3, 0x43, 0x01, 0xd1, 0xa8, 0xa7, 0x3d, 0xa9, 0xe8, 0x04, 0x80, 0x92,
  0xa9, 0xa3, 0x00, 0xd1, 0x08, 0xf0, 0xdf, 0xf2, 0xaa, 0xa3, 0x3e, 0xa9,
  0x1f, 0x20, 0x03, 0xd5, 0xa8, 0x5b, 0xfe, 0x10, 0x20, 0x05, 0x40, 0xad,
  0x00, 0x59, 0x60, 0xb8, 0xa0, 0x87, 0x3d, 0xad, 0xf9, 0x00, 0x00, 0x94,
  0x68, 0x16, 0x40, 0xf9, 0xa9, 0x83, 0x5f, 0xf8, 0x1f, 0x01, 0x09, 0xeb,
  0xa1, 0x00, 0x00, 0x54, 0xfc, 0x4f, 0x51, 0xa9, 0xfd, 0x7b, 0x50, 0xa9,
  0xff, 0x83, 0x04, 0x91, 0xc0, 0x03, 0x5f, 0xd6, 0x90, 0x00, 0x00, 0x94,
  0x00, 0x00, 0x00, 0x00, 0x00, 0x00, 0x00, 0x00, 0x00, 0x00, 0x00, 0x00,
  0xf0, 0x7b, 0xbf, 0xa9, 0x30, 0x00, 0x00, 0xb0, 0x11, 0xda, 0x42, 0xf9,
  0x10, 0xc2, 0x16, 0x91, 0x20, 0x02, 0x1f, 0xd6, 0x1f, 0x20, 0x03, 0xd5,
  0x1f, 0x20, 0x03, 0xd5, 0x1f, 0x20, 0x03, 0xd5, 0x30, 0x00, 0x00, 0xb0,
  0x11, 0xde, 0x42, 0xf9, 0x10, 0xe2, 0x16, 0x91, 0x20, 0x02, 0x1f, 0xd6,
  0x30, 0x00, 0x00, 0xb0, 0x11, 0xe2, 0x42, 0xf9, 0x10, 0x02, 0x17, 0x91,
  0x20, 0x02, 0x1f, 0xd6, 0x30, 0x00, 0x00, 0xb0, 0x11, 0xe6, 0x42, 0xf9,
  0x10, 0x22, 0x17, 0x91, 0x20, 0x02, 0x1f, 0xd6, 0x30, 0x00, 0x00, 0xb0,
  0x11, 0xea, 0x42, 0xf9, 0x10, 0x42, 0x17, 0x91, 0x20, 0x02, 0x1f, 0xd6,
  0x30, 0x00, 0x00, 0xb0, 0x11, 0xee, 0x42, 0xf9, 0x10, 0x62, 0x17, 0x91,
  0x20, 0x02, 0x1f, 0xd6, 0x30, 0x00, 0x00, 0xb0, 0x11, 0xf2, 0x42, 0xf9,
  0x10, 0x82, 0x17, 0x91, 0x20, 0x02, 0x1f, 0xd6, 0x30, 0x00, 0x00, 0xb0,
  0x11, 0xf6, 0x42, 0xf9, 0x10, 0xa2, 0x17, 0x91, 0x20, 0x02, 0x1f, 0xd6,
  0x30, 0x00, 0x00, 0x90, 0x11, 0xfa, 0x42, 0xf9, 0x10, 0xc2, 0x17, 0x91,
  0x20, 0x02, 0x1f, 0xd6, 0x30, 0x00, 0x00, 0x90, 0x11, 0xfe, 0x42, 0xf9,
  0x10, 0xe2, 0x17, 0x91, 0x20, 0x02, 0x1f, 0xd6, 0x30, 0x00, 0x00, 0x90,
  0x11, 0x02, 0x43, 0xf9, 0x10, 0x02, 0x18, 0x91, 0x20, 0x02, 0x1f, 0xd6,
  0x30, 0x00, 0x00, 0x90, 0x11, 0x06, 0x43, 0xf9, 0x10, 0x22, 0x18, 0x91,
  0x20, 0x02, 0x1f, 0xd6, 0x30, 0x00, 0x00, 0x90, 0x11, 0x0a, 0x43, 0xf9,
  0x10, 0x42, 0x18, 0x91, 0x20, 0x02, 0x1f, 0xd6, 0x30, 0x00, 0x00, 0x90,
  0x11, 0x0e, 0x43, 0xf9, 0x10, 0x62, 0x18, 0x91, 0x20, 0x02, 0x1f, 0xd6,
  0x30, 0x00, 0x00, 0x90, 0x11, 0x12, 0x43, 0xf9, 0x10, 0x82, 0x18, 0x91,
  0x20, 0x02, 0x1f, 0xd6, 0x30, 0x00, 0x00, 0x90, 0x11, 0x16, 0x43, 0xf9,
  0x10, 0xa2, 0x18, 0x91, 0x20, 0x02, 0x1f, 0xd6, 0x30, 0x00, 0x00, 0x90,
  0x11, 0x1a, 0x43, 0xf9, 0x10, 0xc2, 0x18, 0x91, 0x20, 0x02, 0x1f, 0xd6,
  0x30, 0x00, 0x00, 0x90, 0x11, 0x1e, 0x43, 0xf9, 0x10, 0xe2, 0x18, 0x91,
  0x20, 0x02, 0x1f, 0xd6, 0x30, 0x00, 0x00, 0x90, 0x11, 0x22, 0x43, 0xf9,
  0x10, 0x02, 0x19, 0x91, 0x20, 0x02, 0x1f, 0xd6, 0x30, 0x00, 0x00, 0x90,
  0x11, 0x26, 0x43, 0xf9, 0x10, 0x22, 0x19, 0x91, 0x20, 0x02, 0x1f, 0xd6,
  0x30, 0x00, 0x00, 0x90, 0x11, 0x2a, 0x43, 0xf9, 0x10, 0x42, 0x19, 0x91,
  0x20, 0x02, 0x1f, 0xd6, 0x30, 0x00, 0x00, 0x90, 0x11, 0x2e, 0x43, 0xf9,
  0x10, 0x62, 0x19, 0x91, 0x20, 0x02, 0x1f, 0xd6, 0x30, 0x00, 0x00, 0x90,
  0x11, 0x32, 0x43, 0xf9, 0x10, 0x82, 0x19, 0x91, 0x20, 0x02, 0x1f, 0xd6,
  0x30, 0x00, 0x00, 0x90, 0x11, 0x36, 0x43, 0xf9, 0x10, 0xa2, 0x19, 0x91,
  0x20, 0x02, 0x1f, 0xd6, 0x30, 0x00, 0x00, 0x90, 0x11, 0x3a, 0x43, 0xf9,
  0x10, 0xc2, 0x19, 0x91, 0x20, 0x02, 0x1f, 0xd6, 0x30, 0x00, 0x00, 0x90,
  0x11, 0x3e, 0x43, 0xf9, 0x10, 0xe2, 0x19, 0x91, 0x20, 0x02, 0x1f, 0xd6,
  0x30, 0x00, 0x00, 0x90, 0x11, 0x42, 0x43, 0xf9, 0x10, 0x02, 0x1a, 0x91,
  0x20, 0x02, 0x1f, 0xd6, 0x30, 0x00, 0x00, 0x90, 0x11, 0x46, 0x43, 0xf9,
  0x10, 0x22, 0x1a, 0x91, 0x20, 0x02, 0x1f, 0xd6, 0x30, 0x00, 0x00, 0x90,
  0x11, 0x4a, 0x43, 0xf9, 0x10, 0x42, 0x1a, 0x91, 0x20, 0x02, 0x1f, 0xd6,
  0x30, 0x00, 0x00, 0x90, 0x11, 0x4e, 0x43, 0xf9, 0x10, 0x62, 0x1a, 0x91,
  0x20, 0x02, 0x1f, 0xd6, 0x30, 0x00, 0x00, 0x90, 0x11, 0x52, 0x43, 0xf9,
  0x10, 0x82, 0x1a, 0x91, 0x20, 0x02, 0x1f, 0xd6, 0x30, 0x00, 0x00, 0x90,
  0x11, 0x56, 0x43, 0xf9, 0x10, 0xa2, 0x1a, 0x91, 0x20, 0x02, 0x1f, 0xd6,
  0x30, 0x00, 0x00, 0x90, 0x11, 0x5a, 0x43, 0xf9, 0x10, 0xc2, 0x1a, 0x91,
  0x20, 0x02, 0x1f, 0xd6, 0x30, 0x00, 0x00, 0x90, 0x11, 0x5e, 0x43, 0xf9,
  0x10, 0xe2, 0x1a, 0x91, 0x20, 0x02, 0x1f, 0xd6, 0x30, 0x00, 0x00, 0x90,
  0x11, 0x62, 0x43, 0xf9, 0x10, 0x02, 0x1b, 0x91, 0x20, 0x02, 0x1f, 0xd6,
  0x30, 0x00, 0x00, 0x90, 0x11, 0x66, 0x43, 0xf9, 0x10, 0x22, 0x1b, 0x91,
  0x20, 0x02, 0x1f, 0xd6, 0x30, 0x00, 0x00, 0x90, 0x11, 0x6a, 0x43, 0xf9,
  0x10, 0x42, 0x1b, 0x91, 0x20, 0x02, 0x1f, 0xd6, 0x30, 0x00, 0x00, 0x90,
  0x11, 0x6e, 0x43, 0xf9, 0x10, 0x62, 0x1b, 0x91, 0x20, 0x02, 0x1f, 0xd6,
  0x30, 0x00, 0x00, 0x90, 0x11, 0x72, 0x43, 0xf9, 0x10, 0x82, 0x1b, 0x91,
  0x20, 0x02, 0x1f, 0xd6, 0x30, 0x00, 0x00, 0x90, 0x11, 0x76, 0x43, 0xf9,
  0x10, 0xa2, 0x1b, 0x91, 0x20, 0x02, 0x1f, 0xd6, 0x30, 0x00, 0x00, 0x90,
  0x11, 0x7a, 0x43, 0xf9, 0x10, 0xc2, 0x1b, 0x91, 0x20, 0x02, 0x1f, 0xd6,
  0x30, 0x00, 0x00, 0x90, 0x11, 0x7e, 0x43, 0xf9, 0x10, 0xe2, 0x1b, 0x91,
  0x20, 0x02, 0x1f, 0xd6, 0x30, 0x00, 0x00, 0x90, 0x11, 0x82, 0x43, 0xf9,
  0x10, 0x02, 0x1c, 0x91, 0x20, 0x02, 0x1f, 0xd6, 0x30, 0x00, 0x00, 0x90,
  0x11, 0x86, 0x43, 0xf9, 0x10, 0x22, 0x1c, 0x91, 0x20, 0x02, 0x1f, 0xd6,
  0x30, 0x00, 0x00, 0x90, 0x11, 0x8a, 0x43, 0xf9, 0x10, 0x42, 0x1c, 0x91,
  0x20, 0x02, 0x1f, 0xd6, 0x30, 0x00, 0x00, 0x90, 0x11, 0x8e, 0x43, 0xf9,
  0x10, 0x62, 0x1c, 0x91, 0x20, 0x02, 0x1f, 0xd6, 0x30, 0x00, 0x00, 0x90,
  0x11, 0x92, 0x43, 0xf9, 0x10, 0x82, 0x1c, 0x91, 0x20, 0x02, 0x1f, 0xd6,
  0x30, 0x00, 0x00, 0x90, 0x11, 0x96, 0x43, 0xf9, 0x10, 0xa2, 0x1c, 0x91,
  0x20, 0x02, 0x1f, 0xd6, 0x30, 0x00, 0x00, 0x90, 0x11, 0x9a, 0x43, 0xf9,
  0x10, 0xc2, 0x1c, 0x91, 0x20, 0x02, 0x1f, 0xd6, 0x30, 0x00, 0x00, 0x90,
  0x11, 0x9e, 0x43, 0xf9, 0x10, 0xe2, 0x1c, 0x91, 0x20, 0x02, 0x1f, 0xd6,
  0x30, 0x00, 0x00, 0x90, 0x11, 0xa2, 0x43, 0xf9, 0x10, 0x02, 0x1d, 0x91,
  0x20, 0x02, 0x1f, 0xd6, 0x30, 0x00, 0x00, 0x90, 0x11, 0xa6, 0x43, 0xf9,
  0x10, 0x22, 0x1d, 0x91, 0x20, 0x02, 0x1f, 0xd6, 0x30, 0x00, 0x00, 0x90,
  0x11, 0xaa, 0x43, 0xf9, 0x10, 0x42, 0x1d, 0x91, 0x20, 0x02, 0x1f, 0xd6,
  0x30, 0x00, 0x00, 0x90, 0x11, 0xae, 0x43, 0xf9, 0x10, 0x62, 0x1d, 0x91,
  0x20, 0x02, 0x1f, 0xd6, 0x30, 0x00, 0x00, 0x90, 0x11, 0xb2, 0x43, 0xf9,
  0x10, 0x82, 0x1d, 0x91, 0x20, 0x02, 0x1f, 0xd6, 0x30, 0x00, 0x00, 0x90,
  0x11, 0xb6, 0x43, 0xf9, 0x10, 0xa2, 0x1d, 0x91, 0x20, 0x02, 0x1f, 0xd6,
  0x30, 0x00, 0x00, 0x90, 0x11, 0xba, 0x43, 0xf9, 0x10, 0xc2, 0x1d, 0x91,
  0x20, 0x02, 0x1f, 0xd6, 0x30, 0x00, 0x00, 0x90, 0x11, 0xbe, 0x43, 0xf9,
  0x10, 0xe2, 0x1d, 0x91, 0x20, 0x02, 0x1f, 0xd6, 0x30, 0x00, 0x00, 0x90,
  0x11, 0xc2, 0x43, 0xf9, 0x10, 0x02, 0x1e, 0x91, 0x20, 0x02, 0x1f, 0xd6,
  0x00, 0x00, 0x00, 0x00, 0x00, 0x00, 0x00, 0x00, 0x00, 0x00, 0x00, 0x00,
  0x00, 0x00, 0x00, 0x00, 0x00, 0x00, 0x00, 0x00, 0x00, 0x00, 0x00, 0x00,
  0x00, 0x00, 0x00, 0x00, 0x00, 0x00, 0x00, 0x00, 0x00, 0x00, 0x00, 0x00,
  0x00, 0x00, 0x00, 0x00, 0x00, 0x00, 0x00, 0x00, 0x00, 0x00, 0x00, 0x00,
  0x00, 0x00, 0x00, 0x00, 0x00, 0x00, 0x00, 0x00, 0x00, 0x00, 0x00, 0x00,
  0x00, 0x00, 0x00, 0x00, 0x00, 0x00, 0x00, 0x00, 0x00, 0x00, 0x00, 0x00,
  0x00, 0x00, 0x00, 0x00, 0x00, 0x00, 0x00, 0x00, 0x00, 0x00, 0x00, 0x00,
  0x00, 0x00, 0x00, 0x00, 0x00, 0x00, 0x00, 0x00, 0x00, 0x00, 0x00, 0x00,
  0x00, 0x00, 0x00, 0x00, 0x00, 0x00, 0x00, 0x00, 0x00, 0x00, 0x00, 0x00,
  0x00, 0x00, 0x00, 0x00, 0x00, 0x00, 0x00, 0x00, 0x00, 0x00, 0x00, 0x00,
  0x00, 0x00, 0x00, 0x00, 0x00, 0x00, 0x00, 0x00, 0x00, 0x00, 0x00, 0x00,
  0x00, 0x00, 0x00, 0x00, 0x00, 0x00, 0x00, 0x00, 0x00, 0x00, 0x00, 0x00,
  0x01, 0x00, 0x00, 0x00, 0x00, 0x00, 0x00, 0x00, 0xac, 0x05, 0x00, 0x00,
  0x00, 0x00, 0x00, 0x00, 0x01, 0x00, 0x00, 0x00, 0x00, 0x00, 0x00, 0x00,
  0xb6, 0x05, 0x00, 0x00, 0x00, 0x00, 0x00, 0x00, 0x01, 0x00, 0x00, 0x00,
  0x00, 0x00, 0x00, 0x00, 0xbe, 0x05, 0x00, 0x00, 0x00, 0x00, 0x00, 0x00,
  0x01, 0x00, 0x00, 0x00, 0x00, 0x00, 0x00, 0x00, 0x9f, 0x05, 0x00, 0x00,
  0x00, 0x00, 0x00, 0x00, 0x0e, 0x00, 0x00, 0x00, 0x00, 0x00, 0x00, 0x00,
  0xc7, 0x05, 0x00, 0x00, 0x00, 0x00, 0x00, 0x00, 0x1e, 0x00, 0x00, 0x00,
  0x00, 0x00, 0x00, 0x00, 0x08, 0x00, 0x00, 0x00, 0x00, 0x00, 0x00, 0x00,
  0xfb, 0xff, 0xff, 0x6f, 0x00, 0x00, 0x00, 0x00, 0x01, 0x00, 0x00, 0x00,
  0x00, 0x00, 0x00, 0x00, 0x07, 0x00, 0x00, 0x00, 0x00, 0x00, 0x00, 0x00,
  0x80, 0x13, 0x00, 0x00, 0x00, 0x00, 0x00, 0x00, 0x08, 0x00, 0x00, 0x00,
  0x00, 0x00, 0x00, 0x00, 0x70, 0x02, 0x00, 0x00, 0x00, 0x00, 0x00, 0x00,
  0x09, 0x00, 0x00, 0x00, 0x00, 0x00, 0x00, 0x00, 0x18, 0x00, 0x00, 0x00,
  0x00, 0x00, 0x00, 0x00, 0xf9, 0xff, 0xff, 0x6f, 0x00, 0x00, 0x00, 0x00,
  0x03, 0x00, 0x00, 0x00, 0x00, 0x00, 0x00, 0x00, 0x17, 0x00, 0x00, 0x00,
  0x00, 0x00, 0x00, 0x00, 0xf0, 0x15, 0x00, 0x00, 0x00, 0x00, 0x00, 0x00,
  0x02, 0x00, 0x00, 0x00, 0x00, 0x00, 0x00, 0x00, 0x70, 0x05, 0x00, 0x00,
  0x00, 0x00, 0x00, 0x00, 0x03, 0x00, 0x00, 0x00, 0x00, 0x00, 0x00, 0x00,
  0xa0, 0xa5, 0x00, 0x00, 0x00, 0x00, 0x00, 0x00, 0x14, 0x00, 0x00, 0x00,
  0x00, 0x00, 0x00, 0x00, 0x07, 0x00, 0x00, 0x00, 0x00, 0x00, 0x00, 0x00,
  0x06, 0x00, 0x00, 0x00, 0x00, 0x00, 0x00, 0x00, 0xf8, 0x02, 0x00, 0x00,
  0x00, 0x00, 0x00, 0x00, 0x0b, 0x00, 0x00, 0x00, 0x00, 0x00, 0x00, 0x00,
  0x18, 0x00, 0x00, 0x00, 0x00, 0x00, 0x00, 0x00, 0x05, 0x00, 0x00, 0x00,
  0x00, 0x00, 0x00, 0x00, 0xa8, 0x0d, 0x00, 0x00, 0x00, 0x00, 0x00, 0x00,
  0x0a, 0x00, 0x00, 0x00, 0x00, 0x00, 0x00, 0x00, 0xd6, 0x05, 0x00, 0x00,
  0x00, 0x00, 0x00, 0x00, 0xf5, 0xfe, 0xff, 0x6f, 0x00, 0x00, 0x00, 0x00,
  0x28, 0x0c, 0x00, 0x00, 0x00, 0x00, 0x00, 0x00, 0x1a, 0x00, 0x00, 0x00,
  0x00, 0x00, 0x00, 0x00, 0xb0, 0xa3, 0x00, 0x00, 0x00, 0x00, 0x00, 0x00,
  0x1c, 0x00, 0x00, 0x00, 0x00, 0x00, 0x00, 0x00, 0x10, 0x00, 0x00, 0x00,
  0x00, 0x00, 0x00, 0x00, 0xf0, 0xff, 0xff, 0x6f, 0x00, 0x00, 0x00, 0x00,
  0x50, 0x0b, 0x00, 0x00, 0x00, 0x00, 0x00, 0x00, 0xfe, 0xff, 0xff, 0x6f,
  0x00, 0x00, 0x00, 0x00, 0x04, 0x0c, 0x00, 0x00, 0x00, 0x00, 0x00, 0x00,
  0xff, 0xff, 0xff, 0x6f, 0x00, 0x00, 0x00, 0x00, 0x01, 0x00, 0x00, 0x00,
  0x00, 0x00, 0x00, 0x00, 0x00, 0x00, 0x00, 0x00, 0x00, 0x00, 0x00, 0x00,
  0x00, 0x00, 0x00, 0x00, 0x00, 0x00, 0x00, 0x00, 0x00, 0x00, 0x00, 0x00,
  0x00, 0x00, 0x00, 0x00, 0x00, 0x00, 0x00, 0x00, 0x00, 0x00, 0x00, 0x00,
  0x00, 0x00, 0x00, 0x00, 0x00, 0x00, 0x00, 0x00, 0x00, 0x00, 0x00, 0x00,
  0x00, 0x00, 0x00, 0x00, 0x00, 0x00, 0x00, 0x00, 0x00, 0x00, 0x00, 0x00,
  0x00, 0x00, 0x00, 0x00, 0x00, 0x00, 0x00, 0x00, 0x00, 0x00, 0x00, 0x00,
  0x00, 0x00, 0x00, 0x00, 0x00, 0x00, 0x00, 0x00, 0x00, 0x00, 0x00, 0x00,
  0x00, 0x00, 0x00, 0x00, 0x00, 0x00, 0x00, 0x00, 0x00, 0x00, 0x00, 0x00,
  0x00, 0x00, 0x00, 0x00, 0x00, 0x00, 0x00, 0x00, 0x00, 0x00, 0x00, 0x00,
  0x70, 0x5f, 0x00, 0x00, 0x00, 0x00, 0x00, 0x00, 0x70, 0x5f, 0x00, 0x00,
  0x00, 0x00, 0x00, 0x00, 0x70, 0x5f, 0x00, 0x00, 0x00, 0x00, 0x00, 0x00,
  0x70, 0x5f, 0x00, 0x00, 0x00, 0x00, 0x00, 0x00, 0x70, 0x5f, 0x00, 0x00,
  0x00, 0x00, 0x00, 0x00, 0x70, 0x5f, 0x00, 0x00, 0x00, 0x00, 0x00, 0x00,
  0x70, 0x5f, 0x00, 0x00, 0x00, 0x00, 0x00, 0x00, 0x70, 0x5f, 0x00, 0x00,
  0x00, 0x00, 0x00, 0x00, 0x70, 0x5f, 0x00, 0x00, 0x00, 0x00, 0x00, 0x00,
  0x70, 0x5f, 0x00, 0x00, 0x00, 0x00, 0x00, 0x00, 0x70, 0x5f, 0x00, 0x00,
  0x00, 0x00, 0x00, 0x00, 0x70, 0x5f, 0x00, 0x00, 0x00, 0x00, 0x00, 0x00,
  0x70, 0x5f, 0x00, 0x00, 0x00, 0x00, 0x00, 0x00, 0x70, 0x5f, 0x00, 0x00,
  0x00, 0x00, 0x00, 0x00, 0x70, 0x5f, 0x00, 0x00, 0x00, 0x00, 0x00, 0x00,
  0x70, 0x5f, 0x00, 0x00, 0x00, 0x00, 0x00, 0x00, 0x70, 0x5f, 0x00, 0x00,
  0x00, 0x00, 0x00, 0x00, 0x70, 0x5f, 0x00, 0x00, 0x00, 0x00, 0x00, 0x00,
  0x70, 0x5f, 0x00, 0x00, 0x00, 0x00, 0x00, 0x00, 0x70, 0x5f, 0x00, 0x00,
  0x00, 0x00, 0x00, 0x00, 0x70, 0x5f, 0x00, 0x00, 0x00, 0x00, 0x00, 0x00,
  0x70, 0x5f, 0x00, 0x00, 0x00, 0x00, 0x00, 0x00, 0x70, 0x5f, 0x00, 0x00,
  0x00, 0x00, 0x00, 0x00, 0x70, 0x5f, 0x00, 0x00, 0x00, 0x00, 0x00, 0x00,
  0x70, 0x5f, 0x00, 0x00, 0x00, 0x00, 0x00, 0x00, 0x70, 0x5f, 0x00, 0x00,
  0x00, 0x00, 0x00, 0x00, 0x70, 0x5f, 0x00, 0x00, 0x00, 0x00, 0x00, 0x00,
  0x70, 0x5f, 0x00, 0x00, 0x00, 0x00, 0x00, 0x00, 0x70, 0x5f, 0x00, 0x00,
  0x00, 0x00, 0x00, 0x00, 0x70, 0x5f, 0x00, 0x00, 0x00, 0x00, 0x00, 0x00,
  0x70, 0x5f, 0x00, 0x00, 0x00, 0x00, 0x00, 0x00, 0x70, 0x5f, 0x00, 0x00,
  0x00, 0x00, 0x00, 0x00, 0x70, 0x5f, 0x00, 0x00, 0x00, 0x00, 0x00, 0x00,
  0x70, 0x5f, 0x00, 0x00, 0x00, 0x00, 0x00, 0x00, 0x70, 0x5f, 0x00, 0x00,
  0x00, 0x00, 0x00, 0x00, 0x70, 0x5f, 0x00, 0x00, 0x00, 0x00, 0x00, 0x00,
  0x70, 0x5f, 0x00, 0x00, 0x00, 0x00, 0x00, 0x00, 0x70, 0x5f, 0x00, 0x00,
  0x00, 0x00, 0x00, 0x00, 0x70, 0x5f, 0x00, 0x00, 0x00, 0x00, 0x00, 0x00,
  0x70, 0x5f, 0x00, 0x00, 0x00, 0x00, 0x00, 0x00, 0x70, 0x5f, 0x00, 0x00,
  0x00, 0x00, 0x00, 0x00, 0x70, 0x5f, 0x00, 0x00, 0x00, 0x00, 0x00, 0x00,
  0x70, 0x5f, 0x00, 0x00, 0x00, 0x00, 0x00, 0x00, 0x70, 0x5f, 0x00, 0x00,
  0x00, 0x00, 0x00, 0x00, 0x70, 0x5f, 0x00, 0x00, 0x00, 0x00, 0x00, 0x00,
  0x70, 0x5f, 0x00, 0x00, 0x00, 0x00, 0x00, 0x00, 0x70, 0x5f, 0x00, 0x00,
  0x00, 0x00, 0x00, 0x00, 0x70, 0x5f, 0x00, 0x00, 0x00, 0x00, 0x00, 0x00,
  0x70, 0x5f, 0x00, 0x00, 0x00, 0x00, 0x00, 0x00, 0x70, 0x5f, 0x00, 0x00,
  0x00, 0x00, 0x00, 0x00, 0x70, 0x5f, 0x00, 0x00, 0x00, 0x00, 0x00, 0x00,
  0x70, 0x5f, 0x00, 0x00, 0x00, 0x00, 0x00, 0x00, 0x70, 0x5f, 0x00, 0x00,
  0x00, 0x00, 0x00, 0x00, 0x70, 0x5f, 0x00, 0x00, 0x00, 0x00, 0x00, 0x00,
  0x70, 0x5f, 0x00, 0x00, 0x00, 0x00, 0x00, 0x00, 0x70, 0x5f, 0x00, 0x00,
  0x00, 0x00, 0x00, 0x00, 0x70, 0x5f, 0x00, 0x00, 0x00, 0x00, 0x00, 0x00,
  0x70, 0x5f, 0x00, 0x00, 0x00, 0x00, 0x00, 0x00, 0xff, 0xff, 0xff, 0xff,
  0x41, 0x6e, 0x64, 0x72, 0x6f, 0x69, 0x64, 0x20, 0x28, 0x31, 0x33, 0x30,
  0x36, 0x35, 0x32, 0x37, 0x34, 0x2c, 0x20, 0x2b, 0x70, 0x67, 0x6f, 0x2c,
  0x20, 0x2d, 0x62, 0x6f, 0x6c, 0x74, 0x2c, 0x20, 0x2b, 0x6c, 0x74, 0x6f,
  0x2c, 0x20, 0x2d, 0x6d, 0x6c, 0x67, 0x6f, 0x2c, 0x20, 0x62, 0x61, 0x73,
  0x65, 0x64, 0x20, 0x6f, 0x6e, 0x20, 0x72, 0x35, 0x34, 0x37, 0x33, 0x37,
  0x39, 0x29, 0x20, 0x63, 0x6c, 0x61, 0x6e, 0x67, 0x20, 0x76, 0x65, 0x72,
  0x73, 0x69, 0x6f, 0x6e, 0x20, 0x32, 0x30, 0x2e, 0x30, 0x2e, 0x30, 0x20,
  0x28, 0x68, 0x74, 0x74, 0x70, 0x73, 0x3a, 0x2f, 0x2f, 0x61, 0x6e, 0x64,
  0x72, 0x6f, 0x69, 0x64, 0x2e, 0x67, 0x6f, 0x6f, 0x67, 0x6c, 0x65, 0x73,
  0x6f, 0x75, 0x72, 0x63, 0x65, 0x2e, 0x63, 0x6f, 0x6d, 0x2f, 0x74, 0x6f,
  0x6f, 0x6c, 0x63, 0x68, 0x61, 0x69, 0x6e, 0x2f, 0x6c, 0x6c, 0x76, 0x6d,
  0x2d, 0x70, 0x72, 0x6f, 0x6a, 0x65, 0x63, 0x74, 0x20, 0x62, 0x37, 0x31,
  0x38, 0x62, 0x63, 0x61, 0x66, 0x38, 0x63, 0x31, 0x39, 0x38, 0x63, 0x38,
  0x32, 0x66, 0x33, 0x30, 0x32, 0x31, 0x34, 0x34, 0x37, 0x64, 0x39, 0x34,
  0x33, 0x34, 0x30, 0x31, 0x65, 0x33, 0x61, 0x62, 0x35, 0x62, 0x64, 0x35,
  0x34, 0x29, 0x00, 0x00, 0x4c, 0x69, 0x6e, 0x6b, 0x65, 0x72, 0x3a, 0x20,
  0x4c, 0x4c, 0x44, 0x20, 0x32, 0x30, 0x2e, 0x30, 0x2e, 0x30, 0x20, 0x28,
  0x2f, 0x56, 0x6f, 0x6c, 0x75, 0x6d, 0x65, 0x73, 0x2f, 0x41, 0x6e, 0x64,
  0x72, 0x6f, 0x69, 0x64, 0x2f, 0x62, 0x75, 0x69, 0x6c, 0x64, 0x62, 0x6f,
  0x74, 0x2f, 0x73, 0x72, 0x63, 0x2f, 0x61, 0x6e, 0x64, 0x72, 0x6f, 0x69,
  0x64, 0x2f, 0x6c, 0x6c, 0x76, 0x6d, 0x2d, 0x72, 0x35, 0x34, 0x37, 0x33,
  0x37, 0x39, 0x2d, 0x72, 0x65, 0x6c, 0x65, 0x61, 0x73, 0x65, 0x2f, 0x6f,
  0x75, 0x74, 0x2f, 0x6c, 0x6c, 0x76, 0x6d, 0x2d, 0x70, 0x72, 0x6f, 0x6a,
  0x65, 0x63, 0x74, 0x2f, 0x6c, 0x6c, 0x76, 0x6d, 0x20, 0x62, 0x37, 0x31,
  0x38, 0x62, 0x63, 0x61, 0x66, 0x38, 0x63, 0x31, 0x39, 0x38, 0x63, 0x38,
  0x32, 0x66, 0x33, 0x30, 0x32, 0x31, 0x34, 0x34, 0x37, 0x64, 0x39, 0x34,
  0x33, 0x34, 0x30, 0x31, 0x65, 0x33, 0x61, 0x62, 0x35, 0x62, 0x64, 0x35,
  0x34, 0x29, 0x00, 0xff, 0xff, 0xff, 0xff, 0xff, 0xff, 0xff, 0xff, 0x80,
  0x35, 0x00, 0x00, 0x00, 0x00, 0x00, 0x00, 0x00, 0x00, 0x00, 0x00, 0x00,
  0x00, 0x00, 0x00, 0x0c, 0x00, 0x00, 0x00, 0x00, 0x00, 0x00, 0x00, 0x01,
  0x00, 0x50, 0x0c, 0x00, 0x00, 0x00, 0x00, 0x00, 0x00, 0x00, 0x20, 0x00,
  0x00, 0x00, 0x00, 0x00, 0x00, 0x00, 0x01, 0x00, 0x53, 0x20, 0x00, 0x00,
  0x00, 0x00, 0x00, 0x00, 0x00, 0x24, 0x00, 0x00, 0x00, 0x00, 0x00, 0x00,
  0x00, 0x01, 0x00, 0x50, 0x24, 0x00, 0x00, 0x00, 0x00, 0x00, 0x00, 0x00,
  0x44, 0x00, 0x00, 0x00, 0x00, 0x00, 0x00, 0x00, 0x01, 0x00, 0x53, 0x00,
  0x00, 0x00, 0x00, 0x00, 0x00, 0x00, 0x00, 0x00, 0x00, 0x00, 0x00, 0x00,
  0x00, 0x00, 0x00, 0xff, 0xff, 0xff, 0xff, 0xff, 0xff, 0xff, 0xff, 0xd0,
  0x35, 0x00, 0x00, 0x00, 0x00, 0x00, 0x00, 0x30, 0x00, 0x00, 0x00, 0x00,
  0x00, 0x00, 0x00, 0x48, 0x00, 0x00, 0x00, 0x00, 0x00, 0x00, 0x00, 0x01,
  0x00, 0x53, 0x54, 0x00, 0x00, 0x00, 0x00, 0x00, 0x00, 0x00, 0x58, 0x00,
  0x00, 0x00, 0x00, 0x00, 0x00, 0x00, 0x01, 0x00, 0x53, 0x64, 0x00, 0x00,
  0x00, 0x00, 0x00, 0x00, 0x00, 0x68, 0x00, 0x00, 0x00, 0x00, 0x00, 0x00,
  0x00, 0x01, 0x00, 0x53, 0x90, 0x00, 0x00, 0x00, 0x00, 0x00, 0x00, 0x00,
  0xa8, 0x00, 0x00, 0x00, 0x00, 0x00, 0x00, 0x00, 0x01, 0x00, 0x53, 0x00,
  0x00, 0x00, 0x00, 0x00, 0x00, 0x00, 0x00, 0x00, 0x00, 0x00, 0x00, 0x00,
  0x00, 0x00, 0x00, 0xff, 0xff, 0xff, 0xff, 0xff, 0xff, 0xff, 0xff, 0xd0,
  0x35, 0x00, 0x00, 0x00, 0x00, 0x00, 0x00, 0x4c, 0x00, 0x00, 0x00, 0x00,
  0x00, 0x00, 0x00, 0x54, 0x00, 0x00, 0x00, 0x00, 0x00, 0x00, 0x00, 0x01,
  0x00, 0x63, 0x5c, 0x00, 0x00, 0x00, 0x00, 0x00, 0x00, 0x00, 0x64, 0x00,
  0x00, 0x00, 0x00, 0x00, 0x00, 0x00, 0x01, 0x00, 0x63, 0x6c, 0x00, 0x00,
  0x00, 0x00, 0x00, 0x00, 0x00, 0x90, 0x00, 0x00, 0x00, 0x00, 0x00, 0x00,
  0x00, 0x01, 0x00, 0x63, 0xe8, 0x00, 0x00, 0x00, 0x00, 0x00, 0x00, 0x00,
  0xa8, 0x01, 0x00, 0x00, 0x00, 0x00, 0x00, 0x00, 0x01, 0x00, 0x63, 0x00,
  0x00, 0x00, 0x00, 0x00, 0x00, 0x00, 0x00, 0x00, 0x00, 0x00, 0x00, 0x00,
  0x00, 0x00, 0x00, 0xff, 0xff, 0xff, 0xff, 0xff, 0xff, 0xff, 0xff, 0x78,
  0x37, 0x00, 0x00, 0x00, 0x00, 0x00, 0x00, 0x00, 0x00, 0x00, 0x00, 0x00,
  0x00, 0x00, 0x00, 0x24, 0x00, 0x00, 0x00, 0x00, 0x00, 0x00, 0x00, 0x01,
  0x00, 0x50, 0x24, 0x00, 0x00, 0x00, 0x00, 0x00, 0x00, 0x00, 0x18, 0x02,
  0x00, 0x00, 0x00, 0x00, 0x00, 0x00, 0x01, 0x00, 0x68, 0x18, 0x02, 0x00,
  0x00, 0x00, 0x00, 0x00, 0x00, 0x20, 0x02, 0x00, 0x00, 0x00, 0x00, 0x00,
  0x00, 0x04, 0x00, 0xf3, 0x01, 0x50, 0x9f, 0x00, 0x00, 0x00, 0x00, 0x00,
  0x00, 0x00, 0x00, 0x00, 0x00, 0x00, 0x00, 0x00, 0x00, 0x00, 0x00, 0xff,
  0xff, 0xff, 0xff, 0xff, 0xff, 0xff, 0xff, 0x78, 0x37, 0x00, 0x00, 0x00,
  0x00, 0x00, 0x00, 0x00, 0x00, 0x00, 0x00, 0x00, 0x00, 0x00, 0x00, 0x20,
  0x00, 0x00, 0x00, 0x00, 0x00, 0x00, 0x00, 0x01, 0x00, 0x51, 0x20, 0x00,
  0x00, 0x00, 0x00, 0x00, 0x00, 0x00, 0x18, 0x02, 0x00, 0x00, 0x00, 0x00,
  0x00, 0x00, 0x01, 0x00, 0x67, 0x18, 0x02, 0x00, 0x00, 0x00, 0x00, 0x00,
  0x00, 0x20, 0x02, 0x00, 0x00, 0x00, 0x00, 0x00, 0x00, 0x04, 0x00, 0xf3,
  0x01, 0x51, 0x9f, 0x00, 0x00, 0x00, 0x00, 0x00, 0x00, 0x00, 0x00, 0x00,
  0x00, 0x00, 0x00, 0x00, 0x00, 0x00, 0x00, 0xff, 0xff, 0xff, 0xff, 0xff,
  0xff, 0xff, 0xff, 0x78, 0x37, 0x00, 0x00, 0x00, 0x00, 0x00, 0x00, 0x00,
  0x00, 0x00, 0x00, 0x00, 0x00, 0x00, 0x00, 0x1c, 0x00, 0x00, 0x00, 0x00,
  0x00, 0x00, 0x00, 0x01, 0x00, 0x52, 0x1c, 0x00, 0x00, 0x00, 0x00, 0x00,
  0x00, 0x00, 0x14, 0x02, 0x00, 0x00, 0x00, 0x00, 0x00, 0x00, 0x01, 0x00,
  0x65, 0x14, 0x02, 0x00, 0x00, 0x00, 0x00, 0x00, 0x00, 0x20, 0x02, 0x00,
  0x00, 0x00, 0x00, 0x00, 0x00, 0x04, 0x00, 0xf3, 0x01, 0x52, 0x9f, 0x00,
  0x00, 0x00, 0x00, 0x00, 0x00, 0x00, 0x00, 0x00, 0x00, 0x00, 0x00, 0x00,
  0x00, 0x00, 0x00, 0xff, 0xff, 0xff, 0xff, 0xff, 0xff, 0xff, 0xff, 0x78,
  0x37, 0x00, 0x00, 0x00, 0x00, 0x00, 0x00, 0x00, 0x00, 0x00, 0x00, 0x00,
  0x00, 0x00, 0x00, 0x44, 0x00, 0x00, 0x00, 0x00, 0x00, 0x00, 0x00, 0x01,
  0x00, 0x53, 0x44, 0x00, 0x00, 0x00, 0x00, 0x00, 0x00, 0x00, 0x0c, 0x02,
  0x00, 0x00, 0x00, 0x00, 0x00, 0x00, 0x01, 0x00, 0x64, 0x0c, 0x02, 0x00,
  0x00, 0x00, 0x00, 0x00, 0x00, 0x20, 0x02, 0x00, 0x00, 0x00, 0x00, 0x00,
  0x00, 0x04, 0x00, 0xf3, 0x01, 0x53, 0x9f, 0x00, 0x00, 0x00, 0x00, 0x00,
  0x00, 0x00, 0x00, 0x00, 0x00, 0x00, 0x00, 0x00, 0x00, 0x00, 0x00, 0xff,
  0xff, 0xff, 0xff, 0xff, 0xff, 0xff, 0xff, 0x78, 0x37, 0x00, 0x00, 0x00,
  0x00, 0x00, 0x00, 0x00, 0x00, 0x00, 0x00, 0x00, 0x00, 0x00, 0x00, 0x40,
  0x00, 0x00, 0x00, 0x00, 0x00, 0x00, 0x00, 0x01, 0x00, 0x54, 0x40, 0x00,
  0x00, 0x00, 0x00, 0x00, 0x00, 0x00, 0x80, 0x00, 0x00, 0x00, 0x00, 0x00,
  0x00, 0x00, 0x01, 0x00, 0x63, 0x88, 0x00, 0x00, 0x00, 0x00, 0x00, 0x00,
  0x00, 0x80, 0x01, 0x00, 0x00, 0x00, 0x00, 0x00, 0x00, 0x01, 0x00, 0x63,
  0x80, 0x01, 0x00, 0x00, 0x00, 0x00, 0x00, 0x00, 0xcc, 0x01, 0x00, 0x00,
  0x00, 0x00, 0x00, 0x00, 0x04, 0x00, 0xf3, 0x01, 0x54, 0x9f, 0xcc, 0x01,
  0x00, 0x00, 0x00, 0x00, 0x00, 0x00, 0xe4, 0x01, 0x00, 0x00, 0x00, 0x00,
  0x00, 0x00, 0x01, 0x00, 0x63, 0x00, 0x00, 0x00, 0x00, 0x00, 0x00, 0x00,
  0x00, 0x00, 0x00, 0x00, 0x00, 0x00, 0x00, 0x00, 0x00, 0xff, 0xff, 0xff,
  0xff, 0xff, 0xff, 0xff, 0xff, 0x78, 0x37, 0x00, 0x00, 0x00, 0x00, 0x00,
  0x00, 0x00, 0x00, 0x00, 0x00, 0x00, 0x00, 0x00, 0x00, 0x3c, 0x00, 0x00,
  0x00, 0x00, 0x00, 0x00, 0x00, 0x01, 0x00, 0x55, 0x3c, 0x00, 0x00, 0x00,
  0x00, 0x00, 0x00, 0x00, 0x14, 0x02, 0x00, 0x00, 0x00, 0x00, 0x00, 0x00,
  0x01, 0x00, 0x66, 0x14, 0x02, 0x00, 0x00, 0x00, 0x00, 0x00, 0x00, 0x20,
  0x02, 0x00, 0x00, 0x00, 0x00, 0x00, 0x00, 0x04, 0x00, 0xf3, 0x01, 0x55,
  0x9f, 0x00, 0x00, 0x00, 0x00, 0x00, 0x00, 0x00, 0x00, 0x00, 0x00, 0x00,
  0x00, 0x00, 0x00, 0x00, 0x00, 0xff, 0xff, 0xff, 0xff, 0xff, 0xff, 0xff,
  0xff, 0x78, 0x37, 0x00, 0x00, 0x00, 0x00, 0x00, 0x00, 0xf0, 0x00, 0x00,
  0x00, 0x00, 0x00, 0x00, 0x00, 0xf8, 0x00, 0x00, 0x00, 0x00, 0x00, 0x00,
  0x00, 0x01, 0x00, 0x58, 0x00, 0x00, 0x00, 0x00, 0x00, 0x00, 0x00, 0x00,
  0x00, 0x00, 0x00, 0x00, 0x00, 0x00, 0x00, 0x00, 0xff, 0xff, 0xff, 0xff,
  0xff, 0xff, 0xff, 0xff, 0x78, 0x37, 0x00, 0x00, 0x00, 0x00, 0x00, 0x00,
  0x08, 0x01, 0x00, 0x00, 0x00, 0x00, 0x00, 0x00, 0x10, 0x01, 0x00, 0x00,
  0x00, 0x00, 0x00, 0x00, 0x01, 0x00, 0x59, 0x00, 0x00, 0x00, 0x00, 0x00,
  0x00, 0x00, 0x00, 0x00, 0x00, 0x00, 0x00, 0x00, 0x00, 0x00, 0x00, 0xff,
  0xff, 0xff, 0xff, 0xff, 0xff, 0xff, 0xff, 0x78, 0x37, 0x00, 0x00, 0x00,
  0x00, 0x00, 0x00, 0x0c, 0x01, 0x00, 0x00, 0x00, 0x00, 0x00, 0x00, 0x18,
  0x01, 0x00, 0x00, 0x00, 0x00, 0x00, 0x00, 0x04, 0x00, 0x89, 0x88, 0x04,
  0x9f, 0x00, 0x00, 0x00, 0x00, 0x00, 0x00, 0x00, 0x00, 0x00, 0x00, 0x00,
  0x00, 0x00, 0x00, 0x00, 0x00, 0xff, 0xff, 0xff, 0xff, 0xff, 0xff, 0xff,
  0xff, 0x78, 0x37, 0x00, 0x00, 0x00, 0x00, 0x00, 0x00, 0x0c, 0x01, 0x00,
  0x00, 0x00, 0x00, 0x00, 0x00, 0x18, 0x01, 0x00, 0x00, 0x00, 0x00, 0x00,
  0x00, 0x04, 0x00, 0x10, 0x80, 0x02, 0x9f, 0x00, 0x00, 0x00, 0x00, 0x00,
  0x00, 0x00, 0x00, 0x00, 0x00, 0x00, 0x00, 0x00, 0x00, 0x00, 0x00, 0xff,
  0xff, 0xff, 0xff, 0xff, 0xff, 0xff, 0xff, 0x78, 0x37, 0x00, 0x00, 0x00,
  0x00, 0x00, 0x00, 0x48, 0x01, 0x00, 0x00, 0x00, 0x00, 0x00, 0x00, 0x60,
  0x01, 0x00, 0x00, 0x00, 0x00, 0x00, 0x00, 0x01, 0x00, 0x53, 0x68, 0x01,
  0x00, 0x00, 0x00, 0x00, 0x00, 0x00, 0x6c, 0x01, 0x00, 0x00, 0x00, 0x00,
  0x00, 0x00, 0x01, 0x00, 0x53, 0x74, 0x01, 0x00, 0x00, 0x00, 0x00, 0x00,
  0x00, 0x78, 0x01, 0x00, 0x00, 0x00, 0x00, 0x00, 0x00, 0x01, 0x00, 0x53,
  0xcc, 0x01, 0x00, 0x00, 0x00, 0x00, 0x00, 0x00, 0xe4, 0x01, 0x00, 0x00,
  0x00, 0x00, 0x00, 0x00, 0x01, 0x00, 0x53, 0x00, 0x00, 0x00, 0x00, 0x00,
  0x00, 0x00, 0x00, 0x00, 0x00, 0x00, 0x00, 0x00, 0x00, 0x00, 0x00, 0xff,
  0xff, 0xff, 0xff, 0xff, 0xff, 0xff, 0xff, 0x78, 0x37, 0x00, 0x00, 0x00,
  0x00, 0x00, 0x00, 0x60, 0x01, 0x00, 0x00, 0x00, 0x00, 0x00, 0x00, 0x68,
  0x01, 0x00, 0x00, 0x00, 0x00, 0x00, 0x00, 0x01, 0x00, 0x50, 0x6c, 0x01,
  0x00, 0x00, 0x00, 0x00, 0x00, 0x00, 0x74, 0x01, 0x00, 0x00, 0x00, 0x00,
  0x00, 0x00, 0x01, 0x00, 0x50, 0x78, 0x01, 0x00, 0x00, 0x00, 0x00, 0x00,
  0x00, 0x8c, 0x01, 0x00, 0x00, 0x00, 0x00, 0x00, 0x00, 0x01, 0x00, 0x50,
  0x00, 0x00, 0x00, 0x00, 0x00, 0x00, 0x00, 0x00, 0x00, 0x00, 0x00, 0x00,
  0x00, 0x00, 0x00, 0x00, 0xff, 0xff, 0xff, 0xff, 0xff, 0xff, 0xff, 0xff,
  0x98, 0x39, 0x00, 0x00, 0x00, 0x00, 0x00, 0x00, 0xcc, 0x00, 0x00, 0x00,
  0x00, 0x00, 0x00, 0x00, 0x00, 0x01, 0x00, 0x00, 0x00, 0x00, 0x00, 0x00,
  0x04, 0x00, 0x11, 0x96, 0x01, 0x9f, 0x00, 0x01, 0x00, 0x00, 0x00, 0x00,
  0x00, 0x00, 0xcc, 0x01, 0x00, 0x00, 0x00, 0x00, 0x00, 0x00, 0x01, 0x00,
  0x66, 0x00, 0x00, 0x00, 0x00, 0x00, 0x00, 0x00, 0x00, 0x00, 0x00, 0x00,
  0x00, 0x00, 0x00, 0x00, 0x00, 0xff, 0xff, 0xff, 0xff, 0xff, 0xff, 0xff,
  0xff, 0x98, 0x39, 0x00, 0x00, 0x00, 0x00, 0x00, 0x00, 0x00, 0x01, 0x00,
  0x00, 0x00, 0x00, 0x00, 0x00, 0x14, 0x01, 0x00, 0x00, 0x00, 0x00, 0x00,
  0x00, 0x01, 0x00, 0x68, 0x20, 0x01, 0x00, 0x00, 0x00, 0x00, 0x00, 0x00,
  0xa0, 0x01, 0x00, 0x00, 0x00, 0x00, 0x00, 0x00, 0x01, 0x00, 0x68, 0x00,
  0x00, 0x00, 0x00, 0x00, 0x00, 0x00, 0x00, 0x00, 0x00, 0x00, 0x00, 0x00,
  0x00, 0x00, 0x00, 0xff, 0xff, 0xff, 0xff, 0xff, 0xff, 0xff, 0xff, 0x64,
  0x3b, 0x00, 0x00, 0x00, 0x00, 0x00, 0x00, 0x38, 0x00, 0x00, 0x00, 0x00,
  0x00, 0x00, 0x00, 0xc8, 0x00, 0x00, 0x00, 0x00, 0x00, 0x00, 0x00, 0x01,
  0x00, 0x64, 0x00, 0x00, 0x00, 0x00, 0x00, 0x00, 0x00, 0x00, 0x00, 0x00,
  0x00, 0x00, 0x00, 0x00, 0x00, 0x00, 0xff, 0xff, 0xff, 0xff, 0xff, 0xff,
  0xff, 0xff, 0x34, 0x3c, 0x00, 0x00, 0x00, 0x00, 0x00, 0x00, 0x30, 0x00,
  0x00, 0x00, 0x00, 0x00, 0x00, 0x00, 0x48, 0x00, 0x00, 0x00, 0x00, 0x00,
  0x00, 0x00, 0x01, 0x00, 0x53, 0x50, 0x00, 0x00, 0x00, 0x00, 0x00, 0x00,
  0x00, 0x54, 0x00, 0x00, 0x00, 0x00, 0x00, 0x00, 0x00, 0x01, 0x00, 0x53,
  0x5c, 0x00, 0x00, 0x00, 0x00, 0x00, 0x00, 0x00, 0x60, 0x00, 0x00, 0x00,
  0x00, 0x00, 0x00, 0x00, 0x01, 0x00, 0x53, 0x74, 0x00, 0x00, 0x00, 0x00,
  0x00, 0x00, 0x00, 0x8c, 0x00, 0x00, 0x00, 0x00, 0x00, 0x00, 0x00, 0x01,
  0x00, 0x53, 0x00, 0x00, 0x00, 0x00, 0x00, 0x00, 0x00, 0x00, 0x00, 0x00,
  0x00, 0x00, 0x00, 0x00, 0x00, 0x00, 0xff, 0xff, 0xff, 0xff, 0xff, 0xff,
  0xff, 0xff, 0x34, 0x3c, 0x00, 0x00, 0x00, 0x00, 0x00, 0x00, 0x48, 0x00,
  0x00, 0x00, 0x00, 0x00, 0x00, 0x00, 0x50, 0x00, 0x00, 0x00, 0x00, 0x00,
  0x00, 0x00, 0x01, 0x00, 0x50, 0x54, 0x00, 0x00, 0x00, 0x00, 0x00, 0x00,
  0x00, 0x5c, 0x00, 0x00, 0x00, 0x00, 0x00, 0x00, 0x00, 0x01, 0x00, 0x50,
  0x60, 0x00, 0x00, 0x00, 0x00, 0x00, 0x00, 0x00, 0x70, 0x00, 0x00, 0x00,
  0x00, 0x00, 0x00, 0x00, 0x01, 0x00, 0x50, 0x00, 0x00, 0x00, 0x00, 0x00,
  0x00, 0x00, 0x00, 0x00, 0x00, 0x00, 0x00, 0x00, 0x00, 0x00, 0x00, 0xff,
  0xff, 0xff, 0xff, 0xff, 0xff, 0xff, 0xff, 0x00, 0x3d, 0x00, 0x00, 0x00,
  0x00, 0x00, 0x00, 0x00, 0x00, 0x00, 0x00, 0x00, 0x00, 0x00, 0x00, 0x40,
  0x00, 0x00, 0x00, 0x00, 0x00, 0x00, 0x00, 0x01, 0x00, 0x50, 0x40, 0x00,
  0x00, 0x00, 0x00, 0x00, 0x00, 0x00, 0x4c, 0x00, 0x00, 0x00, 0x00, 0x00,
  0x00, 0x00, 0x04, 0x00, 0xf3, 0x01, 0x50, 0x9f, 0x4c, 0x00, 0x00, 0x00,
  0x00, 0x00, 0x00, 0x00, 0x60, 0x00, 0x00, 0x00, 0x00, 0x00, 0x00, 0x00,
  0x01, 0x00, 0x50, 0x60, 0x00, 0x00, 0x00, 0x00, 0x00, 0x00, 0x00, 0x64,
  0x00, 0x00, 0x00, 0x00, 0x00, 0x00, 0x00, 0x04, 0x00, 0xf3, 0x01, 0x50,
  0x9f, 0x64, 0x00, 0x00, 0x00, 0x00, 0x00, 0x00, 0x00, 0x6c, 0x00, 0x00,
  0x00, 0x00, 0x00, 0x00, 0x00, 0x01, 0x00, 0x50, 0x6c, 0x00, 0x00, 0x00,
  0x00, 0x00, 0x00, 0x00, 0x18, 0x01, 0x00, 0x00, 0x00, 0x00, 0x00, 0x00,
  0x01, 0x00, 0x64, 0x18, 0x01, 0x00, 0x00, 0x00, 0x00, 0x00, 0x00, 0x24,
  0x01, 0x00, 0x00, 0x00, 0x00, 0x00, 0x00, 0x04, 0x00, 0xf3, 0x01, 0x50,
  0x9f, 0x24, 0x01, 0x00, 0x00, 0x00, 0x00, 0x00, 0x00, 0x50, 0x01, 0x00,
  0x00, 0x00, 0x00, 0x00, 0x00, 0x01, 0x00, 0x64, 0x00, 0x00, 0x00, 0x00,
  0x00, 0x00, 0x00, 0x00, 0x00, 0x00, 0x00, 0x00, 0x00, 0x00, 0x00, 0x00,
  0xff, 0xff, 0xff, 0xff, 0xff, 0xff, 0xff, 0xff, 0x00, 0x3d, 0x00, 0x00,
  0x00, 0x00, 0x00, 0x00, 0x00, 0x00, 0x00, 0x00, 0x00, 0x00, 0x00, 0x00,
  0x18, 0x00, 0x00, 0x00, 0x00, 0x00, 0x00, 0x00, 0x01, 0x00, 0x51, 0x18,
  0x00, 0x00, 0x00, 0x00, 0x00, 0x00, 0x00, 0x4c, 0x00, 0x00, 0x00, 0x00,
  0x00, 0x00, 0x00, 0x01, 0x00, 0x63, 0x64, 0x00, 0x00, 0x00, 0x00, 0x00,
  0x00, 0x00, 0x18, 0x01, 0x00, 0x00, 0x00, 0x00, 0x00, 0x00, 0x01, 0x00,
  0x63, 0x18, 0x01, 0x00, 0x00, 0x00, 0x00, 0x00, 0x00, 0x24, 0x01, 0x00,
  0x00, 0x00, 0x00, 0x00, 0x00, 0x04, 0x00, 0xf3, 0x01, 0x51, 0x9f, 0x24,
  0x01, 0x00, 0x00, 0x00, 0x00, 0x00, 0x00, 0x50, 0x01, 0x00, 0x00, 0x00,
  0x00, 0x00, 0x00, 0x01, 0x00, 0x63, 0x00, 0x00, 0x00, 0x00, 0x00, 0x00,
  0x00, 0x00, 0x00, 0x00, 0x00, 0x00, 0x00, 0x00, 0x00, 0x00, 0xff, 0xff,
  0xff, 0xff, 0xff, 0xff, 0xff, 0xff, 0x00, 0x3d, 0x00, 0x00, 0x00, 0x00,
  0x00, 0x00, 0x7c, 0x00, 0x00, 0x00, 0x00, 0x00, 0x00, 0x00, 0x1c, 0x01,
  0x00, 0x00, 0x00, 0x00, 0x00, 0x00, 0x01, 0x00, 0x66, 0x24, 0x01, 0x00,
  0x00, 0x00, 0x00, 0x00, 0x00, 0x50, 0x01, 0x00, 0x00, 0x00, 0x00, 0x00,
  0x00, 0x01, 0x00, 0x66, 0x00, 0x00, 0x00, 0x00, 0x00, 0x00, 0x00, 0x00,
  0x00, 0x00, 0x00, 0x00, 0x00, 0x00, 0x00, 0x00, 0xff, 0xff, 0xff, 0xff,
  0xff, 0xff, 0xff, 0xff, 0x00, 0x3d, 0x00, 0x00, 0x00, 0x00, 0x00, 0x00,
  0x90, 0x00, 0x00, 0x00, 0x00, 0x00, 0x00, 0x00, 0xa8, 0x00, 0x00, 0x00,
  0x00, 0x00, 0x00, 0x00, 0x01, 0x00, 0x53, 0xc8, 0x00, 0x00, 0x00, 0x00,
  0x00, 0x00, 0x00, 0xcc, 0x00, 0x00, 0x00, 0x00, 0x00, 0x00, 0x00, 0x01,
  0x00, 0x53, 0xd8, 0x00, 0x00, 0x00, 0x00, 0x00, 0x00, 0x00, 0xdc, 0x00,
  0x00, 0x00, 0x00, 0x00, 0x00, 0x00, 0x01, 0x00, 0x53, 0x24, 0x01, 0x00,
  0x00, 0x00, 0x00, 0x00, 0x00, 0x3c, 0x01, 0x00, 0x00, 0x00, 0x00, 0x00,
  0x00, 0x01, 0x00, 0x53, 0x00, 0x00, 0x00, 0x00, 0x00, 0x00, 0x00, 0x00,
  0x00, 0x00, 0x00, 0x00, 0x00, 0x00, 0x00, 0x00, 0xff, 0xff, 0xff, 0xff,
  0xff, 0xff, 0xff, 0xff, 0x00, 0x3d, 0x00, 0x00, 0x00, 0x00, 0x00, 0x00,
  0xac, 0x00, 0x00, 0x00, 0x00, 0x00, 0x00, 0x00, 0xb4, 0x00, 0x00, 0x00,
  0x00, 0x00, 0x00, 0x00, 0x01, 0x00, 0x65, 0xd0, 0x00, 0x00, 0x00, 0x00,
  0x00, 0x00, 0x00, 0xd8, 0x00, 0x00, 0x00, 0x00, 0x00, 0x00, 0x00, 0x01,
  0x00, 0x65, 0xe0, 0x00, 0x00, 0x00, 0x00, 0x00, 0x00, 0x00, 0x1c, 0x01,
  0x00, 0x00, 0x00, 0x00, 0x00, 0x00, 0x01, 0x00, 0x65, 0x00, 0x00, 0x00,
  0x00, 0x00, 0x00, 0x00, 0x00, 0x00, 0x00, 0x00, 0x00, 0x00, 0x00, 0x00,
  0x00, 0xff, 0xff, 0xff, 0xff, 0xff, 0xff, 0xff, 0xff, 0x68, 0x3e, 0x00,
  0x00, 0x00, 0x00, 0x00, 0x00, 0x00, 0x00, 0x00, 0x00, 0x00, 0x00, 0x00,
  0x00, 0x24, 0x00, 0x00, 0x00, 0x00, 0x00, 0x00, 0x00, 0x01, 0x00, 0x50,
  0x24, 0x00, 0x00, 0x00, 0x00, 0x00, 0x00, 0x00, 0x70, 0x01, 0x00, 0x00,
  0x00, 0x00, 0x00, 0x00, 0x01, 0x00, 0x64, 0x70, 0x01, 0x00, 0x00, 0x00,
  0x00, 0x00, 0x00, 0x88, 0x01, 0x00, 0x00, 0x00, 0x00, 0x00, 0x00, 0x04,
  0x00, 0xf3, 0x01, 0x50, 0x9f, 0x00, 0x00, 0x00, 0x00, 0x00, 0x00, 0x00,
  0x00, 0x00, 0x00, 0x00, 0x00, 0x00, 0x00, 0x00, 0x00, 0xff, 0xff, 0xff,
  0xff, 0xff, 0xff, 0xff, 0xff, 0x68, 0x3e, 0x00, 0x00, 0x00, 0x00, 0x00,
  0x00, 0x00, 0x00, 0x00, 0x00, 0x00, 0x00, 0x00, 0x00, 0x28, 0x00, 0x00,
  0x00, 0x00, 0x00, 0x00, 0x00, 0x01, 0x00, 0x51, 0x28, 0x00, 0x00, 0x00,
  0x00, 0x00, 0x00, 0x00, 0x88, 0x01, 0x00, 0x00, 0x00, 0x00, 0x00, 0x00,
  0x04, 0x00, 0xf3, 0x01, 0x51, 0x9f, 0x00, 0x00, 0x00, 0x00, 0x00, 0x00,
  0x00, 0x00, 0x00, 0x00, 0x00, 0x00, 0x00, 0x00, 0x00, 0x00, 0xff, 0xff,
  0xff, 0xff, 0xff, 0xff, 0xff, 0xff, 0x68, 0x3e, 0x00, 0x00, 0x00, 0x00,
  0x00, 0x00, 0x00, 0x00, 0x00, 0x00, 0x00, 0x00, 0x00, 0x00, 0x20, 0x00,
  0x00, 0x00, 0x00, 0x00, 0x00, 0x00, 0x01, 0x00, 0x52, 0x20, 0x00, 0x00,
  0x00, 0x00, 0x00, 0x00, 0x00, 0x7c, 0x01, 0x00, 0x00, 0x00, 0x00, 0x00,
  0x00, 0x01, 0x00, 0x69, 0x7c, 0x01, 0x00, 0x00, 0x00, 0x00, 0x00, 0x00,
  0x88, 0x01, 0x00, 0x00, 0x00, 0x00, 0x00, 0x00, 0x04, 0x00, 0xf3, 0x01,
  0x52, 0x9f, 0x00, 0x00, 0x00, 0x00, 0x00, 0x00, 0x00, 0x00, 0x00, 0x00,
  0x00, 0x00, 0x00, 0x00, 0x00, 0x00, 0xff, 0xff, 0xff, 0xff, 0xff, 0xff,
  0xff, 0xff, 0x68, 0x3e, 0x00, 0x00, 0x00, 0x00, 0x00, 0x00, 0x00, 0x00,
  0x00, 0x00, 0x00, 0x00, 0x00, 0x00, 0x4c, 0x00, 0x00, 0x00, 0x00, 0x00,
  0x00, 0x00, 0x01, 0x00, 0x53, 0x4c, 0x00, 0x00, 0x00, 0x00, 0x00, 0x00,
  0x00, 0x78, 0x01, 0x00, 0x00, 0x00, 0x00, 0x00, 0x00, 0x01, 0x00, 0x68,
  0x78, 0x01, 0x00, 0x00, 0x00, 0x00, 0x00, 0x00, 0x88, 0x01, 0x00, 0x00,
  0x00, 0x00, 0x00, 0x00, 0x04, 0x00, 0xf3, 0x01, 0x53, 0x9f, 0x00, 0x00,
  0x00, 0x00, 0x00, 0x00, 0x00, 0x00, 0x00, 0x00, 0x00, 0x00, 0x00, 0x00,
  0x00, 0x00, 0xff, 0xff, 0xff, 0xff, 0xff, 0xff, 0xff, 0xff, 0x68, 0x3e,
  0x00, 0x00, 0x00, 0x00, 0x00, 0x00, 0x00, 0x00, 0x00, 0x00, 0x00, 0x00,
  0x00, 0x00, 0x48, 0x00, 0x00, 0x00, 0x00, 0x00, 0x00, 0x00, 0x01, 0x00,
  0x54, 0x48, 0x00, 0x00, 0x00, 0x00, 0x00, 0x00, 0x00, 0x74, 0x01, 0x00,
  0x00, 0x00, 0x00, 0x00, 0x00, 0x01, 0x00, 0x66, 0x74, 0x01, 0x00, 0x00,
  0x00, 0x00, 0x00, 0x00, 0x88, 0x01, 0x00, 0x00, 0x00, 0x00, 0x00, 0x00,
  0x04, 0x00, 0xf3, 0x01, 0x54, 0x9f, 0x00, 0x00, 0x00, 0x00, 0x00, 0x00,
  0x00, 0x00, 0x00, 0x00, 0x00, 0x00, 0x00, 0x00, 0x00, 0x00, 0xff, 0xff,
  0xff, 0xff, 0xff, 0xff, 0xff, 0xff, 0x68, 0x3e, 0x00, 0x00, 0x00, 0x00,
  0x00, 0x00, 0x00, 0x00, 0x00, 0x00, 0x00, 0x00, 0x00, 0x00, 0x44, 0x00,
  0x00, 0x00, 0x00, 0x00, 0x00, 0x00, 0x01, 0x00, 0x55, 0x44, 0x00, 0x00,
  0x00, 0x00, 0x00, 0x00, 0x00, 0x74, 0x01, 0x00, 0x00, 0x00, 0x00, 0x00,
  0x00, 0x01, 0x00, 0x65, 0x74, 0x01, 0x00, 0x00, 0x00, 0x00, 0x00, 0x00,
  0x88, 0x01, 0x00, 0x00, 0x00, 0x00, 0x00, 0x00, 0x04, 0x00, 0xf3, 0x01,
  0x55, 0x9f, 0x00, 0x00, 0x00, 0x00, 0x00, 0x00, 0x00, 0x00, 0x00, 0x00,
  0x00, 0x00, 0x00, 0x00, 0x00, 0x00, 0xff, 0xff, 0xff, 0xff, 0xff, 0xff,
  0xff, 0xff, 0x68, 0x3e, 0x00, 0x00, 0x00, 0x00, 0x00, 0x00, 0x00, 0x00,
  0x00, 0x00, 0x00, 0x00, 0x00, 0x00, 0x40, 0x00, 0x00, 0x00, 0x00, 0x00,
  0x00, 0x00, 0x01, 0x00, 0x56, 0x40, 0x00, 0x00, 0x00, 0x00, 0x00, 0x00,
  0x00, 0x70, 0x01, 0x00, 0x00, 0x00, 0x00, 0x00, 0x00, 0x01, 0x00, 0x63,
  0x70, 0x01, 0x00, 0x00, 0x00, 0x00, 0x00, 0x00, 0x88, 0x01, 0x00, 0x00,
  0x00, 0x00, 0x00, 0x00, 0x04, 0x00, 0xf3, 0x01, 0x56, 0x9f, 0x00, 0x00,
  0x00, 0x00, 0x00, 0x00, 0x00, 0x00, 0x00, 0x00, 0x00, 0x00, 0x00, 0x00,
  0x00, 0x00, 0xff, 0xff, 0xff, 0xff, 0xff, 0xff, 0xff, 0xff, 0x68, 0x3e,
  0x00, 0x00, 0x00, 0x00, 0x00, 0x00, 0x00, 0x00, 0x00, 0x00, 0x00, 0x00,
  0x00, 0x00, 0x3c, 0x00, 0x00, 0x00, 0x00, 0x00, 0x00, 0x00, 0x01, 0x00,
  0x57, 0x3c, 0x00, 0x00, 0x00, 0x00, 0x00, 0x00, 0x00, 0xe8, 0x00, 0x00,
  0x00, 0x00, 0x00, 0x00, 0x00, 0x01, 0x00, 0x67, 0xe8, 0x00, 0x00, 0x00,
  0x00, 0x00, 0x00, 0x00, 0x88, 0x01, 0x00, 0x00, 0x00, 0x00, 0x00, 0x00,
  0x04, 0x00, 0xf3, 0x01, 0x57, 0x9f, 0x00, 0x00, 0x00, 0x00, 0x00, 0x00,
  0x00, 0x00, 0x00, 0x00, 0x00, 0x00, 0x00, 0x00, 0x00, 0x00, 0xff, 0xff,
  0xff, 0xff, 0xff, 0xff, 0xff, 0xff, 0x68, 0x3e, 0x00, 0x00, 0x00, 0x00,
  0x00, 0x00, 0x50, 0x00, 0x00, 0x00, 0x00, 0x00, 0x00, 0x00, 0xb0, 0x00,
  0x00, 0x00, 0x00, 0x00, 0x00, 0x00, 0x02, 0x00, 0x30, 0x9f, 0xb0, 0x00,
  0x00, 0x00, 0x00, 0x00, 0x00, 0x00, 0xb4, 0x00, 0x00, 0x00, 0x00, 0x00,
  0x00, 0x00, 0x01, 0x00, 0x6c, 0xb4, 0x00, 0x00, 0x00, 0x00, 0x00, 0x00,
  0x00, 0xc8, 0x00, 0x00, 0x00, 0x00, 0x00, 0x00, 0x00, 0x02, 0x00, 0x30,
  0x9f, 0xc8, 0x00, 0x00, 0x00, 0x00, 0x00, 0x00, 0x00, 0x80, 0x01, 0x00,
  0x00, 0x00, 0x00, 0x00, 0x00, 0x01, 0x00, 0x6c, 0x00, 0x00, 0x00, 0x00,
  0x00, 0x00, 0x00, 0x00, 0x00, 0x00, 0x00, 0x00, 0x00, 0x00, 0x00, 0x00,
  0xff, 0xff, 0xff, 0xff, 0xff, 0xff, 0xff, 0xff, 0x68, 0x3e, 0x00, 0x00,
  0x00, 0x00, 0x00, 0x00, 0x50, 0x00, 0x00, 0x00, 0x00, 0x00, 0x00, 0x00,
  0x90, 0x00, 0x00, 0x00, 0x00, 0x00, 0x00, 0x00, 0x02, 0x00, 0x30, 0x9f,
  0x90, 0x00, 0x00, 0x00, 0x00, 0x00, 0x00, 0x00, 0xb4, 0x00, 0x00, 0x00,
  0x00, 0x00, 0x00, 0x00, 0x01, 0x00, 0x6b, 0xb4, 0x00, 0x00, 0x00, 0x00,
  0x00, 0x00, 0x00, 0xc0, 0x00, 0x00, 0x00, 0x00, 0x00, 0x00, 0x00, 0x02,
  0x00, 0x30, 0x9f, 0xc0, 0x00, 0x00, 0x00, 0x00, 0x00, 0x00, 0x00, 0x80,
  0x01, 0x00, 0x00, 0x00, 0x00, 0x00, 0x00, 0x01, 0x00, 0x6b, 0x00, 0x00,
  0x00, 0x00, 0x00, 0x00, 0x00, 0x00, 0x00, 0x00, 0x00, 0x00, 0x00, 0x00,
  0x00, 0x00, 0xff, 0xff, 0xff, 0xff, 0xff, 0xff, 0xff, 0xff, 0x68, 0x3e,
  0x00, 0x00, 0x00, 0x00, 0x00, 0x00, 0x50, 0x00, 0x00, 0x00, 0x00, 0x00,
  0x00, 0x00, 0x70, 0x00, 0x00, 0x00, 0x00, 0x00, 0x00, 0x00, 0x02, 0x00,
  0x30, 0x9f, 0x70, 0x00, 0x00, 0x00, 0x00, 0x00, 0x00, 0x00, 0xb4, 0x00,
  0x00, 0x00, 0x00, 0x00, 0x00, 0x00, 0x01, 0x00, 0x6a, 0xb4, 0x00, 0x00,
  0x00, 0x00, 0x00, 0x00, 0x00, 0xb8, 0x00, 0x00, 0x00, 0x00, 0x00, 0x00,
  0x00, 0x02, 0x00, 0x30, 0x9f, 0xb8, 0x00, 0x00, 0x00, 0x00, 0x00, 0x00,
  0x00, 0x7c, 0x01, 0x00, 0x00, 0x00, 0x00, 0x00, 0x00, 0x01, 0x00, 0x6a,
  0x00, 0x00, 0x00, 0x00, 0x00, 0x00, 0x00, 0x00, 0x00, 0x00, 0x00, 0x00,
  0x00, 0x00, 0x00, 0x00, 0xff, 0xff, 0xff, 0xff, 0xff, 0xff, 0xff, 0xff,
  0x68, 0x3e, 0x00, 0x00, 0x00, 0x00, 0x00, 0x00, 0xe8, 0x00, 0x00, 0x00,
  0x00, 0x00, 0x00, 0x00, 0x78, 0x01, 0x00, 0x00, 0x00, 0x00, 0x00, 0x00,
  0x01, 0x00, 0x67, 0x00, 0x00, 0x00, 0x00, 0x00, 0x00, 0x00, 0x00, 0x00,
  0x00, 0x00, 0x00, 0x00, 0x00, 0x00, 0x00, 0xff, 0xff, 0xff, 0xff, 0xff,
  0xff, 0xff, 0xff, 0xf0, 0x3f, 0x00, 0x00, 0x00, 0x00, 0x00, 0x00, 0x00,
  0x00, 0x00, 0x00, 0x00, 0x00, 0x00, 0x00, 0x20, 0x00, 0x00, 0x00, 0x00,
  0x00, 0x00, 0x00, 0x01, 0x00, 0x50, 0x20, 0x00, 0x00, 0x00, 0x00, 0x00,
  0x00, 0x00, 0x68, 0x00, 0x00, 0x00, 0x00, 0x00, 0x00, 0x00, 0x04, 0x00,
  0xf3, 0x01, 0x50, 0x9f, 0x00, 0x00, 0x00, 0x00, 0x00, 0x00, 0x00, 0x00,
  0x00, 0x00, 0x00, 0x00, 0x00, 0x00, 0x00, 0x00, 0xff, 0xff, 0xff, 0xff,
  0xff, 0xff, 0xff, 0xff, 0xf0, 0x3f, 0x00, 0x00, 0x00, 0x00, 0x00, 0x00,
  0x00, 0x00, 0x00, 0x00, 0x00, 0x00, 0x00, 0x00, 0x10, 0x00, 0x00, 0x00,
  0x00, 0x00, 0x00, 0x00, 0x01, 0x00, 0x51, 0x10, 0x00, 0x00, 0x00, 0x00,
  0x00, 0x00, 0x00, 0x68, 0x00, 0x00, 0x00, 0x00, 0x00, 0x00, 0x00, 0x04,
  0x00, 0xf3, 0x01, 0x51, 0x9f, 0x00, 0x00, 0x00, 0x00, 0x00, 0x00, 0x00,
  0x00, 0x00, 0x00, 0x00, 0x00, 0x00, 0x00, 0x00, 0x00, 0xff, 0xff, 0xff,
  0xff, 0xff, 0xff, 0xff, 0xff, 0xf0, 0x3f, 0x00, 0x00, 0x00, 0x00, 0x00,
  0x00, 0x2c, 0x00, 0x00, 0x00, 0x00, 0x00, 0x00, 0x00, 0x60, 0x00, 0x00,
  0x00, 0x00, 0x00, 0x00, 0x00, 0x01, 0x00, 0x63, 0x00, 0x00, 0x00, 0x00,
  0x00, 0x00, 0x00, 0x00, 0x00, 0x00, 0x00, 0x00, 0x00, 0x00, 0x00, 0x00,
  0xff, 0xff, 0xff, 0xff, 0xff, 0xff, 0xff, 0xff, 0x58, 0x40, 0x00, 0x00,
  0x00, 0x00, 0x00, 0x00, 0x00, 0x00, 0x00, 0x00, 0x00, 0x00, 0x00, 0x00,
  0x20, 0x00, 0x00, 0x00, 0x00, 0x00, 0x00, 0x00, 0x01, 0x00, 0x50, 0x20,
  0x00, 0x00, 0x00, 0x00, 0x00, 0x00, 0x00, 0x68, 0x00, 0x00, 0x00, 0x00,
  0x00, 0x00, 0x00, 0x04, 0x00, 0xf3, 0x01, 0x50, 0x9f, 0x00, 0x00, 0x00,
  0x00, 0x00, 0x00, 0x00, 0x00, 0x00, 0x00, 0x00, 0x00, 0x00, 0x00, 0x00,
  0x00, 0xff, 0xff, 0xff, 0xff, 0xff, 0xff, 0xff, 0xff, 0x58, 0x40, 0x00,
  0x00, 0x00, 0x00, 0x00, 0x00, 0x00, 0x00, 0x00, 0x00, 0x00, 0x00, 0x00,
  0x00, 0x10, 0x00, 0x00, 0x00, 0x00, 0x00, 0x00, 0x00, 0x01, 0x00, 0x51,
  0x10, 0x00, 0x00, 0x00, 0x00, 0x00, 0x00, 0x00, 0x68, 0x00, 0x00, 0x00,
  0x00, 0x00, 0x00, 0x00, 0x04, 0x00, 0xf3, 0x01, 0x51, 0x9f, 0x00, 0x00,
  0x00, 0x00, 0x00, 0x00, 0x00, 0x00, 0x00, 0x00, 0x00, 0x00, 0x00, 0x00,
  0x00, 0x00, 0xff, 0xff, 0xff, 0xff, 0xff, 0xff, 0xff, 0xff, 0x58, 0x40,
  0x00, 0x00, 0x00, 0x00, 0x00, 0x00, 0x2c, 0x00, 0x00, 0x00, 0x00, 0x00,
  0x00, 0x00, 0x60, 0x00, 0x00, 0x00, 0x00, 0x00, 0x00, 0x00, 0x01, 0x00,
  0x63, 0x00, 0x00, 0x00, 0x00, 0x00, 0x00, 0x00, 0x00, 0x00, 0x00, 0x00,
  0x00, 0x00, 0x00, 0x00, 0x00, 0xff, 0xff, 0xff, 0xff, 0xff, 0xff, 0xff,
  0xff, 0xc0, 0x40, 0x00, 0x00, 0x00, 0x00, 0x00, 0x00, 0x00, 0x00, 0x00,
  0x00, 0x00, 0x00, 0x00, 0x00, 0x24, 0x00, 0x00, 0x00, 0x00, 0x00, 0x00,
  0x00, 0x01, 0x00, 0x50, 0x24, 0x00, 0x00, 0x00, 0x00, 0x00, 0x00, 0x00,
  0xc4, 0x00, 0x00, 0x00, 0x00, 0x00, 0x00, 0x00, 0x01, 0x00, 0x64, 0xc4,
  0x00, 0x00, 0x00, 0x00, 0x00, 0x00, 0x00, 0xd8, 0x00, 0x00, 0x00, 0x00,
  0x00, 0x00, 0x00, 0x01, 0x00, 0x50, 0xd8, 0x00, 0x00, 0x00, 0x00, 0x00,
  0x00, 0x00, 0x00, 0x01, 0x00, 0x00, 0x00, 0x00, 0x00, 0x00, 0x01, 0x00,
  0x64, 0x1c, 0x01, 0x00, 0x00, 0x00, 0x00, 0x00, 0x00, 0x34, 0x01, 0x00,
  0x00, 0x00, 0x00, 0x00, 0x00, 0x01, 0x00, 0x64, 0x00, 0x00, 0x00, 0x00,
  0x00, 0x00, 0x00, 0x00, 0x00, 0x00, 0x00, 0x00, 0x00, 0x00, 0x00, 0x00,
  0xff, 0xff, 0xff, 0xff, 0xff, 0xff, 0xff, 0xff, 0xc0, 0x40, 0x00, 0x00,
  0x00, 0x00, 0x00, 0x00, 0x00, 0x00, 0x00, 0x00, 0x00, 0x00, 0x00, 0x00,
  0x1c, 0x00, 0x00, 0x00, 0x00, 0x00, 0x00, 0x00, 0x01, 0x00, 0x51, 0x1c,
  0x00, 0x00, 0x00, 0x00, 0x00, 0x00, 0x00, 0xc4, 0x00, 0x00, 0x00, 0x00,
  0x00, 0x00, 0x00, 0x04, 0x00, 0xf3, 0x01, 0x51, 0x9f, 0xc4, 0x00, 0x00,
  0x00, 0x00, 0x00, 0x00, 0x00, 0xc8, 0x00, 0x00, 0x00, 0x00, 0x00, 0x00,
  0x00, 0x01, 0x00, 0x51, 0xc8, 0x00, 0x00, 0x00, 0x00, 0x00, 0x00, 0x00,
  0x34, 0x01, 0x00, 0x00, 0x00, 0x00, 0x00, 0x00, 0x04, 0x00, 0xf3, 0x01,
  0x51, 0x9f, 0x00, 0x00, 0x00, 0x00, 0x00, 0x00, 0x00, 0x00, 0x00, 0x00,
  0x00, 0x00, 0x00, 0x00, 0x00, 0x00, 0xff, 0xff, 0xff, 0xff, 0xff, 0xff,
  0xff, 0xff, 0xc0, 0x40, 0x00, 0x00, 0x00, 0x00, 0x00, 0x00, 0x00, 0x00,
  0x00, 0x00, 0x00, 0x00, 0x00, 0x00, 0x20, 0x00, 0x00, 0x00, 0x00, 0x00,
  0x00, 0x00, 0x01, 0x00, 0x52, 0x20, 0x00, 0x00, 0x00, 0x00, 0x00, 0x00,
  0x00, 0xc4, 0x00, 0x00, 0x00, 0x00, 0x00, 0x00, 0x00, 0x01, 0x00, 0x63,
  0xc4, 0x00, 0x00, 0x00, 0x00, 0x00, 0x00, 0x00, 0xd0, 0x00, 0x00, 0x00,
  0x00, 0x00, 0x00, 0x00, 0x01, 0x00, 0x52, 0xd0, 0x00, 0x00, 0x00, 0x00,
  0x00, 0x00, 0x00, 0xd8, 0x00, 0x00, 0x00, 0x00, 0x00, 0x00, 0x00, 0x04,
  0x00, 0xf3, 0x01, 0x52, 0x9f, 0xd8, 0x00, 0x00, 0x00, 0x00, 0x00, 0x00,
  0x00, 0x00, 0x01, 0x00, 0x00, 0x00, 0x00, 0x00, 0x00, 0x01, 0x00, 0x63,
  0x1c, 0x01, 0x00, 0x00, 0x00, 0x00, 0x00, 0x00, 0x34, 0x01, 0x00, 0x00,
  0x00, 0x00, 0x00, 0x00, 0x01, 0x00, 0x63, 0x00, 0x00, 0x00, 0x00, 0x00,
  0x00, 0x00, 0x00, 0x00, 0x00, 0x00, 0x00, 0x00, 0x00, 0x00, 0x00, 0xff,
  0xff, 0xff, 0xff, 0xff, 0xff, 0xff, 0xff, 0xc0, 0x40, 0x00, 0x00, 0x00,
  0x00, 0x00, 0x00, 0x2c, 0x00, 0x00, 0x00, 0x00, 0x00, 0x00, 0x00, 0x3c,
  0x00, 0x00, 0x00, 0x00, 0x00, 0x00, 0x00, 0x01, 0x00, 0x50, 0x3c, 0x00,
  0x00, 0x00, 0x00, 0x00, 0x00, 0x00, 0x88, 0x00, 0x00, 0x00, 0x00, 0x00,
  0x00, 0x00, 0x01, 0x00, 0x65, 0xd8, 0x00, 0x00, 0x00, 0x00, 0x00, 0x00,
  0x00, 0xec, 0x00, 0x00, 0x00, 0x00, 0x00, 0x00, 0x00, 0x01, 0x00, 0x50,
  0xf0, 0x00, 0x00, 0x00, 0x00, 0x00, 0x00, 0x00, 0x00, 0x01, 0x00, 0x00,
  0x00, 0x00, 0x00, 0x00, 0x01, 0x00, 0x65, 0x00, 0x00, 0x00, 0x00, 0x00,
  0x00, 0x00, 0x00, 0x00, 0x00, 0x00, 0x00, 0x00, 0x00, 0x00, 0x00, 0xff,
  0xff, 0xff, 0xff, 0xff, 0xff, 0xff, 0xff, 0xc0, 0x40, 0x00, 0x00, 0x00,
  0x00, 0x00, 0x00, 0x50, 0x00, 0x00, 0x00, 0x00, 0x00, 0x00, 0x00, 0x58,
  0x00, 0x00, 0x00, 0x00, 0x00, 0x00, 0x00, 0x01, 0x00, 0x50, 0x58, 0x00,
  0x00, 0x00, 0x00, 0x00, 0x00, 0x00, 0xc4, 0x00, 0x00, 0x00, 0x00, 0x00,
  0x00, 0x00, 0x01, 0x00, 0x66, 0xf0, 0x00, 0x00, 0x00, 0x00, 0x00, 0x00,
  0x00, 0x00, 0x01, 0x00, 0x00, 0x00, 0x00, 0x00, 0x00, 0x01, 0x00, 0x50,
  0x1c, 0x01, 0x00, 0x00, 0x00, 0x00, 0x00, 0x00, 0x34, 0x01, 0x00, 0x00,
  0x00, 0x00, 0x00, 0x00, 0x01, 0x00, 0x66, 0x00, 0x00, 0x00, 0x00, 0x00,
  0x00, 0x00, 0x00, 0x00, 0x00, 0x00, 0x00, 0x00, 0x00, 0x00, 0x00, 0xff,
  0xff, 0xff, 0xff, 0xff, 0xff, 0xff, 0xff, 0xc0, 0x40, 0x00, 0x00, 0x00,
  0x00, 0x00, 0x00, 0x88, 0x00, 0x00, 0x00, 0x00, 0x00, 0x00, 0x00, 0xc4,
  0x00, 0x00, 0x00, 0x00, 0x00, 0x00, 0x00, 0x01, 0x00, 0x65, 0x1c, 0x01,
  0x00, 0x00, 0x00, 0x00, 0x00, 0x00, 0x34, 0x01, 0x00, 0x00, 0x00, 0x00,
  0x00, 0x00, 0x01, 0x00, 0x65, 0x00, 0x00, 0x00, 0x00, 0x00, 0x00, 0x00,
  0x00, 0x00, 0x00, 0x00, 0x00, 0x00, 0x00, 0x00, 0x00, 0xff, 0xff, 0xff,
  0xff, 0xff, 0xff, 0xff, 0xff, 0xf4, 0x41, 0x00, 0x00, 0x00, 0x00, 0x00,
  0x00, 0x00, 0x00, 0x00, 0x00, 0x00, 0x00, 0x00, 0x00, 0x14, 0x00, 0x00,
  0x00, 0x00, 0x00, 0x00, 0x00, 0x01, 0x00, 0x50, 0x14, 0x00, 0x00, 0x00,
  0x00, 0x00, 0x00, 0x00, 0x58, 0x00, 0x00, 0x00, 0x00, 0x00, 0x00, 0x00,
  0x01, 0x00, 0x63, 0x58, 0x00, 0x00, 0x00, 0x00, 0x00, 0x00, 0x00, 0x6c,
  0x00, 0x00, 0x00, 0x00, 0x00, 0x00, 0x00, 0x01, 0x00, 0x50, 0x6c, 0x00,
  0x00, 0x00, 0x00, 0x00, 0x00, 0x00, 0x74, 0x00, 0x00, 0x00, 0x00, 0x00,
  0x00, 0x00, 0x04, 0x00, 0xf3, 0x01, 0x50, 0x9f, 0x74, 0x00, 0x00, 0x00,
  0x00, 0x00, 0x00, 0x00, 0x84, 0x00, 0x00, 0x00, 0x00, 0x00, 0x00, 0x00,
  0x01, 0x00, 0x63, 0x00, 0x00, 0x00, 0x00, 0x00, 0x00, 0x00, 0x00, 0x00,
  0x00, 0x00, 0x00, 0x00, 0x00, 0x00, 0x00, 0xff, 0xff, 0xff, 0xff, 0xff,
  0xff, 0xff, 0xff, 0x88, 0x42, 0x00, 0x00, 0x00, 0x00, 0x00, 0x00, 0x34,
  0x00, 0x00, 0x00, 0x00, 0x00, 0x00, 0x00, 0x3c, 0x00, 0x00, 0x00, 0x00,
  0x00, 0x00, 0x00, 0x01, 0x00, 0x50, 0x3c, 0x00, 0x00, 0x00, 0x00, 0x00,
  0x00, 0x00, 0x54, 0x00, 0x00, 0x00, 0x00, 0x00, 0x00, 0x00, 0x01, 0x00,
  0x53, 0x5c, 0x00, 0x00, 0x00, 0x00, 0x00, 0x00, 0x00, 0x80, 0x00, 0x00,
  0x00, 0x00, 0x00, 0x00, 0x00, 0x01, 0x00, 0x50, 0x00, 0x00, 0x00, 0x00,
  0x00, 0x00, 0x00, 0x00, 0x00, 0x00, 0x00, 0x00, 0x00, 0x00, 0x00, 0x00,
  0xff, 0xff, 0xff, 0xff, 0xff, 0xff, 0xff, 0xff, 0x2c, 0x43, 0x00, 0x00,
  0x00, 0x00, 0x00, 0x00, 0x24, 0x00, 0x00, 0x00, 0x00, 0x00, 0x00, 0x00,
  0x3c, 0x00, 0x00, 0x00, 0x00, 0x00, 0x00, 0x00, 0x01, 0x00, 0x50, 0x00,
  0x00, 0x00, 0x00, 0x00, 0x00, 0x00, 0x00, 0x00, 0x00, 0x00, 0x00, 0x00,
  0x00, 0x00, 0x00, 0xff, 0xff, 0xff, 0xff, 0xff, 0xff, 0xff, 0xff, 0xa4,
  0x43, 0x00, 0x00, 0x00, 0x00, 0x00, 0x00, 0x00, 0x00, 0x00, 0x00, 0x00,
  0x00, 0x00, 0x00, 0x3c, 0x00, 0x00, 0x00, 0x00, 0x00, 0x00, 0x00, 0x01,
  0x00, 0x50, 0x3c, 0x00, 0x00, 0x00, 0x00, 0x00, 0x00, 0x00, 0x68, 0x00,
  0x00, 0x00, 0x00, 0x00, 0x00, 0x00, 0x01, 0x00, 0x63, 0x68, 0x00, 0x00,
  0x00, 0x00, 0x00, 0x00, 0x00, 0x84, 0x00, 0x00, 0x00, 0x00, 0x00, 0x00,
  0x00, 0x04, 0x00, 0xf3, 0x01, 0x50, 0x9f, 0x84, 0x00, 0x00, 0x00, 0x00,
  0x00, 0x00, 0x00, 0x98, 0x00, 0x00, 0x00, 0x00, 0x00, 0x00, 0x00, 0x01,
  0x00, 0x50, 0x98, 0x00, 0x00, 0x00, 0x00, 0x00, 0x00, 0x00, 0x9c, 0x00,
  0x00, 0x00, 0x00, 0x00, 0x00, 0x00, 0x04, 0x00, 0xf3, 0x01, 0x50, 0x9f,
  0x9c, 0x00, 0x00, 0x00, 0x00, 0x00, 0x00, 0x00, 0xb0, 0x00, 0x00, 0x00,
  0x00, 0x00, 0x00, 0x00, 0x01, 0x00, 0x50, 0xb0, 0x00, 0x00, 0x00, 0x00,
  0x00, 0x00, 0x00, 0xb8, 0x00, 0x00, 0x00, 0x00, 0x00, 0x00, 0x00, 0x04,
  0x00, 0xf3, 0x01, 0x50, 0x9f, 0xc4, 0x00, 0x00, 0x00, 0x00, 0x00, 0x00,
  0x00, 0xd8, 0x00, 0x00, 0x00, 0x00, 0x00, 0x00, 0x00, 0x01, 0x00, 0x63,
  0x00, 0x00, 0x00, 0x00, 0x00, 0x00, 0x00, 0x00, 0x00, 0x00, 0x00, 0x00,
  0x00, 0x00, 0x00, 0x00, 0xff, 0xff, 0xff, 0xff, 0xff, 0xff, 0xff, 0xff,
  0xa4, 0x43, 0x00, 0x00, 0x00, 0x00, 0x00, 0x00, 0x00, 0x00, 0x00, 0x00,
  0x00, 0x00, 0x00, 0x00, 0x30, 0x00, 0x00, 0x00, 0x00, 0x00, 0x00, 0x00,
  0x01, 0x00, 0x51, 0x30, 0x00, 0x00, 0x00, 0x00, 0x00, 0x00, 0x00, 0x84,
  0x00, 0x00, 0x00, 0x00, 0x00, 0x00, 0x00, 0x01, 0x00, 0x64, 0x84, 0x00,
  0x00, 0x00, 0x00, 0x00, 0x00, 0x00, 0x88, 0x00, 0x00, 0x00, 0x00, 0x00,
  0x00, 0x00, 0x01, 0x00, 0x51, 0x88, 0x00, 0x00, 0x00, 0x00, 0x00, 0x00,
  0x00, 0x9c, 0x00, 0x00, 0x00, 0x00, 0x00, 0x00, 0x00, 0x04, 0x00, 0xf3,
  0x01, 0x51, 0x9f, 0x9c, 0x00, 0x00, 0x00, 0x00, 0x00, 0x00, 0x00, 0xa0,
  0x00, 0x00, 0x00, 0x00, 0x00, 0x00, 0x00, 0x01, 0x00, 0x51, 0xa0, 0x00,
  0x00, 0x00, 0x00, 0x00, 0x00, 0x00, 0xb8, 0x00, 0x00, 0x00, 0x00, 0x00,
  0x00, 0x00, 0x04, 0x00, 0xf3, 0x01, 0x51, 0x9f, 0xc4, 0x00, 0x00, 0x00,
  0x00, 0x00, 0x00, 0x00, 0xd8, 0x00, 0x00, 0x00, 0x00, 0x00, 0x00, 0x00,
  0x01, 0x00, 0x64, 0x00, 0x00, 0x00, 0x00, 0x00, 0x00, 0x00, 0x00, 0x00,
  0x00, 0x00, 0x00, 0x00, 0x00, 0x00, 0x00, 0xff, 0xff, 0xff, 0xff, 0xff,
  0xff, 0xff, 0xff, 0xa4, 0x43, 0x00, 0x00, 0x00, 0x00, 0x00, 0x00, 0x58,
  0x00, 0x00, 0x00, 0x00, 0x00, 0x00, 0x00, 0x68, 0x00, 0x00, 0x00, 0x00,
  0x00, 0x00, 0x00, 0x01, 0x00, 0x50, 0x68, 0x00, 0x00, 0x00, 0x00, 0x00,
  0x00, 0x00, 0x84, 0x00, 0x00, 0x00, 0x00, 0x00, 0x00, 0x00, 0x01, 0x00,
  0x63, 0xc4, 0x00, 0x00, 0x00, 0x00, 0x00, 0x00, 0x00, 0xd0, 0x00, 0x00,
  0x00, 0x00, 0x00, 0x00, 0x00, 0x01, 0x00, 0x50, 0x00, 0x00, 0x00, 0x00,
  0x00, 0x00, 0x00, 0x00, 0x00, 0x00, 0x00, 0x00, 0x00, 0x00, 0x00, 0x00,
  0xff, 0xff, 0xff, 0xff, 0xff, 0xff, 0xff, 0xff, 0x7c, 0x44, 0x00, 0x00,
  0x00, 0x00, 0x00, 0x00, 0x34, 0x00, 0x00, 0x00, 0x00, 0x00, 0x00, 0x00,
  0x60, 0x00, 0x00, 0x00, 0x00, 0x00, 0x00, 0x00, 0x01, 0x00, 0x64, 0x00,
  0x00, 0x00, 0x00, 0x00, 0x00, 0x00, 0x00, 0x00, 0x00, 0x00, 0x00, 0x00,
  0x00, 0x00, 0x00, 0xff, 0xff, 0xff, 0xff, 0xff, 0xff, 0xff, 0xff, 0xf0,
  0x44, 0x00, 0x00, 0x00, 0x00, 0x00, 0x00, 0x00, 0x00, 0x00, 0x00, 0x00,
  0x00, 0x00, 0x00, 0x14, 0x00, 0x00, 0x00, 0x00, 0x00, 0x00, 0x00, 0x01,
  0x00, 0x50, 0x14, 0x00, 0x00, 0x00, 0x00, 0x00, 0x00, 0x00, 0x80, 0x00,
  0x00, 0x00, 0x00, 0x00, 0x00, 0x00, 0x01, 0x00, 0x63, 0x80, 0x00, 0x00,
  0x00, 0x00, 0x00, 0x00, 0x00, 0x94, 0x00, 0x00, 0x00, 0x00, 0x00, 0x00,
  0x00, 0x01, 0x00, 0x50, 0x94, 0x00, 0x00, 0x00, 0x00, 0x00, 0x00, 0x00,
  0xa4, 0x00, 0x00, 0x00, 0x00, 0x00, 0x00, 0x00, 0x01, 0x00, 0x63, 0x00,
  0x00, 0x00, 0x00, 0x00, 0x00, 0x00, 0x00, 0x00, 0x00, 0x00, 0x00, 0x00,
  0x00, 0x00, 0x00, 0xff, 0xff, 0xff, 0xff, 0xff, 0xff, 0xff, 0xff, 0xac,
  0x45, 0x00, 0x00, 0x00, 0x00, 0x00, 0x00, 0x38, 0x00, 0x00, 0x00, 0x00,
  0x00, 0x00, 0x00, 0x44, 0x01, 0x00, 0x00, 0x00, 0x00, 0x00, 0x00, 0x02,
  0x00, 0x8f, 0x08, 0x44, 0x01, 0x00, 0x00, 0x00, 0x00, 0x00, 0x00, 0x48,
  0x01, 0x00, 0x00, 0x00, 0x00, 0x00, 0x00, 0x0e, 0x00, 0x8f, 0x08, 0x93,
  0x02, 0x30, 0x9f, 0x93, 0x01, 0x8f, 0x08, 0x23, 0x03, 0x93, 0x6b, 0x48,
  0x01, 0x00, 0x00, 0x00, 0x00, 0x00, 0x00, 0x10, 0x02, 0x00, 0x00, 0x00,
  0x00, 0x00, 0x00, 0x0a, 0x00, 0x30, 0x9f, 0x93, 0x02, 0x8f, 0x08, 0x23,
  0x02, 0x93, 0x6c, 0x10, 0x02, 0x00, 0x00, 0x00, 0x00, 0x00, 0x00, 0x3c,
  0x02, 0x00, 0x00, 0x00, 0x00, 0x00, 0x00, 0x02, 0x00, 0x8f, 0x08, 0x3c,
  0x02, 0x00, 0x00, 0x00, 0x00, 0x00, 0x00, 0x9c, 0x02, 0x00, 0x00, 0x00,
  0x00, 0x00, 0x00, 0x0a, 0x00, 0x30, 0x9f, 0x93, 0x02, 0x8f, 0x08, 0x23,
  0x02, 0x93, 0x6c, 0x00, 0x00, 0x00, 0x00, 0x00, 0x00, 0x00, 0x00, 0x00,
  0x00, 0x00, 0x00, 0x00, 0x00, 0x00, 0x00, 0xff, 0xff, 0xff, 0xff, 0xff,
  0xff, 0xff, 0xff, 0xac, 0x45, 0x00, 0x00, 0x00, 0x00, 0x00, 0x00, 0x60,
  0x00, 0x00, 0x00, 0x00, 0x00, 0x00, 0x00, 0x68, 0x00, 0x00, 0x00, 0x00,
  0x00, 0x00, 0x00, 0x01, 0x00, 0x50, 0x68, 0x00, 0x00, 0x00, 0x00, 0x00,
  0x00, 0x00, 0x10, 0x02, 0x00, 0x00, 0x00, 0x00, 0x00, 0x00, 0x01, 0x00,
  0x63, 0x10, 0x02, 0x00, 0x00, 0x00, 0x00, 0x00, 0x00, 0x14, 0x02, 0x00,
  0x00, 0x00, 0x00, 0x00, 0x00, 0x01, 0x00, 0x50, 0x3c, 0x02, 0x00, 0x00,
  0x00, 0x00, 0x00, 0x00, 0x9c, 0x02, 0x00, 0x00, 0x00, 0x00, 0x00, 0x00,
  0x01, 0x00, 0x63, 0x00, 0x00, 0x00, 0x00, 0x00, 0x00, 0x00, 0x00, 0x00,
  0x00, 0x00, 0x00, 0x00, 0x00, 0x00, 0x00, 0xff, 0xff, 0xff, 0xff, 0xff,
  0xff, 0xff, 0xff, 0xac, 0x45, 0x00, 0x00, 0x00, 0x00, 0x00, 0x00, 0xac,
  0x00, 0x00, 0x00, 0x00, 0x00, 0x00, 0x00, 0xb8, 0x00, 0x00, 0x00, 0x00,
  0x00, 0x00, 0x00, 0x01, 0x00, 0x50, 0x00, 0x00, 0x00, 0x00, 0x00, 0x00,
  0x00, 0x00, 0x00, 0x00, 0x00, 0x00, 0x00, 0x00, 0x00, 0x00, 0xff, 0xff,
  0xff, 0xff, 0xff, 0xff, 0xff, 0xff, 0xac, 0x45, 0x00, 0x00, 0x00, 0x00,
  0x00, 0x00, 0x54, 0x01, 0x00, 0x00, 0x00, 0x00, 0x00, 0x00, 0x9c, 0x01,
  0x00, 0x00, 0x00, 0x00, 0x00, 0x00, 0x04, 0x00, 0x10, 0x80, 0x02, 0x9f,
  0x00, 0x00, 0x00, 0x00, 0x00, 0x00, 0x00, 0x00, 0x00, 0x00, 0x00, 0x00,
  0x00, 0x00, 0x00, 0x00, 0xff, 0xff, 0xff, 0xff, 0xff, 0xff, 0xff, 0xff,
  0xac, 0x45, 0x00, 0x00, 0x00, 0x00, 0x00, 0x00, 0x54, 0x01, 0x00, 0x00,
  0x00, 0x00, 0x00, 0x00, 0x9c, 0x01, 0x00, 0x00, 0x00, 0x00, 0x00, 0x00,
  0x03, 0x00, 0x10, 0x6b, 0x9f, 0x00, 0x00, 0x00, 0x00, 0x00, 0x00, 0x00,
  0x00, 0x00, 0x00, 0x00, 0x00, 0x00, 0x00, 0x00, 0x00, 0xff, 0xff, 0xff,
  0xff, 0xff, 0xff, 0xff, 0xff, 0xac, 0x45, 0x00, 0x00, 0x00, 0x00, 0x00,
  0x00, 0x54, 0x01, 0x00, 0x00, 0x00, 0x00, 0x00, 0x00, 0x9c, 0x01, 0x00,
  0x00, 0x00, 0x00, 0x00, 0x00, 0x03, 0x00, 0x10, 0x6a, 0x9f, 0x00, 0x00,
  0x00, 0x00, 0x00, 0x00, 0x00, 0x00, 0x00, 0x00, 0x00, 0x00, 0x00, 0x00,
  0x00, 0x00, 0xff, 0xff, 0xff, 0xff, 0xff, 0xff, 0xff, 0xff, 0xac, 0x45,
  0x00, 0x00, 0x00, 0x00, 0x00, 0x00, 0x54, 0x01, 0x00, 0x00, 0x00, 0x00,
  0x00, 0x00, 0x9c, 0x01, 0x00, 0x00, 0x00, 0x00, 0x00, 0x00, 0x04, 0x00,
  0x10, 0x80, 0x02, 0x9f, 0x00, 0x00, 0x00, 0x00, 0x00, 0x00, 0x00, 0x00,
  0x00, 0x00, 0x00, 0x00, 0x00, 0x00, 0x00, 0x00, 0xff, 0xff, 0xff, 0xff,
  0xff, 0xff, 0xff, 0xff, 0xac, 0x45, 0x00, 0x00, 0x00, 0x00, 0x00, 0x00,
  0x54, 0x01, 0x00, 0x00, 0x00, 0x00, 0x00, 0x00, 0x9c, 0x01, 0x00, 0x00,
  0x00, 0x00, 0x00, 0x00, 0x03, 0x00, 0x10, 0x6b, 0x9f, 0x00, 0x00, 0x00,
  0x00, 0x00, 0x00, 0x00, 0x00, 0x00, 0x00, 0x00, 0x00, 0x00, 0x00, 0x00,
  0x00, 0xff, 0xff, 0xff, 0xff, 0xff, 0xff, 0xff, 0xff, 0x74, 0x48, 0x00,
  0x00, 0x00, 0x00, 0x00, 0x00, 0x64, 0x00, 0x00, 0x00, 0x00, 0x00, 0x00,
  0x00, 0x68, 0x00, 0x00, 0x00, 0x00, 0x00, 0x00, 0x00, 0x09, 0x00, 0x88,
  0x00, 0x11, 0x04, 0x1b, 0x11, 0x01, 0x22, 0x9f, 0x70, 0x00, 0x00, 0x00,
  0x00, 0x00, 0x00, 0x00, 0xac, 0x00, 0x00, 0x00, 0x00, 0x00, 0x00, 0x00,
  0x06, 0x00, 0x88, 0x00, 0x11, 0x04, 0x1b, 0x9f, 0x00, 0x00, 0x00, 0x00,
  0x00, 0x00, 0x00, 0x00, 0x00, 0x00, 0x00, 0x00, 0x00, 0x00, 0x00, 0x00,
  0xff, 0xff, 0xff, 0xff, 0xff, 0xff, 0xff, 0xff, 0xa4, 0x49, 0x00, 0x00,
  0x00, 0x00, 0x00, 0x00, 0x00, 0x00, 0x00, 0x00, 0x00, 0x00, 0x00, 0x00,
  0x30, 0x00, 0x00, 0x00, 0x00, 0x00, 0x00, 0x00, 0x01, 0x00, 0x50, 0x30,
  0x00, 0x00, 0x00, 0x00, 0x00, 0x00, 0x00, 0x6c, 0x00, 0x00, 0x00, 0x00,
  0x00, 0x00, 0x00, 0x01, 0x00, 0x65, 0x00, 0x00, 0x00, 0x00, 0x00, 0x00,
  0x00, 0x00, 0x00, 0x00, 0x00, 0x00, 0x00, 0x00, 0x00, 0x00, 0xff, 0xff,
  0xff, 0xff, 0xff, 0xff, 0xff, 0xff, 0xa4, 0x49, 0x00, 0x00, 0x00, 0x00,
  0x00, 0x00, 0x28, 0x00, 0x00, 0x00, 0x00, 0x00, 0x00, 0x00, 0x70, 0x00,
  0x00, 0x00, 0x00, 0x00, 0x00, 0x00, 0x01, 0x00, 0x63, 0x00, 0x00, 0x00,
  0x00, 0x00, 0x00, 0x00, 0x00, 0x00, 0x00, 0x00, 0x00, 0x00, 0x00, 0x00,
  0x00, 0xff, 0xff, 0xff, 0xff, 0xff, 0xff, 0xff, 0xff, 0x20, 0x4a, 0x00,
  0x00, 0x00, 0x00, 0x00, 0x00, 0x00, 0x00, 0x00, 0x00, 0x00, 0x00, 0x00,
  0x00, 0x78, 0x00, 0x00, 0x00, 0x00, 0x00, 0x00, 0x00, 0x01, 0x00, 0x50,
  0x78, 0x00, 0x00, 0x00, 0x00, 0x00, 0x00, 0x00, 0x9c, 0x00, 0x00, 0x00,
  0x00, 0x00, 0x00, 0x00, 0x04, 0x00, 0xf3, 0x01, 0x50, 0x9f, 0x00, 0x00,
  0x00, 0x00, 0x00, 0x00, 0x00, 0x00, 0x00, 0x00, 0x00, 0x00, 0x00, 0x00,
  0x00, 0x00, 0xff, 0xff, 0xff, 0xff, 0xff, 0xff, 0xff, 0xff, 0x20, 0x4a,
  0x00, 0x00, 0x00, 0x00, 0x00, 0x00, 0x2c, 0x00, 0x00, 0x00, 0x00, 0x00,
  0x00, 0x00, 0x78, 0x00, 0x00, 0x00, 0x00, 0x00, 0x00, 0x00, 0x01, 0x00,
  0x52, 0x00, 0x00, 0x00, 0x00, 0x00, 0x00, 0x00, 0x00, 0x00, 0x00, 0x00,
  0x00, 0x00, 0x00, 0x00, 0x00, 0xff, 0xff, 0xff, 0xff, 0xff, 0xff, 0xff,
  0xff, 0x20, 0x4a, 0x00, 0x00, 0x00, 0x00, 0x00, 0x00, 0x00, 0x00, 0x00,
  0x00, 0x00, 0x00, 0x00, 0x00, 0x9c, 0x00, 0x00, 0x00, 0x00, 0x00, 0x00,
  0x00, 0x04, 0x00, 0x10, 0x80, 0x02, 0x9f, 0x00, 0x00, 0x00, 0x00, 0x00,
  0x00, 0x00, 0x00, 0x00, 0x00, 0x00, 0x00, 0x00, 0x00, 0x00, 0x00, 0xff,
  0xff, 0xff, 0xff, 0xff, 0xff, 0xff, 0xff, 0x20, 0x4a, 0x00, 0x00, 0x00,
  0x00, 0x00, 0x00, 0x00, 0x00, 0x00, 0x00, 0x00, 0x00, 0x00, 0x00, 0x9c,
  0x00, 0x00, 0x00, 0x00, 0x00, 0x00, 0x00, 0x04, 0x00, 0x10, 0x80, 0x02,
  0x9f, 0x00, 0x00, 0x00, 0x00, 0x00, 0x00, 0x00, 0x00, 0x00, 0x00, 0x00,
  0x00, 0x00, 0x00, 0x00, 0x00, 0xff, 0xff, 0xff, 0xff, 0xff, 0xff, 0xff,
  0xff, 0xbc, 0x4a, 0x00, 0x00, 0x00, 0x00, 0x00, 0x00, 0x00, 0x00, 0x00,
  0x00, 0x00, 0x00, 0x00, 0x00, 0x18, 0x00, 0x00, 0x00, 0x00, 0x00, 0x00,
  0x00, 0x01, 0x00, 0x50, 0x18, 0x00, 0x00, 0x00, 0x00, 0x00, 0x00, 0x00,
  0x2c, 0x00, 0x00, 0x00, 0x00, 0x00, 0x00, 0x00, 0x01, 0x00, 0x63, 0x2c,
  0x00, 0x00, 0x00, 0x00, 0x00, 0x00, 0x00, 0x34, 0x00, 0x00, 0x00, 0x00,
  0x00, 0x00, 0x00, 0x04, 0x00, 0xf3, 0x01, 0x50, 0x9f, 0x34, 0x00, 0x00,
  0x00, 0x00, 0x00, 0x00, 0x00, 0x48, 0x00, 0x00, 0x00, 0x00, 0x00, 0x00,
  0x00, 0x01, 0x00, 0x50, 0x48, 0x00, 0x00, 0x00, 0x00, 0x00, 0x00, 0x00,
  0x5c, 0x00, 0x00, 0x00, 0x00, 0x00, 0x00, 0x00, 0x04, 0x00, 0xf3, 0x01,
  0x50, 0x9f, 0x00, 0x00, 0x00, 0x00, 0x00, 0x00, 0x00, 0x00, 0x00, 0x00,
  0x00, 0x00, 0x00, 0x00, 0x00, 0x00, 0xff, 0xff, 0xff, 0xff, 0xff, 0xff,
  0xff, 0xff, 0xbc, 0x4a, 0x00, 0x00, 0x00, 0x00, 0x00, 0x00, 0x00, 0x00,
  0x00, 0x00, 0x00, 0x00, 0x00, 0x00, 0x1c, 0x00, 0x00, 0x00, 0x00, 0x00,
  0x00, 0x00, 0x01, 0x00, 0x51, 0x1c, 0x00, 0x00, 0x00, 0x00, 0x00, 0x00,
  0x00, 0x2c, 0x00, 0x00, 0x00, 0x00, 0x00, 0x00, 0x00, 0x01, 0x00, 0x64,
  0x2c, 0x00, 0x00, 0x00, 0x00, 0x00, 0x00, 0x00, 0x34, 0x00, 0x00, 0x00,
  0x00, 0x00, 0x00, 0x00, 0x04, 0x00, 0xf3, 0x01, 0x51, 0x9f, 0x34, 0x00,
  0x00, 0x00, 0x00, 0x00, 0x00, 0x00, 0x38, 0x00, 0x00, 0x00, 0x00, 0x00,
  0x00, 0x00, 0x01, 0x00, 0x51, 0x38, 0x00, 0x00, 0x00, 0x00, 0x00, 0x00,
  0x00, 0x5c, 0x00, 0x00, 0x00, 0x00, 0x00, 0x00, 0x00, 0x04, 0x00, 0xf3,
  0x01, 0x51, 0x9f, 0x00, 0x00, 0x00, 0x00, 0x00, 0x00, 0x00, 0x00, 0x00,
  0x00, 0x00, 0x00, 0x00, 0x00, 0x00, 0x00, 0xff, 0xff, 0xff, 0xff, 0xff,
  0xff, 0xff, 0xff, 0x18, 0x4b, 0x00, 0x00, 0x00, 0x00, 0x00, 0x00, 0x6c,
  0x00, 0x00, 0x00, 0x00, 0x00, 0x00, 0x00, 0x78, 0x00, 0x00, 0x00, 0x00,
  0x00, 0x00, 0x00, 0x01, 0x00, 0x50, 0x00, 0x00, 0x00, 0x00, 0x00, 0x00,
  0x00, 0x00, 0x00, 0x00, 0x00, 0x00, 0x00, 0x00, 0x00, 0x00, 0xff, 0xff,
  0xff, 0xff, 0xff, 0xff, 0xff, 0xff, 0x18, 0x4b, 0x00, 0x00, 0x00, 0x00,
  0x00, 0x00, 0x98, 0x00, 0x00, 0x00, 0x00, 0x00, 0x00, 0x00, 0x00, 0x01,
  0x00, 0x00, 0x00, 0x00, 0x00, 0x00, 0x01, 0x00, 0x50, 0x00, 0x01, 0x00,
  0x00, 0x00, 0x00, 0x00, 0x00, 0x14, 0x01, 0x00, 0x00, 0x00, 0x00, 0x00,
  0x00, 0x01, 0x00, 0x63, 0x14, 0x01, 0x00, 0x00, 0x00, 0x00, 0x00, 0x00,
  0x18, 0x01, 0x00, 0x00, 0x00, 0x00, 0x00, 0x00, 0x01, 0x00, 0x50, 0x2c,
  0x01, 0x00, 0x00, 0x00, 0x00, 0x00, 0x00, 0x34, 0x01, 0x00, 0x00, 0x00,
  0x00, 0x00, 0x00, 0x01, 0x00, 0x50, 0x5c, 0x01, 0x00, 0x00, 0x00, 0x00,
  0x00, 0x00, 0xc0, 0x01, 0x00, 0x00, 0x00, 0x00, 0x00, 0x00, 0x01, 0x00,
  0x50, 0x00, 0x00, 0x00, 0x00, 0x00, 0x00, 0x00, 0x00, 0x00, 0x00, 0x00,
  0x00, 0x00, 0x00, 0x00, 0x00, 0xff, 0xff, 0xff, 0xff, 0xff, 0xff, 0xff,
  0xff, 0x18, 0x4b, 0x00, 0x00, 0x00, 0x00, 0x00, 0x00, 0x9c, 0x00, 0x00,
  0x00, 0x00, 0x00, 0x00, 0x00, 0xa0, 0x00, 0x00, 0x00, 0x00, 0x00, 0x00,
  0x00, 0x03, 0x00, 0x11, 0x00, 0x9f, 0xa0, 0x00, 0x00, 0x00, 0x00, 0x00,
  0x00, 0x00, 0xa4, 0x00, 0x00, 0x00, 0x00, 0x00, 0x00, 0x00, 0x05, 0x00,
  0x11, 0x00, 0x23, 0x01, 0x9f, 0xa4, 0x00, 0x00, 0x00, 0x00, 0x00, 0x00,
  0x00, 0xa8, 0x00, 0x00, 0x00, 0x00, 0x00, 0x00, 0x00, 0x03, 0x00, 0x11,
  0x01, 0x9f, 0xa8, 0x00, 0x00, 0x00, 0x00, 0x00, 0x00, 0x00, 0xac, 0x00,
  0x00, 0x00, 0x00, 0x00, 0x00, 0x00, 0x05, 0x00, 0x11, 0x01, 0x23, 0x01,
  0x9f, 0xac, 0x00, 0x00, 0x00, 0x00, 0x00, 0x00, 0x00, 0xb0, 0x00, 0x00,
  0x00, 0x00, 0x00, 0x00, 0x00, 0x03, 0x00, 0x11, 0x02, 0x9f, 0xb0, 0x00,
  0x00, 0x00, 0x00, 0x00, 0x00, 0x00, 0xb4, 0x00, 0x00, 0x00, 0x00, 0x00,
  0x00, 0x00, 0x05, 0x00, 0x11, 0x02, 0x23, 0x01, 0x9f, 0xb4, 0x00, 0x00,
  0x00, 0x00, 0x00, 0x00, 0x00, 0xb8, 0x00, 0x00, 0x00, 0x00, 0x00, 0x00,
  0x00, 0x03, 0x00, 0x11, 0x03, 0x9f, 0xb8, 0x00, 0x00, 0x00, 0x00, 0x00,
  0x00, 0x00, 0xbc, 0x00, 0x00, 0x00, 0x00, 0x00, 0x00, 0x00, 0x05, 0x00,
  0x11, 0x03, 0x23, 0x01, 0x9f, 0xbc, 0x00, 0x00, 0x00, 0x00, 0x00, 0x00,
  0x00, 0xc0, 0x00, 0x00, 0x00, 0x00, 0x00, 0x00, 0x00, 0x03, 0x00, 0x11,
  0x04, 0x9f, 0xc0, 0x00, 0x00, 0x00, 0x00, 0x00, 0x00, 0x00, 0xc4, 0x00,
  0x00, 0x00, 0x00, 0x00, 0x00, 0x00, 0x05, 0x00, 0x11, 0x04, 0x23, 0x01,
  0x9f, 0xc4, 0x00, 0x00, 0x00, 0x00, 0x00, 0x00, 0x00, 0xc8, 0x00, 0x00,
  0x00, 0x00, 0x00, 0x00, 0x00, 0x03, 0x00, 0x11, 0x05, 0x9f, 0xc8, 0x00,
  0x00, 0x00, 0x00, 0x00, 0x00, 0x00, 0xcc, 0x00, 0x00, 0x00, 0x00, 0x00,
  0x00, 0x00, 0x05, 0x00, 0x11, 0x05, 0x23, 0x01, 0x9f, 0xcc, 0x00, 0x00,
  0x00, 0x00, 0x00, 0x00, 0x00, 0xd0, 0x00, 0x00, 0x00, 0x00, 0x00, 0x00,
  0x00, 0x03, 0x00, 0x11, 0x06, 0x9f, 0xd0, 0x00, 0x00, 0x00, 0x00, 0x00,
  0x00, 0x00, 0xd4, 0x00, 0x00, 0x00, 0x00, 0x00, 0x00, 0x00, 0x05, 0x00,
  0x11, 0x06, 0x23, 0x01, 0x9f, 0xd4, 0x00, 0x00, 0x00, 0x00, 0x00, 0x00,
  0x00, 0xd8, 0x00, 0x00, 0x00, 0x00, 0x00, 0x00, 0x00, 0x03, 0x00, 0x11,
  0x07, 0x9f, 0xd8, 0x00, 0x00, 0x00, 0x00, 0x00, 0x00, 0x00, 0xdc, 0x00,
  0x00, 0x00, 0x00, 0x00, 0x00, 0x00, 0x05, 0x00, 0x11, 0x07, 0x23, 0x01,
  0x9f, 0xdc, 0x00, 0x00, 0x00, 0x00, 0x00, 0x00, 0x00, 0xe0, 0x00, 0x00,
  0x00, 0x00, 0x00, 0x00, 0x00, 0x03, 0x00, 0x11, 0x08, 0x9f, 0xe0, 0x00,
  0x00, 0x00, 0x00, 0x00, 0x00, 0x00, 0xe4, 0x00, 0x00, 0x00, 0x00, 0x00,
  0x00, 0x00, 0x05, 0x00, 0x11, 0x08, 0x23, 0x01, 0x9f, 0xe4, 0x00, 0x00,
  0x00, 0x00, 0x00, 0x00, 0x00, 0xe8, 0x00, 0x00, 0x00, 0x00, 0x00, 0x00,
  0x00, 0x03, 0x00, 0x11, 0x09, 0x9f, 0xe8, 0x00, 0x00, 0x00, 0x00, 0x00,
  0x00, 0x00, 0xec, 0x00, 0x00, 0x00, 0x00, 0x00, 0x00, 0x00, 0x05, 0x00,
  0x11, 0x09, 0x23, 0x01, 0x9f, 0x2c, 0x01, 0x00, 0x00, 0x00, 0x00, 0x00,
  0x00, 0x34, 0x01, 0x00, 0x00, 0x00, 0x00, 0x00, 0x00, 0x05, 0x00, 0x11,
  0x00, 0x23, 0x01, 0x9f, 0x5c, 0x01, 0x00, 0x00, 0x00, 0x00, 0x00, 0x00,
  0x64, 0x01, 0x00, 0x00, 0x00, 0x00, 0x00, 0x00, 0x05, 0x00, 0x11, 0x01,
  0x23, 0x01, 0x9f, 0x64, 0x01, 0x00, 0x00, 0x00, 0x00, 0x00, 0x00, 0x6c,
  0x01, 0x00, 0x00, 0x00, 0x00, 0x00, 0x00, 0x05, 0x00, 0x11, 0x02, 0x23,
  0x01, 0x9f, 0x6c, 0x01, 0x00, 0x00, 0x00, 0x00, 0x00, 0x00, 0x74, 0x01,
  0x00, 0x00, 0x00, 0x00, 0x00, 0x00, 0x05, 0x00, 0x11, 0x03, 0x23, 0x01,
  0x9f, 0x74, 0x01, 0x00, 0x00, 0x00, 0x00, 0x00, 0x00, 0x7c, 0x01, 0x00,
  0x00, 0x00, 0x00, 0x00, 0x00, 0x05, 0x00, 0x11, 0x04, 0x23, 0x01, 0x9f,
  0x7c, 0x01, 0x00, 0x00, 0x00, 0x00, 0x00, 0x00, 0x84, 0x01, 0x00, 0x00,
  0x00, 0x00, 0x00, 0x00, 0x05, 0x00, 0x11, 0x05, 0x23, 0x01, 0x9f, 0x84,
  0x01, 0x00, 0x00, 0x00, 0x00, 0x00, 0x00, 0x8c, 0x01, 0x00, 0x00, 0x00,
  0x00, 0x00, 0x00, 0x05, 0x00, 0x11, 0x06, 0x23, 0x01, 0x9f, 0x8c, 0x01,
  0x00, 0x00, 0x00, 0x00, 0x00, 0x00, 0x94, 0x01, 0x00, 0x00, 0x00, 0x00,
  0x00, 0x00, 0x05, 0x00, 0x11, 0x07, 0x23, 0x01, 0x9f, 0x94, 0x01, 0x00,
  0x00, 0x00, 0x00, 0x00, 0x00, 0x9c, 0x01, 0x00, 0x00, 0x00, 0x00, 0x00,
  0x00, 0x05, 0x00, 0x11, 0x08, 0x23, 0x01, 0x9f, 0x9c, 0x01, 0x00, 0x00,
  0x00, 0x00, 0x00, 0x00, 0xa0, 0x01, 0x00, 0x00, 0x00, 0x00, 0x00, 0x00,
  0x05, 0x00, 0x11, 0x09, 0x23, 0x01, 0x9f, 0x00, 0x00, 0x00, 0x00, 0x00,
  0x00, 0x00, 0x00, 0x00, 0x00, 0x00, 0x00, 0x00, 0x00, 0x00, 0x00, 0xff,
  0xff, 0xff, 0xff, 0xff, 0xff, 0xff, 0xff, 0x10, 0x4d, 0x00, 0x00, 0x00,
  0x00, 0x00, 0x00, 0x00, 0x00, 0x00, 0x00, 0x00, 0x00, 0x00, 0x00, 0x4c,
  0x00, 0x00, 0x00, 0x00, 0x00, 0x00, 0x00, 0x01, 0x00, 0x50, 0x4c, 0x00,
  0x00, 0x00, 0x00, 0x00, 0x00, 0x00, 0xa0, 0x01, 0x00, 0x00, 0x00, 0x00,
  0x00, 0x00, 0x01, 0x00, 0x64, 0xa0, 0x01, 0x00, 0x00, 0x00, 0x00, 0x00,
  0x00, 0xb4, 0x01, 0x00, 0x00, 0x00, 0x00, 0x00, 0x00, 0x01, 0x00, 0x50,
  0x00, 0x00, 0x00, 0x00, 0x00, 0x00, 0x00, 0x00, 0x00, 0x00, 0x00, 0x00,
  0x00, 0x00, 0x00, 0x00, 0xff, 0xff, 0xff, 0xff, 0xff, 0xff, 0xff, 0xff,
  0x10, 0x4d, 0x00, 0x00, 0x00, 0x00, 0x00, 0x00, 0x00, 0x00, 0x00, 0x00,
  0x00, 0x00, 0x00, 0x00, 0x40, 0x00, 0x00, 0x00, 0x00, 0x00, 0x00, 0x00,
  0x01, 0x00, 0x51, 0x40, 0x00, 0x00, 0x00, 0x00, 0x00, 0x00, 0x00, 0xa0,
  0x01, 0x00, 0x00, 0x00, 0x00, 0x00, 0x00, 0x01, 0x00, 0x63, 0xa0, 0x01,
  0x00, 0x00, 0x00, 0x00, 0x00, 0x00, 0xa4, 0x01, 0x00, 0x00, 0x00, 0x00,
  0x00, 0x00, 0x01, 0x00, 0x51, 0xa4, 0x01, 0x00, 0x00, 0x00, 0x00, 0x00,
  0x00, 0xbc, 0x01, 0x00, 0x00, 0x00, 0x00, 0x00, 0x00, 0x04, 0x00, 0xf3,
  0x01, 0x51, 0x9f, 0x00, 0x00, 0x00, 0x00, 0x00, 0x00, 0x00, 0x00, 0x00,
  0x00, 0x00, 0x00, 0x00, 0x00, 0x00, 0x00, 0xff, 0xff, 0xff, 0xff, 0xff,
  0xff, 0xff, 0xff, 0x10, 0x4d, 0x00, 0x00, 0x00, 0x00, 0x00, 0x00, 0x68,
  0x00, 0x00, 0x00, 0x00, 0x00, 0x00, 0x00, 0xa0, 0x01, 0x00, 0x00, 0x00,
  0x00, 0x00, 0x00, 0x03, 0x00, 0x83, 0x00, 0x9f, 0x00, 0x00, 0x00, 0x00,
  0x00, 0x00, 0x00, 0x00, 0x00, 0x00, 0x00, 0x00, 0x00, 0x00, 0x00, 0x00,
  0xff, 0xff, 0xff, 0xff, 0xff, 0xff, 0xff, 0xff, 0x10, 0x4d, 0x00, 0x00,
  0x00, 0x00, 0x00, 0x00, 0x88, 0x00, 0x00, 0x00, 0x00, 0x00, 0x00, 0x00,
  0x8c, 0x00, 0x00, 0x00, 0x00, 0x00, 0x00, 0x00, 0x06, 0x00, 0x87, 0x00,
  0x11, 0x04, 0x1b, 0x9f, 0x8c, 0x00, 0x00, 0x00, 0x00, 0x00, 0x00, 0x00,
  0x90, 0x00, 0x00, 0x00, 0x00, 0x00, 0x00, 0x00, 0x09, 0x00, 0x87, 0x00,
  0x11, 0x04, 0x1b, 0x11, 0x01, 0x22, 0x9f, 0x98, 0x00, 0x00, 0x00, 0x00,
  0x00, 0x00, 0x00, 0x74, 0x01, 0x00, 0x00, 0x00, 0x00, 0x00, 0x00, 0x06,
  0x00, 0x87, 0x00, 0x11, 0x04, 0x1b, 0x9f, 0x00, 0x00, 0x00, 0x00, 0x00,
  0x00, 0x00, 0x00, 0x00, 0x00, 0x00, 0x00, 0x00, 0x00, 0x00, 0x00, 0xff,
  0xff, 0xff, 0xff, 0xff, 0xff, 0xff, 0xff, 0x10, 0x4d, 0x00, 0x00, 0x00,
  0x00, 0x00, 0x00, 0x84, 0x00, 0x00, 0x00, 0x00, 0x00, 0x00, 0x00, 0x88,
  0x00, 0x00, 0x00, 0x00, 0x00, 0x00, 0x00, 0x03, 0x00, 0x11, 0x00, 0x9f,
  0x88, 0x00, 0x00, 0x00, 0x00, 0x00, 0x00, 0x00, 0x98, 0x01, 0x00, 0x00,
  0x00, 0x00, 0x00, 0x00, 0x01, 0x00, 0x65, 0x00, 0x00, 0x00, 0x00, 0x00,
  0x00, 0x00, 0x00, 0x00, 0x00, 0x00, 0x00, 0x00, 0x00, 0x00, 0x00, 0xff,
  0xff, 0xff, 0xff, 0xff, 0xff, 0xff, 0xff, 0x10, 0x4d, 0x00, 0x00, 0x00,
  0x00, 0x00, 0x00, 0x88, 0x00, 0x00, 0x00, 0x00, 0x00, 0x00, 0x00, 0x8c,
  0x00, 0x00, 0x00, 0x00, 0x00, 0x00, 0x00, 0x01, 0x00, 0x50, 0xc0, 0x00,
  0x00, 0x00, 0x00, 0x00, 0x00, 0x00, 0xcc, 0x00, 0x00, 0x00, 0x00, 0x00,
  0x00, 0x00, 0x01, 0x00, 0x50, 0xe4, 0x00, 0x00, 0x00, 0x00, 0x00, 0x00,
  0x00, 0xf0, 0x00, 0x00, 0x00, 0x00, 0x00, 0x00, 0x00, 0x01, 0x00, 0x50,
  0x10, 0x01, 0x00, 0x00, 0x00, 0x00, 0x00, 0x00, 0x14, 0x01, 0x00, 0x00,
  0x00, 0x00, 0x00, 0x00, 0x01, 0x00, 0x50, 0x00, 0x00, 0x00, 0x00, 0x00,
  0x00, 0x00, 0x00, 0x00, 0x00, 0x00, 0x00, 0x00, 0x00, 0x00, 0x00, 0xff,
  0xff, 0xff, 0xff, 0xff, 0xff, 0xff, 0xff, 0x10, 0x4d, 0x00, 0x00, 0x00,
  0x00, 0x00, 0x00, 0x88, 0x00, 0x00, 0x00, 0x00, 0x00, 0x00, 0x00, 0x8c,
  0x00, 0x00, 0x00, 0x00, 0x00, 0x00, 0x00, 0x01, 0x00, 0x6a, 0xa0, 0x00,
  0x00, 0x00, 0x00, 0x00, 0x00, 0x00, 0x3c, 0x01, 0x00, 0x00, 0x00, 0x00,
  0x00, 0x00, 0x01, 0x00, 0x6a, 0x00, 0x00, 0x00, 0x00, 0x00, 0x00, 0x00,
  0x00, 0x00, 0x00, 0x00, 0x00, 0x00, 0x00, 0x00, 0x00, 0xff, 0xff, 0xff,
  0xff, 0xff, 0xff, 0xff, 0xff, 0x5c, 0x4f, 0x00, 0x00, 0x00, 0x00, 0x00,
  0x00, 0x00, 0x00, 0x00, 0x00, 0x00, 0x00, 0x00, 0x00, 0x14, 0x00, 0x00,
  0x00, 0x00, 0x00, 0x00, 0x00, 0x01, 0x00, 0x50, 0x14, 0x00, 0x00, 0x00,
  0x00, 0x00, 0x00, 0x00, 0x64, 0x00, 0x00, 0x00, 0x00, 0x00, 0x00, 0x00,
  0x01, 0x00, 0x63, 0x64, 0x00, 0x00, 0x00, 0x00, 0x00, 0x00, 0x00, 0x78,
  0x00, 0x00, 0x00, 0x00, 0x00, 0x00, 0x00, 0x01, 0x00, 0x50, 0x78, 0x00,
  0x00, 0x00, 0x00, 0x00, 0x00, 0x00, 0x88, 0x00, 0x00, 0x00, 0x00, 0x00,
  0x00, 0x00, 0x01, 0x00, 0x63, 0xa0, 0x00, 0x00, 0x00, 0x00, 0x00, 0x00,
  0x00, 0xf0, 0x00, 0x00, 0x00, 0x00, 0x00, 0x00, 0x00, 0x01, 0x00, 0x63,
  0x00, 0x00, 0x00, 0x00, 0x00, 0x00, 0x00, 0x00, 0x00, 0x00, 0x00, 0x00,
  0x00, 0x00, 0x00, 0x00, 0xff, 0xff, 0xff, 0xff, 0xff, 0xff, 0xff, 0xff,
  0x4c, 0x50, 0x00, 0x00, 0x00, 0x00, 0x00, 0x00, 0x38, 0x00, 0x00, 0x00,
  0x00, 0x00, 0x00, 0x00, 0xf0, 0x00, 0x00, 0x00, 0x00, 0x00, 0x00, 0x00,
  0x02, 0x00, 0x8f, 0x08, 0xf0, 0x00, 0x00, 0x00, 0x00, 0x00, 0x00, 0x00,
  0xfc, 0x00, 0x00, 0x00, 0x00, 0x00, 0x00, 0x00, 0x0a, 0x00, 0x30, 0x9f,
  0x93, 0x04, 0x8f, 0x08, 0x23, 0x04, 0x93, 0x0c, 0xfc, 0x00, 0x00, 0x00,
  0x00, 0x00, 0x00, 0x00, 0x20, 0x01, 0x00, 0x00, 0x00, 0x00, 0x00, 0x00,
  0x0c, 0x00, 0x8f, 0x08, 0x93, 0x02, 0x93, 0x02, 0x8f, 0x08, 0x23, 0x04,
  0x93, 0x0c, 0x20, 0x01, 0x00, 0x00, 0x00, 0x00, 0x00, 0x00, 0x7c, 0x01,
  0x00, 0x00, 0x00, 0x00, 0x00, 0x00, 0x10, 0x00, 0x8f, 0x08, 0x93, 0x02,
  0x8f, 0x08, 0x23, 0x02, 0x93, 0x02, 0x8f, 0x08, 0x23, 0x04, 0x93, 0x0c,
  0x7c, 0x01, 0x00, 0x00, 0x00, 0x00, 0x00, 0x00, 0xa8, 0x01, 0x00, 0x00,
  0x00, 0x00, 0x00, 0x00, 0x02, 0x00, 0x8f, 0x08, 0xa8, 0x01, 0x00, 0x00,
  0x00, 0x00, 0x00, 0x00, 0x28, 0x02, 0x00, 0x00, 0x00, 0x00, 0x00, 0x00,
  0x10, 0x00, 0x8f, 0x08, 0x93, 0x02, 0x8f, 0x08, 0x23, 0x02, 0x93, 0x02,
  0x8f, 0x08, 0x23, 0x04, 0x93, 0x0c, 0x00, 0x00, 0x00, 0x00, 0x00, 0x00,
  0x00, 0x00, 0x00, 0x00, 0x00, 0x00, 0x00, 0x00, 0x00, 0x00, 0xff, 0xff,
  0xff, 0xff, 0xff, 0xff, 0xff, 0xff, 0x4c, 0x50, 0x00, 0x00, 0x00, 0x00,
  0x00, 0x00, 0x4c, 0x00, 0x00, 0x00, 0x00, 0x00, 0x00, 0x00, 0x64, 0x00,
  0x00, 0x00, 0x00, 0x00, 0x00, 0x00, 0x01, 0x00, 0x50, 0x64, 0x00, 0x00,
  0x00, 0x00, 0x00, 0x00, 0x00, 0x7c, 0x01, 0x00, 0x00, 0x00, 0x00, 0x00,
  0x00, 0x01, 0x00, 0x63, 0x7c, 0x01, 0x00, 0x00, 0x00, 0x00, 0x00, 0x00,
  0x80, 0x01, 0x00, 0x00, 0x00, 0x00, 0x00, 0x00, 0x01, 0x00, 0x50, 0xa8,
  0x01, 0x00, 0x00, 0x00, 0x00, 0x00, 0x00, 0x28, 0x02, 0x00, 0x00, 0x00,
  0x00, 0x00, 0x00, 0x01, 0x00, 0x63, 0x00, 0x00, 0x00, 0x00, 0x00, 0x00,
  0x00, 0x00, 0x00, 0x00, 0x00, 0x00, 0x00, 0x00, 0x00, 0x00, 0xff, 0xff,
  0xff, 0xff, 0xff, 0xff, 0xff, 0xff, 0x4c, 0x50, 0x00, 0x00, 0x00, 0x00,
  0x00, 0x00, 0xa8, 0x00, 0x00, 0x00, 0x00, 0x00, 0x00, 0x00, 0xb4, 0x00,
  0x00, 0x00, 0x00, 0x00, 0x00, 0x00, 0x01, 0x00, 0x50, 0x00, 0x00, 0x00,
  0x00, 0x00, 0x00, 0x00, 0x00, 0x00, 0x00, 0x00, 0x00, 0x00, 0x00, 0x00,
  0x00, 0xff, 0xff, 0xff, 0xff, 0xff, 0xff, 0xff, 0xff, 0x4c, 0x50, 0x00,
  0x00, 0x00, 0x00, 0x00, 0x00, 0x10, 0x01, 0x00, 0x00, 0x00, 0x00, 0x00,
  0x00, 0x2c, 0x01, 0x00, 0x00, 0x00, 0x00, 0x00, 0x00, 0x02, 0x00, 0x40,
  0x9f, 0x00, 0x00, 0x00, 0x00, 0x00, 0x00, 0x00, 0x00, 0x00, 0x00, 0x00,
  0x00, 0x00, 0x00, 0x00, 0x00, 0xff, 0xff, 0xff, 0xff, 0xff, 0xff, 0xff,
  0xff, 0x4c, 0x50, 0x00, 0x00, 0x00, 0x00, 0x00, 0x00, 0x10, 0x01, 0x00,
  0x00, 0x00, 0x00, 0x00, 0x00, 0x2c, 0x01, 0x00, 0x00, 0x00, 0x00, 0x00,
  0x00, 0x03, 0x00, 0x11, 0x00, 0x9f, 0x00, 0x00, 0x00, 0x00, 0x00, 0x00,
  0x00, 0x00, 0x00, 0x00, 0x00, 0x00, 0x00, 0x00, 0x00, 0x00, 0xff, 0xff,
  0xff, 0xff, 0xff, 0xff, 0xff, 0xff, 0x4c, 0x50, 0x00, 0x00, 0x00, 0x00,
  0x00, 0x00, 0x10, 0x01, 0x00, 0x00, 0x00, 0x00, 0x00, 0x00, 0x2c, 0x01,
  0x00, 0x00, 0x00, 0x00, 0x00, 0x00, 0x02, 0x00, 0x40, 0x9f, 0x00, 0x00,
  0x00, 0x00, 0x00, 0x00, 0x00, 0x00, 0x00, 0x00, 0x00, 0x00, 0x00, 0x00,
  0x00, 0x00, 0xff, 0xff, 0xff, 0xff, 0xff, 0xff, 0xff, 0xff, 0x4c, 0x50,
  0x00, 0x00, 0x00, 0x00, 0x00, 0x00, 0x10, 0x01, 0x00, 0x00, 0x00, 0x00,
  0x00, 0x00, 0x2c, 0x01, 0x00, 0x00, 0x00, 0x00, 0x00, 0x00, 0x03, 0x00,
  0x8f, 0x08, 0x9f, 0x00, 0x00, 0x00, 0x00, 0x00, 0x00, 0x00, 0x00, 0x00,
  0x00, 0x00, 0x00, 0x00, 0x00, 0x00, 0x00, 0xff, 0xff, 0xff, 0xff, 0xff,
  0xff, 0xff, 0xff, 0xa0, 0x52, 0x00, 0x00, 0x00, 0x00, 0x00, 0x00, 0x50,
  0x00, 0x00, 0x00, 0x00, 0x00, 0x00, 0x00, 0x54, 0x00, 0x00, 0x00, 0x00,
  0x00, 0x00, 0x00, 0x09, 0x00, 0x87, 0x00, 0x11, 0x04, 0x1b, 0x11, 0x01,
  0x22, 0x9f, 0x5c, 0x00, 0x00, 0x00, 0x00, 0x00, 0x00, 0x00, 0x98, 0x00,
  0x00, 0x00, 0x00, 0x00, 0x00, 0x00, 0x06, 0x00, 0x87, 0x00, 0x11, 0x04,
  0x1b, 0x9f, 0x00, 0x00, 0x00, 0x00, 0x00, 0x00, 0x00, 0x00, 0x00, 0x00,
  0x00, 0x00, 0x00, 0x00, 0x00, 0x00, 0xff, 0xff, 0xff, 0xff, 0xff, 0xff,
  0xff, 0xff, 0x84, 0x53, 0x00, 0x00, 0x00, 0x00, 0x00, 0x00, 0x00, 0x00,
  0x00, 0x00, 0x00, 0x00, 0x00, 0x00, 0x30, 0x00, 0x00, 0x00, 0x00, 0x00,
  0x00, 0x00, 0x01, 0x00, 0x50, 0x30, 0x00, 0x00, 0x00, 0x00, 0x00, 0x00,
  0x00, 0x6c, 0x00, 0x00, 0x00, 0x00, 0x00, 0x00, 0x00, 0x01, 0x00, 0x65,
  0x00, 0x00, 0x00, 0x00, 0x00, 0x00, 0x00, 0x00, 0x00, 0x00, 0x00, 0x00,
  0x00, 0x00, 0x00, 0x00, 0xff, 0xff, 0xff, 0xff, 0xff, 0xff, 0xff, 0xff,
  0x84, 0x53, 0x00, 0x00, 0x00, 0x00, 0x00, 0x00, 0x28, 0x00, 0x00, 0x00,
  0x00, 0x00, 0x00, 0x00, 0x70, 0x00, 0x00, 0x00, 0x00, 0x00, 0x00, 0x00,
  0x01, 0x00, 0x63, 0x00, 0x00, 0x00, 0x00, 0x00, 0x00, 0x00, 0x00, 0x00,
  0x00, 0x00, 0x00, 0x00, 0x00, 0x00, 0x00, 0xff, 0xff, 0xff, 0xff, 0xff,
  0xff, 0xff, 0xff, 0x00, 0x54, 0x00, 0x00, 0x00, 0x00, 0x00, 0x00, 0x00,
  0x00, 0x00, 0x00, 0x00, 0x00, 0x00, 0x00, 0x18, 0x00, 0x00, 0x00, 0x00,
  0x00, 0x00, 0x00, 0x01, 0x00, 0x50, 0x18, 0x00, 0x00, 0x00, 0x00, 0x00,
  0x00, 0x00, 0x2c, 0x00, 0x00, 0x00, 0x00, 0x00, 0x00, 0x00, 0x01, 0x00,
  0x63, 0x2c, 0x00, 0x00, 0x00, 0x00, 0x00, 0x00, 0x00, 0x34, 0x00, 0x00,
  0x00, 0x00, 0x00, 0x00, 0x00, 0x04, 0x00, 0xf3, 0x01, 0x50, 0x9f, 0x34,
  0x00, 0x00, 0x00, 0x00, 0x00, 0x00, 0x00, 0x48, 0x00, 0x00, 0x00, 0x00,
  0x00, 0x00, 0x00, 0x01, 0x00, 0x50, 0x48, 0x00, 0x00, 0x00, 0x00, 0x00,
  0x00, 0x00, 0x5c, 0x00, 0x00, 0x00, 0x00, 0x00, 0x00, 0x00, 0x04, 0x00,
  0xf3, 0x01, 0x50, 0x9f, 0x00, 0x00, 0x00, 0x00, 0x00, 0x00, 0x00, 0x00,
  0x00, 0x00, 0x00, 0x00, 0x00, 0x00, 0x00, 0x00, 0xff, 0xff, 0xff, 0xff,
  0xff, 0xff, 0xff, 0xff, 0x00, 0x54, 0x00, 0x00, 0x00, 0x00, 0x00, 0x00,
  0x00, 0x00, 0x00, 0x00, 0x00, 0x00, 0x00, 0x00, 0x1c, 0x00, 0x00, 0x00,
  0x00, 0x00, 0x00, 0x00, 0x01, 0x00, 0x51, 0x1c, 0x00, 0x00, 0x00, 0x00,
  0x00, 0x00, 0x00, 0x2c, 0x00, 0x00, 0x00, 0x00, 0x00, 0x00, 0x00, 0x01,
  0x00, 0x64, 0x2c, 0x00, 0x00, 0x00, 0x00, 0x00, 0x00, 0x00, 0x34, 0x00,
  0x00, 0x00, 0x00, 0x00, 0x00, 0x00, 0x04, 0x00, 0xf3, 0x01, 0x51, 0x9f,
  0x34, 0x00, 0x00, 0x00, 0x00, 0x00, 0x00, 0x00, 0x38, 0x00, 0x00, 0x00,
  0x00, 0x00, 0x00, 0x00, 0x01, 0x00, 0x51, 0x38, 0x00, 0x00, 0x00, 0x00,
  0x00, 0x00, 0x00, 0x5c, 0x00, 0x00, 0x00, 0x00, 0x00, 0x00, 0x00, 0x04,
  0x00, 0xf3, 0x01, 0x51, 0x9f, 0x00, 0x00, 0x00, 0x00, 0x00, 0x00, 0x00,
  0x00, 0x00, 0x00, 0x00, 0x00, 0x00, 0x00, 0x00, 0x00, 0xff, 0xff, 0xff,
  0xff, 0xff, 0xff, 0xff, 0xff, 0x5c, 0x54, 0x00, 0x00, 0x00, 0x00, 0x00,
  0x00, 0x78, 0x00, 0x00, 0x00, 0x00, 0x00, 0x00, 0x00, 0x84, 0x00, 0x00,
  0x00, 0x00, 0x00, 0x00, 0x00, 0x01, 0x00, 0x50, 0x00, 0x00, 0x00, 0x00,
  0x00, 0x00, 0x00, 0x00, 0x00, 0x00, 0x00, 0x00, 0x00, 0x00, 0x00, 0x00,
  0xff, 0xff, 0xff, 0xff, 0xff, 0xff, 0xff, 0xff, 0x5c, 0x54, 0x00, 0x00,
  0x00, 0x00, 0x00, 0x00, 0xac, 0x00, 0x00, 0x00, 0x00, 0x00, 0x00, 0x00,
  0x14, 0x01, 0x00, 0x00, 0x00, 0x00, 0x00, 0x00, 0x01, 0x00, 0x50, 0x14,
  0x01, 0x00, 0x00, 0x00, 0x00, 0x00, 0x00, 0x28, 0x01, 0x00, 0x00, 0x00,
  0x00, 0x00, 0x00, 0x01, 0x00, 0x63, 0x28, 0x01, 0x00, 0x00, 0x00, 0x00,
  0x00, 0x00, 0x2c, 0x01, 0x00, 0x00, 0x00, 0x00, 0x00, 0x00, 0x01, 0x00,
  0x50, 0x40, 0x01, 0x00, 0x00, 0x00, 0x00, 0x00, 0x00, 0x48, 0x01, 0x00,
  0x00, 0x00, 0x00, 0x00, 0x00, 0x01, 0x00, 0x50, 0x70, 0x01, 0x00, 0x00,
  0x00, 0x00, 0x00, 0x00, 0xcc, 0x01, 0x00, 0x00, 0x00, 0x00, 0x00, 0x00,
  0x01, 0x00, 0x50, 0x00, 0x00, 0x00, 0x00, 0x00, 0x00, 0x00, 0x00, 0x00,
  0x00, 0x00, 0x00, 0x00, 0x00, 0x00, 0x00, 0xff, 0xff, 0xff, 0xff, 0xff,
  0xff, 0xff, 0xff, 0x5c, 0x54, 0x00, 0x00, 0x00, 0x00, 0x00, 0x00, 0xb0,
  0x00, 0x00, 0x00, 0x00, 0x00, 0x00, 0x00, 0xb4, 0x00, 0x00, 0x00, 0x00,
  0x00, 0x00, 0x00, 0x03, 0x00, 0x11, 0x00, 0x9f, 0xb4, 0x00, 0x00, 0x00,
  0x00, 0x00, 0x00, 0x00, 0xb8, 0x00, 0x00, 0x00, 0x00, 0x00, 0x00, 0x00,
  0x05, 0x00, 0x11, 0x00, 0x23, 0x01, 0x9f, 0xb8, 0x00, 0x00, 0x00, 0x00,
  0x00, 0x00, 0x00, 0xbc, 0x00, 0x00, 0x00, 0x00, 0x00, 0x00, 0x00, 0x03,
  0x00, 0x11, 0x01, 0x9f, 0xbc, 0x00, 0x00, 0x00, 0x00, 0x00, 0x00, 0x00,
  0xc0, 0x00, 0x00, 0x00, 0x00, 0x00, 0x00, 0x00, 0x05, 0x00, 0x11, 0x01,
  0x23, 0x01, 0x9f, 0xc0, 0x00, 0x00, 0x00, 0x00, 0x00, 0x00, 0x00, 0xc4,
  0x00, 0x00, 0x00, 0x00, 0x00, 0x00, 0x00, 0x03, 0x00, 0x11, 0x02, 0x9f,
  0xc4, 0x00, 0x00, 0x00, 0x00, 0x00, 0x00, 0x00, 0xc8, 0x00, 0x00, 0x00,
  0x00, 0x00, 0x00, 0x00, 0x05, 0x00, 0x11, 0x02, 0x23, 0x01, 0x9f, 0xc8,
  0x00, 0x00, 0x00, 0x00, 0x00, 0x00, 0x00, 0xcc, 0x00, 0x00, 0x00, 0x00,
  0x00, 0x00, 0x00, 0x03, 0x00, 0x11, 0x03, 0x9f, 0xcc, 0x00, 0x00, 0x00,
  0x00, 0x00, 0x00, 0x00, 0xd0, 0x00, 0x00, 0x00, 0x00, 0x00, 0x00, 0x00,
  0x05, 0x00, 0x11, 0x03, 0x23, 0x01, 0x9f, 0xd0, 0x00, 0x00, 0x00, 0x00,
  0x00, 0x00, 0x00, 0xd4, 0x00, 0x00, 0x00, 0x00, 0x00, 0x00, 0x00, 0x03,
  0x00, 0x11, 0x04, 0x9f, 0xd4, 0x00, 0x00, 0x00, 0x00, 0x00, 0x00, 0x00,
  0xd8, 0x00, 0x00, 0x00, 0x00, 0x00, 0x00, 0x00, 0x05, 0x00, 0x11, 0x04,
  0x23, 0x01, 0x9f, 0xd8, 0x00, 0x00, 0x00, 0x00, 0x00, 0x00, 0x00, 0xdc,
  0x00, 0x00, 0x00, 0x00, 0x00, 0x00, 0x00, 0x03, 0x00, 0x11, 0x05, 0x9f,
  0xdc, 0x00, 0x00, 0x00, 0x00, 0x00, 0x00, 0x00, 0xe0, 0x00, 0x00, 0x00,
  0x00, 0x00, 0x00, 0x00, 0x05, 0x00, 0x11, 0x05, 0x23, 0x01, 0x9f, 0xe0,
  0x00, 0x00, 0x00, 0x00, 0x00, 0x00, 0x00, 0xe4, 0x00, 0x00, 0x00, 0x00,
  0x00, 0x00, 0x00, 0x03, 0x00, 0x11, 0x06, 0x9f, 0xe4, 0x00, 0x00, 0x00,
  0x00, 0x00, 0x00, 0x00, 0xe8, 0x00, 0x00, 0x00, 0x00, 0x00, 0x00, 0x00,
  0x05, 0x00, 0x11, 0x06, 0x23, 0x01, 0x9f, 0xe8, 0x00, 0x00, 0x00, 0x00,
  0x00, 0x00, 0x00, 0xec, 0x00, 0x00, 0x00, 0x00, 0x00, 0x00, 0x00, 0x03,
  0x00, 0x11, 0x07, 0x9f, 0xec, 0x00, 0x00, 0x00, 0x00, 0x00, 0x00, 0x00,
  0xf0, 0x00, 0x00, 0x00, 0x00, 0x00, 0x00, 0x00, 0x05, 0x00, 0x11, 0x07,
  0x23, 0x01, 0x9f, 0xf0, 0x00, 0x00, 0x00, 0x00, 0x00, 0x00, 0x00, 0xf4,
  0x00, 0x00, 0x00, 0x00, 0x00, 0x00, 0x00, 0x03, 0x00, 0x11, 0x08, 0x9f,
  0xf4, 0x00, 0x00, 0x00, 0x00, 0x00, 0x00, 0x00, 0xf8, 0x00, 0x00, 0x00,
  0x00, 0x00, 0x00, 0x00, 0x05, 0x00, 0x11, 0x08, 0x23, 0x01, 0x9f, 0xf8,
  0x00, 0x00, 0x00, 0x00, 0x00, 0x00, 0x00, 0xfc, 0x00, 0x00, 0x00, 0x00,
  0x00, 0x00, 0x00, 0x03, 0x00, 0x11, 0x09, 0x9f, 0xfc, 0x00, 0x00, 0x00,
  0x00, 0x00, 0x00, 0x00, 0x00, 0x01, 0x00, 0x00, 0x00, 0x00, 0x00, 0x00,
  0x05, 0x00, 0x11, 0x09, 0x23, 0x01, 0x9f, 0x40, 0x01, 0x00, 0x00, 0x00,
  0x00, 0x00, 0x00, 0x48, 0x01, 0x00, 0x00, 0x00, 0x00, 0x00, 0x00, 0x05,
  0x00, 0x11, 0x00, 0x23, 0x01, 0x9f, 0x70, 0x01, 0x00, 0x00, 0x00, 0x00,
  0x00, 0x00, 0x78, 0x01, 0x00, 0x00, 0x00, 0x00, 0x00, 0x00, 0x05, 0x00,
  0x11, 0x01, 0x23, 0x01, 0x9f, 0x78, 0x01, 0x00, 0x00, 0x00, 0x00, 0x00,
  0x00, 0x80, 0x01, 0x00, 0x00, 0x00, 0x00, 0x00, 0x00, 0x05, 0x00, 0x11,
  0x02, 0x23, 0x01, 0x9f, 0x80, 0x01, 0x00, 0x00, 0x00, 0x00, 0x00, 0x00,
  0x88, 0x01, 0x00, 0x00, 0x00, 0x00, 0x00, 0x00, 0x05, 0x00, 0x11, 0x03,
  0x23, 0x01, 0x9f, 0x88, 0x01, 0x00, 0x00, 0x00, 0x00, 0x00, 0x00, 0x90,
  0x01, 0x00, 0x00, 0x00, 0x00, 0x00, 0x00, 0x05, 0x00, 0x11, 0x04, 0x23,
  0x01, 0x9f, 0x90, 0x01, 0x00, 0x00, 0x00, 0x00, 0x00, 0x00, 0x98, 0x01,
  0x00, 0x00, 0x00, 0x00, 0x00, 0x00, 0x05, 0x00, 0x11, 0x05, 0x23, 0x01,
  0x9f, 0x98, 0x01, 0x00, 0x00, 0x00, 0x00, 0x00, 0x00, 0xa0, 0x01, 0x00,
  0x00, 0x00, 0x00, 0x00, 0x00, 0x05, 0x00, 0x11, 0x06, 0x23, 0x01, 0x9f,
  0xa0, 0x01, 0x00, 0x00, 0x00, 0x00, 0x00, 0x00, 0xa8, 0x01, 0x00, 0x00,
  0x00, 0x00, 0x00, 0x00, 0x05, 0x00, 0x11, 0x07, 0x23, 0x01, 0x9f, 0xa8,
  0x01, 0x00, 0x00, 0x00, 0x00, 0x00, 0x00, 0xb0, 0x01, 0x00, 0x00, 0x00,
  0x00, 0x00, 0x00, 0x05, 0x00, 0x11, 0x08, 0x23, 0x01, 0x9f, 0xb0, 0x01,
  0x00, 0x00, 0x00, 0x00, 0x00, 0x00, 0xb4, 0x01, 0x00, 0x00, 0x00, 0x00,
  0x00, 0x00, 0x05, 0x00, 0x11, 0x09, 0x23, 0x01, 0x9f, 0x00, 0x00, 0x00,
  0x00, 0x00, 0x00, 0x00, 0x00, 0x00, 0x00, 0x00, 0x00, 0x00, 0x00, 0x00,
  0x00, 0xff, 0xff, 0xff, 0xff, 0xff, 0xff, 0xff, 0xff, 0x9c, 0x56, 0x00,
  0x00, 0x00, 0x00, 0x00, 0x00, 0x00, 0x00, 0x00, 0x00, 0x00, 0x00, 0x00,
  0x00, 0x4c, 0x00, 0x00, 0x00, 0x00, 0x00, 0x00, 0x00, 0x01, 0x00, 0x50,
  0x4c, 0x00, 0x00, 0x00, 0x00, 0x00, 0x00, 0x00, 0xa0, 0x01, 0x00, 0x00,
  0x00, 0x00, 0x00, 0x00, 0x01, 0x00, 0x64, 0xa0, 0x01, 0x00, 0x00, 0x00,
  0x00, 0x00, 0x00, 0xb4, 0x01, 0x00, 0x00, 0x00, 0x00, 0x00, 0x00, 0x01,
  0x00, 0x50, 0x00, 0x00, 0x00, 0x00, 0x00, 0x00, 0x00, 0x00, 0x00, 0x00,
  0x00, 0x00, 0x00, 0x00, 0x00, 0x00, 0xff, 0xff, 0xff, 0xff, 0xff, 0xff,
  0xff, 0xff, 0x9c, 0x56, 0x00, 0x00, 0x00, 0x00, 0x00, 0x00, 0x00, 0x00,
  0x00, 0x00, 0x00, 0x00, 0x00, 0x00, 0x40, 0x00, 0x00, 0x00, 0x00, 0x00,
  0x00, 0x00, 0x01, 0x00, 0x51, 0x40, 0x00, 0x00, 0x00, 0x00, 0x00, 0x00,
  0x00, 0xa0, 0x01, 0x00, 0x00, 0x00, 0x00, 0x00, 0x00, 0x01, 0x00, 0x63,
  0xa0, 0x01, 0x00, 0x00, 0x00, 0x00, 0x00, 0x00, 0xa4, 0x01, 0x00, 0x00,
  0x00, 0x00, 0x00, 0x00, 0x01, 0x00, 0x51, 0xa4, 0x01, 0x00, 0x00, 0x00,
  0x00, 0x00, 0x00, 0xbc, 0x01, 0x00, 0x00, 0x00, 0x00, 0x00, 0x00, 0x04,
  0x00, 0xf3, 0x01, 0x51, 0x9f, 0x00, 0x00, 0x00, 0x00, 0x00, 0x00, 0x00,
  0x00, 0x00, 0x00, 0x00, 0x00, 0x00, 0x00, 0x00, 0x00, 0xff, 0xff, 0xff,
  0xff, 0xff, 0xff, 0xff, 0xff, 0x9c, 0x56, 0x00, 0x00, 0x00, 0x00, 0x00,
  0x00, 0x68, 0x00, 0x00, 0x00, 0x00, 0x00, 0x00, 0x00, 0xa0, 0x01, 0x00,
  0x00, 0x00, 0x00, 0x00, 0x00, 0x03, 0x00, 0x83, 0x00, 0x9f, 0x00, 0x00,
  0x00, 0x00, 0x00, 0x00, 0x00, 0x00, 0x00, 0x00, 0x00, 0x00, 0x00, 0x00,
  0x00, 0x00, 0xff, 0xff, 0xff, 0xff, 0xff, 0xff, 0xff, 0xff, 0x9c, 0x56,
  0x00, 0x00, 0x00, 0x00, 0x00, 0x00, 0x88, 0x00, 0x00, 0x00, 0x00, 0x00,
  0x00, 0x00, 0x8c, 0x00, 0x00, 0x00, 0x00, 0x00, 0x00, 0x00, 0x06, 0x00,
  0x87, 0x00, 0x11, 0x04, 0x1b, 0x9f, 0x8c, 0x00, 0x00, 0x00, 0x00, 0x00,
  0x00, 0x00, 0x90, 0x00, 0x00, 0x00, 0x00, 0x00, 0x00, 0x00, 0x09, 0x00,
  0x87, 0x00, 0x11, 0x04, 0x1b, 0x11, 0x01, 0x22, 0x9f, 0x98, 0x00, 0x00,
  0x00, 0x00, 0x00, 0x00, 0x00, 0x74, 0x01, 0x00, 0x00, 0x00, 0x00, 0x00,
  0x00, 0x06, 0x00, 0x87, 0x00, 0x11, 0x04, 0x1b, 0x9f, 0x00, 0x00, 0x00,
  0x00, 0x00, 0x00, 0x00, 0x00, 0x00, 0x00, 0x00, 0x00, 0x00, 0x00, 0x00,
  0x00, 0xff, 0xff, 0xff, 0xff, 0xff, 0xff, 0xff, 0xff, 0x9c, 0x56, 0x00,
  0x00, 0x00, 0x00, 0x00, 0x00, 0x84, 0x00, 0x00, 0x00, 0x00, 0x00, 0x00,
  0x00, 0x88, 0x00, 0x00, 0x00, 0x00, 0x00, 0x00, 0x00, 0x03, 0x00, 0x11,
  0x00, 0x9f, 0x88, 0x00, 0x00, 0x00, 0x00, 0x00, 0x00, 0x00, 0x98, 0x01,
  0x00, 0x00, 0x00, 0x00, 0x00, 0x00, 0x01, 0x00, 0x65, 0x00, 0x00, 0x00,
  0x00, 0x00, 0x00, 0x00, 0x00, 0x00, 0x00, 0x00, 0x00, 0x00, 0x00, 0x00,
  0x00, 0xff, 0xff, 0xff, 0xff, 0xff, 0xff, 0xff, 0xff, 0x9c, 0x56, 0x00,
  0x00, 0x00, 0x00, 0x00, 0x00, 0x88, 0x00, 0x00, 0x00, 0x00, 0x00, 0x00,
  0x00, 0x8c, 0x00, 0x00, 0x00, 0x00, 0x00, 0x00, 0x00, 0x01, 0x00, 0x50,
  0xc0, 0x00, 0x00, 0x00, 0x00, 0x00, 0x00, 0x00, 0xcc, 0x00, 0x00, 0x00,
  0x00, 0x00, 0x00, 0x00, 0x01, 0x00, 0x50, 0xe4, 0x00, 0x00, 0x00, 0x00,
  0x00, 0x00, 0x00, 0xf0, 0x00, 0x00, 0x00, 0x00, 0x00, 0x00, 0x00, 0x01,
  0x00, 0x50, 0x10, 0x01, 0x00, 0x00, 0x00, 0x00, 0x00, 0x00, 0x14, 0x01,
  0x00, 0x00, 0x00, 0x00, 0x00, 0x00, 0x01, 0x00, 0x50, 0x00, 0x00, 0x00,
  0x00, 0x00, 0x00, 0x00, 0x00, 0x00, 0x00, 0x00, 0x00, 0x00, 0x00, 0x00,
  0x00, 0xff, 0xff, 0xff, 0xff, 0xff, 0xff, 0xff, 0xff, 0x9c, 0x56, 0x00,
  0x00, 0x00, 0x00, 0x00, 0x00, 0x88, 0x00, 0x00, 0x00, 0x00, 0x00, 0x00,
  0x00, 0x8c, 0x00, 0x00, 0x00, 0x00, 0x00, 0x00, 0x00, 0x01, 0x00, 0x6a,
  0xa0, 0x00, 0x00, 0x00, 0x00, 0x00, 0x00, 0x00, 0x3c, 0x01, 0x00, 0x00,
  0x00, 0x00, 0x00, 0x00, 0x01, 0x00, 0x6a, 0x00, 0x00, 0x00, 0x00, 0x00,
  0x00, 0x00, 0x00, 0x00, 0x00, 0x00, 0x00, 0x00, 0x00, 0x00, 0x00, 0xff,
  0xff, 0xff, 0xff, 0xff, 0xff, 0xff, 0xff, 0xe8, 0x58, 0x00, 0x00, 0x00,
  0x00, 0x00, 0x00, 0x00, 0x00, 0x00, 0x00, 0x00, 0x00, 0x00, 0x00, 0x14,
  0x00, 0x00, 0x00, 0x00, 0x00, 0x00, 0x00, 0x01, 0x00, 0x50, 0x14, 0x00,
  0x00, 0x00, 0x00, 0x00, 0x00, 0x00, 0xa4, 0x01, 0x00, 0x00, 0x00, 0x00,
  0x00, 0x00, 0x01, 0x00, 0x63, 0xa4, 0x01, 0x00, 0x00, 0x00, 0x00, 0x00,
  0x00, 0xb0, 0x01, 0x00, 0x00, 0x00, 0x00, 0x00, 0x00, 0x04, 0x00, 0xf3,
  0x01, 0x50, 0x9f, 0x00, 0x00, 0x00, 0x00, 0x00, 0x00, 0x00, 0x00, 0x00,
  0x00, 0x00, 0x00, 0x00, 0x00, 0x00, 0x00, 0xff, 0xff, 0xff, 0xff, 0xff,
  0xff, 0xff, 0xff, 0xe8, 0x58, 0x00, 0x00, 0x00, 0x00, 0x00, 0x00, 0x30,
  0x00, 0x00, 0x00, 0x00, 0x00, 0x00, 0x00, 0x7c, 0x00, 0x00, 0x00, 0x00,
  0x00, 0x00, 0x00, 0x03, 0x00, 0x11, 0x00, 0x9f, 0x00, 0x00, 0x00, 0x00,
  0x00, 0x00, 0x00, 0x00, 0x00, 0x00, 0x00, 0x00, 0x00, 0x00, 0x00, 0x00,
  0xff, 0xff, 0xff, 0xff, 0xff, 0xff, 0xff, 0xff, 0xe8, 0x58, 0x00, 0x00,
  0x00, 0x00, 0x00, 0x00, 0xb8, 0x00, 0x00, 0x00, 0x00, 0x00, 0x00, 0x00,
  0xc4, 0x00, 0x00, 0x00, 0x00, 0x00, 0x00, 0x00, 0x01, 0x00, 0x50, 0xc4,
  0x00, 0x00, 0x00, 0x00, 0x00, 0x00, 0x00, 0x5c, 0x01, 0x00, 0x00, 0x00,
  0x00, 0x00, 0x00, 0x01, 0x00, 0x64, 0x5c, 0x01, 0x00, 0x00, 0x00, 0x00,
  0x00, 0x00, 0x70, 0x01, 0x00, 0x00, 0x00, 0x00, 0x00, 0x00, 0x01, 0x00,
  0x50, 0x78, 0x01, 0x00, 0x00, 0x00, 0x00, 0x00, 0x00, 0x9c, 0x01, 0x00,
  0x00, 0x00, 0x00, 0x00, 0x00, 0x01, 0x00, 0x64, 0x00, 0x00, 0x00, 0x00,
  0x00, 0x00, 0x00, 0x00, 0x00, 0x00, 0x00, 0x00, 0x00, 0x00, 0x00, 0x00,
  0xff, 0xff, 0xff, 0xff, 0xff, 0xff, 0xff, 0xff, 0xe8, 0x58, 0x00, 0x00,
  0x00, 0x00, 0x00, 0x00, 0x00, 0x01, 0x00, 0x00, 0x00, 0x00, 0x00, 0x00,
  0x4c, 0x01, 0x00, 0x00, 0x00, 0x00, 0x00, 0x00, 0x01, 0x00, 0x50, 0x00,
  0x00, 0x00, 0x00, 0x00, 0x00, 0x00, 0x00, 0x00, 0x00, 0x00, 0x00, 0x00,
  0x00, 0x00, 0x00, 0xff, 0xff, 0xff, 0xff, 0xff, 0xff, 0xff, 0xff, 0x98,
  0x5a, 0x00, 0x00, 0x00, 0x00, 0x00, 0x00, 0x00, 0x00, 0x00, 0x00, 0x00,
  0x00, 0x00, 0x00, 0x64, 0x00, 0x00, 0x00, 0x00, 0x00, 0x00, 0x00, 0x03,
  0x00, 0x11, 0x00, 0x9f, 0x64, 0x00, 0x00, 0x00, 0x00, 0x00, 0x00, 0x00,
  0x6c, 0x00, 0x00, 0x00, 0x00, 0x00, 0x00, 0x00, 0x01, 0x00, 0x63, 0x6c,
  0x00, 0x00, 0x00, 0x00, 0x00, 0x00, 0x00, 0x70, 0x00, 0x00, 0x00, 0x00,
  0x00, 0x00, 0x00, 0x03, 0x00, 0x11, 0x00, 0x9f, 0x70, 0x00, 0x00, 0x00,
  0x00, 0x00, 0x00, 0x00, 0x90, 0x00, 0x00, 0x00, 0x00, 0x00, 0x00, 0x00,
  0x01, 0x00, 0x63, 0x00, 0x00, 0x00, 0x00, 0x00, 0x00, 0x00, 0x00, 0x00,
  0x00, 0x00, 0x00, 0x00, 0x00, 0x00, 0x00, 0xff, 0xff, 0xff, 0xff, 0xff,
  0xff, 0xff, 0xff, 0x30, 0x5b, 0x00, 0x00, 0x00, 0x00, 0x00, 0x00, 0x00,
  0x00, 0x00, 0x00, 0x00, 0x00, 0x00, 0x00, 0x10, 0x00, 0x00, 0x00, 0x00,
  0x00, 0x00, 0x00, 0x01, 0x00, 0x50, 0x10, 0x00, 0x00, 0x00, 0x00, 0x00,
  0x00, 0x00, 0xf8, 0x00, 0x00, 0x00, 0x00, 0x00, 0x00, 0x00, 0x01, 0x00,
  0x64, 0xf8, 0x00, 0x00, 0x00, 0x00, 0x00, 0x00, 0x00, 0x00, 0x01, 0x00,
  0x00, 0x00, 0x00, 0x00, 0x00, 0x04, 0x00, 0xf3, 0x01, 0x50, 0x9f, 0x00,
  0x00, 0x00, 0x00, 0x00, 0x00, 0x00, 0x00, 0x00, 0x00, 0x00, 0x00, 0x00,
  0x00, 0x00, 0x00, 0xff, 0xff, 0xff, 0xff, 0xff, 0xff, 0xff, 0xff, 0x30,
  0x5b, 0x00, 0x00, 0x00, 0x00, 0x00, 0x00, 0x34, 0x00, 0x00, 0x00, 0x00,
  0x00, 0x00, 0x00, 0x3c, 0x00, 0x00, 0x00, 0x00, 0x00, 0x00, 0x00, 0x01,
  0x00, 0x50, 0x00, 0x00, 0x00, 0x00, 0x00, 0x00, 0x00, 0x00, 0x00, 0x00,
  0x00, 0x00, 0x00, 0x00, 0x00, 0x00, 0xff, 0xff, 0xff, 0xff, 0xff, 0xff,
  0xff, 0xff, 0x30, 0x5b, 0x00, 0x00, 0x00, 0x00, 0x00, 0x00, 0x3c, 0x00,
  0x00, 0x00, 0x00, 0x00, 0x00, 0x00, 0x44, 0x00, 0x00, 0x00, 0x00, 0x00,
  0x00, 0x00, 0x01, 0x00, 0x50, 0x44, 0x00, 0x00, 0x00, 0x00, 0x00, 0x00,
  0x00, 0xcc, 0x00, 0x00, 0x00, 0x00, 0x00, 0x00, 0x00, 0x01, 0x00, 0x63,
  0xcc, 0x00, 0x00, 0x00, 0x00, 0x00, 0x00, 0x00, 0xe0, 0x00, 0x00, 0x00,
  0x00, 0x00, 0x00, 0x00, 0x01, 0x00, 0x50, 0xe8, 0x00, 0x00, 0x00, 0x00,
  0x00, 0x00, 0x00, 0xf0, 0x00, 0x00, 0x00, 0x00, 0x00, 0x00, 0x00, 0x01,
  0x00, 0x63, 0x00, 0x00, 0x00, 0x00, 0x00, 0x00, 0x00, 0x00, 0x00, 0x00,
  0x00, 0x00, 0x00, 0x00, 0x00, 0x00, 0xff, 0xff, 0xff, 0xff, 0xff, 0xff,
  0xff, 0xff, 0x30, 0x5b, 0x00, 0x00, 0x00, 0x00, 0x00, 0x00, 0x60, 0x00,
  0x00, 0x00, 0x00, 0x00, 0x00, 0x00, 0xbc, 0x00, 0x00, 0x00, 0x00, 0x00,
  0x00, 0x00, 0x01, 0x00, 0x50, 0xe8, 0x00, 0x00, 0x00, 0x00, 0x00, 0x00,
  0x00, 0xec, 0x00, 0x00, 0x00, 0x00, 0x00, 0x00, 0x00, 0x01, 0x00, 0x50,
  0x00, 0x00, 0x00, 0x00, 0x00, 0x00, 0x00, 0x00, 0x00, 0x00, 0x00, 0x00,
  0x00, 0x00, 0x00, 0x00, 0xff, 0xff, 0xff, 0xff, 0xff, 0xff, 0xff, 0xff,
  0x30, 0x5c, 0x00, 0x00, 0x00, 0x00, 0x00, 0x00, 0x00, 0x00, 0x00, 0x00,
  0x00, 0x00, 0x00, 0x00, 0x20, 0x00, 0x00, 0x00, 0x00, 0x00, 0x00, 0x00,
  0x01, 0x00, 0x50, 0x20, 0x00, 0x00, 0x00, 0x00, 0x00, 0x00, 0x00, 0x84,
  0x00, 0x00, 0x00, 0x00, 0x00, 0x00, 0x00, 0x01, 0x00, 0x51, 0xa4, 0x00,
  0x00, 0x00, 0x00, 0x00, 0x00, 0x00, 0xb0, 0x00, 0x00, 0x00, 0x00, 0x00,
  0x00, 0x00, 0x01, 0x00, 0x51, 0x00, 0x00, 0x00, 0x00, 0x00, 0x00, 0x00,
  0x00, 0x00, 0x00, 0x00, 0x00, 0x00, 0x00, 0x00, 0x00, 0xff, 0xff, 0xff,
  0xff, 0xff, 0xff, 0xff, 0xff, 0x30, 0x5c, 0x00, 0x00, 0x00, 0x00, 0x00,
  0x00, 0x00, 0x00, 0x00, 0x00, 0x00, 0x00, 0x00, 0x00, 0x1c, 0x00, 0x00,
  0x00, 0x00, 0x00, 0x00, 0x00, 0x01, 0x00, 0x51, 0x1c, 0x00, 0x00, 0x00,
  0x00, 0x00, 0x00, 0x00, 0x1c, 0x01, 0x00, 0x00, 0x00, 0x00, 0x00, 0x00,
  0x01, 0x00, 0x63, 0x1c, 0x01, 0x00, 0x00, 0x00, 0x00, 0x00, 0x00, 0x2c,
  0x01, 0x00, 0x00, 0x00, 0x00, 0x00, 0x00, 0x04, 0x00, 0xf3, 0x01, 0x51,
  0x9f, 0x2c, 0x01, 0x00, 0x00, 0x00, 0x00, 0x00, 0x00, 0x30, 0x01, 0x00,
  0x00, 0x00, 0x00, 0x00, 0x00, 0x01, 0x00, 0x63, 0x00, 0x00, 0x00, 0x00,
  0x00, 0x00, 0x00, 0x00, 0x00, 0x00, 0x00, 0x00, 0x00, 0x00, 0x00, 0x00,
  0xff, 0xff, 0xff, 0xff, 0xff, 0xff, 0xff, 0xff, 0x30, 0x5c, 0x00, 0x00,
  0x00, 0x00, 0x00, 0x00, 0xc8, 0x00, 0x00, 0x00, 0x00, 0x00, 0x00, 0x00,
  0xfc, 0x00, 0x00, 0x00, 0x00, 0x00, 0x00, 0x00, 0x02, 0x00, 0x8f, 0x08,
  0x00, 0x00, 0x00, 0x00, 0x00, 0x00, 0x00, 0x00, 0x00, 0x00, 0x00, 0x00,
  0x00, 0x00, 0x00, 0x00, 0xff, 0xff, 0xff, 0xff, 0xff, 0xff, 0xff, 0xff,
  0x60, 0x5d, 0x00, 0x00, 0x00, 0x00, 0x00, 0x00, 0x00, 0x00, 0x00, 0x00,
  0x00, 0x00, 0x00, 0x00, 0x84, 0x00, 0x00, 0x00, 0x00, 0x00, 0x00, 0x00,
  0x01, 0x00, 0x50, 0x84, 0x00, 0x00, 0x00, 0x00, 0x00, 0x00, 0x00, 0xd4,
  0x00, 0x00, 0x00, 0x00, 0x00, 0x00, 0x00, 0x01, 0x00, 0x69, 0xd4, 0x00,
  0x00, 0x00, 0x00, 0x00, 0x00, 0x00, 0xf8, 0x00, 0x00, 0x00, 0x00, 0x00,
  0x00, 0x00, 0x01, 0x00, 0x50, 0x1c, 0x01, 0x00, 0x00, 0x00, 0x00, 0x00,
  0x00, 0x24, 0x01, 0x00, 0x00, 0x00, 0x00, 0x00, 0x00, 0x01, 0x00, 0x50,
  0x24, 0x01, 0x00, 0x00, 0x00, 0x00, 0x00, 0x00, 0x2c, 0x01, 0x00, 0x00,
  0x00, 0x00, 0x00, 0x00, 0x04, 0x00, 0xf3, 0x01, 0x50, 0x9f, 0x2c, 0x01,
  0x00, 0x00, 0x00, 0x00, 0x00, 0x00, 0x34, 0x01, 0x00, 0x00, 0x00, 0x00,
  0x00, 0x00, 0x01, 0x00, 0x50, 0x34, 0x01, 0x00, 0x00, 0x00, 0x00, 0x00,
  0x00, 0x40, 0x01, 0x00, 0x00, 0x00, 0x00, 0x00, 0x00, 0x04, 0x00, 0xf3,
  0x01, 0x50, 0x9f, 0x40, 0x01, 0x00, 0x00, 0x00, 0x00, 0x00, 0x00, 0x54,
  0x01, 0x00, 0x00, 0x00, 0x00, 0x00, 0x00, 0x01, 0x00, 0x69, 0x00, 0x00,
  0x00, 0x00, 0x00, 0x00, 0x00, 0x00, 0x00, 0x00, 0x00, 0x00, 0x00, 0x00,
  0x00, 0x00, 0xff, 0xff, 0xff, 0xff, 0xff, 0xff, 0xff, 0xff, 0x60, 0x5d,
  0x00, 0x00, 0x00, 0x00, 0x00, 0x00, 0x00, 0x00, 0x00, 0x00, 0x00, 0x00,
  0x00, 0x00, 0x8c, 0x00, 0x00, 0x00, 0x00, 0x00, 0x00, 0x00, 0x01, 0x00,
  0x51, 0x8c, 0x00, 0x00, 0x00, 0x00, 0x00, 0x00, 0x00, 0xd4, 0x00, 0x00,
  0x00, 0x00, 0x00, 0x00, 0x00, 0x01, 0x00, 0x68, 0xd4, 0x00, 0x00, 0x00,
  0x00, 0x00, 0x00, 0x00, 0xd8, 0x00, 0x00, 0x00, 0x00, 0x00, 0x00, 0x00,
  0x01, 0x00, 0x51, 0xd8, 0x00, 0x00, 0x00, 0x00, 0x00, 0x00, 0x00, 0xe8,
  0x00, 0x00, 0x00, 0x00, 0x00, 0x00, 0x00, 0x04, 0x00, 0xf3, 0x01, 0x51,
  0x9f, 0xe8, 0x00, 0x00, 0x00, 0x00, 0x00, 0x00, 0x00, 0xec, 0x00, 0x00,
  0x00, 0x00, 0x00, 0x00, 0x00, 0x01, 0x00, 0x51, 0xec, 0x00, 0x00, 0x00,
  0x00, 0x00, 0x00, 0x00, 0xf8, 0x00, 0x00, 0x00, 0x00, 0x00, 0x00, 0x00,
  0x04, 0x00, 0xf3, 0x01, 0x51, 0x9f, 0x1c, 0x01, 0x00, 0x00, 0x00, 0x00,
  0x00, 0x00, 0x40, 0x01, 0x00, 0x00, 0x00, 0x00, 0x00, 0x00, 0x01, 0x00,
  0x51, 0x40, 0x01, 0x00, 0x00, 0x00, 0x00, 0x00, 0x00, 0x54, 0x01, 0x00,
  0x00, 0x00, 0x00, 0x00, 0x00, 0x01, 0x00, 0x68, 0x00, 0x00, 0x00, 0x00,
  0x00, 0x00, 0x00, 0x00, 0x00, 0x00, 0x00, 0x00, 0x00, 0x00, 0x00, 0x00,
  0xff, 0xff, 0xff, 0xff, 0xff, 0xff, 0xff, 0xff, 0x60, 0x5d, 0x00, 0x00,
  0x00, 0x00, 0x00, 0x00, 0x7c, 0x00, 0x00, 0x00, 0x00, 0x00, 0x00, 0x00,
  0xd4, 0x00, 0x00, 0x00, 0x00, 0x00, 0x00, 0x00, 0x01, 0x00, 0x63, 0x2c,
  0x01, 0x00, 0x00, 0x00, 0x00, 0x00, 0x00, 0x54, 0x01, 0x00, 0x00, 0x00,
  0x00, 0x00, 0x00, 0x01, 0x00, 0x63, 0x00, 0x00, 0x00, 0x00, 0x00, 0x00,
  0x00, 0x00, 0x00, 0x00, 0x00, 0x00, 0x00, 0x00, 0x00, 0x00, 0xff, 0xff,
  0xff, 0xff, 0xff, 0xff, 0xff, 0xff, 0x60, 0x5d, 0x00, 0x00, 0x00, 0x00,
  0x00, 0x00, 0x6c, 0x00, 0x00, 0x00, 0x00, 0x00, 0x00, 0x00, 0xd4, 0x00,
  0x00, 0x00, 0x00, 0x00, 0x00, 0x00, 0x01, 0x00, 0x67, 0x1c, 0x01, 0x00,
  0x00, 0x00, 0x00, 0x00, 0x00, 0x54, 0x01, 0x00, 0x00, 0x00, 0x00, 0x00,
  0x00, 0x01, 0x00, 0x67, 0x00, 0x00, 0x00, 0x00, 0x00, 0x00, 0x00, 0x00,
  0x00, 0x00, 0x00, 0x00, 0x00, 0x00, 0x00, 0x00, 0xff, 0xff, 0xff, 0xff,
  0xff, 0xff, 0xff, 0xff, 0x60, 0x5d, 0x00, 0x00, 0x00, 0x00, 0x00, 0x00,
  0x90, 0x00, 0x00, 0x00, 0x00, 0x00, 0x00, 0x00, 0xa4, 0x00, 0x00, 0x00,
  0x00, 0x00, 0x00, 0x00, 0x01, 0x00, 0x50, 0x40, 0x01, 0x00, 0x00, 0x00,
  0x00, 0x00, 0x00, 0x54, 0x01, 0x00, 0x00, 0x00, 0x00, 0x00, 0x00, 0x01,
  0x00, 0x50, 0x00, 0x00, 0x00, 0x00, 0x00, 0x00, 0x00, 0x00, 0x00, 0x00,
  0x00, 0x00, 0x00, 0x00, 0x00, 0x00, 0xff, 0xff, 0xff, 0xff, 0xff, 0xff,
  0xff, 0xff, 0x60, 0x5d, 0x00, 0x00, 0x00, 0x00, 0x00, 0x00, 0x94, 0x00,
  0x00, 0x00, 0x00, 0x00, 0x00, 0x00, 0xa0, 0x00, 0x00, 0x00, 0x00, 0x00,
  0x00, 0x00, 0x01, 0x00, 0x50, 0xa0, 0x00, 0x00, 0x00, 0x00, 0x00, 0x00,
  0x00, 0xd4, 0x00, 0x00, 0x00, 0x00, 0x00, 0x00, 0x00, 0x01, 0x00, 0x65,
  0x00, 0x00, 0x00, 0x00, 0x00, 0x00, 0x00, 0x00, 0x00, 0x00, 0x00, 0x00,
  0x00, 0x00, 0x00, 0x00, 0x00, 0x00, 0x00, 0x00, 0x00, 0x00, 0x00, 0x00,
  0x84, 0x00, 0x00, 0x00, 0x00, 0x00, 0x00, 0x00, 0x01, 0x00, 0x50, 0x84,
  0x00, 0x00, 0x00, 0x00, 0x00, 0x00, 0x00, 0x8c, 0x00, 0x00, 0x00, 0x00,
  0x00, 0x00, 0x00, 0x04, 0x00, 0xf3, 0x01, 0x50, 0x9f, 0x00, 0x00, 0x00,
  0x00, 0x00, 0x00, 0x00, 0x00, 0x00, 0x00, 0x00, 0x00, 0x00, 0x00, 0x00,
  0x00, 0x00, 0x00, 0x00, 0x00, 0x00, 0x00, 0x00, 0x00, 0x8c, 0x00, 0x00,
  0x00, 0x00, 0x00, 0x00, 0x00, 0x01, 0x00, 0x51, 0x00, 0x00, 0x00, 0x00,
  0x00, 0x00, 0x00, 0x00, 0x00, 0x00, 0x00, 0x00, 0x00, 0x00, 0x00, 0x00,
  0x00, 0x00, 0x00, 0x00, 0x00, 0x00, 0x00, 0x00, 0x8c, 0x00, 0x00, 0x00,
  0x00, 0x00, 0x00, 0x00, 0x01, 0x00, 0x52, 0x00, 0x00, 0x00, 0x00, 0x00,
  0x00, 0x00, 0x00, 0x00, 0x00, 0x00, 0x00, 0x00, 0x00, 0x00, 0x00, 0x01,
  0x11, 0x01, 0x25, 0x0e, 0x13, 0x05, 0x03, 0x0e, 0x10, 0x17, 0x1b, 0x0e,
  0x11, 0x01, 0x55, 0x17, 0x00, 0x00, 0x02, 0x34, 0x00, 0x03, 0x0e, 0x49,
  0x13, 0x3f, 0x19, 0x3a, 0x0b, 0x3b, 0x0b, 0x02, 0x18, 0x00, 0x00, 0x03,
  0x16, 0x00, 0x49, 0x13, 0x03, 0x0e, 0x3a, 0x0b, 0x3b, 0x0b, 0x00, 0x00,
  0x04, 0x13, 0x01, 0x0b, 0x05, 0x3a, 0x0b, 0x3b, 0x0b, 0x00, 0x00, 0x05,
  0x0d, 0x00, 0x03, 0x0e, 0x49, 0x13, 0x3a, 0x0b, 0x3b, 0x0b, 0x38, 0x0b,
  0x00, 0x00, 0x06, 0x0d, 0x00, 0x03, 0x0e, 0x49, 0x13, 0x3a, 0x0b, 0x3b,
  0x0b, 0x38, 0x05, 0x00, 0x00, 0x07, 0x17, 0x01, 0x0b, 0x0b, 0x3a, 0x0b,
  0x3b, 0x0b, 0x00, 0x00, 0x08, 0x13, 0x01, 0x0b, 0x0b, 0x3a, 0x0b, 0x3b,
  0x0b, 0x00, 0x00, 0x09, 0x04, 0x01, 0x49, 0x13, 0x0b, 0x0b, 0x3a, 0x0b,
  0x3b, 0x0b, 0x00, 0x00, 0x0a, 0x28, 0x00, 0x03, 0x0e, 0x1c, 0x0f, 0x00,
  0x00, 0x0b, 0x24, 0x00, 0x03, 0x0e, 0x3e, 0x0b, 0x0b, 0x0b, 0x00, 0x00,
  0x0c, 0x01, 0x01, 0x49, 0x13, 0x00, 0x00, 0x0d, 0x21, 0x00, 0x49, 0x13,
  0x37, 0x05, 0x00, 0x00, 0x0e, 0x24, 0x00, 0x03, 0x0e, 0x0b, 0x0b, 0x3e,
  0x0b, 0x00, 0x00, 0x0f, 0x21, 0x00, 0x49, 0x13, 0x37, 0x0b, 0x00, 0x00,
  0x10, 0x0f, 0x00, 0x00, 0x00, 0x11, 0x34, 0x00, 0x49, 0x13, 0x3a, 0x0b,
  0x3b, 0x0b, 0x02, 0x18, 0x00, 0x00, 0x12, 0x34, 0x00, 0x49, 0x13, 0x3a,
  0x0b, 0x3b, 0x05, 0x02, 0x18, 0x00, 0x00, 0x13, 0x2e, 0x01, 0x11, 0x01,
  0x12, 0x06, 0x40, 0x18, 0x97, 0x42, 0x19, 0x31, 0x13, 0x00, 0x00, 0x14,
  0x05, 0x00, 0x02, 0x17, 0x31, 0x13, 0x00, 0x00, 0x15, 0x89, 0x82, 0x01,
  0x00, 0x31, 0x13, 0x95, 0x42, 0x19, 0x11, 0x01, 0x00, 0x00, 0x16, 0x89,
  0x82, 0x01, 0x01, 0x31, 0x13, 0x11, 0x01, 0x00, 0x00, 0x17, 0x8a, 0x82,
  0x01, 0x00, 0x02, 0x18, 0x91, 0x42, 0x18, 0x00, 0x00, 0x18, 0x2e, 0x00,
  0x03, 0x0e, 0x3a, 0x0b, 0x3b, 0x0b, 0x27, 0x19, 0x49, 0x13, 0x3c, 0x19,
  0x3f, 0x19, 0x00, 0x00, 0x19, 0x0f, 0x00, 0x49, 0x13, 0x00, 0x00, 0x1a,
  0x26, 0x00, 0x49, 0x13, 0x00, 0x00, 0x1b, 0x15, 0x01, 0x49, 0x13, 0x27,
  0x19, 0x00, 0x00, 0x1c, 0x05, 0x00, 0x49, 0x13, 0x00, 0x00, 0x1d, 0x15,
  0x00, 0x49, 0x13, 0x27, 0x19, 0x00, 0x00, 0x1e, 0x2e, 0x01, 0x03, 0x0e,
  0x3a, 0x0b, 0x3b, 0x0b, 0x27, 0x19, 0x3c, 0x19, 0x3f, 0x19, 0x00, 0x00,
  0x1f, 0x18, 0x00, 0x00, 0x00, 0x20, 0x2e, 0x01, 0x03, 0x0e, 0x3a, 0x0b,
  0x3b, 0x0b, 0x27, 0x19, 0x49, 0x13, 0x3f, 0x19, 0x20, 0x0b, 0x00, 0x00,
  0x21, 0x05, 0x00, 0x03, 0x0e, 0x3a, 0x0b, 0x3b, 0x0b, 0x49, 0x13, 0x00,
  0x00, 0x22, 0x2e, 0x01, 0x11, 0x01, 0x12, 0x06, 0x40, 0x18, 0x97, 0x42,
  0x19, 0x03, 0x0e, 0x3a, 0x0b, 0x3b, 0x0b, 0x27, 0x19, 0x49, 0x13, 0x3f,
  0x19, 0x00, 0x00, 0x23, 0x34, 0x00, 0x02, 0x17, 0x03, 0x0e, 0x3a, 0x0b,
  0x3b, 0x0b, 0x49, 0x13, 0x00, 0x00, 0x24, 0x1d, 0x01, 0x31, 0x13, 0x55,
  0x17, 0x58, 0x0b, 0x59, 0x0b, 0x57, 0x0b, 0x00, 0x00, 0x25, 0x89, 0x82,
  0x01, 0x00, 0x31, 0x13, 0x11, 0x01, 0x00, 0x00, 0x26, 0x89, 0x82, 0x01,
  0x00, 0x93, 0x42, 0x18, 0x11, 0x01, 0x00, 0x00, 0x27, 0x2e, 0x01, 0x03,
  0x0e, 0x3a, 0x0b, 0x3b, 0x0b, 0x27, 0x19, 0x49, 0x13, 0x3c, 0x19, 0x3f,
  0x19, 0x00, 0x00, 0x28, 0x2e, 0x01, 0x03, 0x0e, 0x3a, 0x0b, 0x3b, 0x05,
  0x27, 0x19, 0x49, 0x13, 0x3c, 0x19, 0x3f, 0x19, 0x00, 0x00, 0x29, 0x2e,
  0x01, 0x6e, 0x0e, 0x03, 0x0e, 0x3a, 0x0b, 0x3b, 0x0b, 0x27, 0x19, 0x49,
  0x13, 0x20, 0x0b, 0x00, 0x00, 0x2a, 0x05, 0x00, 0x49, 0x13, 0x34, 0x19,
  0x00, 0x00, 0x2b, 0x34, 0x00, 0x03, 0x0e, 0x3a, 0x0b, 0x3b, 0x0b, 0x49,
  0x13, 0x00, 0x00, 0x2c, 0x05, 0x00, 0x02, 0x17, 0x03, 0x0e, 0x3a, 0x0b,
  0x3b, 0x0b, 0x49, 0x13, 0x00, 0x00, 0x2d, 0x05, 0x00, 0x02, 0x18, 0x31,
  0x13, 0x00, 0x00, 0x2e, 0x05, 0x00, 0x1c, 0x0f, 0x31, 0x13, 0x00, 0x00,
  0x2f, 0x05, 0x00, 0x1c, 0x0d, 0x31, 0x13, 0x00, 0x00, 0x30, 0x1d, 0x01,
  0x31, 0x13, 0x11, 0x01, 0x12, 0x06, 0x58, 0x0b, 0x59, 0x0b, 0x57, 0x0b,
  0x00, 0x00, 0x31, 0x34, 0x00, 0x1c, 0x0f, 0x31, 0x13, 0x00, 0x00, 0x32,
  0x89, 0x82, 0x01, 0x01, 0x93, 0x42, 0x18, 0x11, 0x01, 0x00, 0x00, 0x33,
  0x0b, 0x01, 0x55, 0x17, 0x00, 0x00, 0x34, 0x1d, 0x01, 0x31, 0x13, 0x11,
  0x01, 0x12, 0x06, 0x58, 0x0b, 0x59, 0x05, 0x57, 0x0b, 0x00, 0x00, 0x35,
  0x89, 0x82, 0x01, 0x00, 0x93, 0x42, 0x18, 0x95, 0x42, 0x19, 0x11, 0x01,
  0x00, 0x00, 0x00, 0x01, 0x11, 0x01, 0x25, 0x0e, 0x13, 0x05, 0x03, 0x0e,
  0x10, 0x17, 0x1b, 0x0e, 0x11, 0x01, 0x55, 0x17, 0x00, 0x00, 0x02, 0x34,
  0x00, 0x49, 0x13, 0x3a, 0x0b, 0x3b, 0x0b, 0x02, 0x18, 0x00, 0x00, 0x03,
  0x01, 0x01, 0x49, 0x13, 0x00, 0x00, 0x04, 0x21, 0x00, 0x49, 0x13, 0x37,
  0x0b, 0x00, 0x00, 0x05, 0x24, 0x00, 0x03, 0x0e, 0x3e, 0x0b, 0x0b, 0x0b,
  0x00, 0x00, 0x06, 0x24, 0x00, 0x03, 0x0e, 0x0b, 0x0b, 0x3e, 0x0b, 0x00,
  0x00, 0x07, 0x04, 0x01, 0x49, 0x13, 0x03, 0x0e, 0x0b, 0x0b, 0x3a, 0x0b,
  0x3b, 0x0b, 0x00, 0x00, 0x08, 0x28, 0x00, 0x03, 0x0e, 0x1c, 0x0f, 0x00,
  0x00, 0x09, 0x04, 0x01, 0x49, 0x13, 0x0b, 0x0b, 0x3a, 0x0b, 0x3b, 0x0b,
  0x00, 0x00, 0x0a, 0x16, 0x00, 0x49, 0x13, 0x03, 0x0e, 0x3a, 0x0b, 0x3b,
  0x0b, 0x00, 0x00, 0x0b, 0x0f, 0x00, 0x49, 0x13, 0x00, 0x00, 0x0c, 0x26,
  0x00, 0x49, 0x13, 0x00, 0x00, 0x0d, 0x2e, 0x01, 0x11, 0x01, 0x12, 0x06,
  0x40, 0x18, 0x97, 0x42, 0x19, 0x03, 0x0e, 0x3a, 0x0b, 0x3b, 0x0b, 0x27,
  0x19, 0x49, 0x13, 0x3f, 0x19, 0x00, 0x00, 0x0e, 0x05, 0x00, 0x02, 0x17,
  0x03, 0x0e, 0x3a, 0x0b, 0x3b, 0x0b, 0x49, 0x13, 0x00, 0x00, 0x0f, 0x34,
  0x00, 0x02, 0x17, 0x03, 0x0e, 0x3a, 0x0b, 0x3b, 0x0b, 0x49, 0x13, 0x00,
  0x00, 0x10, 0x89, 0x82, 0x01, 0x01, 0x31, 0x13, 0x11, 0x01, 0x00, 0x00,
  0x11, 0x8a, 0x82, 0x01, 0x00, 0x02, 0x18, 0x91, 0x42, 0x18, 0x00, 0x00,
  0x12, 0x89, 0x82, 0x01, 0x01, 0x93, 0x42, 0x18, 0x11, 0x01, 0x00, 0x00,
  0x13, 0x89, 0x82, 0x01, 0x00, 0x31, 0x13, 0x11, 0x01, 0x00, 0x00, 0x14,
  0x2e, 0x01, 0x03, 0x0e, 0x3a, 0x0b, 0x3b, 0x0b, 0x27, 0x19, 0x3c, 0x19,
  0x3f, 0x19, 0x00, 0x00, 0x15, 0x05, 0x00, 0x49, 0x13, 0x00, 0x00, 0x16,
  0x18, 0x00, 0x00, 0x00, 0x17, 0x2e, 0x01, 0x03, 0x0e, 0x3a, 0x0b, 0x3b,
  0x0b, 0x27, 0x19, 0x49, 0x13, 0x3c, 0x19, 0x3f, 0x19, 0x00, 0x00, 0x18,
  0x2e, 0x00, 0x03, 0x0e, 0x3a, 0x0b, 0x3b, 0x0b, 0x27, 0x19, 0x49, 0x13,
  0x3c, 0x19, 0x3f, 0x19, 0x00, 0x00, 0x19, 0x89, 0x82, 0x01, 0x00, 0x93,
  0x42, 0x18, 0x11, 0x01, 0x00, 0x00, 0x1a, 0x13, 0x01, 0x03, 0x0e, 0x0b,
  0x05, 0x3a, 0x0b, 0x3b, 0x0b, 0x00, 0x00, 0x1b, 0x0d, 0x00, 0x03, 0x0e,
  0x49, 0x13, 0x3a, 0x0b, 0x3b, 0x0b, 0x38, 0x0b, 0x00, 0x00, 0x1c, 0x0d,
  0x00, 0x03, 0x0e, 0x49, 0x13, 0x3a, 0x0b, 0x3b, 0x0b, 0x38, 0x05, 0x00,
  0x00, 0x1d, 0x0d, 0x00, 0x03, 0x0e, 0x49, 0x13, 0x3a, 0x0b, 0x3b, 0x05,
  0x38, 0x05, 0x00, 0x00, 0x1e, 0x0f, 0x00, 0x00, 0x00, 0x1f, 0x15, 0x01,
  0x49, 0x13, 0x27, 0x19, 0x00, 0x00, 0x20, 0x13, 0x00, 0x03, 0x0e, 0x3c,
  0x19, 0x00, 0x00, 0x21, 0x15, 0x01, 0x27, 0x19, 0x00, 0x00, 0x22, 0x16,
  0x00, 0x49, 0x13, 0x03, 0x0e, 0x00, 0x00, 0x23, 0x13, 0x01, 0x03, 0x0e,
  0x0b, 0x0b, 0x00, 0x00, 0x24, 0x0d, 0x00, 0x03, 0x0e, 0x49, 0x13, 0x38,
  0x0b, 0x00, 0x00, 0x25, 0x17, 0x01, 0x03, 0x0e, 0x0b, 0x0b, 0x3a, 0x0b,
  0x3b, 0x0b, 0x00, 0x00, 0x26, 0x13, 0x01, 0x0b, 0x0b, 0x3a, 0x0b, 0x3b,
  0x0b, 0x00, 0x00, 0x27, 0x13, 0x01, 0x03, 0x0e, 0x0b, 0x0b, 0x3a, 0x0b,
  0x3b, 0x05, 0x00, 0x00, 0x28, 0x0d, 0x00, 0x03, 0x0e, 0x49, 0x13, 0x3a,
  0x0b, 0x3b, 0x05, 0x38, 0x0b, 0x00, 0x00, 0x00, 0x01, 0x11, 0x01, 0x25,
  0x0e, 0x13, 0x05, 0x03, 0x0e, 0x10, 0x17, 0x1b, 0x0e, 0x11, 0x01, 0x55,
  0x17, 0x00, 0x00, 0x02, 0x34, 0x00, 0x49, 0x13, 0x3a, 0x0b, 0x3b, 0x0b,
  0x02, 0x18, 0x00, 0x00, 0x03, 0x01, 0x01, 0x49, 0x13, 0x00, 0x00, 0x04,
  0x21, 0x00, 0x49, 0x13, 0x37, 0x0b, 0x00, 0x00, 0x05, 0x24, 0x00, 0x03,
  0x0e, 0x3e, 0x0b, 0x0b, 0x0b, 0x00, 0x00, 0x06, 0x24, 0x00, 0x03, 0x0e,
  0x0b, 0x0b, 0x3e, 0x0b, 0x00, 0x00, 0x07, 0x34, 0x00, 0x03, 0x0e, 0x49,
  0x13, 0x3a, 0x0b, 0x3b, 0x0b, 0x02, 0x18, 0x00, 0x00, 0x08, 0x26, 0x00,
  0x49, 0x13, 0x00, 0x00, 0x09, 0x16, 0x00, 0x49, 0x13, 0x03, 0x0e, 0x3a,
  0x0b, 0x3b, 0x0b, 0x00, 0x00, 0x0a, 0x13, 0x01, 0x0b, 0x0b, 0x3a, 0x0b,
  0x3b, 0x0b, 0x00, 0x00, 0x0b, 0x0d, 0x00, 0x03, 0x0e, 0x49, 0x13, 0x3a,
  0x0b, 0x3b, 0x0b, 0x38, 0x0b, 0x00, 0x00, 0x0c, 0x0f, 0x00, 0x49, 0x13,
  0x00, 0x00, 0x0d, 0x15, 0x01, 0x49, 0x13, 0x27, 0x19, 0x00, 0x00, 0x0e,
  0x05, 0x00, 0x49, 0x13, 0x00, 0x00, 0x0f, 0x13, 0x01, 0x0b, 0x05, 0x3a,
  0x0b, 0x3b, 0x0b, 0x00, 0x00, 0x10, 0x0d, 0x00, 0x03, 0x0e, 0x49, 0x13,
  0x3a, 0x0b, 0x3b, 0x0b, 0x38, 0x05, 0x00, 0x00, 0x11, 0x04, 0x01, 0x49,
  0x13, 0x0b, 0x0b, 0x3a, 0x0b, 0x3b, 0x0b, 0x00, 0x00, 0x12, 0x28, 0x00,
  0x03, 0x0e, 0x1c, 0x0f, 0x00, 0x00, 0x13, 0x21, 0x00, 0x49, 0x13, 0x37,
  0x05, 0x00, 0x00, 0x14, 0x15, 0x00, 0x49, 0x13, 0x27, 0x19, 0x00, 0x00,
  0x15, 0x0f, 0x00, 0x00, 0x00, 0x16, 0x2e, 0x01, 0x11, 0x01, 0x12, 0x06,
  0x40, 0x18, 0x97, 0x42, 0x19, 0x03, 0x0e, 0x3a, 0x0b, 0x3b, 0x0b, 0x27,
  0x19, 0x49, 0x13, 0x3f, 0x19, 0x00, 0x00, 0x17, 0x05, 0x00, 0x02, 0x17,
  0x03, 0x0e, 0x3a, 0x0b, 0x3b, 0x0b, 0x49, 0x13, 0x00, 0x00, 0x18, 0x89,
  0x82, 0x01, 0x01, 0x31, 0x13, 0x11, 0x01, 0x00, 0x00, 0x19, 0x8a, 0x82,
  0x01, 0x00, 0x02, 0x18, 0x91, 0x42, 0x18, 0x00, 0x00, 0x1a, 0x2e, 0x01,
  0x03, 0x0e, 0x3a, 0x0b, 0x3b, 0x0b, 0x27, 0x19, 0x3c, 0x19, 0x3f, 0x19,
  0x00, 0x00, 0x1b, 0x18, 0x00, 0x00, 0x00, 0x1c, 0x34, 0x00, 0x02, 0x17,
  0x03, 0x0e, 0x3a, 0x0b, 0x3b, 0x0b, 0x49, 0x13, 0x00, 0x00, 0x1d, 0x89,
  0x82, 0x01, 0x00, 0x31, 0x13, 0x11, 0x01, 0x00, 0x00, 0x1e, 0x2e, 0x01,
  0x03, 0x0e, 0x3a, 0x0b, 0x3b, 0x0b, 0x27, 0x19, 0x49, 0x13, 0x3c, 0x19,
  0x3f, 0x19, 0x00, 0x00, 0x1f, 0x2e, 0x00, 0x03, 0x0e, 0x3a, 0x0b, 0x3b,
  0x0b, 0x27, 0x19, 0x49, 0x13, 0x3c, 0x19, 0x3f, 0x19, 0x00, 0x00, 0x20,
  0x26, 0x00, 0x00, 0x00, 0x21, 0x2e, 0x00, 0x11, 0x01, 0x12, 0x06, 0x40,
  0x18, 0x97, 0x42, 0x19, 0x03, 0x0e, 0x3a, 0x0b, 0x3b, 0x0b, 0x27, 0x19,
  0x49, 0x13, 0x3f, 0x19, 0x00, 0x00, 0x00, 0x01, 0x11, 0x01, 0x25, 0x0e,
  0x13, 0x05, 0x03, 0x0e, 0x10, 0x17, 0x1b, 0x0e, 0x11, 0x01, 0x55, 0x17,
  0x00, 0x00, 0x02, 0x34, 0x00, 0x49, 0x13, 0x3a, 0x0b, 0x3b, 0x0b, 0x02,
  0x18, 0x00, 0x00, 0x03, 0x01, 0x01, 0x49, 0x13, 0x00, 0x00, 0x04, 0x21,
  0x00, 0x49, 0x13, 0x37, 0x0b, 0x00, 0x00, 0x05, 0x24, 0x00, 0x03, 0x0e,
  0x3e, 0x0b, 0x0b, 0x0b, 0x00, 0x00, 0x06, 0x24, 0x00, 0x03, 0x0e, 0x0b,
  0x0b, 0x3e, 0x0b, 0x00, 0x00, 0x07, 0x34, 0x00, 0x49, 0x13, 0x3a, 0x0b,
  0x3b, 0x05, 0x02, 0x18, 0x00, 0x00, 0x08, 0x34, 0x00, 0x03, 0x0e, 0x49,
  0x13, 0x3a, 0x0b, 0x3b, 0x0b, 0x02, 0x18, 0x00, 0x00, 0x09, 0x26, 0x00,
  0x49, 0x13, 0x00, 0x00, 0x0a, 0x16, 0x00, 0x49, 0x13, 0x03, 0x0e, 0x3a,
  0x0b, 0x3b, 0x0b, 0x00, 0x00, 0x0b, 0x13, 0x01, 0x0b, 0x0b, 0x3a, 0x0b,
  0x3b, 0x0b, 0x00, 0x00, 0x0c, 0x0d, 0x00, 0x03, 0x0e, 0x49, 0x13, 0x3a,
  0x0b, 0x3b, 0x0b, 0x38, 0x0b, 0x00, 0x00, 0x0d, 0x0f, 0x00, 0x49, 0x13,
  0x00, 0x00, 0x0e, 0x15, 0x01, 0x49, 0x13, 0x27, 0x19, 0x00, 0x00, 0x0f,
  0x05, 0x00, 0x49, 0x13, 0x00, 0x00, 0x10, 0x13, 0x01, 0x0b, 0x05, 0x3a,
  0x0b, 0x3b, 0x0b, 0x00, 0x00, 0x11, 0x0d, 0x00, 0x03, 0x0e, 0x49, 0x13,
  0x3a, 0x0b, 0x3b, 0x0b, 0x38, 0x05, 0x00, 0x00, 0x12, 0x04, 0x01, 0x49,
  0x13, 0x0b, 0x0b, 0x3a, 0x0b, 0x3b, 0x0b, 0x00, 0x00, 0x13, 0x28, 0x00,
  0x03, 0x0e, 0x1c, 0x0f, 0x00, 0x00, 0x14, 0x21, 0x00, 0x49, 0x13, 0x37,
  0x05, 0x00, 0x00, 0x15, 0x15, 0x00, 0x49, 0x13, 0x27, 0x19, 0x00, 0x00,
  0x16, 0x13, 0x01, 0x03, 0x0e, 0x0b, 0x0b, 0x3a, 0x0b, 0x3b, 0x0b, 0x00,
  0x00, 0x17, 0x2e, 0x01, 0x03, 0x0e, 0x3a, 0x0b, 0x3b, 0x0b, 0x27, 0x19,
  0x49, 0x13, 0x20, 0x0b, 0x00, 0x00, 0x18, 0x05, 0x00, 0x03, 0x0e, 0x3a,
  0x0b, 0x3b, 0x0b, 0x49, 0x13, 0x00, 0x00, 0x19, 0x2e, 0x01, 0x11, 0x01,
  0x12, 0x06, 0x40, 0x18, 0x97, 0x42, 0x19, 0x03, 0x0e, 0x3a, 0x0b, 0x3b,
  0x0b, 0x27, 0x19, 0x49, 0x13, 0x3f, 0x19, 0x00, 0x00, 0x1a, 0x05, 0x00,
  0x02, 0x17, 0x03, 0x0e, 0x3a, 0x0b, 0x3b, 0x0b, 0x49, 0x13, 0x00, 0x00,
  0x1b, 0x1d, 0x00, 0x31, 0x13, 0x11, 0x01, 0x12, 0x06, 0x58, 0x0b, 0x59,
  0x0b, 0x57, 0x0b, 0x00, 0x00, 0x1c, 0x0b, 0x01, 0x55, 0x17, 0x00, 0x00,
  0x1d, 0x34, 0x00, 0x03, 0x0e, 0x3a, 0x0b, 0x3b, 0x0b, 0x49, 0x13, 0x00,
  0x00, 0x1e, 0x89, 0x82, 0x01, 0x01, 0x31, 0x13, 0x11, 0x01, 0x00, 0x00,
  0x1f, 0x8a, 0x82, 0x01, 0x00, 0x02, 0x18, 0x91, 0x42, 0x18, 0x00, 0x00,
  0x20, 0x2e, 0x01, 0x03, 0x0e, 0x3a, 0x0b, 0x3b, 0x0b, 0x27, 0x19, 0x3c,
  0x19, 0x3f, 0x19, 0x00, 0x00, 0x21, 0x18, 0x00, 0x00, 0x00, 0x22, 0x2e,
  0x01, 0x6e, 0x0e, 0x03, 0x0e, 0x3a, 0x0b, 0x3b, 0x0b, 0x27, 0x19, 0x49,
  0x13, 0x20, 0x0b, 0x00, 0x00, 0x23, 0x05, 0x00, 0x49, 0x13, 0x34, 0x19,
  0x00, 0x00, 0x24, 0x0f, 0x00, 0x00, 0x00, 0x25, 0x34, 0x00, 0x02, 0x17,
  0x03, 0x0e, 0x3a, 0x0b, 0x3b, 0x0b, 0x49, 0x13, 0x00, 0x00, 0x26, 0x1d,
  0x01, 0x31, 0x13, 0x55, 0x17, 0x58, 0x0b, 0x59, 0x0b, 0x57, 0x0b, 0x00,
  0x00, 0x27, 0x05, 0x00, 0x02, 0x18, 0x31, 0x13, 0x00, 0x00, 0x28, 0x05,
  0x00, 0x1c, 0x0f, 0x31, 0x13, 0x00, 0x00, 0x29, 0x05, 0x00, 0x1c, 0x0d,
  0x31, 0x13, 0x00, 0x00, 0x2a, 0x05, 0x00, 0x02, 0x17, 0x31, 0x13, 0x00,
  0x00, 0x2b, 0x34, 0x00, 0x02, 0x17, 0x31, 0x13, 0x00, 0x00, 0x2c, 0x89,
  0x82, 0x01, 0x00, 0x31, 0x13, 0x11, 0x01, 0x00, 0x00, 0x2d, 0x2e, 0x01,
  0x03, 0x0e, 0x3a, 0x0b, 0x3b, 0x05, 0x27, 0x19, 0x49, 0x13, 0x3c, 0x19,
  0x3f, 0x19, 0x00, 0x00, 0x2e, 0x2e, 0x01, 0x03, 0x0e, 0x3a, 0x0b, 0x3b,
  0x0b, 0x27, 0x19, 0x49, 0x13, 0x3c, 0x19, 0x3f, 0x19, 0x00, 0x00, 0x2f,
  0x2e, 0x00, 0x03, 0x0e, 0x3a, 0x0b, 0x3b, 0x0b, 0x27, 0x19, 0x49, 0x13,
  0x3c, 0x19, 0x3f, 0x19, 0x00, 0x00, 0x30, 0x2e, 0x01, 0x03, 0x0e, 0x3a,
  0x0b, 0x3b, 0x05, 0x27, 0x19, 0x3f, 0x19, 0x20, 0x0b, 0x00, 0x00, 0x31,
  0x05, 0x00, 0x03, 0x0e, 0x3a, 0x0b, 0x3b, 0x05, 0x49, 0x13, 0x00, 0x00,
  0x32, 0x34, 0x00, 0x03, 0x0e, 0x3a, 0x0b, 0x3b, 0x05, 0x49, 0x13, 0x00,
  0x00, 0x33, 0x34, 0x00, 0x02, 0x18, 0x03, 0x0e, 0x3a, 0x0b, 0x3b, 0x0b,
  0x49, 0x13, 0x00, 0x00, 0x34, 0x0b, 0x01, 0x11, 0x01, 0x12, 0x06, 0x00,
  0x00, 0x35, 0x1d, 0x01, 0x31, 0x13, 0x11, 0x01, 0x12, 0x06, 0x58, 0x0b,
  0x59, 0x0b, 0x57, 0x0b, 0x00, 0x00, 0x36, 0x34, 0x00, 0x02, 0x18, 0x31,
  0x13, 0x00, 0x00, 0x37, 0x2e, 0x01, 0x11, 0x01, 0x12, 0x06, 0x40, 0x18,
  0x97, 0x42, 0x19, 0x6e, 0x0e, 0x03, 0x0e, 0x3a, 0x0b, 0x3b, 0x0b, 0x27,
  0x19, 0x36, 0x0b, 0x49, 0x13, 0x00, 0x00, 0x38, 0x05, 0x00, 0x02, 0x17,
  0x49, 0x13, 0x34, 0x19, 0x00, 0x00, 0x39, 0x2e, 0x01, 0x11, 0x01, 0x12,
  0x06, 0x40, 0x18, 0x97, 0x42, 0x19, 0x31, 0x13, 0x00, 0x00, 0x3a, 0x89,
  0x82, 0x01, 0x00, 0x31, 0x13, 0x95, 0x42, 0x19, 0x11, 0x01, 0x00, 0x00,
  0x3b, 0x1d, 0x00, 0x31, 0x13, 0x11, 0x01, 0x12, 0x06, 0x58, 0x0b, 0x59,
  0x0b, 0x00, 0x00, 0x3c, 0x26, 0x00, 0x00, 0x00, 0x3d, 0x2e, 0x00, 0x11,
  0x01, 0x12, 0x06, 0x40, 0x18, 0x97, 0x42, 0x19, 0x03, 0x0e, 0x3a, 0x0b,
  0x3b, 0x05, 0x27, 0x19, 0x49, 0x13, 0x3f, 0x19, 0x00, 0x00, 0x3e, 0x16,
  0x00, 0x49, 0x13, 0x03, 0x0e, 0x00, 0x00, 0x3f, 0x13, 0x01, 0x03, 0x0e,
  0x0b, 0x0b, 0x00, 0x00, 0x00, 0x01, 0x11, 0x01, 0x25, 0x0e, 0x13, 0x05,
  0x03, 0x0e, 0x10, 0x17, 0x1b, 0x0e, 0x11, 0x01, 0x55, 0x17, 0x00, 0x00,
  0x02, 0x34, 0x00, 0x49, 0x13, 0x3a, 0x0b, 0x3b, 0x0b, 0x02, 0x18, 0x00,
  0x00, 0x03, 0x01, 0x01, 0x49, 0x13, 0x00, 0x00, 0x04, 0x21, 0x00, 0x49,
  0x13, 0x37, 0x0b, 0x00, 0x00, 0x05, 0x24, 0x00, 0x03, 0x0e, 0x3e, 0x0b,
  0x0b, 0x0b, 0x00, 0x00, 0x06, 0x24, 0x00, 0x03, 0x0e, 0x0b, 0x0b, 0x3e,
  0x0b, 0x00, 0x00, 0x07, 0x34, 0x00, 0x49, 0x13, 0x3a, 0x0b, 0x3b, 0x05,
  0x02, 0x18, 0x00, 0x00, 0x08, 0x34, 0x00, 0x03, 0x0e, 0x49, 0x13, 0x3a,
  0x0b, 0x3b, 0x0b, 0x02, 0x18, 0x00, 0x00, 0x09, 0x26, 0x00, 0x49, 0x13,
  0x00, 0x00, 0x0a, 0x16, 0x00, 0x49, 0x13, 0x03, 0x0e, 0x3a, 0x0b, 0x3b,
  0x0b, 0x00, 0x00, 0x0b, 0x13, 0x01, 0x0b, 0x0b, 0x3a, 0x0b, 0x3b, 0x0b,
  0x00, 0x00, 0x0c, 0x0d, 0x00, 0x03, 0x0e, 0x49, 0x13, 0x3a, 0x0b, 0x3b,
  0x0b, 0x38, 0x0b, 0x00, 0x00, 0x0d, 0x0f, 0x00, 0x49, 0x13, 0x00, 0x00,
  0x0e, 0x15, 0x01, 0x49, 0x13, 0x27, 0x19, 0x00, 0x00, 0x0f, 0x05, 0x00,
  0x49, 0x13, 0x00, 0x00, 0x10, 0x13, 0x01, 0x0b, 0x05, 0x3a, 0x0b, 0x3b,
  0x0b, 0x00, 0x00, 0x11, 0x0d, 0x00, 0x03, 0x0e, 0x49, 0x13, 0x3a, 0x0b,
  0x3b, 0x0b, 0x38, 0x05, 0x00, 0x00, 0x12, 0x04, 0x01, 0x49, 0x13, 0x0b,
  0x0b, 0x3a, 0x0b, 0x3b, 0x0b, 0x00, 0x00, 0x13, 0x28, 0x00, 0x03, 0x0e,
  0x1c, 0x0f, 0x00, 0x00, 0x14, 0x21, 0x00, 0x49, 0x13, 0x37, 0x05, 0x00,
  0x00, 0x15, 0x15, 0x00, 0x49, 0x13, 0x27, 0x19, 0x00, 0x00, 0x16, 0x13,
  0x01, 0x03, 0x0e, 0x0b, 0x0b, 0x3a, 0x0b, 0x3b, 0x0b, 0x00, 0x00, 0x17,
  0x2e, 0x01, 0x03, 0x0e, 0x3a, 0x0b, 0x3b, 0x0b, 0x27, 0x19, 0x49, 0x13,
  0x20, 0x0b, 0x00, 0x00, 0x18, 0x05, 0x00, 0x03, 0x0e, 0x3a, 0x0b, 0x3b,
  0x0b, 0x49, 0x13, 0x00, 0x00, 0x19, 0x2e, 0x01, 0x11, 0x01, 0x12, 0x06,
  0x40, 0x18, 0x97, 0x42, 0x19, 0x03, 0x0e, 0x3a, 0x0b, 0x3b, 0x0b, 0x27,
  0x19, 0x49, 0x13, 0x3f, 0x19, 0x00, 0x00, 0x1a, 0x05, 0x00, 0x02, 0x17,
  0x03, 0x0e, 0x3a, 0x0b, 0x3b, 0x0b, 0x49, 0x13, 0x00, 0x00, 0x1b, 0x1d,
  0x00, 0x31, 0x13, 0x11, 0x01, 0x12, 0x06, 0x58, 0x0b, 0x59, 0x0b, 0x57,
  0x0b, 0x00, 0x00, 0x1c, 0x0b, 0x01, 0x55, 0x17, 0x00, 0x00, 0x1d, 0x34,
  0x00, 0x03, 0x0e, 0x3a, 0x0b, 0x3b, 0x0b, 0x49, 0x13, 0x00, 0x00, 0x1e,
  0x89, 0x82, 0x01, 0x01, 0x31, 0x13, 0x11, 0x01, 0x00, 0x00, 0x1f, 0x8a,
  0x82, 0x01, 0x00, 0x02, 0x18, 0x91, 0x42, 0x18, 0x00, 0x00, 0x20, 0x2e,
  0x01, 0x03, 0x0e, 0x3a, 0x0b, 0x3b, 0x0b, 0x27, 0x19, 0x3c, 0x19, 0x3f,
  0x19, 0x00, 0x00, 0x21, 0x18, 0x00, 0x00, 0x00, 0x22, 0x2e, 0x01, 0x6e,
  0x0e, 0x03, 0x0e, 0x3a, 0x0b, 0x3b, 0x0b, 0x27, 0x19, 0x49, 0x13, 0x20,
  0x0b, 0x00, 0x00, 0x23, 0x05, 0x00, 0x49, 0x13, 0x34, 0x19, 0x00, 0x00,
  0x24, 0x0f, 0x00, 0x00, 0x00, 0x25, 0x34, 0x00, 0x02, 0x18, 0x03, 0x0e,
  0x3a, 0x0b, 0x3b, 0x0b, 0x49, 0x13, 0x00, 0x00, 0x26, 0x34, 0x00, 0x02,
  0x17, 0x03, 0x0e, 0x3a, 0x0b, 0x3b, 0x0b, 0x49, 0x13, 0x00, 0x00, 0x27,
  0x1d, 0x01, 0x31, 0x13, 0x55, 0x17, 0x58, 0x0b, 0x59, 0x0b, 0x57, 0x0b,
  0x00, 0x00, 0x28, 0x05, 0x00, 0x02, 0x17, 0x31, 0x13, 0x00, 0x00, 0x29,
  0x89, 0x82, 0x01, 0x00, 0x31, 0x13, 0x11, 0x01, 0x00, 0x00, 0x2a, 0x2e,
  0x01, 0x03, 0x0e, 0x3a, 0x0b, 0x3b, 0x05, 0x27, 0x19, 0x49, 0x13, 0x3c,
  0x19, 0x3f, 0x19, 0x00, 0x00, 0x2b, 0x26, 0x00, 0x00, 0x00, 0x2c, 0x2e,
  0x00, 0x03, 0x0e, 0x3a, 0x0b, 0x3b, 0x0b, 0x27, 0x19, 0x49, 0x13, 0x3c,
  0x19, 0x3f, 0x19, 0x00, 0x00, 0x2d, 0x2e, 0x01, 0x03, 0x0e, 0x3a, 0x0b,
  0x3b, 0x0b, 0x27, 0x19, 0x49, 0x13, 0x3c, 0x19, 0x3f, 0x19, 0x00, 0x00,
  0x2e, 0x2e, 0x01, 0x03, 0x0e, 0x3a, 0x0b, 0x3b, 0x05, 0x27, 0x19, 0x3f,
  0x19, 0x20, 0x0b, 0x00, 0x00, 0x2f, 0x05, 0x00, 0x03, 0x0e, 0x3a, 0x0b,
  0x3b, 0x05, 0x49, 0x13, 0x00, 0x00, 0x30, 0x34, 0x00, 0x03, 0x0e, 0x3a,
  0x0b, 0x3b, 0x05, 0x49, 0x13, 0x00, 0x00, 0x31, 0x0b, 0x01, 0x11, 0x01,
  0x12, 0x06, 0x00, 0x00, 0x32, 0x1d, 0x01, 0x31, 0x13, 0x11, 0x01, 0x12,
  0x06, 0x58, 0x0b, 0x59, 0x0b, 0x57, 0x0b, 0x00, 0x00, 0x33, 0x05, 0x00,
  0x02, 0x18, 0x31, 0x13, 0x00, 0x00, 0x34, 0x34, 0x00, 0x02, 0x18, 0x31,
  0x13, 0x00, 0x00, 0x35, 0x2e, 0x01, 0x11, 0x01, 0x12, 0x06, 0x40, 0x18,
  0x97, 0x42, 0x19, 0x31, 0x13, 0x00, 0x00, 0x36, 0x34, 0x00, 0x02, 0x17,
  0x31, 0x13, 0x00, 0x00, 0x37, 0x89, 0x82, 0x01, 0x00, 0x31, 0x13, 0x95,
  0x42, 0x19, 0x11, 0x01, 0x00, 0x00, 0x38, 0x05, 0x00, 0x1c, 0x0f, 0x31,
  0x13, 0x00, 0x00, 0x39, 0x05, 0x00, 0x1c, 0x0d, 0x31, 0x13, 0x00, 0x00,
  0x3a, 0x1d, 0x00, 0x31, 0x13, 0x11, 0x01, 0x12, 0x06, 0x58, 0x0b, 0x59,
  0x0b, 0x00, 0x00, 0x3b, 0x2e, 0x00, 0x11, 0x01, 0x12, 0x06, 0x40, 0x18,
  0x97, 0x42, 0x19, 0x03, 0x0e, 0x3a, 0x0b, 0x3b, 0x05, 0x27, 0x19, 0x49,
  0x13, 0x3f, 0x19, 0x00, 0x00, 0x00, 0x01, 0x11, 0x01, 0x25, 0x0e, 0x13,
  0x05, 0x03, 0x0e, 0x10, 0x17, 0x1b, 0x0e, 0x11, 0x01, 0x55, 0x17, 0x00,
  0x00, 0x02, 0x34, 0x00, 0x03, 0x0e, 0x49, 0x13, 0x3f, 0x19, 0x3a, 0x0b,
  0x3b, 0x0b, 0x02, 0x18, 0x00, 0x00, 0x03, 0x24, 0x00, 0x03, 0x0e, 0x3e,
  0x0b, 0x0b, 0x0b, 0x00, 0x00, 0x04, 0x0f, 0x00, 0x00, 0x00, 0x05, 0x0f,
  0x00, 0x49, 0x13, 0x00, 0x00, 0x06, 0x16, 0x00, 0x49, 0x13, 0x03, 0x0e,
  0x3a, 0x0b, 0x3b, 0x0b, 0x00, 0x00, 0x07, 0x34, 0x00, 0x49, 0x13, 0x3a,
  0x0b, 0x3b, 0x0b, 0x02, 0x18, 0x00, 0x00, 0x08, 0x01, 0x01, 0x49, 0x13,
  0x00, 0x00, 0x09, 0x21, 0x00, 0x49, 0x13, 0x37, 0x0b, 0x00, 0x00, 0x0a,
  0x24, 0x00, 0x03, 0x0e, 0x0b, 0x0b, 0x3e, 0x0b, 0x00, 0x00, 0x0b, 0x04,
  0x01, 0x49, 0x13, 0x0b, 0x0b, 0x3a, 0x0b, 0x3b, 0x0b, 0x00, 0x00, 0x0c,
  0x28, 0x00, 0x03, 0x0e, 0x1c, 0x0f, 0x00, 0x00, 0x0d, 0x2e, 0x01, 0x03,
  0x0e, 0x3a, 0x0b, 0x3b, 0x0b, 0x27, 0x19, 0x49, 0x13, 0x3f, 0x19, 0x20,
  0x0b, 0x00, 0x00, 0x0e, 0x34, 0x00, 0x03, 0x0e, 0x3a, 0x0b, 0x3b, 0x0b,
  0x49, 0x13, 0x00, 0x00, 0x0f, 0x2e, 0x01, 0x6e, 0x0e, 0x03, 0x0e, 0x3a,
  0x0b, 0x3b, 0x0b, 0x27, 0x19, 0x49, 0x13, 0x20, 0x0b, 0x00, 0x00, 0x10,
  0x05, 0x00, 0x03, 0x0e, 0x3a, 0x0b, 0x3b, 0x0b, 0x49, 0x13, 0x00, 0x00,
  0x11, 0x05, 0x00, 0x49, 0x13, 0x34, 0x19, 0x00, 0x00, 0x12, 0x26, 0x00,
  0x49, 0x13, 0x00, 0x00, 0x13, 0x2e, 0x01, 0x11, 0x01, 0x12, 0x06, 0x40,
  0x18, 0x97, 0x42, 0x19, 0x03, 0x0e, 0x3a, 0x0b, 0x3b, 0x0b, 0x27, 0x19,
  0x49, 0x13, 0x3f, 0x19, 0x00, 0x00, 0x14, 0x05, 0x00, 0x02, 0x17, 0x03,
  0x0e, 0x3a, 0x0b, 0x3b, 0x0b, 0x49, 0x13, 0x00, 0x00, 0x15, 0x34, 0x00,
  0x02, 0x17, 0x03, 0x0e, 0x3a, 0x0b, 0x3b, 0x0b, 0x49, 0x13, 0x00, 0x00,
  0x16, 0x1d, 0x01, 0x31, 0x13, 0x55, 0x17, 0x58, 0x0b, 0x59, 0x0b, 0x57,
  0x0b, 0x00, 0x00, 0x17, 0x34, 0x00, 0x02, 0x17, 0x31, 0x13, 0x00, 0x00,
  0x18, 0x1d, 0x01, 0x31, 0x13, 0x11, 0x01, 0x12, 0x06, 0x58, 0x0b, 0x59,
  0x0b, 0x57, 0x0b, 0x00, 0x00, 0x19, 0x05, 0x00, 0x02, 0x18, 0x31, 0x13,
  0x00, 0x00, 0x1a, 0x05, 0x00, 0x1c, 0x0f, 0x31, 0x13, 0x00, 0x00, 0x1b,
  0x05, 0x00, 0x1c, 0x0d, 0x31, 0x13, 0x00, 0x00, 0x1c, 0x89, 0x82, 0x01,
  0x01, 0x31, 0x13, 0x11, 0x01, 0x00, 0x00, 0x1d, 0x8a, 0x82, 0x01, 0x00,
  0x02, 0x18, 0x91, 0x42, 0x18, 0x00, 0x00, 0x1e, 0x89, 0x82, 0x01, 0x00,
  0x31, 0x13, 0x11, 0x01, 0x00, 0x00, 0x1f, 0x2e, 0x01, 0x03, 0x0e, 0x3a,
  0x0b, 0x3b, 0x0b, 0x27, 0x19, 0x3c, 0x19, 0x3f, 0x19, 0x00, 0x00, 0x20,
  0x05, 0x00, 0x49, 0x13, 0x00, 0x00, 0x21, 0x18, 0x00, 0x00, 0x00, 0x22,
  0x2e, 0x01, 0x03, 0x0e, 0x3a, 0x0b, 0x3b, 0x05, 0x27, 0x19, 0x49, 0x13,
  0x3c, 0x19, 0x3f, 0x19, 0x00, 0x00, 0x23, 0x2e, 0x01, 0x6e, 0x0e, 0x03,
  0x0e, 0x3a, 0x0b, 0x3b, 0x0b, 0x27, 0x19, 0x49, 0x13, 0x3c, 0x19, 0x3f,
  0x19, 0x00, 0x00, 0x24, 0x2e, 0x01, 0x03, 0x0e, 0x3a, 0x0b, 0x3b, 0x0b,
  0x27, 0x19, 0x49, 0x13, 0x3c, 0x19, 0x3f, 0x19, 0x00, 0x00, 0x25, 0x2e,
  0x01, 0x11, 0x01, 0x12, 0x06, 0x40, 0x18, 0x97, 0x42, 0x19, 0x31, 0x13,
  0x00, 0x00, 0x26, 0x05, 0x00, 0x02, 0x17, 0x31, 0x13, 0x00, 0x00, 0x27,
  0x26, 0x00, 0x00, 0x00, 0x28, 0x2e, 0x01, 0x03, 0x0e, 0x3a, 0x0b, 0x3b,
  0x0b, 0x27, 0x19, 0x49, 0x13, 0x20, 0x0b, 0x00, 0x00, 0x29, 0x13, 0x01,
  0x03, 0x0e, 0x0b, 0x0b, 0x3a, 0x0b, 0x3b, 0x0b, 0x00, 0x00, 0x2a, 0x0d,
  0x00, 0x03, 0x0e, 0x49, 0x13, 0x3a, 0x0b, 0x3b, 0x0b, 0x38, 0x0b, 0x00,
  0x00, 0x00, 0x01, 0x11, 0x01, 0x25, 0x0e, 0x13, 0x05, 0x03, 0x0e, 0x10,
  0x17, 0x1b, 0x0e, 0x11, 0x01, 0x12, 0x06, 0x00, 0x00, 0x02, 0x34, 0x00,
  0x03, 0x0e, 0x49, 0x13, 0x3a, 0x0b, 0x3b, 0x0b, 0x02, 0x18, 0x00, 0x00,
  0x03, 0x01, 0x01, 0x49, 0x13, 0x00, 0x00, 0x04, 0x21, 0x00, 0x49, 0x13,
  0x37, 0x0b, 0x00, 0x00, 0x05, 0x26, 0x00, 0x49, 0x13, 0x00, 0x00, 0x06,
  0x24, 0x00, 0x03, 0x0e, 0x3e, 0x0b, 0x0b, 0x0b, 0x00, 0x00, 0x07, 0x24,
  0x00, 0x03, 0x0e, 0x0b, 0x0b, 0x3e, 0x0b, 0x00, 0x00, 0x08, 0x04, 0x01,
  0x49, 0x13, 0x0b, 0x0b, 0x3a, 0x0b, 0x3b, 0x0b, 0x00, 0x00, 0x09, 0x28,
  0x00, 0x03, 0x0e, 0x1c, 0x0f, 0x00, 0x00, 0x0a, 0x2e, 0x01, 0x11, 0x01,
  0x12, 0x06, 0x40, 0x18, 0x97, 0x42, 0x19, 0x03, 0x0e, 0x3a, 0x0b, 0x3b,
  0x0b, 0x27, 0x19, 0x3f, 0x19, 0x00, 0x00, 0x0b, 0x05, 0x00, 0x02, 0x17,
  0x03, 0x0e, 0x3a, 0x0b, 0x3b, 0x0b, 0x49, 0x13, 0x00, 0x00, 0x0c, 0x34,
  0x00, 0x02, 0x18, 0x03, 0x0e, 0x3a, 0x0b, 0x3b, 0x0b, 0x49, 0x13, 0x00,
  0x00, 0x0d, 0x18, 0x00, 0x00, 0x00, 0x0e, 0x89, 0x82, 0x01, 0x01, 0x31,
  0x13, 0x11, 0x01, 0x00, 0x00, 0x0f, 0x8a, 0x82, 0x01, 0x00, 0x02, 0x18,
  0x91, 0x42, 0x18, 0x00, 0x00, 0x10, 0x2e, 0x01, 0x03, 0x0e, 0x3a, 0x0b,
  0x3b, 0x0b, 0x27, 0x19, 0x49, 0x13, 0x3c, 0x19, 0x3f, 0x19, 0x00, 0x00,
  0x11, 0x05, 0x00, 0x49, 0x13, 0x00, 0x00, 0x12, 0x0f, 0x00, 0x49, 0x13,
  0x00, 0x00, 0x13, 0x16, 0x00, 0x49, 0x13, 0x03, 0x0e, 0x3a, 0x0b, 0x3b,
  0x0b, 0x00, 0x00, 0x14, 0x16, 0x00, 0x49, 0x13, 0x03, 0x0e, 0x00, 0x00,
  0x15, 0x13, 0x01, 0x03, 0x0e, 0x0b, 0x0b, 0x00, 0x00, 0x16, 0x0d, 0x00,
  0x03, 0x0e, 0x49, 0x13, 0x3a, 0x0b, 0x3b, 0x0b, 0x38, 0x0b, 0x00, 0x00,
  0x17, 0x0f, 0x00, 0x00, 0x00, 0x00, 0x7f, 0x12, 0x00, 0x00, 0x04, 0x00,
  0x00, 0x00, 0x00, 0x00, 0x08, 0x01, 0xfb, 0x05, 0x00, 0x00, 0x0c, 0x00,
  0x72, 0x18, 0x00, 0x00, 0x00, 0x00, 0x00, 0x00, 0x29, 0x24, 0x00, 0x00,
  0x00, 0x00, 0x00, 0x00, 0x00, 0x00, 0x00, 0x00, 0xa0, 0x01, 0x00, 0x00,
  0x02, 0xea, 0x03, 0x00, 0x00, 0x3f, 0x00, 0x00, 0x00, 0x04, 0x0c, 0x09,
  0x03, 0x90, 0xe7, 0x00, 0x00, 0x00, 0x00, 0x00, 0x00, 0x03, 0x4a, 0x00,
  0x00, 0x00, 0x9f, 0x09, 0x00, 0x00, 0x01, 0x4f, 0x04, 0x78, 0x03, 0x01,
  0x32, 0x05, 0x30, 0x23, 0x00, 0x00, 0x35, 0x01, 0x00, 0x00, 0x01, 0x33,
  0x00, 0x06, 0x60, 0x09, 0x00, 0x00, 0xe0, 0x01, 0x00, 0x00, 0x01, 0x34,
  0x0c, 0x03, 0x06, 0x23, 0x0f, 0x00, 0x00, 0x12, 0x02, 0x00, 0x00, 0x01,
  0x35, 0x10, 0x03, 0x06, 0x65, 0x1a, 0x00, 0x00, 0x50, 0x02, 0x00, 0x00,
  0x01, 0x36, 0x38, 0x03, 0x06, 0xc7, 0x06, 0x00, 0x00, 0x62, 0x02, 0x00,
  0x00, 0x01, 0x37, 0x40, 0x03, 0x06, 0x00, 0x00, 0x00, 0x00, 0x9c, 0x00,
  0x00, 0x00, 0x01, 0x4e, 0x48, 0x03, 0x07, 0x30, 0x01, 0x3a, 0x05, 0xb5,
  0x12, 0x00, 0x00, 0xac, 0x00, 0x00, 0x00, 0x01, 0x3f, 0x00, 0x08, 0x10,
  0x01, 0x3b, 0x05, 0x8e, 0x09, 0x00, 0x00, 0xbe, 0x01, 0x00, 0x00, 0x01,
  0x3d, 0x00, 0x05, 0x77, 0x22, 0x00, 0x00, 0x69, 0x02, 0x00, 0x00, 0x01,
  0x3e, 0x08, 0x00, 0x05, 0xdd, 0x01, 0x00, 0x00, 0xd5, 0x00, 0x00, 0x00,
  0x01, 0x46, 0x00, 0x08, 0x30, 0x01, 0x41, 0x05, 0x95, 0x09, 0x00, 0x00,
  0xbe, 0x01, 0x00, 0x00, 0x01, 0x43, 0x00, 0x05, 0x73, 0x1a, 0x00, 0x00,
  0x6a, 0x02, 0x00, 0x00, 0x01, 0x44, 0x04, 0x05, 0x0c, 0x0b, 0x00, 0x00,
  0xbe, 0x01, 0x00, 0x00, 0x01, 0x45, 0x2c, 0x00, 0x05, 0xe9, 0x01, 0x00,
  0x00, 0x0a, 0x01, 0x00, 0x00, 0x01, 0x4d, 0x00, 0x08, 0x30, 0x01, 0x48,
  0x05, 0x95, 0x09, 0x00, 0x00, 0xbe, 0x01, 0x00, 0x00, 0x01, 0x4a, 0x00,
  0x05, 0x73, 0x1a, 0x00, 0x00, 0x6a, 0x02, 0x00, 0x00, 0x01, 0x4b, 0x04,
  0x05, 0x0c, 0x0b, 0x00, 0x00, 0xbe, 0x01, 0x00, 0x00, 0x01, 0x4c, 0x2c,
  0x00, 0x00, 0x00, 0x03, 0x40, 0x01, 0x00, 0x00, 0x28, 0x10, 0x00, 0x00,
  0x01, 0x2f, 0x04, 0x0c, 0x03, 0x01, 0x22, 0x05, 0x6c, 0x22, 0x00, 0x00,
  0x91, 0x01, 0x00, 0x00, 0x01, 0x23, 0x00, 0x05, 0x61, 0x0e, 0x00, 0x00,
  0xbe, 0x01, 0x00, 0x00, 0x01, 0x26, 0x04, 0x05, 0x8e, 0x19, 0x00, 0x00,
  0xc5, 0x01, 0x00, 0x00, 0x01, 0x27, 0x08, 0x06, 0x59, 0x1a, 0x00, 0x00,
  0xc5, 0x01, 0x00, 0x00, 0x01, 0x2a, 0x08, 0x01, 0x06, 0xac, 0x12, 0x00,
  0x00, 0xc5, 0x01, 0x00, 0x00, 0x01, 0x2d, 0x08, 0x02, 0x06, 0xf7, 0x03,
  0x00, 0x00, 0xbe, 0x01, 0x00, 0x00, 0x01, 0x2e, 0x08, 0x03, 0x00, 0x03,
  0x9c, 0x01, 0x00, 0x00, 0x52, 0x09, 0x00, 0x00, 0x01, 0x16, 0x09, 0xb7,
  0x01, 0x00, 0x00, 0x04, 0x01, 0x12, 0x0a, 0x0d, 0x20, 0x00, 0x00, 0x00,
  0x0a, 0x44, 0x1b, 0x00, 0x00, 0x01, 0x0a, 0x96, 0x1e, 0x00, 0x00, 0x02,
  0x00, 0x0b, 0x4c, 0x1a, 0x00, 0x00, 0x07, 0x04, 0x0b, 0xa3, 0x12, 0x00,
  0x00, 0x05, 0x04, 0x0c, 0xd2, 0x01, 0x00, 0x00, 0x0d, 0xd9, 0x01, 0x00,
  0x00, 0x00, 0x01, 0x00, 0x0b, 0xa7, 0x12, 0x00, 0x00, 0x08, 0x01, 0x0e,
  0x2a, 0x1c, 0x00, 0x00, 0x08, 0x07, 0x03, 0xeb, 0x01, 0x00, 0x00, 0x7f,
  0x09, 0x00, 0x00, 0x01, 0x1f, 0x09, 0xb7, 0x01, 0x00, 0x00, 0x04, 0x01,
  0x19, 0x0a, 0xd4, 0x13, 0x00, 0x00, 0x00, 0x0a, 0x66, 0x09, 0x00, 0x00,
  0x01, 0x0a, 0x00, 0x04, 0x00, 0x00, 0x02, 0x0a, 0xb2, 0x06, 0x00, 0x00,
  0x03, 0x0a, 0x54, 0x1d, 0x00, 0x00, 0x04, 0x00, 0x03, 0x1d, 0x02, 0x00,
  0x00, 0x09, 0x01, 0x00, 0x00, 0x03, 0x4a, 0x08, 0x28, 0x03, 0x44, 0x05,
  0xff, 0x00, 0x00, 0x00, 0x2e, 0x02, 0x00, 0x00, 0x03, 0x46, 0x00, 0x00,
  0x0c, 0x3a, 0x02, 0x00, 0x00, 0x0f, 0xd9, 0x01, 0x00, 0x00, 0x0a, 0x00,
  0x03, 0x45, 0x02, 0x00, 0x00, 0x3e, 0x1c, 0x00, 0x00, 0x02, 0x41, 0x03,
  0xbe, 0x01, 0x00, 0x00, 0xef, 0x13, 0x00, 0x00, 0x02, 0x29, 0x03, 0x5b,
  0x02, 0x00, 0x00, 0x3f, 0x0d, 0x00, 0x00, 0x03, 0x62, 0x0b, 0x19, 0x01,
  0x00, 0x00, 0x05, 0x08, 0x0b, 0x71, 0x22, 0x00, 0x00, 0x02, 0x01, 0x10,
  0x0c, 0xbe, 0x01, 0x00, 0x00, 0x0f, 0xd9, 0x01, 0x00, 0x00, 0x0a, 0x00,
  0x11, 0x87, 0x02, 0x00, 0x00, 0x04, 0x18, 0x09, 0x03, 0xdc, 0x1e, 0x00,
  0x00, 0x00, 0x00, 0x00, 0x00, 0x0c, 0xd2, 0x01, 0x00, 0x00, 0x0f, 0xd9,
  0x01, 0x00, 0x00, 0x0e, 0x00, 0x11, 0xa4, 0x02, 0x00, 0x00, 0x04, 0x18,
  0x09, 0x03, 0x49, 0x1f, 0x00, 0x00, 0x00, 0x00, 0x00, 0x00, 0x0c, 0xd2,
  0x01, 0x00, 0x00, 0x0f, 0xd9, 0x01, 0x00, 0x00, 0x20, 0x00, 0x11, 0xc1,
  0x02, 0x00, 0x00, 0x04, 0x21, 0x09, 0x03, 0x1b, 0x27, 0x00, 0x00, 0x00,
  0x00, 0x00, 0x00, 0x0c, 0xd2, 0x01, 0x00, 0x00, 0x0f, 0xd9, 0x01, 0x00,
  0x00, 0x19, 0x00, 0x11, 0xde, 0x02, 0x00, 0x00, 0x04, 0x25, 0x09, 0x03,
  0x20, 0x23, 0x00, 0x00, 0x00, 0x00, 0x00, 0x00, 0x0c, 0xd2, 0x01, 0x00,
  0x00, 0x0f, 0xd9, 0x01, 0x00, 0x00, 0x22, 0x00, 0x11, 0xfb, 0x02, 0x00,
  0x00, 0x04, 0x2e, 0x09, 0x03, 0x42, 0x23, 0x00, 0x00, 0x00, 0x00, 0x00,
  0x00, 0x0c, 0xd2, 0x01, 0x00, 0x00, 0x0f, 0xd9, 0x01, 0x00, 0x00, 0x16,
  0x00, 0x11, 0xfb, 0x02, 0x00, 0x00, 0x04, 0x39, 0x09, 0x03, 0xb8, 0x20,
  0x00, 0x00, 0x00, 0x00, 0x00, 0x00, 0x11, 0x29, 0x03, 0x00, 0x00, 0x04,
  0x40, 0x09, 0x03, 0x27, 0x24, 0x00, 0x00, 0x00, 0x00, 0x00, 0x00, 0x0c,
  0xd2, 0x01, 0x00, 0x00, 0x0f, 0xd9, 0x01, 0x00, 0x00, 0x1c, 0x00, 0x11,
  0x46, 0x03, 0x00, 0x00, 0x04, 0x44, 0x09, 0x03, 0xd2, 0x1f, 0x00, 0x00,
  0x00, 0x00, 0x00, 0x00, 0x0c, 0xd2, 0x01, 0x00, 0x00, 0x0f, 0xd9, 0x01,
  0x00, 0x00, 0x1f, 0x00, 0x11, 0xc1, 0x02, 0x00, 0x00, 0x04, 0x4b, 0x09,
  0x03, 0x07, 0x23, 0x00, 0x00, 0x00, 0x00, 0x00, 0x00, 0x11, 0x74, 0x03,
  0x00, 0x00, 0x04, 0x52, 0x09, 0x03, 0x26, 0x1c, 0x00, 0x00, 0x00, 0x00,
  0x00, 0x00, 0x0c, 0xd2, 0x01, 0x00, 0x00, 0x0f, 0xd9, 0x01, 0x00, 0x00,
  0x25, 0x00, 0x11, 0xfb, 0x02, 0x00, 0x00, 0x04, 0x56, 0x09, 0x03, 0xea,
  0x1e, 0x00, 0x00, 0x00, 0x00, 0x00, 0x00, 0x11, 0xa2, 0x03, 0x00, 0x00,
  0x04, 0x68, 0x09, 0x03, 0x34, 0x27, 0x00, 0x00, 0x00, 0x00, 0x00, 0x00,
  0x0c, 0xd2, 0x01, 0x00, 0x00, 0x0f, 0xd9, 0x01, 0x00, 0x00, 0x09, 0x00,
  0x11, 0xbf, 0x03, 0x00, 0x00, 0x04, 0x6d, 0x09, 0x03, 0x4b, 0x1c, 0x00,
  0x00, 0x00, 0x00, 0x00, 0x00, 0x0c, 0xd2, 0x01, 0x00, 0x00, 0x0f, 0xd9,
  0x01, 0x00, 0x00, 0x0a, 0x00, 0x11, 0x46, 0x03, 0x00, 0x00, 0x04, 0x72,
  0x09, 0x03, 0x85, 0x21, 0x00, 0x00, 0x00, 0x00, 0x00, 0x00, 0x11, 0x46,
  0x03, 0x00, 0x00, 0x04, 0x79, 0x09, 0x03, 0x55, 0x1c, 0x00, 0x00, 0x00,
  0x00, 0x00, 0x00, 0x11, 0xfe, 0x03, 0x00, 0x00, 0x04, 0x83, 0x09, 0x03,
  0x6a, 0x28, 0x00, 0x00, 0x00, 0x00, 0x00, 0x00, 0x0c, 0xd2, 0x01, 0x00,
  0x00, 0x0f, 0xd9, 0x01, 0x00, 0x00, 0x2e, 0x00, 0x11, 0x1b, 0x04, 0x00,
  0x00, 0x04, 0x89, 0x09, 0x03, 0x66, 0x29, 0x00, 0x00, 0x00, 0x00, 0x00,
  0x00, 0x0c, 0xd2, 0x01, 0x00, 0x00, 0x0f, 0xd9, 0x01, 0x00, 0x00, 0x10,
  0x00, 0x11, 0xde, 0x02, 0x00, 0x00, 0x04, 0x8d, 0x09, 0x03, 0x68, 0x1d,
  0x00, 0x00, 0x00, 0x00, 0x00, 0x00, 0x11, 0x29, 0x03, 0x00, 0x00, 0x04,
  0x96, 0x09, 0x03, 0x74, 0x1c, 0x00, 0x00, 0x00, 0x00, 0x00, 0x00, 0x11,
  0x5a, 0x04, 0x00, 0x00, 0x04, 0x9d, 0x09, 0x03, 0x98, 0x28, 0x00, 0x00,
  0x00, 0x00, 0x00, 0x00, 0x0c, 0xd2, 0x01, 0x00, 0x00, 0x0f, 0xd9, 0x01,
  0x00, 0x00, 0x2d, 0x00, 0x11, 0xfb, 0x02, 0x00, 0x00, 0x04, 0xa8, 0x09,
  0x03, 0xbc, 0x1b, 0x00, 0x00, 0x00, 0x00, 0x00, 0x00, 0x11, 0x88, 0x04,
  0x00, 0x00, 0x04, 0xb0, 0x09, 0x03, 0x60, 0x1b, 0x00, 0x00, 0x00, 0x00,
  0x00, 0x00, 0x0c, 0xd2, 0x01, 0x00, 0x00, 0x0f, 0xd9, 0x01, 0x00, 0x00,
  0x32, 0x00, 0x11, 0xa5, 0x04, 0x00, 0x00, 0x04, 0xb7, 0x09, 0x03, 0x8a,
  0x1d, 0x00, 0x00, 0x00, 0x00, 0x00, 0x00, 0x0c, 0xd2, 0x01, 0x00, 0x00,
  0x0f, 0xd9, 0x01, 0x00, 0x00, 0x21, 0x00, 0x11, 0x1b, 0x04, 0x00, 0x00,
  0x04, 0xbf, 0x09, 0x03, 0xa4, 0x21, 0x00, 0x00, 0x00, 0x00, 0x00, 0x00,
  0x11, 0xd3, 0x04, 0x00, 0x00, 0x04, 0xc6, 0x09, 0x03, 0xd3, 0x21, 0x00,
  0x00, 0x00, 0x00, 0x00, 0x00, 0x0c, 0xd2, 0x01, 0x00, 0x00, 0x0f, 0xd9,
  0x01, 0x00, 0x00, 0x13, 0x00, 0x11, 0xde, 0x02, 0x00, 0x00, 0x04, 0xcd,
  0x09, 0x03, 0xbf, 0x22, 0x00, 0x00, 0x00, 0x00, 0x00, 0x00, 0x11, 0xfb,
  0x02, 0x00, 0x00, 0x04, 0xd7, 0x09, 0x03, 0x1b, 0x25, 0x00, 0x00, 0x00,
  0x00, 0x00, 0x00, 0x11, 0xd3, 0x04, 0x00, 0x00, 0x04, 0xde, 0x09, 0x03,
  0x69, 0x1f, 0x00, 0x00, 0x00, 0x00, 0x00, 0x00, 0x11, 0x23, 0x05, 0x00,
  0x00, 0x04, 0xe3, 0x09, 0x03, 0x6c, 0x20, 0x00, 0x00, 0x00, 0x00, 0x00,
  0x00, 0x0c, 0xd2, 0x01, 0x00, 0x00, 0x0f, 0xd9, 0x01, 0x00, 0x00, 0x18,
  0x00, 0x11, 0x46, 0x03, 0x00, 0x00, 0x04, 0xf2, 0x09, 0x03, 0x76, 0x29,
  0x00, 0x00, 0x00, 0x00, 0x00, 0x00, 0x11, 0xde, 0x02, 0x00, 0x00, 0x04,
  0xf6, 0x09, 0x03, 0x43, 0x24, 0x00, 0x00, 0x00, 0x00, 0x00, 0x00, 0x11,
  0xfb, 0x02, 0x00, 0x00, 0x04, 0xfc, 0x09, 0x03, 0x5e, 0x22, 0x00, 0x00,
  0x00, 0x00, 0x00, 0x00, 0x12, 0x29, 0x03, 0x00, 0x00, 0x04, 0x09, 0x01,
  0x09, 0x03, 0x7c, 0x1f, 0x00, 0x00, 0x00, 0x00, 0x00, 0x00, 0x09, 0xb7,
  0x01, 0x00, 0x00, 0x04, 0x05, 0x05, 0x0a, 0xa6, 0x1e, 0x00, 0x00, 0x00,
  0x0a, 0x6d, 0x0c, 0x00, 0x00, 0x01, 0x0a, 0xb0, 0x09, 0x00, 0x00, 0x02,
  0x0a, 0x2f, 0x0f, 0x00, 0x00, 0x03, 0x00, 0x03, 0xa0, 0x05, 0x00, 0x00,
  0x12, 0x08, 0x00, 0x00, 0x06, 0x12, 0x0b, 0x4d, 0x21, 0x00, 0x00, 0x07,
  0x08, 0x13, 0x80, 0x35, 0x00, 0x00, 0x00, 0x00, 0x00, 0x00, 0x50, 0x00,
  0x00, 0x00, 0x01, 0x6d, 0xfd, 0x06, 0x00, 0x00, 0x14, 0x00, 0x00, 0x00,
  0x00, 0x09, 0x07, 0x00, 0x00, 0x15, 0xfe, 0x05, 0x00, 0x00, 0x9c, 0x35,
  0x00, 0x00, 0x00, 0x00, 0x00, 0x00, 0x15, 0xba, 0x06, 0x00, 0x00, 0xa0,
  0x35, 0x00, 0x00, 0x00, 0x00, 0x00, 0x00, 0x15, 0xc5, 0x06, 0x00, 0x00,
  0xa4, 0x35, 0x00, 0x00, 0x00, 0x00, 0x00, 0x00, 0x16, 0xd0, 0x06, 0x00,
  0x00, 0xc4, 0x35, 0x00, 0x00, 0x00, 0x00, 0x00, 0x00, 0x17, 0x01, 0x50,
  0x01, 0x33, 0x00, 0x00, 0x18, 0xf4, 0x01, 0x00, 0x00, 0x07, 0x11, 0x09,
  0x06, 0x00, 0x00, 0x19, 0x0e, 0x06, 0x00, 0x00, 0x1a, 0x13, 0x06, 0x00,
  0x00, 0x03, 0x1e, 0x06, 0x00, 0x00, 0x19, 0x08, 0x00, 0x00, 0x01, 0x6a,
  0x08, 0x28, 0x01, 0x64, 0x05, 0xd6, 0x06, 0x00, 0x00, 0x5f, 0x06, 0x00,
  0x00, 0x01, 0x65, 0x00, 0x05, 0x0c, 0x00, 0x00, 0x00, 0x74, 0x06, 0x00,
  0x00, 0x01, 0x66, 0x08, 0x05, 0xb6, 0x1e, 0x00, 0x00, 0x74, 0x06, 0x00,
  0x00, 0x01, 0x67, 0x10, 0x05, 0xbb, 0x1e, 0x00, 0x00, 0x7e, 0x06, 0x00,
  0x00, 0x01, 0x68, 0x18, 0x05, 0xb7, 0x15, 0x00, 0x00, 0x74, 0x06, 0x00,
  0x00, 0x01, 0x69, 0x20, 0x00, 0x19, 0x64, 0x06, 0x00, 0x00, 0x1b, 0xbe,
  0x01, 0x00, 0x00, 0x1c, 0x6f, 0x06, 0x00, 0x00, 0x00, 0x19, 0x35, 0x01,
  0x00, 0x00, 0x19, 0x79, 0x06, 0x00, 0x00, 0x1d, 0xbe, 0x01, 0x00, 0x00,
  0x19, 0x83, 0x06, 0x00, 0x00, 0x1b, 0xbe, 0x01, 0x00, 0x00, 0x1c, 0x93,
  0x06, 0x00, 0x00, 0x1c, 0x95, 0x05, 0x00, 0x00, 0x00, 0x19, 0x98, 0x06,
  0x00, 0x00, 0x1a, 0x9d, 0x06, 0x00, 0x00, 0x03, 0xa8, 0x06, 0x00, 0x00,
  0x67, 0x1d, 0x00, 0x00, 0x02, 0x3c, 0x03, 0xb3, 0x06, 0x00, 0x00, 0xf9,
  0x13, 0x00, 0x00, 0x02, 0x26, 0x0b, 0x47, 0x11, 0x00, 0x00, 0x08, 0x01,
  0x18, 0x5b, 0x21, 0x00, 0x00, 0x08, 0x18, 0x09, 0x06, 0x00, 0x00, 0x18,
  0x55, 0x1b, 0x00, 0x00, 0x09, 0x18, 0x09, 0x06, 0x00, 0x00, 0x1e, 0xe1,
  0x06, 0x00, 0x00, 0x05, 0x0e, 0x1c, 0xe8, 0x06, 0x00, 0x00, 0x1c, 0xf3,
  0x06, 0x00, 0x00, 0x1c, 0xf3, 0x06, 0x00, 0x00, 0x1f, 0x00, 0x03, 0x74,
  0x05, 0x00, 0x00, 0x7c, 0x0c, 0x00, 0x00, 0x05, 0x0a, 0x19, 0xf8, 0x06,
  0x00, 0x00, 0x1a, 0xd2, 0x01, 0x00, 0x00, 0x20, 0xc3, 0x12, 0x00, 0x00,
  0x04, 0x0f, 0x09, 0x06, 0x00, 0x00, 0x01, 0x21, 0x6c, 0x22, 0x00, 0x00,
  0x04, 0x0f, 0x91, 0x01, 0x00, 0x00, 0x00, 0x22, 0xd0, 0x35, 0x00, 0x00,
  0x00, 0x00, 0x00, 0x00, 0xa8, 0x01, 0x00, 0x00, 0x01, 0x6d, 0x17, 0x04,
  0x00, 0x00, 0x04, 0x1e, 0x69, 0x02, 0x00, 0x00, 0x21, 0x33, 0x08, 0x00,
  0x00, 0x04, 0x1e, 0x69, 0x02, 0x00, 0x00, 0x23, 0xd8, 0x00, 0x00, 0x00,
  0x21, 0x05, 0x00, 0x00, 0x04, 0x23, 0x09, 0x06, 0x00, 0x00, 0x24, 0xfd,
  0x06, 0x00, 0x00, 0x00, 0x00, 0x00, 0x00, 0x04, 0x23, 0x1f, 0x14, 0x6c,
  0x00, 0x00, 0x00, 0x09, 0x07, 0x00, 0x00, 0x00, 0x16, 0xd0, 0x06, 0x00,
  0x00, 0xf4, 0x35, 0x00, 0x00, 0x00, 0x00, 0x00, 0x00, 0x17, 0x01, 0x50,
  0x01, 0x31, 0x00, 0x25, 0xfe, 0x05, 0x00, 0x00, 0x18, 0x36, 0x00, 0x00,
  0x00, 0x00, 0x00, 0x00, 0x25, 0xba, 0x06, 0x00, 0x00, 0x28, 0x36, 0x00,
  0x00, 0x00, 0x00, 0x00, 0x00, 0x25, 0xc5, 0x06, 0x00, 0x00, 0x38, 0x36,
  0x00, 0x00, 0x00, 0x00, 0x00, 0x00, 0x26, 0x01, 0x58, 0x48, 0x36, 0x00,
  0x00, 0x00, 0x00, 0x00, 0x00, 0x16, 0xd0, 0x06, 0x00, 0x00, 0x78, 0x36,
  0x00, 0x00, 0x00, 0x00, 0x00, 0x00, 0x17, 0x01, 0x50, 0x01, 0x33, 0x00,
  0x16, 0xd0, 0x06, 0x00, 0x00, 0x90, 0x36, 0x00, 0x00, 0x00, 0x00, 0x00,
  0x00, 0x17, 0x01, 0x50, 0x01, 0x33, 0x00, 0x16, 0xac, 0x08, 0x00, 0x00,
  0x98, 0x36, 0x00, 0x00, 0x00, 0x00, 0x00, 0x00, 0x17, 0x01, 0x50, 0x03,
  0x84, 0x90, 0x06, 0x00, 0x16, 0xc2, 0x08, 0x00, 0x00, 0xa8, 0x36, 0x00,
  0x00, 0x00, 0x00, 0x00, 0x00, 0x17, 0x01, 0x50, 0x03, 0x84, 0x90, 0x06,
  0x00, 0x16, 0xac, 0x08, 0x00, 0x00, 0xc0, 0x36, 0x00, 0x00, 0x00, 0x00,
  0x00, 0x00, 0x17, 0x01, 0x50, 0x03, 0x84, 0x90, 0x06, 0x00, 0x16, 0xc2,
  0x08, 0x00, 0x00, 0xd0, 0x36, 0x00, 0x00, 0x00, 0x00, 0x00, 0x00, 0x17,
  0x01, 0x50, 0x03, 0x84, 0x90, 0x06, 0x00, 0x16, 0xd0, 0x06, 0x00, 0x00,
  0xe8, 0x36, 0x00, 0x00, 0x00, 0x00, 0x00, 0x00, 0x17, 0x01, 0x50, 0x01,
  0x31, 0x00, 0x25, 0xd3, 0x08, 0x00, 0x00, 0x00, 0x37, 0x00, 0x00, 0x00,
  0x00, 0x00, 0x00, 0x16, 0xd0, 0x06, 0x00, 0x00, 0x20, 0x37, 0x00, 0x00,
  0x00, 0x00, 0x00, 0x00, 0x17, 0x01, 0x50, 0x01, 0x31, 0x00, 0x26, 0x01,
  0x58, 0x28, 0x37, 0x00, 0x00, 0x00, 0x00, 0x00, 0x00, 0x16, 0xd0, 0x06,
  0x00, 0x00, 0x44, 0x37, 0x00, 0x00, 0x00, 0x00, 0x00, 0x00, 0x17, 0x01,
  0x50, 0x01, 0x32, 0x00, 0x16, 0xac, 0x08, 0x00, 0x00, 0x4c, 0x37, 0x00,
  0x00, 0x00, 0x00, 0x00, 0x00, 0x17, 0x01, 0x50, 0x03, 0x84, 0x90, 0x06,
  0x00, 0x16, 0xc2, 0x08, 0x00, 0x00, 0x5c, 0x37, 0x00, 0x00, 0x00, 0x00,
  0x00, 0x00, 0x17, 0x01, 0x50, 0x03, 0x84, 0x90, 0x06, 0x00, 0x16, 0xd0,
  0x06, 0x00, 0x00, 0x74, 0x37, 0x00, 0x00, 0x00, 0x00, 0x00, 0x00, 0x17,
  0x01, 0x50, 0x01, 0x31, 0x00, 0x00, 0x27, 0x19, 0x0b, 0x00, 0x00, 0x0a,
  0xe5, 0xbe, 0x01, 0x00, 0x00, 0x1c, 0xbd, 0x08, 0x00, 0x00, 0x00, 0x19,
  0x12, 0x02, 0x00, 0x00, 0x27, 0xd2, 0x12, 0x00, 0x00, 0x0a, 0xf8, 0xbe,
  0x01, 0x00, 0x00, 0x1c, 0xbd, 0x08, 0x00, 0x00, 0x00, 0x28, 0x6f, 0x1d,
  0x00, 0x00, 0x0b, 0x79, 0x01, 0xbe, 0x01, 0x00, 0x00, 0x1c, 0xe5, 0x08,
  0x00, 0x00, 0x00, 0x03, 0xf0, 0x08, 0x00, 0x00, 0x68, 0x1b, 0x00, 0x00,
  0x0c, 0x56, 0x03, 0xfb, 0x08, 0x00, 0x00, 0xa8, 0x16, 0x00, 0x00, 0x0c,
  0x55, 0x03, 0x06, 0x09, 0x00, 0x00, 0x3f, 0x0f, 0x00, 0x00, 0x02, 0x42,
  0x03, 0xb7, 0x01, 0x00, 0x00, 0xbf, 0x09, 0x00, 0x00, 0x02, 0x2a, 0x29,
  0xe7, 0x12, 0x00, 0x00, 0x0a, 0x13, 0x00, 0x00, 0x0d, 0x85, 0x69, 0x02,
  0x00, 0x00, 0x01, 0x21, 0x2c, 0x0b, 0x00, 0x00, 0x0d, 0x85, 0x48, 0x09,
  0x00, 0x00, 0x2a, 0xa0, 0x05, 0x00, 0x00, 0x21, 0xca, 0x09, 0x00, 0x00,
  0x0d, 0x85, 0xbe, 0x01, 0x00, 0x00, 0x21, 0x15, 0x04, 0x00, 0x00, 0x0d,
  0x85, 0x95, 0x05, 0x00, 0x00, 0x00, 0x1a, 0x69, 0x02, 0x00, 0x00, 0x29,
  0xb5, 0x16, 0x00, 0x00, 0x6f, 0x21, 0x00, 0x00, 0x0d, 0xbb, 0x9f, 0x09,
  0x00, 0x00, 0x01, 0x21, 0x1e, 0x01, 0x00, 0x00, 0x0d, 0xbb, 0xa4, 0x09,
  0x00, 0x00, 0x2a, 0xa0, 0x05, 0x00, 0x00, 0x21, 0x38, 0x10, 0x00, 0x00,
  0x0d, 0xbb, 0xa9, 0x09, 0x00, 0x00, 0x2a, 0xa0, 0x05, 0x00, 0x00, 0x21,
  0x15, 0x04, 0x00, 0x00, 0x0d, 0xbb, 0x95, 0x05, 0x00, 0x00, 0x2b, 0x11,
  0x02, 0x00, 0x00, 0x0d, 0xbe, 0x95, 0x05, 0x00, 0x00, 0x2b, 0x55, 0x11,
  0x00, 0x00, 0x0d, 0xbf, 0x95, 0x05, 0x00, 0x00, 0x00, 0x19, 0xd2, 0x01,
  0x00, 0x00, 0x1a, 0x9f, 0x09, 0x00, 0x00, 0x1a, 0xf3, 0x06, 0x00, 0x00,
  0x29, 0x20, 0x20, 0x00, 0x00, 0x49, 0x0d, 0x00, 0x00, 0x0d, 0x61, 0x9f,
  0x09, 0x00, 0x00, 0x01, 0x21, 0x1e, 0x01, 0x00, 0x00, 0x0d, 0x61, 0xa4,
  0x09, 0x00, 0x00, 0x2a, 0xa0, 0x05, 0x00, 0x00, 0x21, 0x38, 0x10, 0x00,
  0x00, 0x0d, 0x61, 0xf3, 0x06, 0x00, 0x00, 0x00, 0x22, 0x78, 0x37, 0x00,
  0x00, 0x00, 0x00, 0x00, 0x00, 0x20, 0x02, 0x00, 0x00, 0x01, 0x6d, 0x5f,
  0x0d, 0x00, 0x00, 0x04, 0x50, 0xbe, 0x01, 0x00, 0x00, 0x2c, 0x44, 0x01,
  0x00, 0x00, 0x6c, 0x22, 0x00, 0x00, 0x04, 0x50, 0x91, 0x01, 0x00, 0x00,
  0x2c, 0xa0, 0x01, 0x00, 0x00, 0x61, 0x0e, 0x00, 0x00, 0x04, 0x50, 0xbe,
  0x01, 0x00, 0x00, 0x2c, 0xfc, 0x01, 0x00, 0x00, 0x8e, 0x19, 0x00, 0x00,
  0x04, 0x50, 0xf3, 0x06, 0x00, 0x00, 0x2c, 0x58, 0x02, 0x00, 0x00, 0x59,
  0x1a, 0x00, 0x00, 0x04, 0x51, 0xf3, 0x06, 0x00, 0x00, 0x2c, 0xb4, 0x02,
  0x00, 0x00, 0xac, 0x12, 0x00, 0x00, 0x04, 0x51, 0xf3, 0x06, 0x00, 0x00,
  0x2c, 0x36, 0x03, 0x00, 0x00, 0xf7, 0x03, 0x00, 0x00, 0x04, 0x51, 0xbe,
  0x01, 0x00, 0x00, 0x23, 0xd0, 0x04, 0x00, 0x00, 0x21, 0x05, 0x00, 0x00,
  0x04, 0x77, 0x09, 0x06, 0x00, 0x00, 0x24, 0x11, 0x09, 0x00, 0x00, 0x50,
  0x00, 0x00, 0x00, 0x04, 0x5d, 0x05, 0x2d, 0x01, 0x69, 0x21, 0x09, 0x00,
  0x00, 0x2e, 0xf8, 0x06, 0x2c, 0x09, 0x00, 0x00, 0x2f, 0x00, 0x31, 0x09,
  0x00, 0x00, 0x2e, 0x8c, 0x06, 0x3c, 0x09, 0x00, 0x00, 0x00, 0x30, 0x4d,
  0x09, 0x00, 0x00, 0x28, 0x38, 0x00, 0x00, 0x00, 0x00, 0x00, 0x00, 0x0c,
  0x00, 0x00, 0x00, 0x04, 0x63, 0x09, 0x2e, 0x80, 0x02, 0x68, 0x09, 0x00,
  0x00, 0x2d, 0x01, 0x65, 0x6d, 0x09, 0x00, 0x00, 0x2e, 0xff, 0xff, 0xff,
  0xff, 0xff, 0xff, 0xff, 0xff, 0xff, 0x01, 0x78, 0x09, 0x00, 0x00, 0x2e,
  0xff, 0x01, 0x7d, 0x09, 0x00, 0x00, 0x31, 0x80, 0x02, 0x88, 0x09, 0x00,
  0x00, 0x31, 0xff, 0xff, 0xff, 0xff, 0xff, 0xff, 0xff, 0xff, 0xff, 0x01,
  0x93, 0x09, 0x00, 0x00, 0x00, 0x30, 0x4d, 0x09, 0x00, 0x00, 0x38, 0x38,
  0x00, 0x00, 0x00, 0x00, 0x00, 0x00, 0x10, 0x00, 0x00, 0x00, 0x04, 0x66,
  0x09, 0x2e, 0x80, 0x02, 0x68, 0x09, 0x00, 0x00, 0x2d, 0x01, 0x64, 0x6d,
  0x09, 0x00, 0x00, 0x2e, 0xff, 0xff, 0xff, 0xff, 0xff, 0xff, 0xff, 0xff,
  0xff, 0x01, 0x78, 0x09, 0x00, 0x00, 0x2e, 0xff, 0x01, 0x7d, 0x09, 0x00,
  0x00, 0x31, 0x80, 0x02, 0x88, 0x09, 0x00, 0x00, 0x31, 0xff, 0xff, 0xff,
  0xff, 0xff, 0xff, 0xff, 0xff, 0xff, 0x01, 0x93, 0x09, 0x00, 0x00, 0x00,
  0x30, 0xae, 0x09, 0x00, 0x00, 0x60, 0x38, 0x00, 0x00, 0x00, 0x00, 0x00,
  0x00, 0x14, 0x00, 0x00, 0x00, 0x04, 0x68, 0x09, 0x2d, 0x04, 0x89, 0x88,
  0x02, 0x9f, 0xbe, 0x09, 0x00, 0x00, 0x2e, 0x80, 0x02, 0xc9, 0x09, 0x00,
  0x00, 0x14, 0x92, 0x03, 0x00, 0x00, 0xce, 0x09, 0x00, 0x00, 0x00, 0x30,
  0x4d, 0x09, 0x00, 0x00, 0x4c, 0x38, 0x00, 0x00, 0x00, 0x00, 0x00, 0x00,
  0x14, 0x00, 0x00, 0x00, 0x04, 0x6b, 0x09, 0x2e, 0x80, 0x02, 0x68, 0x09,
  0x00, 0x00, 0x2d, 0x01, 0x63, 0x6d, 0x09, 0x00, 0x00, 0x2e, 0xff, 0xff,
  0xff, 0xff, 0xff, 0xff, 0xff, 0xff, 0xff, 0x01, 0x78, 0x09, 0x00, 0x00,
  0x2e, 0xff, 0x01, 0x7d, 0x09, 0x00, 0x00, 0x31, 0x80, 0x02, 0x88, 0x09,
  0x00, 0x00, 0x31, 0xff, 0xff, 0xff, 0xff, 0xff, 0xff, 0xff, 0xff, 0xff,
  0x01, 0x93, 0x09, 0x00, 0x00, 0x00, 0x30, 0xae, 0x09, 0x00, 0x00, 0x78,
  0x38, 0x00, 0x00, 0x00, 0x00, 0x00, 0x00, 0x18, 0x00, 0x00, 0x00, 0x04,
  0x6d, 0x09, 0x14, 0xf8, 0x03, 0x00, 0x00, 0xbe, 0x09, 0x00, 0x00, 0x14,
  0x2e, 0x04, 0x00, 0x00, 0xc9, 0x09, 0x00, 0x00, 0x14, 0xc5, 0x03, 0x00,
  0x00, 0xce, 0x09, 0x00, 0x00, 0x00, 0x24, 0xfd, 0x06, 0x00, 0x00, 0x80,
  0x00, 0x00, 0x00, 0x04, 0x77, 0x1f, 0x14, 0x64, 0x04, 0x00, 0x00, 0x09,
  0x07, 0x00, 0x00, 0x00, 0x16, 0xd0, 0x06, 0x00, 0x00, 0xc0, 0x37, 0x00,
  0x00, 0x00, 0x00, 0x00, 0x00, 0x17, 0x01, 0x50, 0x01, 0x31, 0x00, 0x16,
  0xac, 0x08, 0x00, 0x00, 0xd0, 0x37, 0x00, 0x00, 0x00, 0x00, 0x00, 0x00,
  0x17, 0x01, 0x50, 0x03, 0x89, 0x90, 0x06, 0x00, 0x16, 0xd0, 0x06, 0x00,
  0x00, 0xf0, 0x37, 0x00, 0x00, 0x00, 0x00, 0x00, 0x00, 0x17, 0x01, 0x50,
  0x01, 0x32, 0x00, 0x16, 0xc2, 0x08, 0x00, 0x00, 0xf8, 0x37, 0x00, 0x00,
  0x00, 0x00, 0x00, 0x00, 0x17, 0x01, 0x50, 0x03, 0x89, 0x90, 0x06, 0x00,
  0x16, 0xc2, 0x08, 0x00, 0x00, 0x08, 0x38, 0x00, 0x00, 0x00, 0x00, 0x00,
  0x00, 0x17, 0x01, 0x50, 0x03, 0x89, 0x90, 0x06, 0x00, 0x16, 0x2b, 0x0d,
  0x00, 0x00, 0x9c, 0x38, 0x00, 0x00, 0x00, 0x00, 0x00, 0x00, 0x17, 0x01,
  0x51, 0x02, 0x8f, 0x00, 0x17, 0x01, 0x50, 0x03, 0x89, 0x90, 0x06, 0x00,
  0x16, 0xd0, 0x06, 0x00, 0x00, 0xb8, 0x38, 0x00, 0x00, 0x00, 0x00, 0x00,
  0x00, 0x17, 0x01, 0x50, 0x01, 0x33, 0x00, 0x25, 0xfe, 0x05, 0x00, 0x00,
  0xd8, 0x38, 0x00, 0x00, 0x00, 0x00, 0x00, 0x00, 0x25, 0xba, 0x06, 0x00,
  0x00, 0xe4, 0x38, 0x00, 0x00, 0x00, 0x00, 0x00, 0x00, 0x25, 0xc5, 0x06,
  0x00, 0x00, 0xf0, 0x38, 0x00, 0x00, 0x00, 0x00, 0x00, 0x00, 0x32, 0x01,
  0x58, 0x08, 0x39, 0x00, 0x00, 0x00, 0x00, 0x00, 0x00, 0x17, 0x01, 0x50,
  0x02, 0x83, 0x00, 0x00, 0x16, 0xac, 0x08, 0x00, 0x00, 0x14, 0x39, 0x00,
  0x00, 0x00, 0x00, 0x00, 0x00, 0x17, 0x01, 0x50, 0x03, 0x83, 0x90, 0x06,
  0x00, 0x16, 0xc2, 0x08, 0x00, 0x00, 0x28, 0x39, 0x00, 0x00, 0x00, 0x00,
  0x00, 0x00, 0x17, 0x01, 0x50, 0x03, 0x83, 0x90, 0x06, 0x00, 0x16, 0xd0,
  0x06, 0x00, 0x00, 0x40, 0x39, 0x00, 0x00, 0x00, 0x00, 0x00, 0x00, 0x17,
  0x01, 0x50, 0x01, 0x31, 0x00, 0x16, 0xd0, 0x06, 0x00, 0x00, 0x5c, 0x39,
  0x00, 0x00, 0x00, 0x00, 0x00, 0x00, 0x17, 0x01, 0x50, 0x01, 0x33, 0x00,
  0x16, 0xd0, 0x06, 0x00, 0x00, 0x74, 0x39, 0x00, 0x00, 0x00, 0x00, 0x00,
  0x00, 0x17, 0x01, 0x50, 0x01, 0x33, 0x00, 0x16, 0x56, 0x0d, 0x00, 0x00,
  0x7c, 0x39, 0x00, 0x00, 0x00, 0x00, 0x00, 0x00, 0x17, 0x01, 0x50, 0x03,
  0x89, 0x90, 0x06, 0x00, 0x00, 0x27, 0x64, 0x24, 0x00, 0x00, 0x0a, 0xe4,
  0xbe, 0x01, 0x00, 0x00, 0x1c, 0xbd, 0x08, 0x00, 0x00, 0x1c, 0x41, 0x0d,
  0x00, 0x00, 0x00, 0x19, 0x46, 0x0d, 0x00, 0x00, 0x1a, 0x4b, 0x0d, 0x00,
  0x00, 0x03, 0x5b, 0x02, 0x00, 0x00, 0x03, 0x14, 0x00, 0x00, 0x03, 0x4c,
  0x27, 0x12, 0x00, 0x00, 0x00, 0x0a, 0xe3, 0xbe, 0x01, 0x00, 0x00, 0x1c,
  0xbd, 0x08, 0x00, 0x00, 0x00, 0x22, 0x98, 0x39, 0x00, 0x00, 0x00, 0x00,
  0x00, 0x00, 0xcc, 0x01, 0x00, 0x00, 0x01, 0x6d, 0x4f, 0x20, 0x00, 0x00,
  0x04, 0x88, 0xbe, 0x01, 0x00, 0x00, 0x23, 0x29, 0x05, 0x00, 0x00, 0x7e,
  0x1a, 0x00, 0x00, 0x04, 0x9c, 0xbe, 0x01, 0x00, 0x00, 0x33, 0xd0, 0x00,
  0x00, 0x00, 0x23, 0x72, 0x05, 0x00, 0x00, 0x60, 0x09, 0x00, 0x00, 0x04,
  0xa1, 0xe0, 0x01, 0x00, 0x00, 0x00, 0x16, 0xd0, 0x06, 0x00, 0x00, 0xc8,
  0x39, 0x00, 0x00, 0x00, 0x00, 0x00, 0x00, 0x17, 0x01, 0x50, 0x01, 0x31,
  0x00, 0x16, 0xac, 0x08, 0x00, 0x00, 0xd8, 0x39, 0x00, 0x00, 0x00, 0x00,
  0x00, 0x00, 0x17, 0x01, 0x50, 0x03, 0x85, 0x90, 0x06, 0x00, 0x16, 0xc2,
  0x08, 0x00, 0x00, 0xec, 0x39, 0x00, 0x00, 0x00, 0x00, 0x00, 0x00, 0x17,
  0x01, 0x50, 0x03, 0x85, 0x90, 0x06, 0x00, 0x16, 0xe8, 0x0e, 0x00, 0x00,
  0x08, 0x3a, 0x00, 0x00, 0x00, 0x00, 0x00, 0x00, 0x17, 0x01, 0x53, 0x02,
  0x8f, 0x00, 0x17, 0x01, 0x51, 0x02, 0x8f, 0x00, 0x17, 0x01, 0x50, 0x03,
  0x85, 0xb8, 0x06, 0x00, 0x16, 0xd0, 0x06, 0x00, 0x00, 0x24, 0x3a, 0x00,
  0x00, 0x00, 0x00, 0x00, 0x00, 0x17, 0x01, 0x50, 0x01, 0x33, 0x00, 0x16,
  0xd0, 0x06, 0x00, 0x00, 0x44, 0x3a, 0x00, 0x00, 0x00, 0x00, 0x00, 0x00,
  0x17, 0x01, 0x50, 0x01, 0x33, 0x00, 0x16, 0xc2, 0x08, 0x00, 0x00, 0x4c,
  0x3a, 0x00, 0x00, 0x00, 0x00, 0x00, 0x00, 0x17, 0x01, 0x50, 0x03, 0x85,
  0x90, 0x06, 0x00, 0x16, 0xd0, 0x06, 0x00, 0x00, 0x80, 0x3a, 0x00, 0x00,
  0x00, 0x00, 0x00, 0x00, 0x17, 0x01, 0x53, 0x01, 0x3f, 0x17, 0x01, 0x51,
  0x02, 0x83, 0x00, 0x00, 0x25, 0xd3, 0x08, 0x00, 0x00, 0xa4, 0x3a, 0x00,
  0x00, 0x00, 0x00, 0x00, 0x00, 0x16, 0xac, 0x08, 0x00, 0x00, 0xb4, 0x3a,
  0x00, 0x00, 0x00, 0x00, 0x00, 0x00, 0x17, 0x01, 0x50, 0x03, 0x85, 0x90,
  0x06, 0x00, 0x16, 0xc2, 0x08, 0x00, 0x00, 0xc0, 0x3a, 0x00, 0x00, 0x00,
  0x00, 0x00, 0x00, 0x17, 0x01, 0x50, 0x03, 0x85, 0x90, 0x06, 0x00, 0x16,
  0xd0, 0x06, 0x00, 0x00, 0x00, 0x3b, 0x00, 0x00, 0x00, 0x00, 0x00, 0x00,
  0x17, 0x01, 0x52, 0x02, 0x84, 0x00, 0x17, 0x01, 0x51, 0x02, 0x83, 0x00,
  0x17, 0x01, 0x50, 0x02, 0x8f, 0x00, 0x00, 0x16, 0xd0, 0x06, 0x00, 0x00,
  0x1c, 0x3b, 0x00, 0x00, 0x00, 0x00, 0x00, 0x00, 0x17, 0x01, 0x50, 0x01,
  0x31, 0x00, 0x16, 0xd0, 0x06, 0x00, 0x00, 0x50, 0x3b, 0x00, 0x00, 0x00,
  0x00, 0x00, 0x00, 0x17, 0x01, 0x50, 0x01, 0x33, 0x00, 0x16, 0x8b, 0x0f,
  0x00, 0x00, 0x60, 0x3b, 0x00, 0x00, 0x00, 0x00, 0x00, 0x00, 0x17, 0x01,
  0x51, 0x02, 0x8f, 0x00, 0x00, 0x00, 0x27, 0x5d, 0x11, 0x00, 0x00, 0x0a,
  0xa2, 0xbe, 0x01, 0x00, 0x00, 0x1c, 0x08, 0x0f, 0x00, 0x00, 0x1c, 0x0d,
  0x0f, 0x00, 0x00, 0x1c, 0x7b, 0x0f, 0x00, 0x00, 0x1c, 0x69, 0x02, 0x00,
  0x00, 0x00, 0x19, 0x50, 0x02, 0x00, 0x00, 0x19, 0x12, 0x0f, 0x00, 0x00,
  0x1a, 0x17, 0x0f, 0x00, 0x00, 0x03, 0x22, 0x0f, 0x00, 0x00, 0x50, 0x0d,
  0x00, 0x00, 0x03, 0x2c, 0x08, 0x38, 0x03, 0x22, 0x05, 0x76, 0x1d, 0x00,
  0x00, 0xfb, 0x08, 0x00, 0x00, 0x03, 0x23, 0x00, 0x05, 0x22, 0x01, 0x00,
  0x00, 0x69, 0x02, 0x00, 0x00, 0x03, 0x24, 0x08, 0x05, 0x7c, 0x1d, 0x00,
  0x00, 0x95, 0x05, 0x00, 0x00, 0x03, 0x25, 0x10, 0x05, 0x44, 0x20, 0x00,
  0x00, 0x95, 0x05, 0x00, 0x00, 0x03, 0x26, 0x18, 0x05, 0x26, 0x08, 0x00,
  0x00, 0x3a, 0x02, 0x00, 0x00, 0x03, 0x27, 0x20, 0x05, 0x3c, 0x10, 0x00,
  0x00, 0x3a, 0x02, 0x00, 0x00, 0x03, 0x28, 0x24, 0x05, 0x87, 0x1d, 0x00,
  0x00, 0x1b, 0x04, 0x00, 0x00, 0x03, 0x2a, 0x28, 0x00, 0x19, 0x80, 0x0f,
  0x00, 0x00, 0x1b, 0x69, 0x02, 0x00, 0x00, 0x1c, 0x69, 0x02, 0x00, 0x00,
  0x00, 0x27, 0x17, 0x14, 0x00, 0x00, 0x0a, 0xb1, 0xbe, 0x01, 0x00, 0x00,
  0x1c, 0x50, 0x02, 0x00, 0x00, 0x1c, 0xa1, 0x0f, 0x00, 0x00, 0x00, 0x19,
  0x69, 0x02, 0x00, 0x00, 0x22, 0x64, 0x3b, 0x00, 0x00, 0x00, 0x00, 0x00,
  0x00, 0xd0, 0x00, 0x00, 0x00, 0x01, 0x6d, 0x15, 0x05, 0x00, 0x00, 0x04,
  0xbe, 0xbe, 0x01, 0x00, 0x00, 0x23, 0xb8, 0x05, 0x00, 0x00, 0x60, 0x09,
  0x00, 0x00, 0x04, 0xc2, 0xe0, 0x01, 0x00, 0x00, 0x16, 0xd0, 0x06, 0x00,
  0x00, 0x88, 0x3b, 0x00, 0x00, 0x00, 0x00, 0x00, 0x00, 0x17, 0x01, 0x50,
  0x01, 0x31, 0x00, 0x16, 0xac, 0x08, 0x00, 0x00, 0x98, 0x3b, 0x00, 0x00,
  0x00, 0x00, 0x00, 0x00, 0x17, 0x01, 0x50, 0x03, 0x83, 0x90, 0x06, 0x00,
  0x16, 0xc2, 0x08, 0x00, 0x00, 0xa4, 0x3b, 0x00, 0x00, 0x00, 0x00, 0x00,
  0x00, 0x17, 0x01, 0x50, 0x03, 0x83, 0x90, 0x06, 0x00, 0x16, 0x8b, 0x0f,
  0x00, 0x00, 0xbc, 0x3b, 0x00, 0x00, 0x00, 0x00, 0x00, 0x00, 0x17, 0x01,
  0x51, 0x02, 0x8f, 0x00, 0x00, 0x16, 0xd0, 0x06, 0x00, 0x00, 0xd8, 0x3b,
  0x00, 0x00, 0x00, 0x00, 0x00, 0x00, 0x17, 0x01, 0x50, 0x01, 0x32, 0x00,
  0x25, 0x77, 0x10, 0x00, 0x00, 0xdc, 0x3b, 0x00, 0x00, 0x00, 0x00, 0x00,
  0x00, 0x16, 0xac, 0x08, 0x00, 0x00, 0xe4, 0x3b, 0x00, 0x00, 0x00, 0x00,
  0x00, 0x00, 0x17, 0x01, 0x50, 0x03, 0x83, 0x90, 0x06, 0x00, 0x16, 0xc2,
  0x08, 0x00, 0x00, 0xf4, 0x3b, 0x00, 0x00, 0x00, 0x00, 0x00, 0x00, 0x17,
  0x01, 0x50, 0x03, 0x83, 0x90, 0x06, 0x00, 0x25, 0xd0, 0x06, 0x00, 0x00,
  0x24, 0x3c, 0x00, 0x00, 0x00, 0x00, 0x00, 0x00, 0x00, 0x22, 0x34, 0x3c,
  0x00, 0x00, 0x00, 0x00, 0x00, 0x00, 0xcc, 0x00, 0x00, 0x00, 0x01, 0x6d,
  0x2e, 0x0b, 0x00, 0x00, 0x04, 0xfb, 0xbe, 0x01, 0x00, 0x00, 0x23, 0x57,
  0x06, 0x00, 0x00, 0x21, 0x05, 0x00, 0x00, 0x04, 0xfe, 0x09, 0x06, 0x00,
  0x00, 0x24, 0xfd, 0x06, 0x00, 0x00, 0x00, 0x01, 0x00, 0x00, 0x04, 0xfe,
  0x1f, 0x14, 0xeb, 0x05, 0x00, 0x00, 0x09, 0x07, 0x00, 0x00, 0x00, 0x34,
  0x11, 0x09, 0x00, 0x00, 0xc8, 0x3c, 0x00, 0x00, 0x00, 0x00, 0x00, 0x00,
  0x10, 0x00, 0x00, 0x00, 0x04, 0x07, 0x01, 0x05, 0x2d, 0x01, 0x63, 0x21,
  0x09, 0x00, 0x00, 0x2e, 0xf8, 0x06, 0x2c, 0x09, 0x00, 0x00, 0x2f, 0x00,
  0x31, 0x09, 0x00, 0x00, 0x2e, 0xf8, 0x06, 0x3c, 0x09, 0x00, 0x00, 0x00,
  0x16, 0xd0, 0x06, 0x00, 0x00, 0x58, 0x3c, 0x00, 0x00, 0x00, 0x00, 0x00,
  0x00, 0x17, 0x01, 0x50, 0x01, 0x31, 0x00, 0x25, 0xfe, 0x05, 0x00, 0x00,
  0x7c, 0x3c, 0x00, 0x00, 0x00, 0x00, 0x00, 0x00, 0x25, 0xba, 0x06, 0x00,
  0x00, 0x88, 0x3c, 0x00, 0x00, 0x00, 0x00, 0x00, 0x00, 0x25, 0xc5, 0x06,
  0x00, 0x00, 0x94, 0x3c, 0x00, 0x00, 0x00, 0x00, 0x00, 0x00, 0x26, 0x01,
  0x58, 0xa4, 0x3c, 0x00, 0x00, 0x00, 0x00, 0x00, 0x00, 0x16, 0xd0, 0x06,
  0x00, 0x00, 0xc0, 0x3c, 0x00, 0x00, 0x00, 0x00, 0x00, 0x00, 0x17, 0x01,
  0x50, 0x01, 0x33, 0x00, 0x16, 0x56, 0x0d, 0x00, 0x00, 0xc8, 0x3c, 0x00,
  0x00, 0x00, 0x00, 0x00, 0x00, 0x17, 0x01, 0x50, 0x03, 0x83, 0x90, 0x06,
  0x00, 0x16, 0xd0, 0x06, 0x00, 0x00, 0xf0, 0x3c, 0x00, 0x00, 0x00, 0x00,
  0x00, 0x00, 0x17, 0x01, 0x50, 0x01, 0x31, 0x00, 0x00, 0x22, 0x00, 0x3d,
  0x00, 0x00, 0x00, 0x00, 0x00, 0x00, 0x68, 0x01, 0x00, 0x00, 0x01, 0x6d,
  0x6c, 0x11, 0x00, 0x00, 0x04, 0xdc, 0xbe, 0x01, 0x00, 0x00, 0x2c, 0xb0,
  0x06, 0x00, 0x00, 0xc6, 0x1e, 0x00, 0x00, 0x04, 0xdc, 0x93, 0x06, 0x00,
  0x00, 0x2c, 0x71, 0x07, 0x00, 0x00, 0x80, 0x22, 0x00, 0x00, 0x04, 0xdc,
  0x95, 0x05, 0x00, 0x00, 0x23, 0xf3, 0x07, 0x00, 0x00, 0x60, 0x09, 0x00,
  0x00, 0x04, 0xe8, 0xe0, 0x01, 0x00, 0x00, 0x23, 0xa5, 0x08, 0x00, 0x00,
  0x21, 0x05, 0x00, 0x00, 0x04, 0xf0, 0x09, 0x06, 0x00, 0x00, 0x24, 0xfd,
  0x06, 0x00, 0x00, 0x50, 0x01, 0x00, 0x00, 0x04, 0xf0, 0x1f, 0x14, 0x39,
  0x08, 0x00, 0x00, 0x09, 0x07, 0x00, 0x00, 0x00, 0x16, 0xd0, 0x06, 0x00,
  0x00, 0x48, 0x3d, 0x00, 0x00, 0x00, 0x00, 0x00, 0x00, 0x17, 0x01, 0x53,
  0x02, 0x83, 0x00, 0x17, 0x01, 0x50, 0x01, 0x33, 0x00, 0x16, 0xac, 0x08,
  0x00, 0x00, 0x78, 0x3d, 0x00, 0x00, 0x00, 0x00, 0x00, 0x00, 0x17, 0x01,
  0x50, 0x03, 0x85, 0x90, 0x06, 0x00, 0x16, 0xc2, 0x08, 0x00, 0x00, 0x84,
  0x3d, 0x00, 0x00, 0x00, 0x00, 0x00, 0x00, 0x17, 0x01, 0x50, 0x03, 0x85,
  0x90, 0x06, 0x00, 0x25, 0xfe, 0x05, 0x00, 0x00, 0xa8, 0x3d, 0x00, 0x00,
  0x00, 0x00, 0x00, 0x00, 0x25, 0xba, 0x06, 0x00, 0x00, 0xcc, 0x3d, 0x00,
  0x00, 0x00, 0x00, 0x00, 0x00, 0x25, 0xc5, 0x06, 0x00, 0x00, 0xdc, 0x3d,
  0x00, 0x00, 0x00, 0x00, 0x00, 0x00, 0x16, 0xd0, 0x06, 0x00, 0x00, 0x08,
  0x3e, 0x00, 0x00, 0x00, 0x00, 0x00, 0x00, 0x17, 0x01, 0x53, 0x02, 0x83,
  0x00, 0x17, 0x01, 0x50, 0x02, 0x8f, 0x00, 0x00, 0x35, 0x01, 0x52, 0x24,
  0x3e, 0x00, 0x00, 0x00, 0x00, 0x00, 0x00, 0x16, 0xd0, 0x06, 0x00, 0x00,
  0x3c, 0x3e, 0x00, 0x00, 0x00, 0x00, 0x00, 0x00, 0x17, 0x01, 0x50, 0x01,
  0x33, 0x00, 0x25, 0xd0, 0x06, 0x00, 0x00, 0x54, 0x3e, 0x00, 0x00, 0x00,
  0x00, 0x00, 0x00, 0x00, 0x00, 0xd6, 0x2e, 0x00, 0x00, 0x04, 0x00, 0x98,
  0x02, 0x00, 0x00, 0x08, 0x01, 0xfb, 0x05, 0x00, 0x00, 0x0c, 0x00, 0x24,
  0x14, 0x00, 0x00, 0x5c, 0x09, 0x00, 0x00, 0x29, 0x24, 0x00, 0x00, 0x00,
  0x00, 0x00, 0x00, 0x00, 0x00, 0x00, 0x00, 0x20, 0x02, 0x00, 0x00, 0x02,
  0x3b, 0x00, 0x00, 0x00, 0x01, 0x0f, 0x09, 0x03, 0xdc, 0x1e, 0x00, 0x00,
  0x00, 0x00, 0x00, 0x00, 0x03, 0x47, 0x00, 0x00, 0x00, 0x04, 0x4e, 0x00,
  0x00, 0x00, 0x0e, 0x00, 0x05, 0xa7, 0x12, 0x00, 0x00, 0x08, 0x01, 0x06,
  0x2a, 0x1c, 0x00, 0x00, 0x08, 0x07, 0x02, 0x66, 0x00, 0x00, 0x00, 0x01,
  0x0f, 0x09, 0x03, 0x92, 0x1b, 0x00, 0x00, 0x00, 0x00, 0x00, 0x00, 0x03,
  0x47, 0x00, 0x00, 0x00, 0x04, 0x4e, 0x00, 0x00, 0x00, 0x2a, 0x00, 0x02,
  0x83, 0x00, 0x00, 0x00, 0x01, 0x2f, 0x09, 0x03, 0x00, 0x1f, 0x00, 0x00,
  0x00, 0x00, 0x00, 0x00, 0x03, 0x47, 0x00, 0x00, 0x00, 0x04, 0x4e, 0x00,
  0x00, 0x00, 0x33, 0x00, 0x02, 0x83, 0x00, 0x00, 0x00, 0x01, 0x31, 0x09,
  0x03, 0xc5, 0x28, 0x00, 0x00, 0x00, 0x00, 0x00, 0x00, 0x02, 0xb1, 0x00,
  0x00, 0x00, 0x01, 0x3c, 0x09, 0x03, 0x25, 0x2a, 0x00, 0x00, 0x00, 0x00,
  0x00, 0x00, 0x03, 0x47, 0x00, 0x00, 0x00, 0x04, 0x4e, 0x00, 0x00, 0x00,
  0x15, 0x00, 0x02, 0xce, 0x00, 0x00, 0x00, 0x01, 0x40, 0x09, 0x03, 0x74,
  0x22, 0x00, 0x00, 0x00, 0x00, 0x00, 0x00, 0x03, 0x47, 0x00, 0x00, 0x00,
  0x04, 0x4e, 0x00, 0x00, 0x00, 0x1b, 0x00, 0x02, 0xce, 0x00, 0x00, 0x00,
  0x01, 0x42, 0x09, 0x03, 0x58, 0x23, 0x00, 0x00, 0x00, 0x00, 0x00, 0x00,
  0x02, 0xb1, 0x00, 0x00, 0x00, 0x01, 0x4e, 0x09, 0x03, 0xf8, 0x28, 0x00,
  0x00, 0x00, 0x00, 0x00, 0x00, 0x02, 0xce, 0x00, 0x00, 0x00, 0x01, 0x52,
  0x09, 0x03, 0xf1, 0x1f, 0x00, 0x00, 0x00, 0x00, 0x00, 0x00, 0x02, 0xce,
  0x00, 0x00, 0x00, 0x01, 0x54, 0x09, 0x03, 0x73, 0x23, 0x00, 0x00, 0x00,
  0x00, 0x00, 0x00, 0x02, 0x2f, 0x01, 0x00, 0x00, 0x01, 0x60, 0x09, 0x03,
  0xf6, 0x25, 0x00, 0x00, 0x00, 0x00, 0x00, 0x00, 0x03, 0x47, 0x00, 0x00,
  0x00, 0x04, 0x4e, 0x00, 0x00, 0x00, 0x18, 0x00, 0x02, 0x4c, 0x01, 0x00,
  0x00, 0x01, 0x6c, 0x09, 0x03, 0xc3, 0x27, 0x00, 0x00, 0x00, 0x00, 0x00,
  0x00, 0x03, 0x47, 0x00, 0x00, 0x00, 0x04, 0x4e, 0x00, 0x00, 0x00, 0x24,
  0x00, 0x02, 0x69, 0x01, 0x00, 0x00, 0x01, 0x70, 0x09, 0x03, 0xe1, 0x22,
  0x00, 0x00, 0x00, 0x00, 0x00, 0x00, 0x03, 0x47, 0x00, 0x00, 0x00, 0x04,
  0x4e, 0x00, 0x00, 0x00, 0x26, 0x00, 0x02, 0x2f, 0x01, 0x00, 0x00, 0x01,
  0x76, 0x09, 0x03, 0xd2, 0x1b, 0x00, 0x00, 0x00, 0x00, 0x00, 0x00, 0x02,
  0x2f, 0x01, 0x00, 0x00, 0x01, 0x78, 0x09, 0x03, 0x8e, 0x23, 0x00, 0x00,
  0x00, 0x00, 0x00, 0x00, 0x07, 0xbc, 0x01, 0x00, 0x00, 0x5c, 0x20, 0x00,
  0x00, 0x04, 0x02, 0x79, 0x08, 0x11, 0x13, 0x00, 0x00, 0x00, 0x08, 0x7d,
  0x0d, 0x00, 0x00, 0x01, 0x08, 0xeb, 0x06, 0x00, 0x00, 0x02, 0x08, 0x25,
  0x05, 0x00, 0x00, 0x03, 0x00, 0x05, 0x4c, 0x1a, 0x00, 0x00, 0x07, 0x04,
  0x09, 0xbc, 0x01, 0x00, 0x00, 0x04, 0x03, 0x05, 0x08, 0xa6, 0x1e, 0x00,
  0x00, 0x00, 0x08, 0x6d, 0x0c, 0x00, 0x00, 0x01, 0x08, 0xb0, 0x09, 0x00,
  0x00, 0x02, 0x08, 0x2f, 0x0f, 0x00, 0x00, 0x03, 0x00, 0x09, 0xbc, 0x01,
  0x00, 0x00, 0x04, 0x04, 0x12, 0x08, 0x0d, 0x20, 0x00, 0x00, 0x00, 0x08,
  0x44, 0x1b, 0x00, 0x00, 0x01, 0x08, 0x96, 0x1e, 0x00, 0x00, 0x02, 0x00,
  0x0a, 0xe4, 0x01, 0x00, 0x00, 0x52, 0x09, 0x00, 0x00, 0x04, 0x16, 0x0b,
  0x0f, 0x02, 0x00, 0x00, 0x0c, 0x14, 0x02, 0x00, 0x00, 0x0a, 0x1f, 0x02,
  0x00, 0x00, 0x67, 0x1d, 0x00, 0x00, 0x05, 0x3c, 0x0a, 0x2a, 0x02, 0x00,
  0x00, 0xf9, 0x13, 0x00, 0x00, 0x05, 0x26, 0x05, 0x47, 0x11, 0x00, 0x00,
  0x08, 0x01, 0x0a, 0x3c, 0x02, 0x00, 0x00, 0x12, 0x08, 0x00, 0x00, 0x06,
  0x12, 0x05, 0x4d, 0x21, 0x00, 0x00, 0x07, 0x08, 0x0d, 0x68, 0x3e, 0x00,
  0x00, 0x00, 0x00, 0x00, 0x00, 0x88, 0x01, 0x00, 0x00, 0x01, 0x6d, 0x3a,
  0x05, 0x00, 0x00, 0x01, 0x08, 0xb1, 0x06, 0x00, 0x00, 0x0e, 0xfe, 0x08,
  0x00, 0x00, 0x77, 0x24, 0x00, 0x00, 0x01, 0x08, 0xd2, 0x06, 0x00, 0x00,
  0x0e, 0x5a, 0x09, 0x00, 0x00, 0xe0, 0x0d, 0x00, 0x00, 0x01, 0x08, 0x7c,
  0x13, 0x00, 0x00, 0x0e, 0xa3, 0x09, 0x00, 0x00, 0x6c, 0x22, 0x00, 0x00,
  0x01, 0x09, 0xb1, 0x06, 0x00, 0x00, 0x0e, 0xff, 0x09, 0x00, 0x00, 0x61,
  0x0e, 0x00, 0x00, 0x01, 0x09, 0xb1, 0x06, 0x00, 0x00, 0x0e, 0x5b, 0x0a,
  0x00, 0x00, 0x8e, 0x19, 0x00, 0x00, 0x01, 0x0a, 0x15, 0x26, 0x00, 0x00,
  0x0e, 0xb7, 0x0a, 0x00, 0x00, 0x59, 0x1a, 0x00, 0x00, 0x01, 0x0b, 0x15,
  0x26, 0x00, 0x00, 0x0e, 0x13, 0x0b, 0x00, 0x00, 0xac, 0x12, 0x00, 0x00,
  0x01, 0x0b, 0x15, 0x26, 0x00, 0x00, 0x0e, 0x6f, 0x0b, 0x00, 0x00, 0xf7,
  0x03, 0x00, 0x00, 0x01, 0x0c, 0xb1, 0x06, 0x00, 0x00, 0x0f, 0xcb, 0x0b,
  0x00, 0x00, 0xdd, 0x08, 0x00, 0x00, 0x01, 0x13, 0x3a, 0x04, 0x00, 0x00,
  0x0f, 0x39, 0x0c, 0x00, 0x00, 0xb0, 0x01, 0x00, 0x00, 0x01, 0x12, 0x3a,
  0x04, 0x00, 0x00, 0x0f, 0xa7, 0x0c, 0x00, 0x00, 0x14, 0x16, 0x00, 0x00,
  0x01, 0x11, 0x3a, 0x04, 0x00, 0x00, 0x0f, 0x15, 0x0d, 0x00, 0x00, 0xcd,
  0x03, 0x00, 0x00, 0x01, 0x20, 0x6e, 0x04, 0x00, 0x00, 0x10, 0x17, 0x04,
  0x00, 0x00, 0xb8, 0x3e, 0x00, 0x00, 0x00, 0x00, 0x00, 0x00, 0x11, 0x01,
  0x50, 0x01, 0x31, 0x00, 0x12, 0x01, 0x58, 0xd4, 0x3e, 0x00, 0x00, 0x00,
  0x00, 0x00, 0x00, 0x11, 0x01, 0x52, 0x02, 0x8f, 0x00, 0x11, 0x01, 0x51,
  0x02, 0x86, 0x00, 0x11, 0x01, 0x50, 0x02, 0x84, 0x00, 0x00, 0x12, 0x01,
  0x58, 0xf4, 0x3e, 0x00, 0x00, 0x00, 0x00, 0x00, 0x00, 0x11, 0x01, 0x52,
  0x02, 0x8f, 0x00, 0x11, 0x01, 0x51, 0x02, 0x85, 0x00, 0x11, 0x01, 0x50,
  0x02, 0x84, 0x00, 0x00, 0x12, 0x01, 0x58, 0x14, 0x3f, 0x00, 0x00, 0x00,
  0x00, 0x00, 0x00, 0x11, 0x01, 0x52, 0x02, 0x8f, 0x00, 0x11, 0x01, 0x51,
  0x02, 0x83, 0x00, 0x11, 0x01, 0x50, 0x02, 0x84, 0x00, 0x00, 0x10, 0x44,
  0x04, 0x00, 0x00, 0x4c, 0x3f, 0x00, 0x00, 0x00, 0x00, 0x00, 0x00, 0x11,
  0x01, 0x55, 0x02, 0x87, 0x00, 0x11, 0x01, 0x54, 0x02, 0x8c, 0x00, 0x11,
  0x01, 0x53, 0x02, 0x8b, 0x00, 0x11, 0x01, 0x52, 0x02, 0x8a, 0x00, 0x11,
  0x01, 0x51, 0x02, 0x88, 0x00, 0x11, 0x01, 0x50, 0x02, 0x89, 0x00, 0x00,
  0x12, 0x01, 0x58, 0x6c, 0x3f, 0x00, 0x00, 0x00, 0x00, 0x00, 0x00, 0x11,
  0x01, 0x52, 0x02, 0x8a, 0x00, 0x11, 0x01, 0x51, 0x02, 0x86, 0x00, 0x11,
  0x01, 0x50, 0x02, 0x84, 0x00, 0x00, 0x12, 0x01, 0x58, 0x88, 0x3f, 0x00,
  0x00, 0x00, 0x00, 0x00, 0x00, 0x11, 0x01, 0x52, 0x02, 0x8b, 0x00, 0x11,
  0x01, 0x51, 0x02, 0x85, 0x00, 0x11, 0x01, 0x50, 0x02, 0x84, 0x00, 0x00,
  0x12, 0x01, 0x58, 0xa4, 0x3f, 0x00, 0x00, 0x00, 0x00, 0x00, 0x00, 0x11,
  0x01, 0x52, 0x02, 0x8c, 0x00, 0x11, 0x01, 0x51, 0x02, 0x83, 0x00, 0x11,
  0x01, 0x50, 0x02, 0x84, 0x00, 0x00, 0x13, 0x17, 0x04, 0x00, 0x00, 0xd0,
  0x3f, 0x00, 0x00, 0x00, 0x00, 0x00, 0x00, 0x00, 0x14, 0xe1, 0x06, 0x00,
  0x00, 0x03, 0x0e, 0x15, 0x2f, 0x04, 0x00, 0x00, 0x15, 0x3a, 0x04, 0x00,
  0x00, 0x15, 0x3a, 0x04, 0x00, 0x00, 0x16, 0x00, 0x0a, 0xc3, 0x01, 0x00,
  0x00, 0x7c, 0x0c, 0x00, 0x00, 0x03, 0x0a, 0x0b, 0x3f, 0x04, 0x00, 0x00,
  0x0c, 0x47, 0x00, 0x00, 0x00, 0x17, 0x5f, 0x0d, 0x00, 0x00, 0x04, 0x56,
  0x6e, 0x04, 0x00, 0x00, 0x15, 0xff, 0x01, 0x00, 0x00, 0x15, 0x6e, 0x04,
  0x00, 0x00, 0x15, 0x3a, 0x04, 0x00, 0x00, 0x15, 0x3a, 0x04, 0x00, 0x00,
  0x15, 0x3a, 0x04, 0x00, 0x00, 0x15, 0x6e, 0x04, 0x00, 0x00, 0x00, 0x05,
  0xa3, 0x12, 0x00, 0x00, 0x05, 0x04, 0x0d, 0xf0, 0x3f, 0x00, 0x00, 0x00,
  0x00, 0x00, 0x00, 0x68, 0x00, 0x00, 0x00, 0x01, 0x6d, 0x77, 0x21, 0x00,
  0x00, 0x01, 0x38, 0xb1, 0x06, 0x00, 0x00, 0x0e, 0x48, 0x0d, 0x00, 0x00,
  0x77, 0x24, 0x00, 0x00, 0x01, 0x38, 0xd2, 0x06, 0x00, 0x00, 0x0e, 0x91,
  0x0d, 0x00, 0x00, 0xe0, 0x0d, 0x00, 0x00, 0x01, 0x38, 0x7c, 0x13, 0x00,
  0x00, 0x0f, 0xda, 0x0d, 0x00, 0x00, 0xcd, 0x03, 0x00, 0x00, 0x01, 0x3d,
  0x6e, 0x04, 0x00, 0x00, 0x10, 0x17, 0x04, 0x00, 0x00, 0x14, 0x40, 0x00,
  0x00, 0x00, 0x00, 0x00, 0x00, 0x11, 0x01, 0x50, 0x01, 0x31, 0x00, 0x13,
  0xe9, 0x04, 0x00, 0x00, 0x18, 0x40, 0x00, 0x00, 0x00, 0x00, 0x00, 0x00,
  0x13, 0x17, 0x04, 0x00, 0x00, 0x48, 0x40, 0x00, 0x00, 0x00, 0x00, 0x00,
  0x00, 0x00, 0x18, 0x4f, 0x20, 0x00, 0x00, 0x04, 0x58, 0x6e, 0x04, 0x00,
  0x00, 0x0d, 0x58, 0x40, 0x00, 0x00, 0x00, 0x00, 0x00, 0x00, 0x68, 0x00,
  0x00, 0x00, 0x01, 0x6d, 0x2a, 0x04, 0x00, 0x00, 0x01, 0x4a, 0xb1, 0x06,
  0x00, 0x00, 0x0e, 0x0d, 0x0e, 0x00, 0x00, 0x77, 0x24, 0x00, 0x00, 0x01,
  0x4a, 0xd2, 0x06, 0x00, 0x00, 0x0e, 0x56, 0x0e, 0x00, 0x00, 0xe0, 0x0d,
  0x00, 0x00, 0x01, 0x4a, 0x7c, 0x13, 0x00, 0x00, 0x0f, 0x9f, 0x0e, 0x00,
  0x00, 0xcd, 0x03, 0x00, 0x00, 0x01, 0x4f, 0x6e, 0x04, 0x00, 0x00, 0x10,
  0x17, 0x04, 0x00, 0x00, 0x7c, 0x40, 0x00, 0x00, 0x00, 0x00, 0x00, 0x00,
  0x11, 0x01, 0x50, 0x01, 0x31, 0x00, 0x13, 0x68, 0x05, 0x00, 0x00, 0x80,
  0x40, 0x00, 0x00, 0x00, 0x00, 0x00, 0x00, 0x13, 0x17, 0x04, 0x00, 0x00,
  0xb0, 0x40, 0x00, 0x00, 0x00, 0x00, 0x00, 0x00, 0x00, 0x18, 0x15, 0x05,
  0x00, 0x00, 0x04, 0x59, 0x6e, 0x04, 0x00, 0x00, 0x0d, 0xc0, 0x40, 0x00,
  0x00, 0x00, 0x00, 0x00, 0x00, 0x34, 0x01, 0x00, 0x00, 0x01, 0x6d, 0x7e,
  0x11, 0x00, 0x00, 0x01, 0x5c, 0xb1, 0x06, 0x00, 0x00, 0x0e, 0xd2, 0x0e,
  0x00, 0x00, 0x77, 0x24, 0x00, 0x00, 0x01, 0x5c, 0xd2, 0x06, 0x00, 0x00,
  0x0e, 0x51, 0x0f, 0x00, 0x00, 0xe0, 0x0d, 0x00, 0x00, 0x01, 0x5c, 0x7c,
  0x13, 0x00, 0x00, 0x0e, 0xc3, 0x0f, 0x00, 0x00, 0xc6, 0x1e, 0x00, 0x00,
  0x01, 0x5c, 0x6d, 0x27, 0x00, 0x00, 0x0f, 0x58, 0x10, 0x00, 0x00, 0xc0,
  0x01, 0x00, 0x00, 0x01, 0x64, 0xc4, 0x13, 0x00, 0x00, 0x0f, 0xc4, 0x10,
  0x00, 0x00, 0x30, 0x25, 0x00, 0x00, 0x01, 0x6a, 0x6c, 0x28, 0x00, 0x00,
  0x0f, 0x30, 0x11, 0x00, 0x00, 0xcd, 0x03, 0x00, 0x00, 0x01, 0x71, 0x6e,
  0x04, 0x00, 0x00, 0x19, 0x01, 0x58, 0xec, 0x40, 0x00, 0x00, 0x00, 0x00,
  0x00, 0x00, 0x12, 0x01, 0x58, 0x10, 0x41, 0x00, 0x00, 0x00, 0x00, 0x00,
  0x00, 0x11, 0x01, 0x52, 0x02, 0x8f, 0x00, 0x11, 0x01, 0x51, 0x02, 0x83,
  0x00, 0x11, 0x01, 0x50, 0x02, 0x84, 0x00, 0x00, 0x10, 0x17, 0x04, 0x00,
  0x00, 0x34, 0x41, 0x00, 0x00, 0x00, 0x00, 0x00, 0x00, 0x11, 0x01, 0x53,
  0x02, 0x85, 0x00, 0x11, 0x01, 0x50, 0x02, 0x8f, 0x00, 0x00, 0x10, 0x9b,
  0x06, 0x00, 0x00, 0x40, 0x41, 0x00, 0x00, 0x00, 0x00, 0x00, 0x00, 0x11,
  0x01, 0x50, 0x02, 0x86, 0x00, 0x11, 0x01, 0x51, 0x02, 0x85, 0x00, 0x00,
  0x12, 0x01, 0x58, 0x60, 0x41, 0x00, 0x00, 0x00, 0x00, 0x00, 0x00, 0x11,
  0x01, 0x53, 0x01, 0x32, 0x11, 0x01, 0x52, 0x02, 0x86, 0x00, 0x11, 0x01,
  0x51, 0x02, 0x83, 0x00, 0x11, 0x01, 0x50, 0x02, 0x84, 0x00, 0x00, 0x10,
  0x17, 0x04, 0x00, 0x00, 0x7c, 0x41, 0x00, 0x00, 0x00, 0x00, 0x00, 0x00,
  0x11, 0x01, 0x50, 0x01, 0x33, 0x00, 0x13, 0x17, 0x04, 0x00, 0x00, 0xc8,
  0x41, 0x00, 0x00, 0x00, 0x00, 0x00, 0x00, 0x10, 0x17, 0x04, 0x00, 0x00,
  0xec, 0x41, 0x00, 0x00, 0x00, 0x00, 0x00, 0x00, 0x11, 0x01, 0x50, 0x02,
  0x8f, 0x00, 0x00, 0x00, 0x17, 0x6c, 0x11, 0x00, 0x00, 0x04, 0x5a, 0x6e,
  0x04, 0x00, 0x00, 0x15, 0x0a, 0x02, 0x00, 0x00, 0x15, 0x31, 0x02, 0x00,
  0x00, 0x00, 0x0a, 0xbc, 0x06, 0x00, 0x00, 0x73, 0x05, 0x00, 0x00, 0x02,
  0x22, 0x0a, 0xc7, 0x06, 0x00, 0x00, 0x3e, 0x1c, 0x00, 0x00, 0x05, 0x41,
  0x0a, 0x6e, 0x04, 0x00, 0x00, 0xef, 0x13, 0x00, 0x00, 0x05, 0x29, 0x0b,
  0xd7, 0x06, 0x00, 0x00, 0x0a, 0xe2, 0x06, 0x00, 0x00, 0x17, 0x1a, 0x00,
  0x00, 0x02, 0x8e, 0x0b, 0xe7, 0x06, 0x00, 0x00, 0x0c, 0xec, 0x06, 0x00,
  0x00, 0x1a, 0x04, 0x1a, 0x00, 0x00, 0x48, 0x07, 0x02, 0x95, 0x1b, 0xfc,
  0x06, 0x00, 0x00, 0x47, 0x13, 0x00, 0x00, 0x02, 0x96, 0x00, 0x1b, 0xac,
  0x11, 0x00, 0x00, 0x47, 0x13, 0x00, 0x00, 0x02, 0x97, 0x08, 0x1b, 0x23,
  0x13, 0x00, 0x00, 0x47, 0x13, 0x00, 0x00, 0x02, 0x98, 0x10, 0x1b, 0x2d,
  0x13, 0x00, 0x00, 0x47, 0x13, 0x00, 0x00, 0x02, 0x99, 0x18, 0x1b, 0xb6,
  0x11, 0x00, 0x00, 0x48, 0x13, 0x00, 0x00, 0x02, 0x9b, 0x20, 0x1b, 0x06,
  0x07, 0x00, 0x00, 0x58, 0x13, 0x00, 0x00, 0x02, 0x9d, 0x28, 0x1b, 0x6d,
  0x0e, 0x00, 0x00, 0xcf, 0x13, 0x00, 0x00, 0x02, 0x9f, 0x30, 0x1b, 0xef,
  0x16, 0x00, 0x00, 0xe4, 0x13, 0x00, 0x00, 0x02, 0xa1, 0x38, 0x1b, 0x90,
  0x0c, 0x00, 0x00, 0x0e, 0x14, 0x00, 0x00, 0x02, 0xa2, 0x40, 0x1b, 0xbf,
  0x15, 0x00, 0x00, 0x38, 0x14, 0x00, 0x00, 0x02, 0xa4, 0x48, 0x1b, 0x47,
  0x13, 0x00, 0x00, 0x62, 0x14, 0x00, 0x00, 0x02, 0xa6, 0x50, 0x1b, 0x6b,
  0x20, 0x00, 0x00, 0x77, 0x14, 0x00, 0x00, 0x02, 0xa7, 0x58, 0x1b, 0x0d,
  0x17, 0x00, 0x00, 0x91, 0x14, 0x00, 0x00, 0x02, 0xaa, 0x60, 0x1b, 0x53,
  0x04, 0x00, 0x00, 0xb0, 0x14, 0x00, 0x00, 0x02, 0xac, 0x68, 0x1b, 0x55,
  0x13, 0x00, 0x00, 0xd0, 0x14, 0x00, 0x00, 0x02, 0xad, 0x70, 0x1b, 0x22,
  0x02, 0x00, 0x00, 0xea, 0x14, 0x00, 0x00, 0x02, 0xae, 0x78, 0x1b, 0x5e,
  0x13, 0x00, 0x00, 0xfa, 0x14, 0x00, 0x00, 0x02, 0xaf, 0x80, 0x1b, 0x52,
  0x10, 0x00, 0x00, 0xfa, 0x14, 0x00, 0x00, 0x02, 0xb0, 0x88, 0x1b, 0xd2,
  0x09, 0x00, 0x00, 0x06, 0x15, 0x00, 0x00, 0x02, 0xb1, 0x90, 0x1b, 0x37,
  0x08, 0x00, 0x00, 0x17, 0x15, 0x00, 0x00, 0x02, 0xb3, 0x98, 0x1b, 0x18,
  0x07, 0x00, 0x00, 0x2c, 0x15, 0x00, 0x00, 0x02, 0xb4, 0xa0, 0x1b, 0xdd,
  0x09, 0x00, 0x00, 0x2c, 0x15, 0x00, 0x00, 0x02, 0xb6, 0xa8, 0x1b, 0x59,
  0x04, 0x00, 0x00, 0x41, 0x15, 0x00, 0x00, 0x02, 0xb7, 0xb0, 0x1b, 0x1e,
  0x17, 0x00, 0x00, 0x41, 0x15, 0x00, 0x00, 0x02, 0xb8, 0xb8, 0x1b, 0x48,
  0x0f, 0x00, 0x00, 0x52, 0x15, 0x00, 0x00, 0x02, 0xb9, 0xc0, 0x1b, 0x7c,
  0x20, 0x00, 0x00, 0x2c, 0x15, 0x00, 0x00, 0x02, 0xbb, 0xc8, 0x1b, 0x97,
  0x19, 0x00, 0x00, 0x17, 0x15, 0x00, 0x00, 0x02, 0xbc, 0xd0, 0x1b, 0x69,
  0x04, 0x00, 0x00, 0x6c, 0x15, 0x00, 0x00, 0x02, 0xbe, 0xd8, 0x1b, 0xa3,
  0x0c, 0x00, 0x00, 0x81, 0x15, 0x00, 0x00, 0x02, 0xbf, 0xe0, 0x1b, 0xcb,
  0x1e, 0x00, 0x00, 0x9c, 0x15, 0x00, 0x00, 0x02, 0xc0, 0xe8, 0x1b, 0xc8,
  0x18, 0x00, 0x00, 0x08, 0x16, 0x00, 0x00, 0x02, 0xc1, 0xf0, 0x1b, 0x45,
  0x01, 0x00, 0x00, 0x4d, 0x17, 0x00, 0x00, 0x02, 0xc3, 0xf8, 0x1c, 0x7f,
  0x05, 0x00, 0x00, 0x62, 0x17, 0x00, 0x00, 0x02, 0xc4, 0x00, 0x01, 0x1c,
  0x4a, 0x00, 0x00, 0x00, 0x7c, 0x17, 0x00, 0x00, 0x02, 0xc5, 0x08, 0x01,
  0x1c, 0xe6, 0x1e, 0x00, 0x00, 0x9b, 0x17, 0x00, 0x00, 0x02, 0xc7, 0x10,
  0x01, 0x1c, 0x26, 0x07, 0x00, 0x00, 0xb6, 0x17, 0x00, 0x00, 0x02, 0xc8,
  0x18, 0x01, 0x1c, 0xec, 0x09, 0x00, 0x00, 0xd5, 0x17, 0x00, 0x00, 0x02,
  0xc9, 0x20, 0x01, 0x1c, 0xac, 0x21, 0x00, 0x00, 0xf4, 0x17, 0x00, 0x00,
  0x02, 0xca, 0x28, 0x01, 0x1c, 0x2f, 0x17, 0x00, 0x00, 0x0f, 0x18, 0x00,
  0x00, 0x02, 0xcb, 0x30, 0x01, 0x1c, 0x64, 0x0f, 0x00, 0x00, 0x2e, 0x18,
  0x00, 0x00, 0x02, 0xcc, 0x38, 0x01, 0x1c, 0x7d, 0x0e, 0x00, 0x00, 0x4d,
  0x18, 0x00, 0x00, 0x02, 0xcd, 0x40, 0x01, 0x1c, 0x7d, 0x1b, 0x00, 0x00,
  0x68, 0x18, 0x00, 0x00, 0x02, 0xce, 0x48, 0x01, 0x1c, 0x8b, 0x24, 0x00,
  0x00, 0x87, 0x18, 0x00, 0x00, 0x02, 0xcf, 0x50, 0x01, 0x1c, 0x54, 0x01,
  0x00, 0x00, 0xa6, 0x18, 0x00, 0x00, 0x02, 0xd0, 0x58, 0x01, 0x1c, 0xc1,
  0x11, 0x00, 0x00, 0xc1, 0x18, 0x00, 0x00, 0x02, 0xd1, 0x60, 0x01, 0x1c,
  0xfe, 0x09, 0x00, 0x00, 0xe0, 0x18, 0x00, 0x00, 0x02, 0xd2, 0x68, 0x01,
  0x1c, 0xbe, 0x21, 0x00, 0x00, 0xff, 0x18, 0x00, 0x00, 0x02, 0xd3, 0x70,
  0x01, 0x1c, 0xad, 0x1d, 0x00, 0x00, 0x1a, 0x19, 0x00, 0x00, 0x02, 0xd4,
  0x78, 0x01, 0x1c, 0x42, 0x17, 0x00, 0x00, 0x39, 0x19, 0x00, 0x00, 0x02,
  0xd5, 0x80, 0x01, 0x1c, 0xf7, 0x1e, 0x00, 0x00, 0x58, 0x19, 0x00, 0x00,
  0x02, 0xd6, 0x88, 0x01, 0x1c, 0x0e, 0x0a, 0x00, 0x00, 0x73, 0x19, 0x00,
  0x00, 0x02, 0xd7, 0x90, 0x01, 0x1c, 0x56, 0x00, 0x00, 0x00, 0x92, 0x19,
  0x00, 0x00, 0x02, 0xd8, 0x98, 0x01, 0x1c, 0x87, 0x14, 0x00, 0x00, 0xb1,
  0x19, 0x00, 0x00, 0x02, 0xd9, 0xa0, 0x01, 0x1c, 0x38, 0x07, 0x00, 0x00,
  0xcc, 0x19, 0x00, 0x00, 0x02, 0xda, 0xa8, 0x01, 0x1c, 0x53, 0x17, 0x00,
  0x00, 0xeb, 0x19, 0x00, 0x00, 0x02, 0xdb, 0xb0, 0x01, 0x1c, 0x69, 0x10,
  0x00, 0x00, 0x0a, 0x1a, 0x00, 0x00, 0x02, 0xdc, 0xb8, 0x01, 0x1c, 0x96,
  0x14, 0x00, 0x00, 0x25, 0x1a, 0x00, 0x00, 0x02, 0xdd, 0xc0, 0x01, 0x1c,
  0x47, 0x0b, 0x00, 0x00, 0x44, 0x1a, 0x00, 0x00, 0x02, 0xde, 0xc8, 0x01,
  0x1c, 0xce, 0x21, 0x00, 0x00, 0x63, 0x1a, 0x00, 0x00, 0x02, 0xdf, 0xd0,
  0x01, 0x1c, 0x9b, 0x20, 0x00, 0x00, 0x7e, 0x1a, 0x00, 0x00, 0x02, 0xe0,
  0xd8, 0x01, 0x1c, 0x86, 0x1a, 0x00, 0x00, 0x9d, 0x1a, 0x00, 0x00, 0x02,
  0xe1, 0xe0, 0x01, 0x1c, 0x4d, 0x02, 0x00, 0x00, 0xbc, 0x1a, 0x00, 0x00,
  0x02, 0xe2, 0xe8, 0x01, 0x1c, 0xb4, 0x19, 0x00, 0x00, 0xd3, 0x1a, 0x00,
  0x00, 0x02, 0xe3, 0xf0, 0x01, 0x1c, 0xbe, 0x1d, 0x00, 0x00, 0xee, 0x1a,
  0x00, 0x00, 0x02, 0xe4, 0xf8, 0x01, 0x1c, 0xa7, 0x14, 0x00, 0x00, 0x09,
  0x1b, 0x00, 0x00, 0x02, 0xe6, 0x00, 0x02, 0x1c, 0xce, 0x1d, 0x00, 0x00,
  0x29, 0x1b, 0x00, 0x00, 0x02, 0xe8, 0x08, 0x02, 0x1c, 0x63, 0x17, 0x00,
  0x00, 0x4d, 0x1b, 0x00, 0x00, 0x02, 0xea, 0x10, 0x02, 0x1c, 0xd1, 0x15,
  0x00, 0x00, 0x71, 0x1b, 0x00, 0x00, 0x02, 0xec, 0x18, 0x02, 0x1c, 0x58,
  0x0b, 0x00, 0x00, 0x91, 0x1b, 0x00, 0x00, 0x02, 0xee, 0x20, 0x02, 0x1c,
  0x75, 0x04, 0x00, 0x00, 0xb5, 0x1b, 0x00, 0x00, 0x02, 0xf0, 0x28, 0x02,
  0x1c, 0x48, 0x07, 0x00, 0x00, 0xd9, 0x1b, 0x00, 0x00, 0x02, 0xf2, 0x30,
  0x02, 0x1c, 0xad, 0x0c, 0x00, 0x00, 0xf9, 0x1b, 0x00, 0x00, 0x02, 0xf4,
  0x38, 0x02, 0x1c, 0x8c, 0x05, 0x00, 0x00, 0x1d, 0x1c, 0x00, 0x00, 0x02,
  0xf6, 0x40, 0x02, 0x1c, 0xc2, 0x14, 0x00, 0x00, 0x41, 0x1c, 0x00, 0x00,
  0x02, 0xf8, 0x48, 0x02, 0x1c, 0x1d, 0x0a, 0x00, 0x00, 0x61, 0x1c, 0x00,
  0x00, 0x02, 0xfa, 0x50, 0x02, 0x1c, 0x37, 0x0a, 0x00, 0x00, 0x85, 0x1c,
  0x00, 0x00, 0x02, 0xfc, 0x58, 0x02, 0x1c, 0x8d, 0x1b, 0x00, 0x00, 0xa9,
  0x1c, 0x00, 0x00, 0x02, 0xfe, 0x60, 0x02, 0x1d, 0x7f, 0x17, 0x00, 0x00,
  0xc9, 0x1c, 0x00, 0x00, 0x02, 0x00, 0x01, 0x68, 0x02, 0x1d, 0x87, 0x22,
  0x00, 0x00, 0xed, 0x1c, 0x00, 0x00, 0x02, 0x02, 0x01, 0x70, 0x02, 0x1d,
  0x77, 0x0f, 0x00, 0x00, 0x11, 0x1d, 0x00, 0x00, 0x02, 0x04, 0x01, 0x78,
  0x02, 0x1d, 0x8f, 0x0f, 0x00, 0x00, 0x31, 0x1d, 0x00, 0x00, 0x02, 0x06,
  0x01, 0x80, 0x02, 0x1d, 0x5c, 0x02, 0x00, 0x00, 0x55, 0x1d, 0x00, 0x00,
  0x02, 0x08, 0x01, 0x88, 0x02, 0x1d, 0x41, 0x23, 0x00, 0x00, 0x79, 0x1d,
  0x00, 0x00, 0x02, 0x0a, 0x01, 0x90, 0x02, 0x1d, 0xd1, 0x11, 0x00, 0x00,
  0x99, 0x1d, 0x00, 0x00, 0x02, 0x0c, 0x01, 0x98, 0x02, 0x1d, 0xd3, 0x18,
  0x00, 0x00, 0xbd, 0x1d, 0x00, 0x00, 0x02, 0x0e, 0x01, 0xa0, 0x02, 0x1d,
  0xad, 0x20, 0x00, 0x00, 0xe1, 0x1d, 0x00, 0x00, 0x02, 0x10, 0x01, 0xa8,
  0x02, 0x1d, 0x9b, 0x24, 0x00, 0x00, 0x01, 0x1e, 0x00, 0x00, 0x02, 0x12,
  0x01, 0xb0, 0x02, 0x1d, 0xed, 0x18, 0x00, 0x00, 0x25, 0x1e, 0x00, 0x00,
  0x02, 0x14, 0x01, 0xb8, 0x02, 0x1d, 0x5a, 0x23, 0x00, 0x00, 0x49, 0x1e,
  0x00, 0x00, 0x02, 0x16, 0x01, 0xc0, 0x02, 0x1d, 0xeb, 0x11, 0x00, 0x00,
  0x69, 0x1e, 0x00, 0x00, 0x02, 0x18, 0x01, 0xc8, 0x02, 0x1d, 0x75, 0x03,
  0x00, 0x00, 0x8d, 0x1e, 0x00, 0x00, 0x02, 0x1a, 0x01, 0xd0, 0x02, 0x1d,
  0xc7, 0x20, 0x00, 0x00, 0xb1, 0x1e, 0x00, 0x00, 0x02, 0x1c, 0x01, 0xd8,
  0x02, 0x1d, 0x91, 0x03, 0x00, 0x00, 0xcd, 0x1e, 0x00, 0x00, 0x02, 0x1e,
  0x01, 0xe0, 0x02, 0x1d, 0x61, 0x07, 0x00, 0x00, 0xed, 0x1e, 0x00, 0x00,
  0x02, 0x20, 0x01, 0xe8, 0x02, 0x1d, 0x75, 0x23, 0x00, 0x00, 0x0d, 0x1f,
  0x00, 0x00, 0x02, 0x23, 0x01, 0xf0, 0x02, 0x1d, 0x92, 0x04, 0x00, 0x00,
  0x2c, 0x1f, 0x00, 0x00, 0x02, 0x25, 0x01, 0xf8, 0x02, 0x1d, 0x07, 0x12,
  0x00, 0x00, 0x46, 0x1f, 0x00, 0x00, 0x02, 0x26, 0x01, 0x00, 0x03, 0x1d,
  0xdb, 0x14, 0x00, 0x00, 0x60, 0x1f, 0x00, 0x00, 0x02, 0x27, 0x01, 0x08,
  0x03, 0x1d, 0x80, 0x23, 0x00, 0x00, 0x7a, 0x1f, 0x00, 0x00, 0x02, 0x28,
  0x01, 0x10, 0x03, 0x1d, 0xe8, 0x14, 0x00, 0x00, 0x94, 0x1f, 0x00, 0x00,
  0x02, 0x29, 0x01, 0x18, 0x03, 0x1d, 0x65, 0x00, 0x00, 0x00, 0xae, 0x1f,
  0x00, 0x00, 0x02, 0x2a, 0x01, 0x20, 0x03, 0x1d, 0x51, 0x0a, 0x00, 0x00,
  0xc8, 0x1f, 0x00, 0x00, 0x02, 0x2b, 0x01, 0x28, 0x03, 0x1d, 0x9a, 0x17,
  0x00, 0x00, 0xe2, 0x1f, 0x00, 0x00, 0x02, 0x2c, 0x01, 0x30, 0x03, 0x1d,
  0x7b, 0x07, 0x00, 0x00, 0xfc, 0x1f, 0x00, 0x00, 0x02, 0x2d, 0x01, 0x38,
  0x03, 0x1d, 0x08, 0x19, 0x00, 0x00, 0x16, 0x20, 0x00, 0x00, 0x02, 0x2f,
  0x01, 0x40, 0x03, 0x1d, 0xc4, 0x19, 0x00, 0x00, 0x31, 0x20, 0x00, 0x00,
  0x02, 0x30, 0x01, 0x48, 0x03, 0x1d, 0xa8, 0x17, 0x00, 0x00, 0x4c, 0x20,
  0x00, 0x00, 0x02, 0x31, 0x01, 0x50, 0x03, 0x1d, 0x4e, 0x08, 0x00, 0x00,
  0x67, 0x20, 0x00, 0x00, 0x02, 0x32, 0x01, 0x58, 0x03, 0x1d, 0x17, 0x12,
  0x00, 0x00, 0x82, 0x20, 0x00, 0x00, 0x02, 0x33, 0x01, 0x60, 0x03, 0x1d,
  0x25, 0x12, 0x00, 0x00, 0x9d, 0x20, 0x00, 0x00, 0x02, 0x34, 0x01, 0x68,
  0x03, 0x1d, 0xe0, 0x20, 0x00, 0x00, 0xb8, 0x20, 0x00, 0x00, 0x02, 0x35,
  0x01, 0x70, 0x03, 0x1d, 0xf6, 0x14, 0x00, 0x00, 0xd3, 0x20, 0x00, 0x00,
  0x02, 0x36, 0x01, 0x78, 0x03, 0x1d, 0x70, 0x13, 0x00, 0x00, 0xee, 0x20,
  0x00, 0x00, 0x02, 0x37, 0x01, 0x80, 0x03, 0x1d, 0x17, 0x19, 0x00, 0x00,
  0x7c, 0x17, 0x00, 0x00, 0x02, 0x39, 0x01, 0x88, 0x03, 0x1d, 0xed, 0x15,
  0x00, 0x00, 0x81, 0x15, 0x00, 0x00, 0x02, 0x3b, 0x01, 0x90, 0x03, 0x1d,
  0xc7, 0x0c, 0x00, 0x00, 0x9c, 0x15, 0x00, 0x00, 0x02, 0x3c, 0x01, 0x98,
  0x03, 0x1d, 0x31, 0x12, 0x00, 0x00, 0x08, 0x16, 0x00, 0x00, 0x02, 0x3d,
  0x01, 0xa0, 0x03, 0x1d, 0xb5, 0x17, 0x00, 0x00, 0x09, 0x21, 0x00, 0x00,
  0x02, 0x3e, 0x01, 0xa8, 0x03, 0x1d, 0x75, 0x02, 0x00, 0x00, 0x24, 0x21,
  0x00, 0x00, 0x02, 0x3f, 0x01, 0xb0, 0x03, 0x1d, 0xa1, 0x04, 0x00, 0x00,
  0x43, 0x21, 0x00, 0x00, 0x02, 0x41, 0x01, 0xb8, 0x03, 0x1d, 0x29, 0x19,
  0x00, 0x00, 0x62, 0x21, 0x00, 0x00, 0x02, 0x42, 0x01, 0xc0, 0x03, 0x1d,
  0xb6, 0x24, 0x00, 0x00, 0x7d, 0x21, 0x00, 0x00, 0x02, 0x43, 0x01, 0xc8,
  0x03, 0x1d, 0x5b, 0x08, 0x00, 0x00, 0x9c, 0x21, 0x00, 0x00, 0x02, 0x44,
  0x01, 0xd0, 0x03, 0x1d, 0x8c, 0x0e, 0x00, 0x00, 0xbb, 0x21, 0x00, 0x00,
  0x02, 0x45, 0x01, 0xd8, 0x03, 0x1d, 0xea, 0x1d, 0x00, 0x00, 0xd6, 0x21,
  0x00, 0x00, 0x02, 0x46, 0x01, 0xe0, 0x03, 0x1d, 0xdf, 0x21, 0x00, 0x00,
  0xf5, 0x21, 0x00, 0x00, 0x02, 0x47, 0x01, 0xe8, 0x03, 0x1d, 0x3e, 0x19,
  0x00, 0x00, 0x14, 0x22, 0x00, 0x00, 0x02, 0x48, 0x01, 0xf0, 0x03, 0x1d,
  0x8e, 0x02, 0x00, 0x00, 0x2f, 0x22, 0x00, 0x00, 0x02, 0x49, 0x01, 0xf8,
  0x03, 0x1d, 0xed, 0x20, 0x00, 0x00, 0x4e, 0x22, 0x00, 0x00, 0x02, 0x4a,
  0x01, 0x00, 0x04, 0x1d, 0x63, 0x01, 0x00, 0x00, 0x6d, 0x22, 0x00, 0x00,
  0x02, 0x4b, 0x01, 0x08, 0x04, 0x1d, 0xa8, 0x0f, 0x00, 0x00, 0x88, 0x22,
  0x00, 0x00, 0x02, 0x4c, 0x01, 0x10, 0x04, 0x1d, 0x71, 0x08, 0x00, 0x00,
  0xa7, 0x22, 0x00, 0x00, 0x02, 0x4d, 0x01, 0x18, 0x04, 0x1d, 0xcd, 0x17,
  0x00, 0x00, 0xc6, 0x22, 0x00, 0x00, 0x02, 0x4e, 0x01, 0x20, 0x04, 0x1d,
  0xdf, 0x0c, 0x00, 0x00, 0xe1, 0x22, 0x00, 0x00, 0x02, 0x4f, 0x01, 0x28,
  0x04, 0x1d, 0xe2, 0x17, 0x00, 0x00, 0x00, 0x23, 0x00, 0x00, 0x02, 0x50,
  0x01, 0x30, 0x04, 0x1d, 0xa5, 0x02, 0x00, 0x00, 0x1f, 0x23, 0x00, 0x00,
  0x02, 0x51, 0x01, 0x38, 0x04, 0x1d, 0x77, 0x01, 0x00, 0x00, 0x3a, 0x23,
  0x00, 0x00, 0x02, 0x52, 0x01, 0x40, 0x04, 0x1d, 0xa1, 0x0e, 0x00, 0x00,
  0x59, 0x23, 0x00, 0x00, 0x02, 0x53, 0x01, 0x48, 0x04, 0x1d, 0x86, 0x08,
  0x00, 0x00, 0x78, 0x23, 0x00, 0x00, 0x02, 0x54, 0x01, 0x50, 0x04, 0x1d,
  0xa6, 0x05, 0x00, 0x00, 0x93, 0x23, 0x00, 0x00, 0x02, 0x55, 0x01, 0x58,
  0x04, 0x1d, 0x8d, 0x23, 0x00, 0x00, 0xb2, 0x23, 0x00, 0x00, 0x02, 0x56,
  0x01, 0x60, 0x04, 0x1d, 0x05, 0x1f, 0x00, 0x00, 0xd1, 0x23, 0x00, 0x00,
  0x02, 0x57, 0x01, 0x68, 0x04, 0x1d, 0x59, 0x1c, 0x00, 0x00, 0xe8, 0x23,
  0x00, 0x00, 0x02, 0x58, 0x01, 0x70, 0x04, 0x1d, 0xbd, 0x0f, 0x00, 0x00,
  0x03, 0x24, 0x00, 0x00, 0x02, 0x59, 0x01, 0x78, 0x04, 0x1d, 0x04, 0x21,
  0x00, 0x00, 0x0d, 0x1f, 0x00, 0x00, 0x02, 0x5b, 0x01, 0x80, 0x04, 0x1d,
  0xa7, 0x1b, 0x00, 0x00, 0x1e, 0x24, 0x00, 0x00, 0x02, 0x5e, 0x01, 0x88,
  0x04, 0x1d, 0x98, 0x1a, 0x00, 0x00, 0x38, 0x24, 0x00, 0x00, 0x02, 0x5f,
  0x01, 0x90, 0x04, 0x1d, 0x8a, 0x07, 0x00, 0x00, 0x52, 0x24, 0x00, 0x00,
  0x02, 0x60, 0x01, 0x98, 0x04, 0x1d, 0xa2, 0x22, 0x00, 0x00, 0x6c, 0x24,
  0x00, 0x00, 0x02, 0x61, 0x01, 0xa0, 0x04, 0x1d, 0x00, 0x1e, 0x00, 0x00,
  0x86, 0x24, 0x00, 0x00, 0x02, 0x62, 0x01, 0xa8, 0x04, 0x1d, 0x1a, 0x1f,
  0x00, 0x00, 0xa0, 0x24, 0x00, 0x00, 0x02, 0x63, 0x01, 0xb0, 0x04, 0x1d,
  0x6f, 0x1c, 0x00, 0x00, 0xba, 0x24, 0x00, 0x00, 0x02, 0x64, 0x01, 0xb8,
  0x04, 0x1d, 0xd4, 0x19, 0x00, 0x00, 0xd4, 0x24, 0x00, 0x00, 0x02, 0x65,
  0x01, 0xc0, 0x04, 0x1d, 0x9d, 0x07, 0x00, 0x00, 0xee, 0x24, 0x00, 0x00,
  0x02, 0x66, 0x01, 0xc8, 0x04, 0x1d, 0x49, 0x12, 0x00, 0x00, 0x08, 0x25,
  0x00, 0x00, 0x02, 0x68, 0x01, 0xd0, 0x04, 0x1d, 0x7f, 0x13, 0x00, 0x00,
  0x23, 0x25, 0x00, 0x00, 0x02, 0x69, 0x01, 0xd8, 0x04, 0x1d, 0xb5, 0x22,
  0x00, 0x00, 0x3e, 0x25, 0x00, 0x00, 0x02, 0x6a, 0x01, 0xe0, 0x04, 0x1d,
  0x04, 0x15, 0x00, 0x00, 0x59, 0x25, 0x00, 0x00, 0x02, 0x6b, 0x01, 0xe8,
  0x04, 0x1d, 0x2c, 0x1f, 0x00, 0x00, 0x74, 0x25, 0x00, 0x00, 0x02, 0x6c,
  0x01, 0xf0, 0x04, 0x1d, 0xf5, 0x0c, 0x00, 0x00, 0x8f, 0x25, 0x00, 0x00,
  0x02, 0x6d, 0x01, 0xf8, 0x04, 0x1d, 0x8e, 0x01, 0x00, 0x00, 0xaa, 0x25,
  0x00, 0x00, 0x02, 0x6e, 0x01, 0x00, 0x05, 0x1d, 0x17, 0x15, 0x00, 0x00,
  0xc5, 0x25, 0x00, 0x00, 0x02, 0x6f, 0x01, 0x08, 0x05, 0x1d, 0x9d, 0x08,
  0x00, 0x00, 0xe0, 0x25, 0x00, 0x00, 0x02, 0x70, 0x01, 0x10, 0x05, 0x1d,
  0x5e, 0x0a, 0x00, 0x00, 0xfb, 0x25, 0x00, 0x00, 0x02, 0x72, 0x01, 0x18,
  0x05, 0x1d, 0xae, 0x1a, 0x00, 0x00, 0x2a, 0x26, 0x00, 0x00, 0x02, 0x73,
  0x01, 0x20, 0x05, 0x1d, 0x8f, 0x0d, 0x00, 0x00, 0x3f, 0x26, 0x00, 0x00,
  0x02, 0x74, 0x01, 0x28, 0x05, 0x1d, 0x71, 0x00, 0x00, 0x00, 0x5e, 0x26,
  0x00, 0x00, 0x02, 0x75, 0x01, 0x30, 0x05, 0x1d, 0xf8, 0x17, 0x00, 0x00,
  0x74, 0x26, 0x00, 0x00, 0x02, 0x76, 0x01, 0x38, 0x05, 0x1d, 0x68, 0x0a,
  0x00, 0x00, 0x2a, 0x26, 0x00, 0x00, 0x02, 0x77, 0x01, 0x40, 0x05, 0x1d,
  0xb8, 0x0e, 0x00, 0x00, 0x89, 0x26, 0x00, 0x00, 0x02, 0x79, 0x01, 0x48,
  0x05, 0x1d, 0xcc, 0x24, 0x00, 0x00, 0xa3, 0x26, 0x00, 0x00, 0x02, 0x7a,
  0x01, 0x50, 0x05, 0x1d, 0x82, 0x1c, 0x00, 0x00, 0xb9, 0x26, 0x00, 0x00,
  0x02, 0x7b, 0x01, 0x58, 0x05, 0x1d, 0xa1, 0x01, 0x00, 0x00, 0xd9, 0x26,
  0x00, 0x00, 0x02, 0x7c, 0x01, 0x60, 0x05, 0x1d, 0x91, 0x1c, 0x00, 0x00,
  0x03, 0x27, 0x00, 0x00, 0x02, 0x7d, 0x01, 0x68, 0x05, 0x1d, 0x47, 0x1f,
  0x00, 0x00, 0x1d, 0x27, 0x00, 0x00, 0x02, 0x7e, 0x01, 0x70, 0x05, 0x1d,
  0x91, 0x00, 0x00, 0x00, 0x38, 0x27, 0x00, 0x00, 0x02, 0x80, 0x01, 0x78,
  0x05, 0x1d, 0x5d, 0x1f, 0x00, 0x00, 0x58, 0x27, 0x00, 0x00, 0x02, 0x81,
  0x01, 0x80, 0x05, 0x1d, 0xa7, 0x1c, 0x00, 0x00, 0x78, 0x27, 0x00, 0x00,
  0x02, 0x82, 0x01, 0x88, 0x05, 0x1d, 0x75, 0x0b, 0x00, 0x00, 0x98, 0x27,
  0x00, 0x00, 0x02, 0x83, 0x01, 0x90, 0x05, 0x1d, 0xc8, 0x22, 0x00, 0x00,
  0xb8, 0x27, 0x00, 0x00, 0x02, 0x84, 0x01, 0x98, 0x05, 0x1d, 0xc0, 0x1c,
  0x00, 0x00, 0xd8, 0x27, 0x00, 0x00, 0x02, 0x85, 0x01, 0xa0, 0x05, 0x1d,
  0x83, 0x0b, 0x00, 0x00, 0xf8, 0x27, 0x00, 0x00, 0x02, 0x86, 0x01, 0xa8,
  0x05, 0x1d, 0xad, 0x00, 0x00, 0x00, 0x18, 0x28, 0x00, 0x00, 0x02, 0x87,
  0x01, 0xb0, 0x05, 0x1d, 0xb2, 0x07, 0x00, 0x00, 0x38, 0x28, 0x00, 0x00,
  0x02, 0x89, 0x01, 0xb8, 0x05, 0x1d, 0x9e, 0x0d, 0x00, 0x00, 0x52, 0x28,
  0x00, 0x00, 0x02, 0x8a, 0x01, 0xc0, 0x05, 0x1d, 0xa5, 0x23, 0x00, 0x00,
  0x71, 0x28, 0x00, 0x00, 0x02, 0x8b, 0x01, 0xc8, 0x05, 0x1d, 0x05, 0x18,
  0x00, 0x00, 0x90, 0x28, 0x00, 0x00, 0x02, 0x8c, 0x01, 0xd0, 0x05, 0x1d,
  0x91, 0x0b, 0x00, 0x00, 0xaf, 0x28, 0x00, 0x00, 0x02, 0x8d, 0x01, 0xd8,
  0x05, 0x1d, 0xb2, 0x08, 0x00, 0x00, 0xce, 0x28, 0x00, 0x00, 0x02, 0x8e,
  0x01, 0xe0, 0x05, 0x1d, 0xa5, 0x0b, 0x00, 0x00, 0xed, 0x28, 0x00, 0x00,
  0x02, 0x8f, 0x01, 0xe8, 0x05, 0x1d, 0x6a, 0x1f, 0x00, 0x00, 0x0c, 0x29,
  0x00, 0x00, 0x02, 0x90, 0x01, 0xf0, 0x05, 0x1d, 0xe8, 0x19, 0x00, 0x00,
  0x2b, 0x29, 0x00, 0x00, 0x02, 0x92, 0x01, 0xf8, 0x05, 0x1d, 0x95, 0x13,
  0x00, 0x00, 0x46, 0x29, 0x00, 0x00, 0x02, 0x94, 0x01, 0x00, 0x06, 0x1d,
  0xd3, 0x0f, 0x00, 0x00, 0x61, 0x29, 0x00, 0x00, 0x02, 0x96, 0x01, 0x08,
  0x06, 0x1d, 0xc7, 0x1b, 0x00, 0x00, 0x7c, 0x29, 0x00, 0x00, 0x02, 0x98,
  0x01, 0x10, 0x06, 0x1d, 0x81, 0x10, 0x00, 0x00, 0x97, 0x29, 0x00, 0x00,
  0x02, 0x9a, 0x01, 0x18, 0x06, 0x1d, 0xf5, 0x21, 0x00, 0x00, 0xb2, 0x29,
  0x00, 0x00, 0x02, 0x9c, 0x01, 0x20, 0x06, 0x1d, 0x7b, 0x0a, 0x00, 0x00,
  0xcd, 0x29, 0x00, 0x00, 0x02, 0x9e, 0x01, 0x28, 0x06, 0x1d, 0xd4, 0x22,
  0x00, 0x00, 0xe8, 0x29, 0x00, 0x00, 0x02, 0xa0, 0x01, 0x30, 0x06, 0x1d,
  0xbe, 0x05, 0x00, 0x00, 0x03, 0x2a, 0x00, 0x00, 0x02, 0xa3, 0x01, 0x38,
  0x06, 0x1d, 0x95, 0x0a, 0x00, 0x00, 0x23, 0x2a, 0x00, 0x00, 0x02, 0xa5,
  0x01, 0x40, 0x06, 0x1d, 0x81, 0x1f, 0x00, 0x00, 0x43, 0x2a, 0x00, 0x00,
  0x02, 0xa7, 0x01, 0x48, 0x06, 0x1d, 0x22, 0x21, 0x00, 0x00, 0x63, 0x2a,
  0x00, 0x00, 0x02, 0xa9, 0x01, 0x50, 0x06, 0x1d, 0xed, 0x24, 0x00, 0x00,
  0x83, 0x2a, 0x00, 0x00, 0x02, 0xab, 0x01, 0x58, 0x06, 0x1d, 0xba, 0x23,
  0x00, 0x00, 0xa3, 0x2a, 0x00, 0x00, 0x02, 0xad, 0x01, 0x60, 0x06, 0x1d,
  0xab, 0x03, 0x00, 0x00, 0xc3, 0x2a, 0x00, 0x00, 0x02, 0xaf, 0x01, 0x68,
  0x06, 0x1d, 0x99, 0x10, 0x00, 0x00, 0xe3, 0x2a, 0x00, 0x00, 0x02, 0xb1,
  0x01, 0x70, 0x06, 0x1d, 0xc7, 0x08, 0x00, 0x00, 0x03, 0x2b, 0x00, 0x00,
  0x02, 0xb5, 0x01, 0x78, 0x06, 0x1d, 0xae, 0x10, 0x00, 0x00, 0x2d, 0x2b,
  0x00, 0x00, 0x02, 0xb7, 0x01, 0x80, 0x06, 0x1d, 0xcd, 0x23, 0x00, 0x00,
  0x4d, 0x2b, 0x00, 0x00, 0x02, 0xb9, 0x01, 0x88, 0x06, 0x1d, 0xcd, 0x1c,
  0x00, 0x00, 0x6d, 0x2b, 0x00, 0x00, 0x02, 0xbb, 0x01, 0x90, 0x06, 0x1d,
  0xe1, 0x1c, 0x00, 0x00, 0x97, 0x2b, 0x00, 0x00, 0x02, 0xbd, 0x01, 0x98,
  0x06, 0x1d, 0xe0, 0x23, 0x00, 0x00, 0xc1, 0x2b, 0x00, 0x00, 0x02, 0xbf,
  0x01, 0xa0, 0x06, 0x1d, 0xbc, 0x00, 0x00, 0x00, 0xeb, 0x2b, 0x00, 0x00,
  0x02, 0xc1, 0x01, 0xa8, 0x06, 0x1d, 0xc9, 0x1a, 0x00, 0x00, 0x15, 0x2c,
  0x00, 0x00, 0x02, 0xc3, 0x01, 0xb0, 0x06, 0x1d, 0x04, 0x16, 0x00, 0x00,
  0x3f, 0x2c, 0x00, 0x00, 0x02, 0xc6, 0x01, 0xb8, 0x06, 0x1d, 0x5e, 0x12,
  0x00, 0x00, 0x9c, 0x2c, 0x00, 0x00, 0x02, 0xc8, 0x01, 0xc0, 0x06, 0x1d,
  0xca, 0x0e, 0x00, 0x00, 0xb1, 0x2c, 0x00, 0x00, 0x02, 0xc9, 0x01, 0xc8,
  0x06, 0x1d, 0xbb, 0x0b, 0x00, 0x00, 0xb1, 0x2c, 0x00, 0x00, 0x02, 0xca,
  0x01, 0xd0, 0x06, 0x1d, 0x94, 0x1f, 0x00, 0x00, 0xc6, 0x2c, 0x00, 0x00,
  0x02, 0xcb, 0x01, 0xd8, 0x06, 0x1d, 0xae, 0x13, 0x00, 0x00, 0xba, 0x2d,
  0x00, 0x00, 0x02, 0xcd, 0x01, 0xe0, 0x06, 0x1d, 0xf5, 0x22, 0x00, 0x00,
  0xda, 0x2d, 0x00, 0x00, 0x02, 0xce, 0x01, 0xe8, 0x06, 0x1d, 0xff, 0x24,
  0x00, 0x00, 0xff, 0x2d, 0x00, 0x00, 0x02, 0xd0, 0x01, 0xf0, 0x06, 0x1d,
  0x07, 0x0d, 0x00, 0x00, 0x19, 0x2e, 0x00, 0x00, 0x02, 0xd1, 0x01, 0xf8,
  0x06, 0x1d, 0xda, 0x0b, 0x00, 0x00, 0x3f, 0x26, 0x00, 0x00, 0x02, 0xd3,
  0x01, 0x00, 0x07, 0x1d, 0x2b, 0x15, 0x00, 0x00, 0x5e, 0x26, 0x00, 0x00,
  0x02, 0xd4, 0x01, 0x08, 0x07, 0x1d, 0xcf, 0x0d, 0x00, 0x00, 0x34, 0x2e,
  0x00, 0x00, 0x02, 0xd6, 0x01, 0x10, 0x07, 0x1d, 0xec, 0x0b, 0x00, 0x00,
  0x54, 0x2e, 0x00, 0x00, 0x02, 0xd7, 0x01, 0x18, 0x07, 0x1d, 0xf8, 0x1c,
  0x00, 0x00, 0x65, 0x2e, 0x00, 0x00, 0x02, 0xd9, 0x01, 0x20, 0x07, 0x1d,
  0xc8, 0x10, 0x00, 0x00, 0x75, 0x2e, 0x00, 0x00, 0x02, 0xdb, 0x01, 0x28,
  0x07, 0x1d, 0x19, 0x25, 0x00, 0x00, 0x8f, 0x2e, 0x00, 0x00, 0x02, 0xdc,
  0x01, 0x30, 0x07, 0x1d, 0xe1, 0x1b, 0x00, 0x00, 0xa4, 0x2e, 0x00, 0x00,
  0x02, 0xdd, 0x01, 0x38, 0x07, 0x1d, 0x07, 0x1d, 0x00, 0x00, 0xb9, 0x2e,
  0x00, 0x00, 0x02, 0xe0, 0x01, 0x40, 0x07, 0x00, 0x1e, 0x0b, 0x4d, 0x13,
  0x00, 0x00, 0x1f, 0xb1, 0x06, 0x00, 0x00, 0x15, 0xd2, 0x06, 0x00, 0x00,
  0x00, 0x0b, 0x5d, 0x13, 0x00, 0x00, 0x1f, 0x7c, 0x13, 0x00, 0x00, 0x15,
  0xd2, 0x06, 0x00, 0x00, 0x15, 0x3a, 0x04, 0x00, 0x00, 0x15, 0x87, 0x13,
  0x00, 0x00, 0x15, 0x92, 0x13, 0x00, 0x00, 0x15, 0xc4, 0x13, 0x00, 0x00,
  0x00, 0x0a, 0x87, 0x13, 0x00, 0x00, 0x4b, 0x10, 0x00, 0x00, 0x02, 0x54,
  0x0a, 0x47, 0x13, 0x00, 0x00, 0x88, 0x0c, 0x00, 0x00, 0x02, 0x53, 0x0b,
  0x97, 0x13, 0x00, 0x00, 0x0c, 0x9c, 0x13, 0x00, 0x00, 0x0a, 0xa7, 0x13,
  0x00, 0x00, 0xcc, 0x09, 0x00, 0x00, 0x02, 0x1f, 0x0a, 0xb2, 0x13, 0x00,
  0x00, 0x37, 0x13, 0x00, 0x00, 0x05, 0x3b, 0x0a, 0xbd, 0x13, 0x00, 0x00,
  0x28, 0x00, 0x00, 0x00, 0x05, 0x25, 0x05, 0x46, 0x1c, 0x00, 0x00, 0x06,
  0x01, 0x0a, 0xb1, 0x06, 0x00, 0x00, 0x12, 0x07, 0x00, 0x00, 0x02, 0x28,
  0x0b, 0xd4, 0x13, 0x00, 0x00, 0x1f, 0x7c, 0x13, 0x00, 0x00, 0x15, 0xd2,
  0x06, 0x00, 0x00, 0x15, 0x3a, 0x04, 0x00, 0x00, 0x00, 0x0b, 0xe9, 0x13,
  0x00, 0x00, 0x1f, 0xf9, 0x13, 0x00, 0x00, 0x15, 0xd2, 0x06, 0x00, 0x00,
  0x15, 0x87, 0x13, 0x00, 0x00, 0x00, 0x0a, 0x04, 0x14, 0x00, 0x00, 0x03,
  0x17, 0x00, 0x00, 0x02, 0x69, 0x0b, 0x09, 0x14, 0x00, 0x00, 0x20, 0x2d,
  0x01, 0x00, 0x00, 0x0b, 0x13, 0x14, 0x00, 0x00, 0x1f, 0x23, 0x14, 0x00,
  0x00, 0x15, 0xd2, 0x06, 0x00, 0x00, 0x15, 0x87, 0x13, 0x00, 0x00, 0x00,
  0x0a, 0x2e, 0x14, 0x00, 0x00, 0x3e, 0x13, 0x00, 0x00, 0x02, 0x66, 0x0b,
  0x33, 0x14, 0x00, 0x00, 0x20, 0x73, 0x1b, 0x00, 0x00, 0x0b, 0x3d, 0x14,
  0x00, 0x00, 0x1f, 0x87, 0x13, 0x00, 0x00, 0x15, 0xd2, 0x06, 0x00, 0x00,
  0x15, 0x7c, 0x13, 0x00, 0x00, 0x15, 0xf9, 0x13, 0x00, 0x00, 0x15, 0x57,
  0x14, 0x00, 0x00, 0x00, 0x0a, 0x14, 0x02, 0x00, 0x00, 0x19, 0x02, 0x00,
  0x00, 0x02, 0x1e, 0x0b, 0x67, 0x14, 0x00, 0x00, 0x1f, 0x7c, 0x13, 0x00,
  0x00, 0x15, 0xd2, 0x06, 0x00, 0x00, 0x15, 0x7c, 0x13, 0x00, 0x00, 0x00,
  0x0b, 0x7c, 0x14, 0x00, 0x00, 0x1f, 0x57, 0x14, 0x00, 0x00, 0x15, 0xd2,
  0x06, 0x00, 0x00, 0x15, 0x7c, 0x13, 0x00, 0x00, 0x15, 0x7c, 0x13, 0x00,
  0x00, 0x00, 0x0b, 0x96, 0x14, 0x00, 0x00, 0x1f, 0x87, 0x13, 0x00, 0x00,
  0x15, 0xd2, 0x06, 0x00, 0x00, 0x15, 0x7c, 0x13, 0x00, 0x00, 0x15, 0x23,
  0x14, 0x00, 0x00, 0x15, 0x57, 0x14, 0x00, 0x00, 0x00, 0x0b, 0xb5, 0x14,
  0x00, 0x00, 0x1f, 0xb1, 0x06, 0x00, 0x00, 0x15, 0xd2, 0x06, 0x00, 0x00,
  0x15, 0xc5, 0x14, 0x00, 0x00, 0x00, 0x0a, 0x87, 0x13, 0x00, 0x00, 0xa1,
  0x21, 0x00, 0x00, 0x02, 0x60, 0x0b, 0xd5, 0x14, 0x00, 0x00, 0x1f, 0xb1,
  0x06, 0x00, 0x00, 0x15, 0xd2, 0x06, 0x00, 0x00, 0x15, 0x7c, 0x13, 0x00,
  0x00, 0x15, 0x3a, 0x04, 0x00, 0x00, 0x00, 0x0b, 0xef, 0x14, 0x00, 0x00,
  0x1f, 0xc5, 0x14, 0x00, 0x00, 0x15, 0xd2, 0x06, 0x00, 0x00, 0x00, 0x0b,
  0xff, 0x14, 0x00, 0x00, 0x21, 0x15, 0xd2, 0x06, 0x00, 0x00, 0x00, 0x0b,
  0x0b, 0x15, 0x00, 0x00, 0x21, 0x15, 0xd2, 0x06, 0x00, 0x00, 0x15, 0x3a,
  0x04, 0x00, 0x00, 0x00, 0x0b, 0x1c, 0x15, 0x00, 0x00, 0x1f, 0xb1, 0x06,
  0x00, 0x00, 0x15, 0xd2, 0x06, 0x00, 0x00, 0x15, 0xb1, 0x06, 0x00, 0x00,
  0x00, 0x0b, 0x31, 0x15, 0x00, 0x00, 0x1f, 0x87, 0x13, 0x00, 0x00, 0x15,
  0xd2, 0x06, 0x00, 0x00, 0x15, 0x87, 0x13, 0x00, 0x00, 0x00, 0x0b, 0x46,
  0x15, 0x00, 0x00, 0x21, 0x15, 0xd2, 0x06, 0x00, 0x00, 0x15, 0x87, 0x13,
  0x00, 0x00, 0x00, 0x0b, 0x57, 0x15, 0x00, 0x00, 0x1f, 0x57, 0x14, 0x00,
  0x00, 0x15, 0xd2, 0x06, 0x00, 0x00, 0x15, 0x87, 0x13, 0x00, 0x00, 0x15,
  0x87, 0x13, 0x00, 0x00, 0x00, 0x0b, 0x71, 0x15, 0x00, 0x00, 0x1f, 0x87,
  0x13, 0x00, 0x00, 0x15, 0xd2, 0x06, 0x00, 0x00, 0x15, 0x7c, 0x13, 0x00,
  0x00, 0x00, 0x0b, 0x86, 0x15, 0x00, 0x00, 0x1f, 0x87, 0x13, 0x00, 0x00,
  0x15, 0xd2, 0x06, 0x00, 0x00, 0x15, 0x7c, 0x13, 0x00, 0x00, 0x15, 0xf9,
  0x13, 0x00, 0x00, 0x16, 0x00, 0x0b, 0xa1, 0x15, 0x00, 0x00, 0x1f, 0x87,
  0x13, 0x00, 0x00, 0x15, 0xd2, 0x06, 0x00, 0x00, 0x15, 0x7c, 0x13, 0x00,
  0x00, 0x15, 0xf9, 0x13, 0x00, 0x00, 0x15, 0xbb, 0x15, 0x00, 0x00, 0x00,
  0x0a, 0xc6, 0x15, 0x00, 0x00, 0x55, 0x0f, 0x00, 0x00, 0x07, 0x0c, 0x22,
  0xcf, 0x15, 0x00, 0x00, 0x92, 0x1d, 0x00, 0x00, 0x23, 0x34, 0x02, 0x00,
  0x00, 0x20, 0x24, 0x7f, 0x14, 0x00, 0x00, 0x47, 0x13, 0x00, 0x00, 0x00,
  0x24, 0x88, 0x20, 0x00, 0x00, 0x47, 0x13, 0x00, 0x00, 0x08, 0x24, 0xab,
  0x19, 0x00, 0x00, 0x47, 0x13, 0x00, 0x00, 0x10, 0x24, 0x7b, 0x24, 0x00,
  0x00, 0x6e, 0x04, 0x00, 0x00, 0x18, 0x24, 0x31, 0x00, 0x00, 0x00, 0x6e,
  0x04, 0x00, 0x00, 0x1c, 0x00, 0x0b, 0x0d, 0x16, 0x00, 0x00, 0x1f, 0x87,
  0x13, 0x00, 0x00, 0x15, 0xd2, 0x06, 0x00, 0x00, 0x15, 0x7c, 0x13, 0x00,
  0x00, 0x15, 0xf9, 0x13, 0x00, 0x00, 0x15, 0x27, 0x16, 0x00, 0x00, 0x00,
  0x0b, 0x2c, 0x16, 0x00, 0x00, 0x0c, 0x31, 0x16, 0x00, 0x00, 0x0a, 0x3c,
  0x16, 0x00, 0x00, 0x78, 0x05, 0x00, 0x00, 0x02, 0x77, 0x25, 0x78, 0x05,
  0x00, 0x00, 0x08, 0x02, 0x6d, 0x1b, 0x85, 0x22, 0x00, 0x00, 0x57, 0x14,
  0x00, 0x00, 0x02, 0x6e, 0x00, 0x1b, 0xea, 0x09, 0x00, 0x00, 0x9c, 0x13,
  0x00, 0x00, 0x02, 0x6f, 0x00, 0x1b, 0xca, 0x09, 0x00, 0x00, 0xb1, 0x16,
  0x00, 0x00, 0x02, 0x70, 0x00, 0x1b, 0x2c, 0x0b, 0x00, 0x00, 0xd9, 0x16,
  0x00, 0x00, 0x02, 0x71, 0x00, 0x1b, 0x43, 0x01, 0x00, 0x00, 0xb1, 0x06,
  0x00, 0x00, 0x02, 0x72, 0x00, 0x1b, 0x3f, 0x23, 0x00, 0x00, 0x01, 0x17,
  0x00, 0x00, 0x02, 0x73, 0x00, 0x1b, 0x2d, 0x17, 0x00, 0x00, 0x29, 0x17,
  0x00, 0x00, 0x02, 0x74, 0x00, 0x1b, 0xab, 0x1d, 0x00, 0x00, 0x3b, 0x17,
  0x00, 0x00, 0x02, 0x75, 0x00, 0x1b, 0x8d, 0x0d, 0x00, 0x00, 0x87, 0x13,
  0x00, 0x00, 0x02, 0x76, 0x00, 0x00, 0x0a, 0xbc, 0x16, 0x00, 0x00, 0x47,
  0x02, 0x00, 0x00, 0x02, 0x20, 0x0a, 0xc7, 0x16, 0x00, 0x00, 0x3e, 0x02,
  0x00, 0x00, 0x05, 0x3f, 0x0a, 0xd2, 0x16, 0x00, 0x00, 0x38, 0x01, 0x00,
  0x00, 0x05, 0x28, 0x05, 0x3b, 0x00, 0x00, 0x00, 0x07, 0x02, 0x0a, 0xe4,
  0x16, 0x00, 0x00, 0x52, 0x1c, 0x00, 0x00, 0x02, 0x21, 0x0a, 0xef, 0x16,
  0x00, 0x00, 0x37, 0x23, 0x00, 0x00, 0x05, 0x3e, 0x0a, 0xfa, 0x16, 0x00,
  0x00, 0xd6, 0x1e, 0x00, 0x00, 0x05, 0x27, 0x05, 0x77, 0x0e, 0x00, 0x00,
  0x05, 0x02, 0x0a, 0x0c, 0x17, 0x00, 0x00, 0x85, 0x24, 0x00, 0x00, 0x02,
  0x23, 0x0a, 0x17, 0x17, 0x00, 0x00, 0x61, 0x10, 0x00, 0x00, 0x05, 0x44,
  0x0a, 0x22, 0x17, 0x00, 0x00, 0x91, 0x20, 0x00, 0x00, 0x05, 0x2c, 0x05,
  0x19, 0x01, 0x00, 0x00, 0x05, 0x08, 0x0a, 0x34, 0x17, 0x00, 0x00, 0xa4,
  0x1d, 0x00, 0x00, 0x02, 0x24, 0x05, 0xe0, 0x1e, 0x00, 0x00, 0x04, 0x04,
  0x0a, 0x46, 0x17, 0x00, 0x00, 0x46, 0x08, 0x00, 0x00, 0x02, 0x25, 0x05,
  0x5d, 0x0f, 0x00, 0x00, 0x04, 0x08, 0x0b, 0x52, 0x17, 0x00, 0x00, 0x1f,
  0x7c, 0x13, 0x00, 0x00, 0x15, 0xd2, 0x06, 0x00, 0x00, 0x15, 0x87, 0x13,
  0x00, 0x00, 0x00, 0x0b, 0x67, 0x17, 0x00, 0x00, 0x1f, 0x57, 0x14, 0x00,
  0x00, 0x15, 0xd2, 0x06, 0x00, 0x00, 0x15, 0x87, 0x13, 0x00, 0x00, 0x15,
  0x7c, 0x13, 0x00, 0x00, 0x00, 0x0b, 0x81, 0x17, 0x00, 0x00, 0x1f, 0xf9,
  0x13, 0x00, 0x00, 0x15, 0xd2, 0x06, 0x00, 0x00, 0x15, 0x7c, 0x13, 0x00,
  0x00, 0x15, 0x3a, 0x04, 0x00, 0x00, 0x15, 0x3a, 0x04, 0x00, 0x00, 0x00,
  0x0b, 0xa0, 0x17, 0x00, 0x00, 0x1f, 0x87, 0x13, 0x00, 0x00, 0x15, 0xd2,
  0x06, 0x00, 0x00, 0x15, 0x87, 0x13, 0x00, 0x00, 0x15, 0xf9, 0x13, 0x00,
  0x00, 0x16, 0x00, 0x0b, 0xbb, 0x17, 0x00, 0x00, 0x1f, 0x87, 0x13, 0x00,
  0x00, 0x15, 0xd2, 0x06, 0x00, 0x00, 0x15, 0x87, 0x13, 0x00, 0x00, 0x15,
  0xf9, 0x13, 0x00, 0x00, 0x15, 0xbb, 0x15, 0x00, 0x00, 0x00, 0x0b, 0xda,
  0x17, 0x00, 0x00, 0x1f, 0x87, 0x13, 0x00, 0x00, 0x15, 0xd2, 0x06, 0x00,
  0x00, 0x15, 0x87, 0x13, 0x00, 0x00, 0x15, 0xf9, 0x13, 0x00, 0x00, 0x15,
  0x27, 0x16, 0x00, 0x00, 0x00, 0x0b, 0xf9, 0x17, 0x00, 0x00, 0x1f, 0x57,
  0x14, 0x00, 0x00, 0x15, 0xd2, 0x06, 0x00, 0x00, 0x15, 0x87, 0x13, 0x00,
  0x00, 0x15, 0xf9, 0x13, 0x00, 0x00, 0x16, 0x00, 0x0b, 0x14, 0x18, 0x00,
  0x00, 0x1f, 0x57, 0x14, 0x00, 0x00, 0x15, 0xd2, 0x06, 0x00, 0x00, 0x15,
  0x87, 0x13, 0x00, 0x00, 0x15, 0xf9, 0x13, 0x00, 0x00, 0x15, 0xbb, 0x15,
  0x00, 0x00, 0x00, 0x0b, 0x33, 0x18, 0x00, 0x00, 0x1f, 0x57, 0x14, 0x00,
  0x00, 0x15, 0xd2, 0x06, 0x00, 0x00, 0x15, 0x87, 0x13, 0x00, 0x00, 0x15,
  0xf9, 0x13, 0x00, 0x00, 0x15, 0x27, 0x16, 0x00, 0x00, 0x00, 0x0b, 0x52,
  0x18, 0x00, 0x00, 0x1f, 0x9c, 0x13, 0x00, 0x00, 0x15, 0xd2, 0x06, 0x00,
  0x00, 0x15, 0x87, 0x13, 0x00, 0x00, 0x15, 0xf9, 0x13, 0x00, 0x00, 0x16,
  0x00, 0x0b, 0x6d, 0x18, 0x00, 0x00, 0x1f, 0x9c, 0x13, 0x00, 0x00, 0x15,
  0xd2, 0x06, 0x00, 0x00, 0x15, 0x87, 0x13, 0x00, 0x00, 0x15, 0xf9, 0x13,
  0x00, 0x00, 0x15, 0xbb, 0x15, 0x00, 0x00, 0x00, 0x0b, 0x8c, 0x18, 0x00,
  0x00, 0x1f, 0x9c, 0x13, 0x00, 0x00, 0x15, 0xd2, 0x06, 0x00, 0x00, 0x15,
  0x87, 0x13, 0x00, 0x00, 0x15, 0xf9, 0x13, 0x00, 0x00, 0x15, 0x27, 0x16,
  0x00, 0x00, 0x00, 0x0b, 0xab, 0x18, 0x00, 0x00, 0x1f, 0xb1, 0x16, 0x00,
  0x00, 0x15, 0xd2, 0x06, 0x00, 0x00, 0x15, 0x87, 0x13, 0x00, 0x00, 0x15,
  0xf9, 0x13, 0x00, 0x00, 0x16, 0x00, 0x0b, 0xc6, 0x18, 0x00, 0x00, 0x1f,
  0xb1, 0x16, 0x00, 0x00, 0x15, 0xd2, 0x06, 0x00, 0x00, 0x15, 0x87, 0x13,
  0x00, 0x00, 0x15, 0xf9, 0x13, 0x00, 0x00, 0x15, 0xbb, 0x15, 0x00, 0x00,
  0x00, 0x0b, 0xe5, 0x18, 0x00, 0x00, 0x1f, 0xb1, 0x16, 0x00, 0x00, 0x15,
  0xd2, 0x06, 0x00, 0x00, 0x15, 0x87, 0x13, 0x00, 0x00, 0x15, 0xf9, 0x13,
  0x00, 0x00, 0x15, 0x27, 0x16, 0x00, 0x00, 0x00, 0x0b, 0x04, 0x19, 0x00,
  0x00, 0x1f, 0xd9, 0x16, 0x00, 0x00, 0x15, 0xd2, 0x06, 0x00, 0x00, 0x15,
  0x87, 0x13, 0x00, 0x00, 0x15, 0xf9, 0x13, 0x00, 0x00, 0x16, 0x00, 0x0b,
  0x1f, 0x19, 0x00, 0x00, 0x1f, 0xd9, 0x16, 0x00, 0x00, 0x15, 0xd2, 0x06,
  0x00, 0x00, 0x15, 0x87, 0x13, 0x00, 0x00, 0x15, 0xf9, 0x13, 0x00, 0x00,
  0x15, 0xbb, 0x15, 0x00, 0x00, 0x00, 0x0b, 0x3e, 0x19, 0x00, 0x00, 0x1f,
  0xd9, 0x16, 0x00, 0x00, 0x15, 0xd2, 0x06, 0x00, 0x00, 0x15, 0x87, 0x13,
  0x00, 0x00, 0x15, 0xf9, 0x13, 0x00, 0x00, 0x15, 0x27, 0x16, 0x00, 0x00,
  0x00, 0x0b, 0x5d, 0x19, 0x00, 0x00, 0x1f, 0xb1, 0x06, 0x00, 0x00, 0x15,
  0xd2, 0x06, 0x00, 0x00, 0x15, 0x87, 0x13, 0x00, 0x00, 0x15, 0xf9, 0x13,
  0x00, 0x00, 0x16, 0x00, 0x0b, 0x78, 0x19, 0x00, 0x00, 0x1f, 0xb1, 0x06,
  0x00, 0x00, 0x15, 0xd2, 0x06, 0x00, 0x00, 0x15, 0x87, 0x13, 0x00, 0x00,
  0x15, 0xf9, 0x13, 0x00, 0x00, 0x15, 0xbb, 0x15, 0x00, 0x00, 0x00, 0x0b,
  0x97, 0x19, 0x00, 0x00, 0x1f, 0xb1, 0x06, 0x00, 0x00, 0x15, 0xd2, 0x06,
  0x00, 0x00, 0x15, 0x87, 0x13, 0x00, 0x00, 0x15, 0xf9, 0x13, 0x00, 0x00,
  0x15, 0x27, 0x16, 0x00, 0x00, 0x00, 0x0b, 0xb6, 0x19, 0x00, 0x00, 0x1f,
  0x01, 0x17, 0x00, 0x00, 0x15, 0xd2, 0x06, 0x00, 0x00, 0x15, 0x87, 0x13,
  0x00, 0x00, 0x15, 0xf9, 0x13, 0x00, 0x00, 0x16, 0x00, 0x0b, 0xd1, 0x19,
  0x00, 0x00, 0x1f, 0x01, 0x17, 0x00, 0x00, 0x15, 0xd2, 0x06, 0x00, 0x00,
  0x15, 0x87, 0x13, 0x00, 0x00, 0x15, 0xf9, 0x13, 0x00, 0x00, 0x15, 0xbb,
  0x15, 0x00, 0x00, 0x00, 0x0b, 0xf0, 0x19, 0x00, 0x00, 0x1f, 0x01, 0x17,
  0x00, 0x00, 0x15, 0xd2, 0x06, 0x00, 0x00, 0x15, 0x87, 0x13, 0x00, 0x00,
  0x15, 0xf9, 0x13, 0x00, 0x00, 0x15, 0x27, 0x16, 0x00, 0x00, 0x00, 0x0b,
  0x0f, 0x1a, 0x00, 0x00, 0x1f, 0x29, 0x17, 0x00, 0x00, 0x15, 0xd2, 0x06,
  0x00, 0x00, 0x15, 0x87, 0x13, 0x00, 0x00, 0x15, 0xf9, 0x13, 0x00, 0x00,
  0x16, 0x00, 0x0b, 0x2a, 0x1a, 0x00, 0x00, 0x1f, 0x29, 0x17, 0x00, 0x00,
  0x15, 0xd2, 0x06, 0x00, 0x00, 0x15, 0x87, 0x13, 0x00, 0x00, 0x15, 0xf9,
  0x13, 0x00, 0x00, 0x15, 0xbb, 0x15, 0x00, 0x00, 0x00, 0x0b, 0x49, 0x1a,
  0x00, 0x00, 0x1f, 0x29, 0x17, 0x00, 0x00, 0x15, 0xd2, 0x06, 0x00, 0x00,
  0x15, 0x87, 0x13, 0x00, 0x00, 0x15, 0xf9, 0x13, 0x00, 0x00, 0x15, 0x27,
  0x16, 0x00, 0x00, 0x00, 0x0b, 0x68, 0x1a, 0x00, 0x00, 0x1f, 0x3b, 0x17,
  0x00, 0x00, 0x15, 0xd2, 0x06, 0x00, 0x00, 0x15, 0x87, 0x13, 0x00, 0x00,
  0x15, 0xf9, 0x13, 0x00, 0x00, 0x16, 0x00, 0x0b, 0x83, 0x1a, 0x00, 0x00,
  0x1f, 0x3b, 0x17, 0x00, 0x00, 0x15, 0xd2, 0x06, 0x00, 0x00, 0x15, 0x87,
  0x13, 0x00, 0x00, 0x15, 0xf9, 0x13, 0x00, 0x00, 0x15, 0xbb, 0x15, 0x00,
  0x00, 0x00, 0x0b, 0xa2, 0x1a, 0x00, 0x00, 0x1f, 0x3b, 0x17, 0x00, 0x00,
  0x15, 0xd2, 0x06, 0x00, 0x00, 0x15, 0x87, 0x13, 0x00, 0x00, 0x15, 0xf9,
  0x13, 0x00, 0x00, 0x15, 0x27, 0x16, 0x00, 0x00, 0x00, 0x0b, 0xc1, 0x1a,
  0x00, 0x00, 0x21, 0x15, 0xd2, 0x06, 0x00, 0x00, 0x15, 0x87, 0x13, 0x00,
  0x00, 0x15, 0xf9, 0x13, 0x00, 0x00, 0x16, 0x00, 0x0b, 0xd8, 0x1a, 0x00,
  0x00, 0x21, 0x15, 0xd2, 0x06, 0x00, 0x00, 0x15, 0x87, 0x13, 0x00, 0x00,
  0x15, 0xf9, 0x13, 0x00, 0x00, 0x15, 0xbb, 0x15, 0x00, 0x00, 0x00, 0x0b,
  0xf3, 0x1a, 0x00, 0x00, 0x21, 0x15, 0xd2, 0x06, 0x00, 0x00, 0x15, 0x87,
  0x13, 0x00, 0x00, 0x15, 0xf9, 0x13, 0x00, 0x00, 0x15, 0x27, 0x16, 0x00,
  0x00, 0x00, 0x0b, 0x0e, 0x1b, 0x00, 0x00, 0x1f, 0x87, 0x13, 0x00, 0x00,
  0x15, 0xd2, 0x06, 0x00, 0x00, 0x15, 0x87, 0x13, 0x00, 0x00, 0x15, 0x7c,
  0x13, 0x00, 0x00, 0x15, 0xf9, 0x13, 0x00, 0x00, 0x16, 0x00, 0x0b, 0x2e,
  0x1b, 0x00, 0x00, 0x1f, 0x87, 0x13, 0x00, 0x00, 0x15, 0xd2, 0x06, 0x00,
  0x00, 0x15, 0x87, 0x13, 0x00, 0x00, 0x15, 0x7c, 0x13, 0x00, 0x00, 0x15,
  0xf9, 0x13, 0x00, 0x00, 0x15, 0xbb, 0x15, 0x00, 0x00, 0x00, 0x0b, 0x52,
  0x1b, 0x00, 0x00, 0x1f, 0x87, 0x13, 0x00, 0x00, 0x15, 0xd2, 0x06, 0x00,
  0x00, 0x15, 0x87, 0x13, 0x00, 0x00, 0x15, 0x7c, 0x13, 0x00, 0x00, 0x15,
  0xf9, 0x13, 0x00, 0x00, 0x15, 0x27, 0x16, 0x00, 0x00, 0x00, 0x0b, 0x76,
  0x1b, 0x00, 0x00, 0x1f, 0x57, 0x14, 0x00, 0x00, 0x15, 0xd2, 0x06, 0x00,
  0x00, 0x15, 0x87, 0x13, 0x00, 0x00, 0x15, 0x7c, 0x13, 0x00, 0x00, 0x15,
  0xf9, 0x13, 0x00, 0x00, 0x16, 0x00, 0x0b, 0x96, 0x1b, 0x00, 0x00, 0x1f,
  0x57, 0x14, 0x00, 0x00, 0x15, 0xd2, 0x06, 0x00, 0x00, 0x15, 0x87, 0x13,
  0x00, 0x00, 0x15, 0x7c, 0x13, 0x00, 0x00, 0x15, 0xf9, 0x13, 0x00, 0x00,
  0x15, 0xbb, 0x15, 0x00, 0x00, 0x00, 0x0b, 0xba, 0x1b, 0x00, 0x00, 0x1f,
  0x57, 0x14, 0x00, 0x00, 0x15, 0xd2, 0x06, 0x00, 0x00, 0x15, 0x87, 0x13,
  0x00, 0x00, 0x15, 0x7c, 0x13, 0x00, 0x00, 0x15, 0xf9, 0x13, 0x00, 0x00,
  0x15, 0x27, 0x16, 0x00, 0x00, 0x00, 0x0b, 0xde, 0x1b, 0x00, 0x00, 0x1f,
  0x9c, 0x13, 0x00, 0x00, 0x15, 0xd2, 0x06, 0x00, 0x00, 0x15, 0x87, 0x13,
  0x00, 0x00, 0x15, 0x7c, 0x13, 0x00, 0x00, 0x15, 0xf9, 0x13, 0x00, 0x00,
  0x16, 0x00, 0x0b, 0xfe, 0x1b, 0x00, 0x00, 0x1f, 0x9c, 0x13, 0x00, 0x00,
  0x15, 0xd2, 0x06, 0x00, 0x00, 0x15, 0x87, 0x13, 0x00, 0x00, 0x15, 0x7c,
  0x13, 0x00, 0x00, 0x15, 0xf9, 0x13, 0x00, 0x00, 0x15, 0xbb, 0x15, 0x00,
  0x00, 0x00, 0x0b, 0x22, 0x1c, 0x00, 0x00, 0x1f, 0x9c, 0x13, 0x00, 0x00,
  0x15, 0xd2, 0x06, 0x00, 0x00, 0x15, 0x87, 0x13, 0x00, 0x00, 0x15, 0x7c,
  0x13, 0x00, 0x00, 0x15, 0xf9, 0x13, 0x00, 0x00, 0x15, 0x27, 0x16, 0x00,
  0x00, 0x00, 0x0b, 0x46, 0x1c, 0x00, 0x00, 0x1f, 0xb1, 0x16, 0x00, 0x00,
  0x15, 0xd2, 0x06, 0x00, 0x00, 0x15, 0x87, 0x13, 0x00, 0x00, 0x15, 0x7c,
  0x13, 0x00, 0x00, 0x15, 0xf9, 0x13, 0x00, 0x00, 0x16, 0x00, 0x0b, 0x66,
  0x1c, 0x00, 0x00, 0x1f, 0xb1, 0x16, 0x00, 0x00, 0x15, 0xd2, 0x06, 0x00,
  0x00, 0x15, 0x87, 0x13, 0x00, 0x00, 0x15, 0x7c, 0x13, 0x00, 0x00, 0x15,
  0xf9, 0x13, 0x00, 0x00, 0x15, 0xbb, 0x15, 0x00, 0x00, 0x00, 0x0b, 0x8a,
  0x1c, 0x00, 0x00, 0x1f, 0xb1, 0x16, 0x00, 0x00, 0x15, 0xd2, 0x06, 0x00,
  0x00, 0x15, 0x87, 0x13, 0x00, 0x00, 0x15, 0x7c, 0x13, 0x00, 0x00, 0x15,
  0xf9, 0x13, 0x00, 0x00, 0x15, 0x27, 0x16, 0x00, 0x00, 0x00, 0x0b, 0xae,
  0x1c, 0x00, 0x00, 0x1f, 0xd9, 0x16, 0x00, 0x00, 0x15, 0xd2, 0x06, 0x00,
  0x00, 0x15, 0x87, 0x13, 0x00, 0x00, 0x15, 0x7c, 0x13, 0x00, 0x00, 0x15,
  0xf9, 0x13, 0x00, 0x00, 0x16, 0x00, 0x0b, 0xce, 0x1c, 0x00, 0x00, 0x1f,
  0xd9, 0x16, 0x00, 0x00, 0x15, 0xd2, 0x06, 0x00, 0x00, 0x15, 0x87, 0x13,
  0x00, 0x00, 0x15, 0x7c, 0x13, 0x00, 0x00, 0x15, 0xf9, 0x13, 0x00, 0x00,
  0x15, 0xbb, 0x15, 0x00, 0x00, 0x00, 0x0b, 0xf2, 0x1c, 0x00, 0x00, 0x1f,
  0xd9, 0x16, 0x00, 0x00, 0x15, 0xd2, 0x06, 0x00, 0x00, 0x15, 0x87, 0x13,
  0x00, 0x00, 0x15, 0x7c, 0x13, 0x00, 0x00, 0x15, 0xf9, 0x13, 0x00, 0x00,
  0x15, 0x27, 0x16, 0x00, 0x00, 0x00, 0x0b, 0x16, 0x1d, 0x00, 0x00, 0x1f,
  0xb1, 0x06, 0x00, 0x00, 0x15, 0xd2, 0x06, 0x00, 0x00, 0x15, 0x87, 0x13,
  0x00, 0x00, 0x15, 0x7c, 0x13, 0x00, 0x00, 0x15, 0xf9, 0x13, 0x00, 0x00,
  0x16, 0x00, 0x0b, 0x36, 0x1d, 0x00, 0x00, 0x1f, 0xb1, 0x06, 0x00, 0x00,
  0x15, 0xd2, 0x06, 0x00, 0x00, 0x15, 0x87, 0x13, 0x00, 0x00, 0x15, 0x7c,
  0x13, 0x00, 0x00, 0x15, 0xf9, 0x13, 0x00, 0x00, 0x15, 0xbb, 0x15, 0x00,
  0x00, 0x00, 0x0b, 0x5a, 0x1d, 0x00, 0x00, 0x1f, 0xb1, 0x06, 0x00, 0x00,
  0x15, 0xd2, 0x06, 0x00, 0x00, 0x15, 0x87, 0x13, 0x00, 0x00, 0x15, 0x7c,
  0x13, 0x00, 0x00, 0x15, 0xf9, 0x13, 0x00, 0x00, 0x15, 0x27, 0x16, 0x00,
  0x00, 0x00, 0x0b, 0x7e, 0x1d, 0x00, 0x00, 0x1f, 0x01, 0x17, 0x00, 0x00,
  0x15, 0xd2, 0x06, 0x00, 0x00, 0x15, 0x87, 0x13, 0x00, 0x00, 0x15, 0x7c,
  0x13, 0x00, 0x00, 0x15, 0xf9, 0x13, 0x00, 0x00, 0x16, 0x00, 0x0b, 0x9e,
  0x1d, 0x00, 0x00, 0x1f, 0x01, 0x17, 0x00, 0x00, 0x15, 0xd2, 0x06, 0x00,
  0x00, 0x15, 0x87, 0x13, 0x00, 0x00, 0x15, 0x7c, 0x13, 0x00, 0x00, 0x15,
  0xf9, 0x13, 0x00, 0x00, 0x15, 0xbb, 0x15, 0x00, 0x00, 0x00, 0x0b, 0xc2,
  0x1d, 0x00, 0x00, 0x1f, 0x01, 0x17, 0x00, 0x00, 0x15, 0xd2, 0x06, 0x00,
  0x00, 0x15, 0x87, 0x13, 0x00, 0x00, 0x15, 0x7c, 0x13, 0x00, 0x00, 0x15,
  0xf9, 0x13, 0x00, 0x00, 0x15, 0x27, 0x16, 0x00, 0x00, 0x00, 0x0b, 0xe6,
  0x1d, 0x00, 0x00, 0x1f, 0x29, 0x17, 0x00, 0x00, 0x15, 0xd2, 0x06, 0x00,
  0x00, 0x15, 0x87, 0x13, 0x00, 0x00, 0x15, 0x7c, 0x13, 0x00, 0x00, 0x15,
  0xf9, 0x13, 0x00, 0x00, 0x16, 0x00, 0x0b, 0x06, 0x1e, 0x00, 0x00, 0x1f,
  0x29, 0x17, 0x00, 0x00, 0x15, 0xd2, 0x06, 0x00, 0x00, 0x15, 0x87, 0x13,
  0x00, 0x00, 0x15, 0x7c, 0x13, 0x00, 0x00, 0x15, 0xf9, 0x13, 0x00, 0x00,
  0x15, 0xbb, 0x15, 0x00, 0x00, 0x00, 0x0b, 0x2a, 0x1e, 0x00, 0x00, 0x1f,
  0x29, 0x17, 0x00, 0x00, 0x15, 0xd2, 0x06, 0x00, 0x00, 0x15, 0x87, 0x13,
  0x00, 0x00, 0x15, 0x7c, 0x13, 0x00, 0x00, 0x15, 0xf9, 0x13, 0x00, 0x00,
  0x15, 0x27, 0x16, 0x00, 0x00, 0x00, 0x0b, 0x4e, 0x1e, 0x00, 0x00, 0x1f,
  0x3b, 0x17, 0x00, 0x00, 0x15, 0xd2, 0x06, 0x00, 0x00, 0x15, 0x87, 0x13,
  0x00, 0x00, 0x15, 0x7c, 0x13, 0x00, 0x00, 0x15, 0xf9, 0x13, 0x00, 0x00,
  0x16, 0x00, 0x0b, 0x6e, 0x1e, 0x00, 0x00, 0x1f, 0x3b, 0x17, 0x00, 0x00,
  0x15, 0xd2, 0x06, 0x00, 0x00, 0x15, 0x87, 0x13, 0x00, 0x00, 0x15, 0x7c,
  0x13, 0x00, 0x00, 0x15, 0xf9, 0x13, 0x00, 0x00, 0x15, 0xbb, 0x15, 0x00,
  0x00, 0x00, 0x0b, 0x92, 0x1e, 0x00, 0x00, 0x1f, 0x3b, 0x17, 0x00, 0x00,
  0x15, 0xd2, 0x06, 0x00, 0x00, 0x15, 0x87, 0x13, 0x00, 0x00, 0x15, 0x7c,
  0x13, 0x00, 0x00, 0x15, 0xf9, 0x13, 0x00, 0x00, 0x15, 0x27, 0x16, 0x00,
  0x00, 0x00, 0x0b, 0xb6, 0x1e, 0x00, 0x00, 0x21, 0x15, 0xd2, 0x06, 0x00,
  0x00, 0x15, 0x87, 0x13, 0x00, 0x00, 0x15, 0x7c, 0x13, 0x00, 0x00, 0x15,
  0xf9, 0x13, 0x00, 0x00, 0x16, 0x00, 0x0b, 0xd2, 0x1e, 0x00, 0x00, 0x21,
  0x15, 0xd2, 0x06, 0x00, 0x00, 0x15, 0x87, 0x13, 0x00, 0x00, 0x15, 0x7c,
  0x13, 0x00, 0x00, 0x15, 0xf9, 0x13, 0x00, 0x00, 0x15, 0xbb, 0x15, 0x00,
  0x00, 0x00, 0x0b, 0xf2, 0x1e, 0x00, 0x00, 0x21, 0x15, 0xd2, 0x06, 0x00,
  0x00, 0x15, 0x87, 0x13, 0x00, 0x00, 0x15, 0x7c, 0x13, 0x00, 0x00, 0x15,
  0xf9, 0x13, 0x00, 0x00, 0x15, 0x27, 0x16, 0x00, 0x00, 0x00, 0x0b, 0x12,
  0x1f, 0x00, 0x00, 0x1f, 0x23, 0x14, 0x00, 0x00, 0x15, 0xd2, 0x06, 0x00,
  0x00, 0x15, 0x7c, 0x13, 0x00, 0x00, 0x15, 0x3a, 0x04, 0x00, 0x00, 0x15,
  0x3a, 0x04, 0x00, 0x00, 0x00, 0x0b, 0x31, 0x1f, 0x00, 0x00, 0x1f, 0x87,
  0x13, 0x00, 0x00, 0x15, 0xd2, 0x06, 0x00, 0x00, 0x15, 0x87, 0x13, 0x00,
  0x00, 0x15, 0x23, 0x14, 0x00, 0x00, 0x00, 0x0b, 0x4b, 0x1f, 0x00, 0x00,
  0x1f, 0x57, 0x14, 0x00, 0x00, 0x15, 0xd2, 0x06, 0x00, 0x00, 0x15, 0x87,
  0x13, 0x00, 0x00, 0x15, 0x23, 0x14, 0x00, 0x00, 0x00, 0x0b, 0x65, 0x1f,
  0x00, 0x00, 0x1f, 0x9c, 0x13, 0x00, 0x00, 0x15, 0xd2, 0x06, 0x00, 0x00,
  0x15, 0x87, 0x13, 0x00, 0x00, 0x15, 0x23, 0x14, 0x00, 0x00, 0x00, 0x0b,
  0x7f, 0x1f, 0x00, 0x00, 0x1f, 0xb1, 0x16, 0x00, 0x00, 0x15, 0xd2, 0x06,
  0x00, 0x00, 0x15, 0x87, 0x13, 0x00, 0x00, 0x15, 0x23, 0x14, 0x00, 0x00,
  0x00, 0x0b, 0x99, 0x1f, 0x00, 0x00, 0x1f, 0xd9, 0x16, 0x00, 0x00, 0x15,
  0xd2, 0x06, 0x00, 0x00, 0x15, 0x87, 0x13, 0x00, 0x00, 0x15, 0x23, 0x14,
  0x00, 0x00, 0x00, 0x0b, 0xb3, 0x1f, 0x00, 0x00, 0x1f, 0xb1, 0x06, 0x00,
  0x00, 0x15, 0xd2, 0x06, 0x00, 0x00, 0x15, 0x87, 0x13, 0x00, 0x00, 0x15,
  0x23, 0x14, 0x00, 0x00, 0x00, 0x0b, 0xcd, 0x1f, 0x00, 0x00, 0x1f, 0x01,
  0x17, 0x00, 0x00, 0x15, 0xd2, 0x06, 0x00, 0x00, 0x15, 0x87, 0x13, 0x00,
  0x00, 0x15, 0x23, 0x14, 0x00, 0x00, 0x00, 0x0b, 0xe7, 0x1f, 0x00, 0x00,
  0x1f, 0x29, 0x17, 0x00, 0x00, 0x15, 0xd2, 0x06, 0x00, 0x00, 0x15, 0x87,
  0x13, 0x00, 0x00, 0x15, 0x23, 0x14, 0x00, 0x00, 0x00, 0x0b, 0x01, 0x20,
  0x00, 0x00, 0x1f, 0x3b, 0x17, 0x00, 0x00, 0x15, 0xd2, 0x06, 0x00, 0x00,
  0x15, 0x87, 0x13, 0x00, 0x00, 0x15, 0x23, 0x14, 0x00, 0x00, 0x00, 0x0b,
  0x1b, 0x20, 0x00, 0x00, 0x21, 0x15, 0xd2, 0x06, 0x00, 0x00, 0x15, 0x87,
  0x13, 0x00, 0x00, 0x15, 0x23, 0x14, 0x00, 0x00, 0x15, 0x87, 0x13, 0x00,
  0x00, 0x00, 0x0b, 0x36, 0x20, 0x00, 0x00, 0x21, 0x15, 0xd2, 0x06, 0x00,
  0x00, 0x15, 0x87, 0x13, 0x00, 0x00, 0x15, 0x23, 0x14, 0x00, 0x00, 0x15,
  0x57, 0x14, 0x00, 0x00, 0x00, 0x0b, 0x51, 0x20, 0x00, 0x00, 0x21, 0x15,
  0xd2, 0x06, 0x00, 0x00, 0x15, 0x87, 0x13, 0x00, 0x00, 0x15, 0x23, 0x14,
  0x00, 0x00, 0x15, 0x9c, 0x13, 0x00, 0x00, 0x00, 0x0b, 0x6c, 0x20, 0x00,
  0x00, 0x21, 0x15, 0xd2, 0x06, 0x00, 0x00, 0x15, 0x87, 0x13, 0x00, 0x00,
  0x15, 0x23, 0x14, 0x00, 0x00, 0x15, 0xb1, 0x16, 0x00, 0x00, 0x00, 0x0b,
  0x87, 0x20, 0x00, 0x00, 0x21, 0x15, 0xd2, 0x06, 0x00, 0x00, 0x15, 0x87,
  0x13, 0x00, 0x00, 0x15, 0x23, 0x14, 0x00, 0x00, 0x15, 0xd9, 0x16, 0x00,
  0x00, 0x00, 0x0b, 0xa2, 0x20, 0x00, 0x00, 0x21, 0x15, 0xd2, 0x06, 0x00,
  0x00, 0x15, 0x87, 0x13, 0x00, 0x00, 0x15, 0x23, 0x14, 0x00, 0x00, 0x15,
  0xb1, 0x06, 0x00, 0x00, 0x00, 0x0b, 0xbd, 0x20, 0x00, 0x00, 0x21, 0x15,
  0xd2, 0x06, 0x00, 0x00, 0x15, 0x87, 0x13, 0x00, 0x00, 0x15, 0x23, 0x14,
  0x00, 0x00, 0x15, 0x01, 0x17, 0x00, 0x00, 0x00, 0x0b, 0xd8, 0x20, 0x00,
  0x00, 0x21, 0x15, 0xd2, 0x06, 0x00, 0x00, 0x15, 0x87, 0x13, 0x00, 0x00,
  0x15, 0x23, 0x14, 0x00, 0x00, 0x15, 0x29, 0x17, 0x00, 0x00, 0x00, 0x0b,
  0xf3, 0x20, 0x00, 0x00, 0x21, 0x15, 0xd2, 0x06, 0x00, 0x00, 0x15, 0x87,
  0x13, 0x00, 0x00, 0x15, 0x23, 0x14, 0x00, 0x00, 0x15, 0x3b, 0x17, 0x00,
  0x00, 0x00, 0x0b, 0x0e, 0x21, 0x00, 0x00, 0x1f, 0x57, 0x14, 0x00, 0x00,
  0x15, 0xd2, 0x06, 0x00, 0x00, 0x15, 0x7c, 0x13, 0x00, 0x00, 0x15, 0xf9,
  0x13, 0x00, 0x00, 0x16, 0x00, 0x0b, 0x29, 0x21, 0x00, 0x00, 0x1f, 0x57,
  0x14, 0x00, 0x00, 0x15, 0xd2, 0x06, 0x00, 0x00, 0x15, 0x7c, 0x13, 0x00,
  0x00, 0x15, 0xf9, 0x13, 0x00, 0x00, 0x15, 0xbb, 0x15, 0x00, 0x00, 0x00,
  0x0b, 0x48, 0x21, 0x00, 0x00, 0x1f, 0x57, 0x14, 0x00, 0x00, 0x15, 0xd2,
  0x06, 0x00, 0x00, 0x15, 0x7c, 0x13, 0x00, 0x00, 0x15, 0xf9, 0x13, 0x00,
  0x00, 0x15, 0x27, 0x16, 0x00, 0x00, 0x00, 0x0b, 0x67, 0x21, 0x00, 0x00,
  0x1f, 0x9c, 0x13, 0x00, 0x00, 0x15, 0xd2, 0x06, 0x00, 0x00, 0x15, 0x7c,
  0x13, 0x00, 0x00, 0x15, 0xf9, 0x13, 0x00, 0x00, 0x16, 0x00, 0x0b, 0x82,
  0x21, 0x00, 0x00, 0x1f, 0x9c, 0x13, 0x00, 0x00, 0x15, 0xd2, 0x06, 0x00,
  0x00, 0x15, 0x7c, 0x13, 0x00, 0x00, 0x15, 0xf9, 0x13, 0x00, 0x00, 0x15,
  0xbb, 0x15, 0x00, 0x00, 0x00, 0x0b, 0xa1, 0x21, 0x00, 0x00, 0x1f, 0x9c,
  0x13, 0x00, 0x00, 0x15, 0xd2, 0x06, 0x00, 0x00, 0x15, 0x7c, 0x13, 0x00,
  0x00, 0x15, 0xf9, 0x13, 0x00, 0x00, 0x15, 0x27, 0x16, 0x00, 0x00, 0x00,
  0x0b, 0xc0, 0x21, 0x00, 0x00, 0x1f, 0xb1, 0x16, 0x00, 0x00, 0x15, 0xd2,
  0x06, 0x00, 0x00, 0x15, 0x7c, 0x13, 0x00, 0x00, 0x15, 0xf9, 0x13, 0x00,
  0x00, 0x16, 0x00, 0x0b, 0xdb, 0x21, 0x00, 0x00, 0x1f, 0xb1, 0x16, 0x00,
  0x00, 0x15, 0xd2, 0x06, 0x00, 0x00, 0x15, 0x7c, 0x13, 0x00, 0x00, 0x15,
  0xf9, 0x13, 0x00, 0x00, 0x15, 0xbb, 0x15, 0x00, 0x00, 0x00, 0x0b, 0xfa,
  0x21, 0x00, 0x00, 0x1f, 0xb1, 0x16, 0x00, 0x00, 0x15, 0xd2, 0x06, 0x00,
  0x00, 0x15, 0x7c, 0x13, 0x00, 0x00, 0x15, 0xf9, 0x13, 0x00, 0x00, 0x15,
  0x27, 0x16, 0x00, 0x00, 0x00, 0x0b, 0x19, 0x22, 0x00, 0x00, 0x1f, 0xd9,
  0x16, 0x00, 0x00, 0x15, 0xd2, 0x06, 0x00, 0x00, 0x15, 0x7c, 0x13, 0x00,
  0x00, 0x15, 0xf9, 0x13, 0x00, 0x00, 0x16, 0x00, 0x0b, 0x34, 0x22, 0x00,
  0x00, 0x1f, 0xd9, 0x16, 0x00, 0x00, 0x15, 0xd2, 0x06, 0x00, 0x00, 0x15,
  0x7c, 0x13, 0x00, 0x00, 0x15, 0xf9, 0x13, 0x00, 0x00, 0x15, 0xbb, 0x15,
  0x00, 0x00, 0x00, 0x0b, 0x53, 0x22, 0x00, 0x00, 0x1f, 0xd9, 0x16, 0x00,
  0x00, 0x15, 0xd2, 0x06, 0x00, 0x00, 0x15, 0x7c, 0x13, 0x00, 0x00, 0x15,
  0xf9, 0x13, 0x00, 0x00, 0x15, 0x27, 0x16, 0x00, 0x00, 0x00, 0x0b, 0x72,
  0x22, 0x00, 0x00, 0x1f, 0xb1, 0x06, 0x00, 0x00, 0x15, 0xd2, 0x06, 0x00,
  0x00, 0x15, 0x7c, 0x13, 0x00, 0x00, 0x15, 0xf9, 0x13, 0x00, 0x00, 0x16,
  0x00, 0x0b, 0x8d, 0x22, 0x00, 0x00, 0x1f, 0xb1, 0x06, 0x00, 0x00, 0x15,
  0xd2, 0x06, 0x00, 0x00, 0x15, 0x7c, 0x13, 0x00, 0x00, 0x15, 0xf9, 0x13,
  0x00, 0x00, 0x15, 0xbb, 0x15, 0x00, 0x00, 0x00, 0x0b, 0xac, 0x22, 0x00,
  0x00, 0x1f, 0xb1, 0x06, 0x00, 0x00, 0x15, 0xd2, 0x06, 0x00, 0x00, 0x15,
  0x7c, 0x13, 0x00, 0x00, 0x15, 0xf9, 0x13, 0x00, 0x00, 0x15, 0x27, 0x16,
  0x00, 0x00, 0x00, 0x0b, 0xcb, 0x22, 0x00, 0x00, 0x1f, 0x01, 0x17, 0x00,
  0x00, 0x15, 0xd2, 0x06, 0x00, 0x00, 0x15, 0x7c, 0x13, 0x00, 0x00, 0x15,
  0xf9, 0x13, 0x00, 0x00, 0x16, 0x00, 0x0b, 0xe6, 0x22, 0x00, 0x00, 0x1f,
  0x01, 0x17, 0x00, 0x00, 0x15, 0xd2, 0x06, 0x00, 0x00, 0x15, 0x7c, 0x13,
  0x00, 0x00, 0x15, 0xf9, 0x13, 0x00, 0x00, 0x15, 0xbb, 0x15, 0x00, 0x00,
  0x00, 0x0b, 0x05, 0x23, 0x00, 0x00, 0x1f, 0x01, 0x17, 0x00, 0x00, 0x15,
  0xd2, 0x06, 0x00, 0x00, 0x15, 0x7c, 0x13, 0x00, 0x00, 0x15, 0xf9, 0x13,
  0x00, 0x00, 0x15, 0x27, 0x16, 0x00, 0x00, 0x00, 0x0b, 0x24, 0x23, 0x00,
  0x00, 0x1f, 0x29, 0x17, 0x00, 0x00, 0x15, 0xd2, 0x06, 0x00, 0x00, 0x15,
  0x7c, 0x13, 0x00, 0x00, 0x15, 0xf9, 0x13, 0x00, 0x00, 0x16, 0x00, 0x0b,
  0x3f, 0x23, 0x00, 0x00, 0x1f, 0x29, 0x17, 0x00, 0x00, 0x15, 0xd2, 0x06,
  0x00, 0x00, 0x15, 0x7c, 0x13, 0x00, 0x00, 0x15, 0xf9, 0x13, 0x00, 0x00,
  0x15, 0xbb, 0x15, 0x00, 0x00, 0x00, 0x0b, 0x5e, 0x23, 0x00, 0x00, 0x1f,
  0x29, 0x17, 0x00, 0x00, 0x15, 0xd2, 0x06, 0x00, 0x00, 0x15, 0x7c, 0x13,
  0x00, 0x00, 0x15, 0xf9, 0x13, 0x00, 0x00, 0x15, 0x27, 0x16, 0x00, 0x00,
  0x00, 0x0b, 0x7d, 0x23, 0x00, 0x00, 0x1f, 0x3b, 0x17, 0x00, 0x00, 0x15,
  0xd2, 0x06, 0x00, 0x00, 0x15, 0x7c, 0x13, 0x00, 0x00, 0x15, 0xf9, 0x13,
  0x00, 0x00, 0x16, 0x00, 0x0b, 0x98, 0x23, 0x00, 0x00, 0x1f, 0x3b, 0x17,
  0x00, 0x00, 0x15, 0xd2, 0x06, 0x00, 0x00, 0x15, 0x7c, 0x13, 0x00, 0x00,
  0x15, 0xf9, 0x13, 0x00, 0x00, 0x15, 0xbb, 0x15, 0x00, 0x00, 0x00, 0x0b,
  0xb7, 0x23, 0x00, 0x00, 0x1f, 0x3b, 0x17, 0x00, 0x00, 0x15, 0xd2, 0x06,
  0x00, 0x00, 0x15, 0x7c, 0x13, 0x00, 0x00, 0x15, 0xf9, 0x13, 0x00, 0x00,
  0x15, 0x27, 0x16, 0x00, 0x00, 0x00, 0x0b, 0xd6, 0x23, 0x00, 0x00, 0x21,
  0x15, 0xd2, 0x06, 0x00, 0x00, 0x15, 0x7c, 0x13, 0x00, 0x00, 0x15, 0xf9,
  0x13, 0x00, 0x00, 0x16, 0x00, 0x0b, 0xed, 0x23, 0x00, 0x00, 0x21, 0x15,
  0xd2, 0x06, 0x00, 0x00, 0x15, 0x7c, 0x13, 0x00, 0x00, 0x15, 0xf9, 0x13,
  0x00, 0x00, 0x15, 0xbb, 0x15, 0x00, 0x00, 0x00, 0x0b, 0x08, 0x24, 0x00,
  0x00, 0x21, 0x15, 0xd2, 0x06, 0x00, 0x00, 0x15, 0x7c, 0x13, 0x00, 0x00,
  0x15, 0xf9, 0x13, 0x00, 0x00, 0x15, 0x27, 0x16, 0x00, 0x00, 0x00, 0x0b,
  0x23, 0x24, 0x00, 0x00, 0x1f, 0x87, 0x13, 0x00, 0x00, 0x15, 0xd2, 0x06,
  0x00, 0x00, 0x15, 0x7c, 0x13, 0x00, 0x00, 0x15, 0x23, 0x14, 0x00, 0x00,
  0x00, 0x0b, 0x3d, 0x24, 0x00, 0x00, 0x1f, 0x57, 0x14, 0x00, 0x00, 0x15,
  0xd2, 0x06, 0x00, 0x00, 0x15, 0x7c, 0x13, 0x00, 0x00, 0x15, 0x23, 0x14,
  0x00, 0x00, 0x00, 0x0b, 0x57, 0x24, 0x00, 0x00, 0x1f, 0x9c, 0x13, 0x00,
  0x00, 0x15, 0xd2, 0x06, 0x00, 0x00, 0x15, 0x7c, 0x13, 0x00, 0x00, 0x15,
  0x23, 0x14, 0x00, 0x00, 0x00, 0x0b, 0x71, 0x24, 0x00, 0x00, 0x1f, 0xb1,
  0x16, 0x00, 0x00, 0x15, 0xd2, 0x06, 0x00, 0x00, 0x15, 0x7c, 0x13, 0x00,
  0x00, 0x15, 0x23, 0x14, 0x00, 0x00, 0x00, 0x0b, 0x8b, 0x24, 0x00, 0x00,
  0x1f, 0xd9, 0x16, 0x00, 0x00, 0x15, 0xd2, 0x06, 0x00, 0x00, 0x15, 0x7c,
  0x13, 0x00, 0x00, 0x15, 0x23, 0x14, 0x00, 0x00, 0x00, 0x0b, 0xa5, 0x24,
  0x00, 0x00, 0x1f, 0xb1, 0x06, 0x00, 0x00, 0x15, 0xd2, 0x06, 0x00, 0x00,
  0x15, 0x7c, 0x13, 0x00, 0x00, 0x15, 0x23, 0x14, 0x00, 0x00, 0x00, 0x0b,
  0xbf, 0x24, 0x00, 0x00, 0x1f, 0x01, 0x17, 0x00, 0x00, 0x15, 0xd2, 0x06,
  0x00, 0x00, 0x15, 0x7c, 0x13, 0x00, 0x00, 0x15, 0x23, 0x14, 0x00, 0x00,
  0x00, 0x0b, 0xd9, 0x24, 0x00, 0x00, 0x1f, 0x29, 0x17, 0x00, 0x00, 0x15,
  0xd2, 0x06, 0x00, 0x00, 0x15, 0x7c, 0x13, 0x00, 0x00, 0x15, 0x23, 0x14,
  0x00, 0x00, 0x00, 0x0b, 0xf3, 0x24, 0x00, 0x00, 0x1f, 0x3b, 0x17, 0x00,
  0x00, 0x15, 0xd2, 0x06, 0x00, 0x00, 0x15, 0x7c, 0x13, 0x00, 0x00, 0x15,
  0x23, 0x14, 0x00, 0x00, 0x00, 0x0b, 0x0d, 0x25, 0x00, 0x00, 0x21, 0x15,
  0xd2, 0x06, 0x00, 0x00, 0x15, 0x7c, 0x13, 0x00, 0x00, 0x15, 0x23, 0x14,
  0x00, 0x00, 0x15, 0x87, 0x13, 0x00, 0x00, 0x00, 0x0b, 0x28, 0x25, 0x00,
  0x00, 0x21, 0x15, 0xd2, 0x06, 0x00, 0x00, 0x15, 0x7c, 0x13, 0x00, 0x00,
  0x15, 0x23, 0x14, 0x00, 0x00, 0x15, 0x57, 0x14, 0x00, 0x00, 0x00, 0x0b,
  0x43, 0x25, 0x00, 0x00, 0x21, 0x15, 0xd2, 0x06, 0x00, 0x00, 0x15, 0x7c,
  0x13, 0x00, 0x00, 0x15, 0x23, 0x14, 0x00, 0x00, 0x15, 0x9c, 0x13, 0x00,
  0x00, 0x00, 0x0b, 0x5e, 0x25, 0x00, 0x00, 0x21, 0x15, 0xd2, 0x06, 0x00,
  0x00, 0x15, 0x7c, 0x13, 0x00, 0x00, 0x15, 0x23, 0x14, 0x00, 0x00, 0x15,
  0xb1, 0x16, 0x00, 0x00, 0x00, 0x0b, 0x79, 0x25, 0x00, 0x00, 0x21, 0x15,
  0xd2, 0x06, 0x00, 0x00, 0x15, 0x7c, 0x13, 0x00, 0x00, 0x15, 0x23, 0x14,
  0x00, 0x00, 0x15, 0xd9, 0x16, 0x00, 0x00, 0x00, 0x0b, 0x94, 0x25, 0x00,
  0x00, 0x21, 0x15, 0xd2, 0x06, 0x00, 0x00, 0x15, 0x7c, 0x13, 0x00, 0x00,
  0x15, 0x23, 0x14, 0x00, 0x00, 0x15, 0xb1, 0x06, 0x00, 0x00, 0x00, 0x0b,
  0xaf, 0x25, 0x00, 0x00, 0x21, 0x15, 0xd2, 0x06, 0x00, 0x00, 0x15, 0x7c,
  0x13, 0x00, 0x00, 0x15, 0x23, 0x14, 0x00, 0x00, 0x15, 0x01, 0x17, 0x00,
  0x00, 0x00, 0x0b, 0xca, 0x25, 0x00, 0x00, 0x21, 0x15, 0xd2, 0x06, 0x00,
  0x00, 0x15, 0x7c, 0x13, 0x00, 0x00, 0x15, 0x23, 0x14, 0x00, 0x00, 0x15,
  0x29, 0x17, 0x00, 0x00, 0x00, 0x0b, 0xe5, 0x25, 0x00, 0x00, 0x21, 0x15,
  0xd2, 0x06, 0x00, 0x00, 0x15, 0x7c, 0x13, 0x00, 0x00, 0x15, 0x23, 0x14,
  0x00, 0x00, 0x15, 0x3b, 0x17, 0x00, 0x00, 0x00, 0x0b, 0x00, 0x26, 0x00,
  0x00, 0x1f, 0x15, 0x26, 0x00, 0x00, 0x15, 0xd2, 0x06, 0x00, 0x00, 0x15,
  0x20, 0x26, 0x00, 0x00, 0x15, 0xc4, 0x13, 0x00, 0x00, 0x00, 0x0a, 0x87,
  0x13, 0x00, 0x00, 0x79, 0x10, 0x00, 0x00, 0x02, 0x55, 0x0b, 0x25, 0x26,
  0x00, 0x00, 0x0c, 0xb1, 0x16, 0x00, 0x00, 0x0b, 0x2f, 0x26, 0x00, 0x00,
  0x1f, 0xc4, 0x13, 0x00, 0x00, 0x15, 0xd2, 0x06, 0x00, 0x00, 0x15, 0x15,
  0x26, 0x00, 0x00, 0x00, 0x0b, 0x44, 0x26, 0x00, 0x00, 0x1f, 0x20, 0x26,
  0x00, 0x00, 0x15, 0xd2, 0x06, 0x00, 0x00, 0x15, 0x15, 0x26, 0x00, 0x00,
  0x15, 0x59, 0x26, 0x00, 0x00, 0x00, 0x0b, 0x57, 0x14, 0x00, 0x00, 0x0b,
  0x63, 0x26, 0x00, 0x00, 0x21, 0x15, 0xd2, 0x06, 0x00, 0x00, 0x15, 0x15,
  0x26, 0x00, 0x00, 0x15, 0x20, 0x26, 0x00, 0x00, 0x00, 0x0b, 0x79, 0x26,
  0x00, 0x00, 0x1f, 0x15, 0x26, 0x00, 0x00, 0x15, 0xd2, 0x06, 0x00, 0x00,
  0x15, 0x3a, 0x04, 0x00, 0x00, 0x00, 0x0b, 0x8e, 0x26, 0x00, 0x00, 0x1f,
  0x3a, 0x04, 0x00, 0x00, 0x15, 0xd2, 0x06, 0x00, 0x00, 0x15, 0x15, 0x26,
  0x00, 0x00, 0x15, 0x59, 0x26, 0x00, 0x00, 0x00, 0x0b, 0xa8, 0x26, 0x00,
  0x00, 0x21, 0x15, 0xd2, 0x06, 0x00, 0x00, 0x15, 0x15, 0x26, 0x00, 0x00,
  0x15, 0x3a, 0x04, 0x00, 0x00, 0x00, 0x0b, 0xbe, 0x26, 0x00, 0x00, 0x1f,
  0xc4, 0x13, 0x00, 0x00, 0x15, 0xd2, 0x06, 0x00, 0x00, 0x15, 0xce, 0x26,
  0x00, 0x00, 0x00, 0x0a, 0x87, 0x13, 0x00, 0x00, 0x40, 0x1f, 0x00, 0x00,
  0x02, 0x56, 0x0b, 0xde, 0x26, 0x00, 0x00, 0x1f, 0xf8, 0x26, 0x00, 0x00,
  0x15, 0xd2, 0x06, 0x00, 0x00, 0x15, 0xc4, 0x13, 0x00, 0x00, 0x15, 0x7c,
  0x13, 0x00, 0x00, 0x15, 0x87, 0x13, 0x00, 0x00, 0x00, 0x0a, 0xce, 0x26,
  0x00, 0x00, 0x84, 0x00, 0x00, 0x00, 0x02, 0x57, 0x0b, 0x08, 0x27, 0x00,
  0x00, 0x1f, 0x87, 0x13, 0x00, 0x00, 0x15, 0xd2, 0x06, 0x00, 0x00, 0x15,
  0xf8, 0x26, 0x00, 0x00, 0x15, 0xc4, 0x13, 0x00, 0x00, 0x00, 0x0b, 0x22,
  0x27, 0x00, 0x00, 0x21, 0x15, 0xd2, 0x06, 0x00, 0x00, 0x15, 0xf8, 0x26,
  0x00, 0x00, 0x15, 0xc4, 0x13, 0x00, 0x00, 0x15, 0x87, 0x13, 0x00, 0x00,
  0x00, 0x0b, 0x3d, 0x27, 0x00, 0x00, 0x1f, 0x4d, 0x27, 0x00, 0x00, 0x15,
  0xd2, 0x06, 0x00, 0x00, 0x15, 0xc4, 0x13, 0x00, 0x00, 0x00, 0x0a, 0xce,
  0x26, 0x00, 0x00, 0xbb, 0x02, 0x00, 0x00, 0x02, 0x58, 0x0b, 0x5d, 0x27,
  0x00, 0x00, 0x1f, 0x6d, 0x27, 0x00, 0x00, 0x15, 0xd2, 0x06, 0x00, 0x00,
  0x15, 0xc4, 0x13, 0x00, 0x00, 0x00, 0x0a, 0xce, 0x26, 0x00, 0x00, 0xbe,
  0x1a, 0x00, 0x00, 0x02, 0x59, 0x0b, 0x7d, 0x27, 0x00, 0x00, 0x1f, 0x8d,
  0x27, 0x00, 0x00, 0x15, 0xd2, 0x06, 0x00, 0x00, 0x15, 0xc4, 0x13, 0x00,
  0x00, 0x00, 0x0a, 0xce, 0x26, 0x00, 0x00, 0xe2, 0x24, 0x00, 0x00, 0x02,
  0x5a, 0x0b, 0x9d, 0x27, 0x00, 0x00, 0x1f, 0xad, 0x27, 0x00, 0x00, 0x15,
  0xd2, 0x06, 0x00, 0x00, 0x15, 0xc4, 0x13, 0x00, 0x00, 0x00, 0x0a, 0xce,
  0x26, 0x00, 0x00, 0xb4, 0x1c, 0x00, 0x00, 0x02, 0x5b, 0x0b, 0xbd, 0x27,
  0x00, 0x00, 0x1f, 0xcd, 0x27, 0x00, 0x00, 0x15, 0xd2, 0x06, 0x00, 0x00,
  0x15, 0xc4, 0x13, 0x00, 0x00, 0x00, 0x0a, 0xce, 0x26, 0x00, 0x00, 0x54,
  0x19, 0x00, 0x00, 0x02, 0x5c, 0x0b, 0xdd, 0x27, 0x00, 0x00, 0x1f, 0xed,
  0x27, 0x00, 0x00, 0x15, 0xd2, 0x06, 0x00, 0x00, 0x15, 0xc4, 0x13, 0x00,
  0x00, 0x00, 0x0a, 0xce, 0x26, 0x00, 0x00, 0xbc, 0x1b, 0x00, 0x00, 0x02,
  0x5d, 0x0b, 0xfd, 0x27, 0x00, 0x00, 0x1f, 0x0d, 0x28, 0x00, 0x00, 0x15,
  0xd2, 0x06, 0x00, 0x00, 0x15, 0xc4, 0x13, 0x00, 0x00, 0x00, 0x0a, 0xce,
  0x26, 0x00, 0x00, 0xa1, 0x00, 0x00, 0x00, 0x02, 0x5e, 0x0b, 0x1d, 0x28,
  0x00, 0x00, 0x1f, 0x2d, 0x28, 0x00, 0x00, 0x15, 0xd2, 0x06, 0x00, 0x00,
  0x15, 0xc4, 0x13, 0x00, 0x00, 0x00, 0x0a, 0xce, 0x26, 0x00, 0x00, 0x15,
  0x21, 0x00, 0x00, 0x02, 0x5f, 0x0b, 0x3d, 0x28, 0x00, 0x00, 0x1f, 0x59,
  0x26, 0x00, 0x00, 0x15, 0xd2, 0x06, 0x00, 0x00, 0x15, 0x4d, 0x27, 0x00,
  0x00, 0x15, 0x59, 0x26, 0x00, 0x00, 0x00, 0x0b, 0x57, 0x28, 0x00, 0x00,
  0x1f, 0x6c, 0x28, 0x00, 0x00, 0x15, 0xd2, 0x06, 0x00, 0x00, 0x15, 0x6d,
  0x27, 0x00, 0x00, 0x15, 0x59, 0x26, 0x00, 0x00, 0x00, 0x0b, 0x9c, 0x13,
  0x00, 0x00, 0x0b, 0x76, 0x28, 0x00, 0x00, 0x1f, 0x8b, 0x28, 0x00, 0x00,
  0x15, 0xd2, 0x06, 0x00, 0x00, 0x15, 0x8d, 0x27, 0x00, 0x00, 0x15, 0x59,
  0x26, 0x00, 0x00, 0x00, 0x0b, 0xb1, 0x16, 0x00, 0x00, 0x0b, 0x95, 0x28,
  0x00, 0x00, 0x1f, 0xaa, 0x28, 0x00, 0x00, 0x15, 0xd2, 0x06, 0x00, 0x00,
  0x15, 0xad, 0x27, 0x00, 0x00, 0x15, 0x59, 0x26, 0x00, 0x00, 0x00, 0x0b,
  0xd9, 0x16, 0x00, 0x00, 0x0b, 0xb4, 0x28, 0x00, 0x00, 0x1f, 0xc9, 0x28,
  0x00, 0x00, 0x15, 0xd2, 0x06, 0x00, 0x00, 0x15, 0xcd, 0x27, 0x00, 0x00,
  0x15, 0x59, 0x26, 0x00, 0x00, 0x00, 0x0b, 0xb1, 0x06, 0x00, 0x00, 0x0b,
  0xd3, 0x28, 0x00, 0x00, 0x1f, 0xe8, 0x28, 0x00, 0x00, 0x15, 0xd2, 0x06,
  0x00, 0x00, 0x15, 0xed, 0x27, 0x00, 0x00, 0x15, 0x59, 0x26, 0x00, 0x00,
  0x00, 0x0b, 0x01, 0x17, 0x00, 0x00, 0x0b, 0xf2, 0x28, 0x00, 0x00, 0x1f,
  0x07, 0x29, 0x00, 0x00, 0x15, 0xd2, 0x06, 0x00, 0x00, 0x15, 0x0d, 0x28,
  0x00, 0x00, 0x15, 0x59, 0x26, 0x00, 0x00, 0x00, 0x0b, 0x29, 0x17, 0x00,
  0x00, 0x0b, 0x11, 0x29, 0x00, 0x00, 0x1f, 0x26, 0x29, 0x00, 0x00, 0x15,
  0xd2, 0x06, 0x00, 0x00, 0x15, 0x2d, 0x28, 0x00, 0x00, 0x15, 0x59, 0x26,
  0x00, 0x00, 0x00, 0x0b, 0x3b, 0x17, 0x00, 0x00, 0x0b, 0x30, 0x29, 0x00,
  0x00, 0x21, 0x15, 0xd2, 0x06, 0x00, 0x00, 0x15, 0x4d, 0x27, 0x00, 0x00,
  0x15, 0x59, 0x26, 0x00, 0x00, 0x15, 0xb1, 0x06, 0x00, 0x00, 0x00, 0x0b,
  0x4b, 0x29, 0x00, 0x00, 0x21, 0x15, 0xd2, 0x06, 0x00, 0x00, 0x15, 0x6d,
  0x27, 0x00, 0x00, 0x15, 0x6c, 0x28, 0x00, 0x00, 0x15, 0xb1, 0x06, 0x00,
  0x00, 0x00, 0x0b, 0x66, 0x29, 0x00, 0x00, 0x21, 0x15, 0xd2, 0x06, 0x00,
  0x00, 0x15, 0x8d, 0x27, 0x00, 0x00, 0x15, 0x8b, 0x28, 0x00, 0x00, 0x15,
  0xb1, 0x06, 0x00, 0x00, 0x00, 0x0b, 0x81, 0x29, 0x00, 0x00, 0x21, 0x15,
  0xd2, 0x06, 0x00, 0x00, 0x15, 0xad, 0x27, 0x00, 0x00, 0x15, 0xaa, 0x28,
  0x00, 0x00, 0x15, 0xb1, 0x06, 0x00, 0x00, 0x00, 0x0b, 0x9c, 0x29, 0x00,
  0x00, 0x21, 0x15, 0xd2, 0x06, 0x00, 0x00, 0x15, 0xcd, 0x27, 0x00, 0x00,
  0x15, 0xc9, 0x28, 0x00, 0x00, 0x15, 0xb1, 0x06, 0x00, 0x00, 0x00, 0x0b,
  0xb7, 0x29, 0x00, 0x00, 0x21, 0x15, 0xd2, 0x06, 0x00, 0x00, 0x15, 0xed,
  0x27, 0x00, 0x00, 0x15, 0xe8, 0x28, 0x00, 0x00, 0x15, 0xb1, 0x06, 0x00,
  0x00, 0x00, 0x0b, 0xd2, 0x29, 0x00, 0x00, 0x21, 0x15, 0xd2, 0x06, 0x00,
  0x00, 0x15, 0x0d, 0x28, 0x00, 0x00, 0x15, 0x07, 0x29, 0x00, 0x00, 0x15,
  0xb1, 0x06, 0x00, 0x00, 0x00, 0x0b, 0xed, 0x29, 0x00, 0x00, 0x21, 0x15,
  0xd2, 0x06, 0x00, 0x00, 0x15, 0x2d, 0x28, 0x00, 0x00, 0x15, 0x26, 0x29,
  0x00, 0x00, 0x15, 0xb1, 0x06, 0x00, 0x00, 0x00, 0x0b, 0x08, 0x2a, 0x00,
  0x00, 0x21, 0x15, 0xd2, 0x06, 0x00, 0x00, 0x15, 0x4d, 0x27, 0x00, 0x00,
  0x15, 0xc4, 0x13, 0x00, 0x00, 0x15, 0xc4, 0x13, 0x00, 0x00, 0x15, 0x59,
  0x26, 0x00, 0x00, 0x00, 0x0b, 0x28, 0x2a, 0x00, 0x00, 0x21, 0x15, 0xd2,
  0x06, 0x00, 0x00, 0x15, 0x6d, 0x27, 0x00, 0x00, 0x15, 0xc4, 0x13, 0x00,
  0x00, 0x15, 0xc4, 0x13, 0x00, 0x00, 0x15, 0x6c, 0x28, 0x00, 0x00, 0x00,
  0x0b, 0x48, 0x2a, 0x00, 0x00, 0x21, 0x15, 0xd2, 0x06, 0x00, 0x00, 0x15,
  0x8d, 0x27, 0x00, 0x00, 0x15, 0xc4, 0x13, 0x00, 0x00, 0x15, 0xc4, 0x13,
  0x00, 0x00, 0x15, 0x8b, 0x28, 0x00, 0x00, 0x00, 0x0b, 0x68, 0x2a, 0x00,
  0x00, 0x21, 0x15, 0xd2, 0x06, 0x00, 0x00, 0x15, 0xad, 0x27, 0x00, 0x00,
  0x15, 0xc4, 0x13, 0x00, 0x00, 0x15, 0xc4, 0x13, 0x00, 0x00, 0x15, 0xaa,
  0x28, 0x00, 0x00, 0x00, 0x0b, 0x88, 0x2a, 0x00, 0x00, 0x21, 0x15, 0xd2,
  0x06, 0x00, 0x00, 0x15, 0xcd, 0x27, 0x00, 0x00, 0x15, 0xc4, 0x13, 0x00,
  0x00, 0x15, 0xc4, 0x13, 0x00, 0x00, 0x15, 0xc9, 0x28, 0x00, 0x00, 0x00,
  0x0b, 0xa8, 0x2a, 0x00, 0x00, 0x21, 0x15, 0xd2, 0x06, 0x00, 0x00, 0x15,
  0xed, 0x27, 0x00, 0x00, 0x15, 0xc4, 0x13, 0x00, 0x00, 0x15, 0xc4, 0x13,
  0x00, 0x00, 0x15, 0xe8, 0x28, 0x00, 0x00, 0x00, 0x0b, 0xc8, 0x2a, 0x00,
  0x00, 0x21, 0x15, 0xd2, 0x06, 0x00, 0x00, 0x15, 0x0d, 0x28, 0x00, 0x00,
  0x15, 0xc4, 0x13, 0x00, 0x00, 0x15, 0xc4, 0x13, 0x00, 0x00, 0x15, 0x07,
  0x29, 0x00, 0x00, 0x00, 0x0b, 0xe8, 0x2a, 0x00, 0x00, 0x21, 0x15, 0xd2,
  0x06, 0x00, 0x00, 0x15, 0x2d, 0x28, 0x00, 0x00, 0x15, 0xc4, 0x13, 0x00,
  0x00, 0x15, 0xc4, 0x13, 0x00, 0x00, 0x15, 0x26, 0x29, 0x00, 0x00, 0x00,
  0x0b, 0x08, 0x2b, 0x00, 0x00, 0x21, 0x15, 0xd2, 0x06, 0x00, 0x00, 0x15,
  0x4d, 0x27, 0x00, 0x00, 0x15, 0xc4, 0x13, 0x00, 0x00, 0x15, 0xc4, 0x13,
  0x00, 0x00, 0x15, 0x23, 0x2b, 0x00, 0x00, 0x00, 0x0b, 0x28, 0x2b, 0x00,
  0x00, 0x0c, 0x57, 0x14, 0x00, 0x00, 0x0b, 0x32, 0x2b, 0x00, 0x00, 0x21,
  0x15, 0xd2, 0x06, 0x00, 0x00, 0x15, 0x6d, 0x27, 0x00, 0x00, 0x15, 0xc4,
  0x13, 0x00, 0x00, 0x15, 0xc4, 0x13, 0x00, 0x00, 0x15, 0x92, 0x13, 0x00,
  0x00, 0x00, 0x0b, 0x52, 0x2b, 0x00, 0x00, 0x21, 0x15, 0xd2, 0x06, 0x00,
  0x00, 0x15, 0x8d, 0x27, 0x00, 0x00, 0x15, 0xc4, 0x13, 0x00, 0x00, 0x15,
  0xc4, 0x13, 0x00, 0x00, 0x15, 0x20, 0x26, 0x00, 0x00, 0x00, 0x0b, 0x72,
  0x2b, 0x00, 0x00, 0x21, 0x15, 0xd2, 0x06, 0x00, 0x00, 0x15, 0xad, 0x27,
  0x00, 0x00, 0x15, 0xc4, 0x13, 0x00, 0x00, 0x15, 0xc4, 0x13, 0x00, 0x00,
  0x15, 0x8d, 0x2b, 0x00, 0x00, 0x00, 0x0b, 0x92, 0x2b, 0x00, 0x00, 0x0c,
  0xd9, 0x16, 0x00, 0x00, 0x0b, 0x9c, 0x2b, 0x00, 0x00, 0x21, 0x15, 0xd2,
  0x06, 0x00, 0x00, 0x15, 0xcd, 0x27, 0x00, 0x00, 0x15, 0xc4, 0x13, 0x00,
  0x00, 0x15, 0xc4, 0x13, 0x00, 0x00, 0x15, 0xb7, 0x2b, 0x00, 0x00, 0x00,
  0x0b, 0xbc, 0x2b, 0x00, 0x00, 0x0c, 0xb1, 0x06, 0x00, 0x00, 0x0b, 0xc6,
  0x2b, 0x00, 0x00, 0x21, 0x15, 0xd2, 0x06, 0x00, 0x00, 0x15, 0xed, 0x27,
  0x00, 0x00, 0x15, 0xc4, 0x13, 0x00, 0x00, 0x15, 0xc4, 0x13, 0x00, 0x00,
  0x15, 0xe1, 0x2b, 0x00, 0x00, 0x00, 0x0b, 0xe6, 0x2b, 0x00, 0x00, 0x0c,
  0x01, 0x17, 0x00, 0x00, 0x0b, 0xf0, 0x2b, 0x00, 0x00, 0x21, 0x15, 0xd2,
  0x06, 0x00, 0x00, 0x15, 0x0d, 0x28, 0x00, 0x00, 0x15, 0xc4, 0x13, 0x00,
  0x00, 0x15, 0xc4, 0x13, 0x00, 0x00, 0x15, 0x0b, 0x2c, 0x00, 0x00, 0x00,
  0x0b, 0x10, 0x2c, 0x00, 0x00, 0x0c, 0x29, 0x17, 0x00, 0x00, 0x0b, 0x1a,
  0x2c, 0x00, 0x00, 0x21, 0x15, 0xd2, 0x06, 0x00, 0x00, 0x15, 0x2d, 0x28,
  0x00, 0x00, 0x15, 0xc4, 0x13, 0x00, 0x00, 0x15, 0xc4, 0x13, 0x00, 0x00,
  0x15, 0x35, 0x2c, 0x00, 0x00, 0x00, 0x0b, 0x3a, 0x2c, 0x00, 0x00, 0x0c,
  0x3b, 0x17, 0x00, 0x00, 0x0b, 0x44, 0x2c, 0x00, 0x00, 0x1f, 0xb1, 0x06,
  0x00, 0x00, 0x15, 0xd2, 0x06, 0x00, 0x00, 0x15, 0x7c, 0x13, 0x00, 0x00,
  0x15, 0x5e, 0x2c, 0x00, 0x00, 0x15, 0xb1, 0x06, 0x00, 0x00, 0x00, 0x0b,
  0x63, 0x2c, 0x00, 0x00, 0x0c, 0x68, 0x2c, 0x00, 0x00, 0x0a, 0x73, 0x2c,
  0x00, 0x00, 0x1b, 0x18, 0x00, 0x00, 0x02, 0x84, 0x26, 0x18, 0x02, 0x80,
  0x1b, 0xf3, 0x1c, 0x00, 0x00, 0x3a, 0x04, 0x00, 0x00, 0x02, 0x81, 0x00,
  0x1b, 0xba, 0x04, 0x00, 0x00, 0x3a, 0x04, 0x00, 0x00, 0x02, 0x82, 0x08,
  0x1b, 0xef, 0x22, 0x00, 0x00, 0x47, 0x13, 0x00, 0x00, 0x02, 0x83, 0x10,
  0x00, 0x0b, 0xa1, 0x2c, 0x00, 0x00, 0x1f, 0xb1, 0x06, 0x00, 0x00, 0x15,
  0xd2, 0x06, 0x00, 0x00, 0x15, 0x7c, 0x13, 0x00, 0x00, 0x00, 0x0b, 0xb6,
  0x2c, 0x00, 0x00, 0x1f, 0xb1, 0x06, 0x00, 0x00, 0x15, 0xd2, 0x06, 0x00,
  0x00, 0x15, 0x87, 0x13, 0x00, 0x00, 0x00, 0x0b, 0xcb, 0x2c, 0x00, 0x00,
  0x1f, 0xb1, 0x06, 0x00, 0x00, 0x15, 0xd2, 0x06, 0x00, 0x00, 0x15, 0xdb,
  0x2c, 0x00, 0x00, 0x00, 0x0b, 0xe0, 0x2c, 0x00, 0x00, 0x0b, 0xe5, 0x2c,
  0x00, 0x00, 0x0a, 0xf0, 0x2c, 0x00, 0x00, 0x70, 0x12, 0x00, 0x00, 0x02,
  0x8f, 0x0b, 0xf5, 0x2c, 0x00, 0x00, 0x0c, 0xfa, 0x2c, 0x00, 0x00, 0x27,
  0xc7, 0x0b, 0x00, 0x00, 0x40, 0x02, 0x0c, 0x04, 0x28, 0xfc, 0x06, 0x00,
  0x00, 0x47, 0x13, 0x00, 0x00, 0x02, 0x0d, 0x04, 0x00, 0x28, 0xac, 0x11,
  0x00, 0x00, 0x47, 0x13, 0x00, 0x00, 0x02, 0x0e, 0x04, 0x08, 0x28, 0x23,
  0x13, 0x00, 0x00, 0x47, 0x13, 0x00, 0x00, 0x02, 0x0f, 0x04, 0x10, 0x28,
  0xbf, 0x03, 0x00, 0x00, 0x6c, 0x2d, 0x00, 0x00, 0x02, 0x11, 0x04, 0x18,
  0x28, 0xec, 0x0f, 0x00, 0x00, 0x7c, 0x2d, 0x00, 0x00, 0x02, 0x12, 0x04,
  0x20, 0x28, 0x0e, 0x22, 0x00, 0x00, 0x6c, 0x2d, 0x00, 0x00, 0x02, 0x13,
  0x04, 0x28, 0x28, 0xc1, 0x10, 0x00, 0x00, 0x9b, 0x2d, 0x00, 0x00, 0x02,
  0x14, 0x04, 0x30, 0x28, 0xb3, 0x0d, 0x00, 0x00, 0x7c, 0x2d, 0x00, 0x00,
  0x02, 0x15, 0x04, 0x38, 0x00, 0x0b, 0x71, 0x2d, 0x00, 0x00, 0x1f, 0xb1,
  0x06, 0x00, 0x00, 0x15, 0xe0, 0x2c, 0x00, 0x00, 0x00, 0x0b, 0x81, 0x2d,
  0x00, 0x00, 0x1f, 0xb1, 0x06, 0x00, 0x00, 0x15, 0xe0, 0x2c, 0x00, 0x00,
  0x15, 0x96, 0x2d, 0x00, 0x00, 0x15, 0x47, 0x13, 0x00, 0x00, 0x00, 0x0b,
  0xd2, 0x06, 0x00, 0x00, 0x0b, 0xa0, 0x2d, 0x00, 0x00, 0x1f, 0xb1, 0x06,
  0x00, 0x00, 0x15, 0xe0, 0x2c, 0x00, 0x00, 0x15, 0xb5, 0x2d, 0x00, 0x00,
  0x15, 0xb1, 0x06, 0x00, 0x00, 0x00, 0x0b, 0x47, 0x13, 0x00, 0x00, 0x0b,
  0xbf, 0x2d, 0x00, 0x00, 0x21, 0x15, 0xd2, 0x06, 0x00, 0x00, 0x15, 0x15,
  0x26, 0x00, 0x00, 0x15, 0xc4, 0x13, 0x00, 0x00, 0x15, 0xc4, 0x13, 0x00,
  0x00, 0x15, 0x8b, 0x28, 0x00, 0x00, 0x00, 0x0b, 0xdf, 0x2d, 0x00, 0x00,
  0x21, 0x15, 0xd2, 0x06, 0x00, 0x00, 0x15, 0x15, 0x26, 0x00, 0x00, 0x15,
  0xc4, 0x13, 0x00, 0x00, 0x15, 0xc4, 0x13, 0x00, 0x00, 0x15, 0xfa, 0x2d,
  0x00, 0x00, 0x00, 0x0b, 0x47, 0x00, 0x00, 0x00, 0x0b, 0x04, 0x2e, 0x00,
  0x00, 0x1f, 0x47, 0x13, 0x00, 0x00, 0x15, 0xd2, 0x06, 0x00, 0x00, 0x15,
  0xce, 0x26, 0x00, 0x00, 0x15, 0x59, 0x26, 0x00, 0x00, 0x00, 0x0b, 0x1e,
  0x2e, 0x00, 0x00, 0x21, 0x15, 0xd2, 0x06, 0x00, 0x00, 0x15, 0xce, 0x26,
  0x00, 0x00, 0x15, 0x47, 0x13, 0x00, 0x00, 0x15, 0xb1, 0x06, 0x00, 0x00,
  0x00, 0x0b, 0x39, 0x2e, 0x00, 0x00, 0x1f, 0x49, 0x2e, 0x00, 0x00, 0x15,
  0xd2, 0x06, 0x00, 0x00, 0x15, 0x87, 0x13, 0x00, 0x00, 0x00, 0x0a, 0x87,
  0x13, 0x00, 0x00, 0xc9, 0x02, 0x00, 0x00, 0x02, 0x61, 0x0b, 0x59, 0x2e,
  0x00, 0x00, 0x21, 0x15, 0xd2, 0x06, 0x00, 0x00, 0x15, 0x49, 0x2e, 0x00,
  0x00, 0x00, 0x0b, 0x6a, 0x2e, 0x00, 0x00, 0x1f, 0x57, 0x14, 0x00, 0x00,
  0x15, 0xd2, 0x06, 0x00, 0x00, 0x00, 0x0b, 0x7a, 0x2e, 0x00, 0x00, 0x1f,
  0x87, 0x13, 0x00, 0x00, 0x15, 0xd2, 0x06, 0x00, 0x00, 0x15, 0x47, 0x13,
  0x00, 0x00, 0x15, 0x01, 0x17, 0x00, 0x00, 0x00, 0x0b, 0x94, 0x2e, 0x00,
  0x00, 0x1f, 0x47, 0x13, 0x00, 0x00, 0x15, 0xd2, 0x06, 0x00, 0x00, 0x15,
  0x87, 0x13, 0x00, 0x00, 0x00, 0x0b, 0xa9, 0x2e, 0x00, 0x00, 0x1f, 0x01,
  0x17, 0x00, 0x00, 0x15, 0xd2, 0x06, 0x00, 0x00, 0x15, 0x87, 0x13, 0x00,
  0x00, 0x00, 0x0b, 0xbe, 0x2e, 0x00, 0x00, 0x1f, 0xce, 0x2e, 0x00, 0x00,
  0x15, 0xd2, 0x06, 0x00, 0x00, 0x15, 0x87, 0x13, 0x00, 0x00, 0x00, 0x0a,
  0x97, 0x01, 0x00, 0x00, 0x5c, 0x20, 0x00, 0x00, 0x02, 0x7e, 0x00, 0x69,
  0x06, 0x00, 0x00, 0x04, 0x00, 0x7d, 0x04, 0x00, 0x00, 0x08, 0x01, 0xfb,
  0x05, 0x00, 0x00, 0x0c, 0x00, 0x41, 0x15, 0x00, 0x00, 0xdf, 0x0d, 0x00,
  0x00, 0x29, 0x24, 0x00, 0x00, 0x00, 0x00, 0x00, 0x00, 0x00, 0x00, 0x00,
  0x00, 0x70, 0x02, 0x00, 0x00, 0x02, 0x3b, 0x00, 0x00, 0x00, 0x01, 0x11,
  0x09, 0x03, 0x8f, 0x22, 0x00, 0x00, 0x00, 0x00, 0x00, 0x00, 0x03, 0x47,
  0x00, 0x00, 0x00, 0x04, 0x4e, 0x00, 0x00, 0x00, 0x0d, 0x00, 0x05, 0xa7,
  0x12, 0x00, 0x00, 0x08, 0x01, 0x06, 0x2a, 0x1c, 0x00, 0x00, 0x08, 0x07,
  0x02, 0x66, 0x00, 0x00, 0x00, 0x01, 0x11, 0x09, 0x03, 0x0e, 0x26, 0x00,
  0x00, 0x00, 0x00, 0x00, 0x00, 0x03, 0x47, 0x00, 0x00, 0x00, 0x04, 0x4e,
  0x00, 0x00, 0x00, 0x13, 0x00, 0x02, 0x83, 0x00, 0x00, 0x00, 0x01, 0x15,
  0x09, 0x03, 0x0c, 0x20, 0x00, 0x00, 0x00, 0x00, 0x00, 0x00, 0x03, 0x47,
  0x00, 0x00, 0x00, 0x04, 0x4e, 0x00, 0x00, 0x00, 0x1f, 0x00, 0x02, 0xa0,
  0x00, 0x00, 0x00, 0x01, 0x19, 0x09, 0x03, 0x65, 0x24, 0x00, 0x00, 0x00,
  0x00, 0x00, 0x00, 0x03, 0x47, 0x00, 0x00, 0x00, 0x04, 0x4e, 0x00, 0x00,
  0x00, 0x1a, 0x00, 0x02, 0xbd, 0x00, 0x00, 0x00, 0x01, 0x1d, 0x09, 0x03,
  0x95, 0x29, 0x00, 0x00, 0x00, 0x00, 0x00, 0x00, 0x03, 0x47, 0x00, 0x00,
  0x00, 0x04, 0x4e, 0x00, 0x00, 0x00, 0x3f, 0x00, 0x02, 0xda, 0x00, 0x00,
  0x00, 0x01, 0x25, 0x09, 0x03, 0xe6, 0x21, 0x00, 0x00, 0x00, 0x00, 0x00,
  0x00, 0x03, 0x47, 0x00, 0x00, 0x00, 0x04, 0x4e, 0x00, 0x00, 0x00, 0x1c,
  0x00, 0x02, 0xf7, 0x00, 0x00, 0x00, 0x01, 0x2a, 0x09, 0x03, 0xa3, 0x25,
  0x00, 0x00, 0x00, 0x00, 0x00, 0x00, 0x03, 0x47, 0x00, 0x00, 0x00, 0x04,
  0x4e, 0x00, 0x00, 0x00, 0x2c, 0x00, 0x02, 0x14, 0x01, 0x00, 0x00, 0x01,
  0x32, 0x09, 0x03, 0x2b, 0x20, 0x00, 0x00, 0x00, 0x00, 0x00, 0x00, 0x03,
  0x47, 0x00, 0x00, 0x00, 0x04, 0x4e, 0x00, 0x00, 0x00, 0x22, 0x00, 0x02,
  0xda, 0x00, 0x00, 0x00, 0x01, 0x38, 0x09, 0x03, 0xb1, 0x24, 0x00, 0x00,
  0x00, 0x00, 0x00, 0x00, 0x02, 0x14, 0x01, 0x00, 0x00, 0x01, 0x3d, 0x09,
  0x03, 0x3a, 0x2a, 0x00, 0x00, 0x00, 0x00, 0x00, 0x00, 0x02, 0x83, 0x00,
  0x00, 0x00, 0x01, 0x44, 0x09, 0x03, 0x4d, 0x20, 0x00, 0x00, 0x00, 0x00,
  0x00, 0x00, 0x02, 0x66, 0x00, 0x00, 0x00, 0x01, 0x4b, 0x09, 0x03, 0x69,
  0x1f, 0x00, 0x00, 0x00, 0x00, 0x00, 0x00, 0x02, 0x75, 0x01, 0x00, 0x00,
  0x01, 0x50, 0x09, 0x03, 0x90, 0x1c, 0x00, 0x00, 0x00, 0x00, 0x00, 0x00,
  0x03, 0x47, 0x00, 0x00, 0x00, 0x04, 0x4e, 0x00, 0x00, 0x00, 0x19, 0x00,
  0x02, 0x92, 0x01, 0x00, 0x00, 0x01, 0x54, 0x09, 0x03, 0x3d, 0x27, 0x00,
  0x00, 0x00, 0x00, 0x00, 0x00, 0x03, 0x47, 0x00, 0x00, 0x00, 0x04, 0x4e,
  0x00, 0x00, 0x00, 0x31, 0x00, 0x02, 0x83, 0x00, 0x00, 0x00, 0x01, 0x58,
  0x09, 0x03, 0x02, 0x22, 0x00, 0x00, 0x00, 0x00, 0x00, 0x00, 0x02, 0xc0,
  0x01, 0x00, 0x00, 0x01, 0x5a, 0x09, 0x03, 0xce, 0x20, 0x00, 0x00, 0x00,
  0x00, 0x00, 0x00, 0x03, 0x47, 0x00, 0x00, 0x00, 0x04, 0x4e, 0x00, 0x00,
  0x00, 0x35, 0x00, 0x02, 0xda, 0x00, 0x00, 0x00, 0x01, 0x62, 0x09, 0x03,
  0x03, 0x21, 0x00, 0x00, 0x00, 0x00, 0x00, 0x00, 0x02, 0x14, 0x01, 0x00,
  0x00, 0x01, 0x6b, 0x09, 0x03, 0x21, 0x26, 0x00, 0x00, 0x00, 0x00, 0x00,
  0x00, 0x07, 0xe6, 0x0d, 0x00, 0x00, 0x03, 0x02, 0x00, 0x00, 0x01, 0x06,
  0x09, 0x03, 0x38, 0xa3, 0x00, 0x00, 0x00, 0x00, 0x00, 0x00, 0x08, 0x08,
  0x02, 0x00, 0x00, 0x09, 0x13, 0x02, 0x00, 0x00, 0x19, 0x08, 0x00, 0x00,
  0x02, 0x6a, 0x0a, 0x28, 0x02, 0x64, 0x0b, 0xd6, 0x06, 0x00, 0x00, 0x54,
  0x02, 0x00, 0x00, 0x02, 0x65, 0x00, 0x0b, 0x0c, 0x00, 0x00, 0x00, 0x06,
  0x03, 0x00, 0x00, 0x02, 0x66, 0x08, 0x0b, 0xb6, 0x1e, 0x00, 0x00, 0x06,
  0x03, 0x00, 0x00, 0x02, 0x67, 0x10, 0x0b, 0xbb, 0x1e, 0x00, 0x00, 0x10,
  0x03, 0x00, 0x00, 0x02, 0x68, 0x18, 0x0b, 0xb7, 0x15, 0x00, 0x00, 0x06,
  0x03, 0x00, 0x00, 0x02, 0x69, 0x20, 0x00, 0x0c, 0x59, 0x02, 0x00, 0x00,
  0x0d, 0x64, 0x02, 0x00, 0x00, 0x0e, 0x6b, 0x02, 0x00, 0x00, 0x00, 0x05,
  0xa3, 0x12, 0x00, 0x00, 0x05, 0x04, 0x0c, 0x70, 0x02, 0x00, 0x00, 0x09,
  0x7b, 0x02, 0x00, 0x00, 0x28, 0x10, 0x00, 0x00, 0x02, 0x2f, 0x0f, 0x0c,
  0x03, 0x02, 0x22, 0x0b, 0x6c, 0x22, 0x00, 0x00, 0xcc, 0x02, 0x00, 0x00,
  0x02, 0x23, 0x00, 0x0b, 0x61, 0x0e, 0x00, 0x00, 0x64, 0x02, 0x00, 0x00,
  0x02, 0x26, 0x04, 0x0b, 0x8e, 0x19, 0x00, 0x00, 0xf9, 0x02, 0x00, 0x00,
  0x02, 0x27, 0x08, 0x10, 0x59, 0x1a, 0x00, 0x00, 0xf9, 0x02, 0x00, 0x00,
  0x02, 0x2a, 0x08, 0x01, 0x10, 0xac, 0x12, 0x00, 0x00, 0xf9, 0x02, 0x00,
  0x00, 0x02, 0x2d, 0x08, 0x02, 0x10, 0xf7, 0x03, 0x00, 0x00, 0x64, 0x02,
  0x00, 0x00, 0x02, 0x2e, 0x08, 0x03, 0x00, 0x09, 0xd7, 0x02, 0x00, 0x00,
  0x52, 0x09, 0x00, 0x00, 0x02, 0x16, 0x11, 0xf2, 0x02, 0x00, 0x00, 0x04,
  0x02, 0x12, 0x12, 0x0d, 0x20, 0x00, 0x00, 0x00, 0x12, 0x44, 0x1b, 0x00,
  0x00, 0x01, 0x12, 0x96, 0x1e, 0x00, 0x00, 0x02, 0x00, 0x05, 0x4c, 0x1a,
  0x00, 0x00, 0x07, 0x04, 0x03, 0x47, 0x00, 0x00, 0x00, 0x13, 0x4e, 0x00,
  0x00, 0x00, 0x00, 0x01, 0x00, 0x0c, 0x0b, 0x03, 0x00, 0x00, 0x14, 0x64,
  0x02, 0x00, 0x00, 0x0c, 0x15, 0x03, 0x00, 0x00, 0x0d, 0x64, 0x02, 0x00,
  0x00, 0x0e, 0x25, 0x03, 0x00, 0x00, 0x0e, 0x4c, 0x03, 0x00, 0x00, 0x00,
  0x0c, 0x2a, 0x03, 0x00, 0x00, 0x08, 0x2f, 0x03, 0x00, 0x00, 0x09, 0x3a,
  0x03, 0x00, 0x00, 0x67, 0x1d, 0x00, 0x00, 0x03, 0x3c, 0x09, 0x45, 0x03,
  0x00, 0x00, 0xf9, 0x13, 0x00, 0x00, 0x03, 0x26, 0x05, 0x47, 0x11, 0x00,
  0x00, 0x08, 0x01, 0x09, 0x57, 0x03, 0x00, 0x00, 0x12, 0x08, 0x00, 0x00,
  0x04, 0x12, 0x05, 0x4d, 0x21, 0x00, 0x00, 0x07, 0x08, 0x11, 0xf2, 0x02,
  0x00, 0x00, 0x04, 0x05, 0x05, 0x12, 0xa6, 0x1e, 0x00, 0x00, 0x00, 0x12,
  0x6d, 0x0c, 0x00, 0x00, 0x01, 0x12, 0xb0, 0x09, 0x00, 0x00, 0x02, 0x12,
  0x2f, 0x0f, 0x00, 0x00, 0x03, 0x00, 0x15, 0x16, 0xf4, 0x41, 0x00, 0x00,
  0x00, 0x00, 0x00, 0x00, 0x94, 0x00, 0x00, 0x00, 0x01, 0x6d, 0x5e, 0x19,
  0x00, 0x00, 0x01, 0x0f, 0x64, 0x02, 0x00, 0x00, 0x17, 0x76, 0x11, 0x00,
  0x00, 0x30, 0x23, 0x00, 0x00, 0x01, 0x0f, 0x6b, 0x02, 0x00, 0x00, 0x18,
  0xf5, 0x03, 0x00, 0x00, 0x20, 0x42, 0x00, 0x00, 0x00, 0x00, 0x00, 0x00,
  0x19, 0x01, 0x50, 0x01, 0x31, 0x00, 0x18, 0xf5, 0x03, 0x00, 0x00, 0x44,
  0x42, 0x00, 0x00, 0x00, 0x00, 0x00, 0x00, 0x19, 0x01, 0x50, 0x01, 0x31,
  0x00, 0x18, 0xf5, 0x03, 0x00, 0x00, 0x64, 0x42, 0x00, 0x00, 0x00, 0x00,
  0x00, 0x00, 0x19, 0x01, 0x50, 0x01, 0x33, 0x00, 0x18, 0xf5, 0x03, 0x00,
  0x00, 0x78, 0x42, 0x00, 0x00, 0x00, 0x00, 0x00, 0x00, 0x19, 0x01, 0x50,
  0x01, 0x33, 0x00, 0x00, 0x1a, 0xe1, 0x06, 0x00, 0x00, 0x05, 0x0e, 0x0e,
  0x0d, 0x04, 0x00, 0x00, 0x0e, 0x18, 0x04, 0x00, 0x00, 0x0e, 0x18, 0x04,
  0x00, 0x00, 0x1b, 0x00, 0x09, 0x5e, 0x03, 0x00, 0x00, 0x7c, 0x0c, 0x00,
  0x00, 0x05, 0x0a, 0x0c, 0x1d, 0x04, 0x00, 0x00, 0x08, 0x47, 0x00, 0x00,
  0x00, 0x16, 0x88, 0x42, 0x00, 0x00, 0x00, 0x00, 0x00, 0x00, 0xa4, 0x00,
  0x00, 0x00, 0x01, 0x6d, 0x9e, 0x1f, 0x00, 0x00, 0x01, 0x24, 0x64, 0x02,
  0x00, 0x00, 0x1c, 0xf8, 0x11, 0x00, 0x00, 0xcd, 0x03, 0x00, 0x00, 0x01,
  0x28, 0x64, 0x02, 0x00, 0x00, 0x18, 0xf5, 0x03, 0x00, 0x00, 0xac, 0x42,
  0x00, 0x00, 0x00, 0x00, 0x00, 0x00, 0x19, 0x01, 0x50, 0x01, 0x31, 0x00,
  0x1d, 0x91, 0x04, 0x00, 0x00, 0xbc, 0x42, 0x00, 0x00, 0x00, 0x00, 0x00,
  0x00, 0x18, 0xf5, 0x03, 0x00, 0x00, 0xdc, 0x42, 0x00, 0x00, 0x00, 0x00,
  0x00, 0x00, 0x19, 0x01, 0x50, 0x01, 0x33, 0x00, 0x18, 0xf5, 0x03, 0x00,
  0x00, 0x1c, 0x43, 0x00, 0x00, 0x00, 0x00, 0x00, 0x00, 0x19, 0x01, 0x50,
  0x01, 0x31, 0x00, 0x00, 0x1e, 0xdc, 0x10, 0x00, 0x00, 0x06, 0x18, 0x64,
  0x02, 0x00, 0x00, 0x0e, 0x4c, 0x03, 0x00, 0x00, 0x00, 0x16, 0x2c, 0x43,
  0x00, 0x00, 0x00, 0x00, 0x00, 0x00, 0x78, 0x00, 0x00, 0x00, 0x01, 0x6d,
  0xe7, 0x10, 0x00, 0x00, 0x01, 0x37, 0x64, 0x02, 0x00, 0x00, 0x1c, 0x51,
  0x12, 0x00, 0x00, 0xcd, 0x03, 0x00, 0x00, 0x01, 0x3b, 0x64, 0x02, 0x00,
  0x00, 0x18, 0xf5, 0x03, 0x00, 0x00, 0x4c, 0x43, 0x00, 0x00, 0x00, 0x00,
  0x00, 0x00, 0x19, 0x01, 0x50, 0x01, 0x31, 0x00, 0x1d, 0x11, 0x05, 0x00,
  0x00, 0x50, 0x43, 0x00, 0x00, 0x00, 0x00, 0x00, 0x00, 0x18, 0xf5, 0x03,
  0x00, 0x00, 0x6c, 0x43, 0x00, 0x00, 0x00, 0x00, 0x00, 0x00, 0x19, 0x01,
  0x50, 0x01, 0x32, 0x00, 0x18, 0xf5, 0x03, 0x00, 0x00, 0x98, 0x43, 0x00,
  0x00, 0x00, 0x00, 0x00, 0x00, 0x19, 0x01, 0x50, 0x01, 0x31, 0x00, 0x00,
  0x1f, 0x36, 0x25, 0x00, 0x00, 0x06, 0x20, 0x64, 0x02, 0x00, 0x00, 0x16,
  0xa4, 0x43, 0x00, 0x00, 0x00, 0x00, 0x00, 0x00, 0xd8, 0x00, 0x00, 0x00,
  0x01, 0x6d, 0xf3, 0x23, 0x00, 0x00, 0x01, 0x49, 0x64, 0x02, 0x00, 0x00,
  0x17, 0x84, 0x12, 0x00, 0x00, 0xc6, 0x1e, 0x00, 0x00, 0x01, 0x49, 0x25,
  0x03, 0x00, 0x00, 0x17, 0x45, 0x13, 0x00, 0x00, 0x80, 0x22, 0x00, 0x00,
  0x01, 0x49, 0x4c, 0x03, 0x00, 0x00, 0x1c, 0xf0, 0x13, 0x00, 0x00, 0xcd,
  0x03, 0x00, 0x00, 0x01, 0x56, 0x64, 0x02, 0x00, 0x00, 0x18, 0xf5, 0x03,
  0x00, 0x00, 0xf0, 0x43, 0x00, 0x00, 0x00, 0x00, 0x00, 0x00, 0x19, 0x01,
  0x53, 0x02, 0x84, 0x00, 0x19, 0x01, 0x50, 0x02, 0x8f, 0x00, 0x00, 0x18,
  0xca, 0x05, 0x00, 0x00, 0xfc, 0x43, 0x00, 0x00, 0x00, 0x00, 0x00, 0x00,
  0x19, 0x01, 0x51, 0x02, 0x84, 0x00, 0x19, 0x01, 0x50, 0x02, 0x83, 0x00,
  0x00, 0x18, 0xf5, 0x03, 0x00, 0x00, 0x20, 0x44, 0x00, 0x00, 0x00, 0x00,
  0x00, 0x00, 0x19, 0x01, 0x53, 0x02, 0x83, 0x00, 0x19, 0x01, 0x50, 0x01,
  0x33, 0x00, 0x1d, 0xf5, 0x03, 0x00, 0x00, 0x58, 0x44, 0x00, 0x00, 0x00,
  0x00, 0x00, 0x00, 0x1d, 0xf5, 0x03, 0x00, 0x00, 0x74, 0x44, 0x00, 0x00,
  0x00, 0x00, 0x00, 0x00, 0x00, 0x1e, 0x42, 0x25, 0x00, 0x00, 0x06, 0x1e,
  0x64, 0x02, 0x00, 0x00, 0x0e, 0xe0, 0x05, 0x00, 0x00, 0x0e, 0x4c, 0x03,
  0x00, 0x00, 0x00, 0x0c, 0xe5, 0x05, 0x00, 0x00, 0x20, 0x16, 0x7c, 0x44,
  0x00, 0x00, 0x00, 0x00, 0x00, 0x00, 0x68, 0x00, 0x00, 0x00, 0x01, 0x6d,
  0xd4, 0x05, 0x00, 0x00, 0x01, 0x61, 0x64, 0x02, 0x00, 0x00, 0x1c, 0x49,
  0x14, 0x00, 0x00, 0xcd, 0x03, 0x00, 0x00, 0x01, 0x65, 0x64, 0x02, 0x00,
  0x00, 0x18, 0xf5, 0x03, 0x00, 0x00, 0xa4, 0x44, 0x00, 0x00, 0x00, 0x00,
  0x00, 0x00, 0x19, 0x01, 0x51, 0x02, 0x83, 0x00, 0x19, 0x01, 0x50, 0x01,
  0x31, 0x00, 0x1d, 0x11, 0x05, 0x00, 0x00, 0xa8, 0x44, 0x00, 0x00, 0x00,
  0x00, 0x00, 0x00, 0x18, 0xf5, 0x03, 0x00, 0x00, 0xd4, 0x44, 0x00, 0x00,
  0x00, 0x00, 0x00, 0x00, 0x19, 0x01, 0x51, 0x02, 0x83, 0x00, 0x19, 0x01,
  0x50, 0x01, 0x31, 0x00, 0x00, 0x21, 0xe4, 0x44, 0x00, 0x00, 0x00, 0x00,
  0x00, 0x00, 0x0c, 0x00, 0x00, 0x00, 0x01, 0x6f, 0xf4, 0x01, 0x00, 0x00,
  0x01, 0x70, 0x67, 0x06, 0x00, 0x00, 0x0c, 0x03, 0x02, 0x00, 0x00, 0x00,
  0x84, 0x14, 0x00, 0x00, 0x04, 0x00, 0x14, 0x06, 0x00, 0x00, 0x08, 0x01,
  0xfb, 0x05, 0x00, 0x00, 0x0c, 0x00, 0x00, 0x0c, 0x00, 0x00, 0xc5, 0x11,
  0x00, 0x00, 0x29, 0x24, 0x00, 0x00, 0x00, 0x00, 0x00, 0x00, 0x00, 0x00,
  0x00, 0x00, 0xf0, 0x03, 0x00, 0x00, 0x02, 0x3b, 0x00, 0x00, 0x00, 0x01,
  0x15, 0x09, 0x03, 0x8c, 0x24, 0x00, 0x00, 0x00, 0x00, 0x00, 0x00, 0x03,
  0x47, 0x00, 0x00, 0x00, 0x04, 0x4e, 0x00, 0x00, 0x00, 0x0e, 0x00, 0x05,
  0xa7, 0x12, 0x00, 0x00, 0x08, 0x01, 0x06, 0x2a, 0x1c, 0x00, 0x00, 0x08,
  0x07, 0x02, 0x66, 0x00, 0x00, 0x00, 0x01, 0x15, 0x09, 0x03, 0x0e, 0x26,
  0x00, 0x00, 0x00, 0x00, 0x00, 0x00, 0x03, 0x47, 0x00, 0x00, 0x00, 0x04,
  0x4e, 0x00, 0x00, 0x00, 0x13, 0x00, 0x02, 0x83, 0x00, 0x00, 0x00, 0x01,
  0x19, 0x09, 0x03, 0x21, 0x22, 0x00, 0x00, 0x00, 0x00, 0x00, 0x00, 0x03,
  0x47, 0x00, 0x00, 0x00, 0x04, 0x4e, 0x00, 0x00, 0x00, 0x20, 0x00, 0x02,
  0xa0, 0x00, 0x00, 0x00, 0x01, 0x1d, 0x09, 0x03, 0x0d, 0x29, 0x00, 0x00,
  0x00, 0x00, 0x00, 0x00, 0x03, 0x47, 0x00, 0x00, 0x00, 0x04, 0x4e, 0x00,
  0x00, 0x00, 0x16, 0x00, 0x02, 0xbd, 0x00, 0x00, 0x00, 0x01, 0x28, 0x09,
  0x03, 0xea, 0x1b, 0x00, 0x00, 0x00, 0x00, 0x00, 0x00, 0x03, 0x47, 0x00,
  0x00, 0x00, 0x04, 0x4e, 0x00, 0x00, 0x00, 0x3c, 0x00, 0x02, 0xda, 0x00,
  0x00, 0x00, 0x01, 0x30, 0x09, 0x03, 0x5c, 0x2a, 0x00, 0x00, 0x00, 0x00,
  0x00, 0x00, 0x03, 0x47, 0x00, 0x00, 0x00, 0x04, 0x4e, 0x00, 0x00, 0x00,
  0x1d, 0x00, 0x02, 0xf7, 0x00, 0x00, 0x00, 0x01, 0x33, 0x09, 0x03, 0xd4,
  0x29, 0x00, 0x00, 0x00, 0x00, 0x00, 0x00, 0x03, 0x47, 0x00, 0x00, 0x00,
  0x04, 0x4e, 0x00, 0x00, 0x00, 0x17, 0x00, 0x02, 0x14, 0x01, 0x00, 0x00,
  0x01, 0x36, 0x09, 0x03, 0x31, 0x25, 0x00, 0x00, 0x00, 0x00, 0x00, 0x00,
  0x03, 0x47, 0x00, 0x00, 0x00, 0x04, 0x4e, 0x00, 0x00, 0x00, 0x1a, 0x00,
  0x02, 0x31, 0x01, 0x00, 0x00, 0x01, 0x39, 0x09, 0x03, 0xab, 0x1d, 0x00,
  0x00, 0x00, 0x00, 0x00, 0x00, 0x03, 0x47, 0x00, 0x00, 0x00, 0x04, 0x4e,
  0x00, 0x00, 0x00, 0x23, 0x00, 0x02, 0x4e, 0x01, 0x00, 0x00, 0x01, 0x3c,
  0x09, 0x03, 0x1f, 0x21, 0x00, 0x00, 0x00, 0x00, 0x00, 0x00, 0x03, 0x47,
  0x00, 0x00, 0x00, 0x04, 0x4e, 0x00, 0x00, 0x00, 0x25, 0x00, 0x02, 0x6b,
  0x01, 0x00, 0x00, 0x01, 0x3f, 0x09, 0x03, 0xe7, 0x27, 0x00, 0x00, 0x00,
  0x00, 0x00, 0x00, 0x03, 0x47, 0x00, 0x00, 0x00, 0x04, 0x4e, 0x00, 0x00,
  0x00, 0x29, 0x00, 0x02, 0x4e, 0x01, 0x00, 0x00, 0x01, 0x41, 0x09, 0x03,
  0xa9, 0x1c, 0x00, 0x00, 0x00, 0x00, 0x00, 0x00, 0x02, 0x83, 0x00, 0x00,
  0x00, 0x01, 0x45, 0x09, 0x03, 0x98, 0x1f, 0x00, 0x00, 0x00, 0x00, 0x00,
  0x00, 0x02, 0x83, 0x00, 0x00, 0x00, 0x01, 0x48, 0x09, 0x03, 0x60, 0x1e,
  0x00, 0x00, 0x00, 0x00, 0x00, 0x00, 0x02, 0xbb, 0x01, 0x00, 0x00, 0x01,
  0x55, 0x09, 0x03, 0xcf, 0x25, 0x00, 0x00, 0x00, 0x00, 0x00, 0x00, 0x03,
  0x47, 0x00, 0x00, 0x00, 0x04, 0x4e, 0x00, 0x00, 0x00, 0x27, 0x00, 0x02,
  0x14, 0x01, 0x00, 0x00, 0x01, 0x5a, 0x09, 0x03, 0xce, 0x1c, 0x00, 0x00,
  0x00, 0x00, 0x00, 0x00, 0x02, 0xe9, 0x01, 0x00, 0x00, 0x01, 0x5d, 0x09,
  0x03, 0x71, 0x26, 0x00, 0x00, 0x00, 0x00, 0x00, 0x00, 0x03, 0x47, 0x00,
  0x00, 0x00, 0x04, 0x4e, 0x00, 0x00, 0x00, 0x2c, 0x00, 0x02, 0x14, 0x01,
  0x00, 0x00, 0x01, 0x5f, 0x09, 0x03, 0xb8, 0x1f, 0x00, 0x00, 0x00, 0x00,
  0x00, 0x00, 0x02, 0x14, 0x01, 0x00, 0x00, 0x01, 0x64, 0x09, 0x03, 0x79,
  0x2a, 0x00, 0x00, 0x00, 0x00, 0x00, 0x00, 0x02, 0x28, 0x02, 0x00, 0x00,
  0x01, 0x69, 0x09, 0x03, 0xeb, 0x29, 0x00, 0x00, 0x00, 0x00, 0x00, 0x00,
  0x03, 0x47, 0x00, 0x00, 0x00, 0x04, 0x4e, 0x00, 0x00, 0x00, 0x3a, 0x00,
  0x02, 0xda, 0x00, 0x00, 0x00, 0x01, 0x6f, 0x09, 0x03, 0x23, 0x29, 0x00,
  0x00, 0x00, 0x00, 0x00, 0x00, 0x02, 0x56, 0x02, 0x00, 0x00, 0x01, 0x80,
  0x09, 0x03, 0x46, 0x1d, 0x00, 0x00, 0x00, 0x00, 0x00, 0x00, 0x03, 0x47,
  0x00, 0x00, 0x00, 0x04, 0x4e, 0x00, 0x00, 0x00, 0x05, 0x00, 0x02, 0x73,
  0x02, 0x00, 0x00, 0x01, 0x81, 0x09, 0x03, 0x84, 0x20, 0x00, 0x00, 0x00,
  0x00, 0x00, 0x00, 0x03, 0x47, 0x00, 0x00, 0x00, 0x04, 0x4e, 0x00, 0x00,
  0x00, 0x18, 0x00, 0x02, 0x83, 0x00, 0x00, 0x00, 0x01, 0x86, 0x09, 0x03,
  0xe8, 0x1c, 0x00, 0x00, 0x00, 0x00, 0x00, 0x00, 0x02, 0x66, 0x00, 0x00,
  0x00, 0x01, 0x8d, 0x09, 0x03, 0x69, 0x1f, 0x00, 0x00, 0x00, 0x00, 0x00,
  0x00, 0x02, 0xda, 0x00, 0x00, 0x00, 0x01, 0x9a, 0x09, 0x03, 0x4b, 0x1d,
  0x00, 0x00, 0x00, 0x00, 0x00, 0x00, 0x02, 0x31, 0x01, 0x00, 0x00, 0x01,
  0x9f, 0x09, 0x03, 0x6e, 0x27, 0x00, 0x00, 0x00, 0x00, 0x00, 0x00, 0x02,
  0x83, 0x00, 0x00, 0x00, 0x01, 0xba, 0x09, 0x03, 0x9d, 0x26, 0x00, 0x00,
  0x00, 0x00, 0x00, 0x00, 0x02, 0xe5, 0x02, 0x00, 0x00, 0x01, 0xc4, 0x09,
  0x03, 0xa6, 0x23, 0x00, 0x00, 0x00, 0x00, 0x00, 0x00, 0x03, 0x47, 0x00,
  0x00, 0x00, 0x04, 0x4e, 0x00, 0x00, 0x00, 0x32, 0x00, 0x02, 0x02, 0x03,
  0x00, 0x00, 0x01, 0xcb, 0x09, 0x03, 0x43, 0x26, 0x00, 0x00, 0x00, 0x00,
  0x00, 0x00, 0x03, 0x47, 0x00, 0x00, 0x00, 0x04, 0x4e, 0x00, 0x00, 0x00,
  0x2e, 0x00, 0x02, 0x1f, 0x03, 0x00, 0x00, 0x01, 0xd5, 0x09, 0x03, 0xce,
  0x1d, 0x00, 0x00, 0x00, 0x00, 0x00, 0x00, 0x03, 0x47, 0x00, 0x00, 0x00,
  0x04, 0x4e, 0x00, 0x00, 0x00, 0x2b, 0x00, 0x02, 0x3c, 0x03, 0x00, 0x00,
  0x01, 0xd9, 0x09, 0x03, 0xcd, 0x24, 0x00, 0x00, 0x00, 0x00, 0x00, 0x00,
  0x03, 0x47, 0x00, 0x00, 0x00, 0x04, 0x4e, 0x00, 0x00, 0x00, 0x35, 0x00,
  0x02, 0x59, 0x03, 0x00, 0x00, 0x01, 0xef, 0x09, 0x03, 0x80, 0x1e, 0x00,
  0x00, 0x00, 0x00, 0x00, 0x00, 0x03, 0x47, 0x00, 0x00, 0x00, 0x04, 0x4e,
  0x00, 0x00, 0x00, 0x2a, 0x00, 0x02, 0xbb, 0x01, 0x00, 0x00, 0x01, 0xf8,
  0x09, 0x03, 0xd8, 0x23, 0x00, 0x00, 0x00, 0x00, 0x00, 0x00, 0x07, 0x88,
  0x03, 0x00, 0x00, 0x01, 0x01, 0x01, 0x09, 0x03, 0x40, 0x29, 0x00, 0x00,
  0x00, 0x00, 0x00, 0x00, 0x03, 0x47, 0x00, 0x00, 0x00, 0x04, 0x4e, 0x00,
  0x00, 0x00, 0x26, 0x00, 0x07, 0xa6, 0x03, 0x00, 0x00, 0x01, 0x0d, 0x01,
  0x09, 0x03, 0xaa, 0x1e, 0x00, 0x00, 0x00, 0x00, 0x00, 0x00, 0x03, 0x47,
  0x00, 0x00, 0x00, 0x04, 0x4e, 0x00, 0x00, 0x00, 0x1f, 0x00, 0x08, 0x18,
  0x1d, 0x00, 0x00, 0xc7, 0x03, 0x00, 0x00, 0x01, 0x0a, 0x09, 0x03, 0x60,
  0xa3, 0x00, 0x00, 0x00, 0x00, 0x00, 0x00, 0x09, 0xcc, 0x03, 0x00, 0x00,
  0x0a, 0xd7, 0x03, 0x00, 0x00, 0x19, 0x08, 0x00, 0x00, 0x02, 0x6a, 0x0b,
  0x28, 0x02, 0x64, 0x0c, 0xd6, 0x06, 0x00, 0x00, 0x18, 0x04, 0x00, 0x00,
  0x02, 0x65, 0x00, 0x0c, 0x0c, 0x00, 0x00, 0x00, 0xca, 0x04, 0x00, 0x00,
  0x02, 0x66, 0x08, 0x0c, 0xb6, 0x1e, 0x00, 0x00, 0xca, 0x04, 0x00, 0x00,
  0x02, 0x67, 0x10, 0x0c, 0xbb, 0x1e, 0x00, 0x00, 0xd4, 0x04, 0x00, 0x00,
  0x02, 0x68, 0x18, 0x0c, 0xb7, 0x15, 0x00, 0x00, 0xca, 0x04, 0x00, 0x00,
  0x02, 0x69, 0x20, 0x00, 0x0d, 0x1d, 0x04, 0x00, 0x00, 0x0e, 0x28, 0x04,
  0x00, 0x00, 0x0f, 0x2f, 0x04, 0x00, 0x00, 0x00, 0x05, 0xa3, 0x12, 0x00,
  0x00, 0x05, 0x04, 0x0d, 0x34, 0x04, 0x00, 0x00, 0x0a, 0x3f, 0x04, 0x00,
  0x00, 0x28, 0x10, 0x00, 0x00, 0x02, 0x2f, 0x10, 0x0c, 0x03, 0x02, 0x22,
  0x0c, 0x6c, 0x22, 0x00, 0x00, 0x90, 0x04, 0x00, 0x00, 0x02, 0x23, 0x00,
  0x0c, 0x61, 0x0e, 0x00, 0x00, 0x28, 0x04, 0x00, 0x00, 0x02, 0x26, 0x04,
  0x0c, 0x8e, 0x19, 0x00, 0x00, 0xbd, 0x04, 0x00, 0x00, 0x02, 0x27, 0x08,
  0x11, 0x59, 0x1a, 0x00, 0x00, 0xbd, 0x04, 0x00, 0x00, 0x02, 0x2a, 0x08,
  0x01, 0x11, 0xac, 0x12, 0x00, 0x00, 0xbd, 0x04, 0x00, 0x00, 0x02, 0x2d,
  0x08, 0x02, 0x11, 0xf7, 0x03, 0x00, 0x00, 0x28, 0x04, 0x00, 0x00, 0x02,
  0x2e, 0x08, 0x03, 0x00, 0x0a, 0x9b, 0x04, 0x00, 0x00, 0x52, 0x09, 0x00,
  0x00, 0x02, 0x16, 0x12, 0xb6, 0x04, 0x00, 0x00, 0x04, 0x02, 0x12, 0x13,
  0x0d, 0x20, 0x00, 0x00, 0x00, 0x13, 0x44, 0x1b, 0x00, 0x00, 0x01, 0x13,
  0x96, 0x1e, 0x00, 0x00, 0x02, 0x00, 0x05, 0x4c, 0x1a, 0x00, 0x00, 0x07,
  0x04, 0x03, 0x47, 0x00, 0x00, 0x00, 0x14, 0x4e, 0x00, 0x00, 0x00, 0x00,
  0x01, 0x00, 0x0d, 0xcf, 0x04, 0x00, 0x00, 0x15, 0x28, 0x04, 0x00, 0x00,
  0x0d, 0xd9, 0x04, 0x00, 0x00, 0x0e, 0x28, 0x04, 0x00, 0x00, 0x0f, 0xe9,
  0x04, 0x00, 0x00, 0x0f, 0x10, 0x05, 0x00, 0x00, 0x00, 0x0d, 0xee, 0x04,
  0x00, 0x00, 0x09, 0xf3, 0x04, 0x00, 0x00, 0x0a, 0xfe, 0x04, 0x00, 0x00,
  0x67, 0x1d, 0x00, 0x00, 0x03, 0x3c, 0x0a, 0x09, 0x05, 0x00, 0x00, 0xf9,
  0x13, 0x00, 0x00, 0x03, 0x26, 0x05, 0x47, 0x11, 0x00, 0x00, 0x08, 0x01,
  0x0a, 0x1b, 0x05, 0x00, 0x00, 0x12, 0x08, 0x00, 0x00, 0x04, 0x12, 0x05,
  0x4d, 0x21, 0x00, 0x00, 0x07, 0x08, 0x12, 0xb6, 0x04, 0x00, 0x00, 0x04,
  0x05, 0x05, 0x13, 0xa6, 0x1e, 0x00, 0x00, 0x00, 0x13, 0x6d, 0x0c, 0x00,
  0x00, 0x01, 0x13, 0xb0, 0x09, 0x00, 0x00, 0x02, 0x13, 0x2f, 0x0f, 0x00,
  0x00, 0x03, 0x00, 0x0d, 0x48, 0x05, 0x00, 0x00, 0x16, 0x01, 0x0e, 0x00,
  0x00, 0x10, 0x07, 0x45, 0x0c, 0xca, 0x07, 0x00, 0x00, 0x69, 0x05, 0x00,
  0x00, 0x07, 0x46, 0x00, 0x0c, 0xa5, 0x15, 0x00, 0x00, 0x3b, 0x00, 0x00,
  0x00, 0x07, 0x47, 0x02, 0x00, 0x0a, 0x74, 0x05, 0x00, 0x00, 0xf5, 0x0d,
  0x00, 0x00, 0x06, 0x27, 0x05, 0x3b, 0x00, 0x00, 0x00, 0x07, 0x02, 0x0a,
  0x86, 0x05, 0x00, 0x00, 0x3f, 0x0f, 0x00, 0x00, 0x03, 0x42, 0x0a, 0xb6,
  0x04, 0x00, 0x00, 0xbf, 0x09, 0x00, 0x00, 0x03, 0x2a, 0x0a, 0x9c, 0x05,
  0x00, 0x00, 0x14, 0x1e, 0x00, 0x00, 0x09, 0x81, 0x0a, 0xa7, 0x05, 0x00,
  0x00, 0x0a, 0x0e, 0x00, 0x00, 0x08, 0x36, 0x0a, 0xb2, 0x05, 0x00, 0x00,
  0xaf, 0x1f, 0x00, 0x00, 0x08, 0x0b, 0x05, 0x19, 0x01, 0x00, 0x00, 0x05,
  0x08, 0x17, 0xd7, 0x0e, 0x00, 0x00, 0x0a, 0xe9, 0x1b, 0x05, 0x00, 0x00,
  0x01, 0x18, 0x2c, 0x0b, 0x00, 0x00, 0x0a, 0xe9, 0xd1, 0x05, 0x00, 0x00,
  0x00, 0x0d, 0xd6, 0x05, 0x00, 0x00, 0x09, 0x47, 0x00, 0x00, 0x00, 0x19,
  0xf0, 0x44, 0x00, 0x00, 0x00, 0x00, 0x00, 0x00, 0xbc, 0x00, 0x00, 0x00,
  0x01, 0x6d, 0x36, 0x21, 0x00, 0x00, 0x01, 0x13, 0x28, 0x04, 0x00, 0x00,
  0x1a, 0x7c, 0x14, 0x00, 0x00, 0x30, 0x23, 0x00, 0x00, 0x01, 0x13, 0x2f,
  0x04, 0x00, 0x00, 0x1b, 0xb9, 0x05, 0x00, 0x00, 0x1c, 0x45, 0x00, 0x00,
  0x00, 0x00, 0x00, 0x00, 0x04, 0x00, 0x00, 0x00, 0x01, 0x1c, 0x09, 0x1c,
  0xe0, 0x02, 0x00, 0x00, 0x1d, 0x43, 0x01, 0x00, 0x00, 0x01, 0x22, 0x28,
  0x04, 0x00, 0x00, 0x00, 0x1e, 0x69, 0x06, 0x00, 0x00, 0x1c, 0x45, 0x00,
  0x00, 0x00, 0x00, 0x00, 0x00, 0x1f, 0x01, 0x50, 0x01, 0x31, 0x00, 0x1e,
  0x69, 0x06, 0x00, 0x00, 0x68, 0x45, 0x00, 0x00, 0x00, 0x00, 0x00, 0x00,
  0x1f, 0x01, 0x50, 0x01, 0x31, 0x1f, 0x01, 0x53, 0x03, 0x83, 0x88, 0x02,
  0x00, 0x1e, 0x69, 0x06, 0x00, 0x00, 0x9c, 0x45, 0x00, 0x00, 0x00, 0x00,
  0x00, 0x00, 0x1f, 0x01, 0x50, 0x01, 0x33, 0x00, 0x00, 0x20, 0xe1, 0x06,
  0x00, 0x00, 0x05, 0x0e, 0x0f, 0x81, 0x06, 0x00, 0x00, 0x0f, 0xd1, 0x05,
  0x00, 0x00, 0x0f, 0xd1, 0x05, 0x00, 0x00, 0x21, 0x00, 0x0a, 0x22, 0x05,
  0x00, 0x00, 0x7c, 0x0c, 0x00, 0x00, 0x05, 0x0a, 0x22, 0xe7, 0x12, 0x00,
  0x00, 0x0a, 0x13, 0x00, 0x00, 0x0a, 0x85, 0xc3, 0x06, 0x00, 0x00, 0x01,
  0x18, 0x2c, 0x0b, 0x00, 0x00, 0x0a, 0x85, 0xc4, 0x06, 0x00, 0x00, 0x23,
  0x1b, 0x05, 0x00, 0x00, 0x18, 0xca, 0x09, 0x00, 0x00, 0x0a, 0x85, 0x28,
  0x04, 0x00, 0x00, 0x18, 0x15, 0x04, 0x00, 0x00, 0x0a, 0x85, 0x10, 0x05,
  0x00, 0x00, 0x00, 0x24, 0x09, 0xc3, 0x06, 0x00, 0x00, 0x22, 0xb5, 0x16,
  0x00, 0x00, 0x6f, 0x21, 0x00, 0x00, 0x0a, 0xbb, 0x1b, 0x07, 0x00, 0x00,
  0x01, 0x18, 0x1e, 0x01, 0x00, 0x00, 0x0a, 0xbb, 0x20, 0x07, 0x00, 0x00,
  0x23, 0x1b, 0x05, 0x00, 0x00, 0x18, 0x38, 0x10, 0x00, 0x00, 0x0a, 0xbb,
  0x25, 0x07, 0x00, 0x00, 0x23, 0x1b, 0x05, 0x00, 0x00, 0x18, 0x15, 0x04,
  0x00, 0x00, 0x0a, 0xbb, 0x10, 0x05, 0x00, 0x00, 0x1d, 0x55, 0x11, 0x00,
  0x00, 0x0a, 0xbf, 0x10, 0x05, 0x00, 0x00, 0x1d, 0x11, 0x02, 0x00, 0x00,
  0x0a, 0xbe, 0x10, 0x05, 0x00, 0x00, 0x00, 0x0d, 0x47, 0x00, 0x00, 0x00,
  0x09, 0x1b, 0x07, 0x00, 0x00, 0x09, 0xd1, 0x05, 0x00, 0x00, 0x19, 0xac,
  0x45, 0x00, 0x00, 0x00, 0x00, 0x00, 0x00, 0xc8, 0x02, 0x00, 0x00, 0x01,
  0x6d, 0xed, 0x1a, 0x00, 0x00, 0x01, 0x2f, 0x28, 0x04, 0x00, 0x00, 0x25,
  0xe8, 0x14, 0x00, 0x00, 0xdc, 0x03, 0x00, 0x00, 0x01, 0x49, 0xec, 0x13,
  0x00, 0x00, 0x25, 0x88, 0x15, 0x00, 0x00, 0x95, 0x09, 0x00, 0x00, 0x01,
  0x34, 0x28, 0x04, 0x00, 0x00, 0x25, 0xf4, 0x15, 0x00, 0x00, 0x76, 0x1d,
  0x00, 0x00, 0x01, 0x3d, 0x28, 0x04, 0x00, 0x00, 0x1d, 0xf1, 0x08, 0x00,
  0x00, 0x01, 0x52, 0x28, 0x04, 0x00, 0x00, 0x26, 0x8c, 0x06, 0x00, 0x00,
  0x20, 0x03, 0x00, 0x00, 0x01, 0x4a, 0x05, 0x27, 0x03, 0x8f, 0x08, 0x9f,
  0x9c, 0x06, 0x00, 0x00, 0x28, 0x6e, 0xa7, 0x06, 0x00, 0x00, 0x29, 0x00,
  0xac, 0x06, 0x00, 0x00, 0x28, 0x6e, 0xb7, 0x06, 0x00, 0x00, 0x00, 0x26,
  0xc9, 0x06, 0x00, 0x00, 0x50, 0x03, 0x00, 0x00, 0x01, 0x4f, 0x05, 0x2a,
  0xfd, 0x16, 0x00, 0x00, 0xe4, 0x06, 0x00, 0x00, 0x2a, 0xc7, 0x16, 0x00,
  0x00, 0xf4, 0x06, 0x00, 0x00, 0x2a, 0x92, 0x16, 0x00, 0x00, 0xf9, 0x06,
  0x00, 0x00, 0x2b, 0x27, 0x16, 0x00, 0x00, 0x04, 0x07, 0x00, 0x00, 0x2b,
  0x5d, 0x16, 0x00, 0x00, 0x0f, 0x07, 0x00, 0x00, 0x00, 0x1b, 0xb9, 0x05,
  0x00, 0x00, 0x30, 0x47, 0x00, 0x00, 0x00, 0x00, 0x00, 0x00, 0x04, 0x00,
  0x00, 0x00, 0x01, 0x52, 0x32, 0x1e, 0x69, 0x06, 0x00, 0x00, 0xe8, 0x45,
  0x00, 0x00, 0x00, 0x00, 0x00, 0x00, 0x1f, 0x01, 0x51, 0x02, 0x83, 0x00,
  0x1f, 0x01, 0x50, 0x01, 0x31, 0x00, 0x1e, 0x69, 0x06, 0x00, 0x00, 0xfc,
  0x45, 0x00, 0x00, 0x00, 0x00, 0x00, 0x00, 0x1f, 0x01, 0x51, 0x02, 0x83,
  0x00, 0x1f, 0x01, 0x50, 0x02, 0x8f, 0x00, 0x00, 0x1e, 0xa1, 0x0a, 0x00,
  0x00, 0x0c, 0x46, 0x00, 0x00, 0x00, 0x00, 0x00, 0x00, 0x1f, 0x01, 0x52,
  0x02, 0x8f, 0x00, 0x1f, 0x01, 0x51, 0x01, 0x31, 0x1f, 0x01, 0x50, 0x01,
  0x31, 0x00, 0x1e, 0x69, 0x06, 0x00, 0x00, 0x34, 0x46, 0x00, 0x00, 0x00,
  0x00, 0x00, 0x00, 0x1f, 0x01, 0x53, 0x02, 0x83, 0x00, 0x1f, 0x01, 0x51,
  0x02, 0x84, 0x00, 0x1f, 0x01, 0x50, 0x02, 0x8f, 0x00, 0x00, 0x1e, 0x69,
  0x06, 0x00, 0x00, 0x48, 0x46, 0x00, 0x00, 0x00, 0x00, 0x00, 0x00, 0x1f,
  0x01, 0x51, 0x02, 0x84, 0x00, 0x1f, 0x01, 0x50, 0x02, 0x8f, 0x00, 0x00,
  0x1e, 0xbd, 0x0a, 0x00, 0x00, 0x58, 0x46, 0x00, 0x00, 0x00, 0x00, 0x00,
  0x00, 0x1f, 0x01, 0x52, 0x02, 0x8f, 0x00, 0x1f, 0x01, 0x51, 0x01, 0x33,
  0x1f, 0x01, 0x50, 0x02, 0x83, 0x00, 0x00, 0x1e, 0xbd, 0x0a, 0x00, 0x00,
  0x6c, 0x46, 0x00, 0x00, 0x00, 0x00, 0x00, 0x00, 0x1f, 0x01, 0x51, 0x01,
  0x34, 0x1f, 0x01, 0x50, 0x02, 0x83, 0x00, 0x00, 0x1e, 0x69, 0x06, 0x00,
  0x00, 0x88, 0x46, 0x00, 0x00, 0x00, 0x00, 0x00, 0x00, 0x1f, 0x01, 0x50,
  0x02, 0x8f, 0x00, 0x00, 0x2c, 0xd4, 0x0a, 0x00, 0x00, 0x90, 0x46, 0x00,
  0x00, 0x00, 0x00, 0x00, 0x00, 0x2c, 0xe4, 0x0a, 0x00, 0x00, 0x98, 0x46,
  0x00, 0x00, 0x00, 0x00, 0x00, 0x00, 0x1e, 0x69, 0x06, 0x00, 0x00, 0xb4,
  0x46, 0x00, 0x00, 0x00, 0x00, 0x00, 0x00, 0x1f, 0x01, 0x50, 0x01, 0x32,
  0x00, 0x1e, 0x69, 0x06, 0x00, 0x00, 0xd4, 0x46, 0x00, 0x00, 0x00, 0x00,
  0x00, 0x00, 0x1f, 0x01, 0x53, 0x03, 0x86, 0x88, 0x02, 0x1f, 0x01, 0x51,
  0x02, 0x84, 0x00, 0x1f, 0x01, 0x50, 0x02, 0x8f, 0x00, 0x00, 0x1e, 0x69,
  0x06, 0x00, 0x00, 0xe8, 0x46, 0x00, 0x00, 0x00, 0x00, 0x00, 0x00, 0x1f,
  0x01, 0x51, 0x02, 0x84, 0x00, 0x1f, 0x01, 0x50, 0x02, 0x8f, 0x00, 0x00,
  0x1e, 0xf5, 0x0a, 0x00, 0x00, 0x2c, 0x47, 0x00, 0x00, 0x00, 0x00, 0x00,
  0x00, 0x1f, 0x01, 0x54, 0x03, 0x10, 0x80, 0x02, 0x1f, 0x01, 0x53, 0x02,
  0x10, 0x6b, 0x1f, 0x01, 0x52, 0x02, 0x10, 0x6a, 0x1f, 0x01, 0x51, 0x03,
  0x86, 0x88, 0x02, 0x00, 0x1e, 0x1a, 0x0b, 0x00, 0x00, 0x44, 0x47, 0x00,
  0x00, 0x00, 0x00, 0x00, 0x00, 0x1f, 0x01, 0x50, 0x02, 0x83, 0x00, 0x1f,
  0x01, 0x51, 0x02, 0x8f, 0x08, 0x00, 0x1e, 0x69, 0x06, 0x00, 0x00, 0x5c,
  0x47, 0x00, 0x00, 0x00, 0x00, 0x00, 0x00, 0x1f, 0x01, 0x51, 0x02, 0x84,
  0x00, 0x1f, 0x01, 0x50, 0x02, 0x8f, 0x00, 0x00, 0x1e, 0x69, 0x06, 0x00,
  0x00, 0x74, 0x47, 0x00, 0x00, 0x00, 0x00, 0x00, 0x00, 0x1f, 0x01, 0x53,
  0x01, 0x3a, 0x1f, 0x01, 0x51, 0x02, 0x84, 0x00, 0x1f, 0x01, 0x50, 0x02,
  0x8f, 0x00, 0x00, 0x1e, 0x56, 0x0b, 0x00, 0x00, 0x80, 0x47, 0x00, 0x00,
  0x00, 0x00, 0x00, 0x00, 0x1f, 0x01, 0x51, 0x01, 0x3a, 0x1f, 0x01, 0x50,
  0x02, 0x83, 0x00, 0x00, 0x1e, 0x69, 0x06, 0x00, 0x00, 0x98, 0x47, 0x00,
  0x00, 0x00, 0x00, 0x00, 0x00, 0x1f, 0x01, 0x51, 0x02, 0x84, 0x00, 0x1f,
  0x01, 0x50, 0x02, 0x8f, 0x00, 0x00, 0x1e, 0x69, 0x06, 0x00, 0x00, 0xb4,
  0x47, 0x00, 0x00, 0x00, 0x00, 0x00, 0x00, 0x1f, 0x01, 0x51, 0x02, 0x84,
  0x00, 0x1f, 0x01, 0x50, 0x01, 0x31, 0x1f, 0x01, 0x53, 0x03, 0x86, 0x88,
  0x02, 0x00, 0x2c, 0xd4, 0x0a, 0x00, 0x00, 0xc0, 0x47, 0x00, 0x00, 0x00,
  0x00, 0x00, 0x00, 0x2c, 0xe4, 0x0a, 0x00, 0x00, 0xc8, 0x47, 0x00, 0x00,
  0x00, 0x00, 0x00, 0x00, 0x1e, 0x69, 0x06, 0x00, 0x00, 0xe4, 0x47, 0x00,
  0x00, 0x00, 0x00, 0x00, 0x00, 0x1f, 0x01, 0x50, 0x01, 0x33, 0x00, 0x2c,
  0xd4, 0x0a, 0x00, 0x00, 0xec, 0x47, 0x00, 0x00, 0x00, 0x00, 0x00, 0x00,
  0x2c, 0xe4, 0x0a, 0x00, 0x00, 0xf4, 0x47, 0x00, 0x00, 0x00, 0x00, 0x00,
  0x00, 0x1e, 0x69, 0x06, 0x00, 0x00, 0x14, 0x48, 0x00, 0x00, 0x00, 0x00,
  0x00, 0x00, 0x1f, 0x01, 0x50, 0x01, 0x33, 0x1f, 0x01, 0x53, 0x03, 0x86,
  0x88, 0x02, 0x00, 0x2c, 0xd4, 0x0a, 0x00, 0x00, 0x1c, 0x48, 0x00, 0x00,
  0x00, 0x00, 0x00, 0x00, 0x2c, 0xe4, 0x0a, 0x00, 0x00, 0x24, 0x48, 0x00,
  0x00, 0x00, 0x00, 0x00, 0x00, 0x1e, 0x69, 0x06, 0x00, 0x00, 0x40, 0x48,
  0x00, 0x00, 0x00, 0x00, 0x00, 0x00, 0x1f, 0x01, 0x50, 0x01, 0x33, 0x00,
  0x1e, 0x6d, 0x0b, 0x00, 0x00, 0x48, 0x48, 0x00, 0x00, 0x00, 0x00, 0x00,
  0x00, 0x1f, 0x01, 0x50, 0x02, 0x83, 0x00, 0x00, 0x00, 0x2d, 0xbe, 0x13,
  0x00, 0x00, 0x07, 0x26, 0x01, 0x28, 0x04, 0x00, 0x00, 0x0f, 0x28, 0x04,
  0x00, 0x00, 0x0f, 0x28, 0x04, 0x00, 0x00, 0x0f, 0x28, 0x04, 0x00, 0x00,
  0x00, 0x2e, 0xc5, 0x13, 0x00, 0x00, 0x0b, 0x2e, 0x28, 0x04, 0x00, 0x00,
  0x0f, 0x28, 0x04, 0x00, 0x00, 0x0f, 0x28, 0x04, 0x00, 0x00, 0x21, 0x00,
  0x2f, 0xde, 0x1a, 0x00, 0x00, 0x0c, 0x34, 0xdf, 0x0a, 0x00, 0x00, 0x0d,
  0x28, 0x04, 0x00, 0x00, 0x2e, 0x4c, 0x25, 0x00, 0x00, 0x0d, 0x8a, 0x1b,
  0x07, 0x00, 0x00, 0x0f, 0x28, 0x04, 0x00, 0x00, 0x00, 0x2e, 0xd0, 0x00,
  0x00, 0x00, 0x0a, 0x28, 0x1b, 0x07, 0x00, 0x00, 0x0f, 0x1b, 0x07, 0x00,
  0x00, 0x0f, 0xd1, 0x05, 0x00, 0x00, 0x0f, 0x10, 0x05, 0x00, 0x00, 0x0f,
  0x10, 0x05, 0x00, 0x00, 0x0f, 0x10, 0x05, 0x00, 0x00, 0x00, 0x2d, 0x77,
  0x12, 0x00, 0x00, 0x07, 0x1a, 0x01, 0x28, 0x04, 0x00, 0x00, 0x0f, 0x28,
  0x04, 0x00, 0x00, 0x0f, 0x36, 0x0b, 0x00, 0x00, 0x0f, 0x40, 0x0b, 0x00,
  0x00, 0x00, 0x0d, 0x3b, 0x0b, 0x00, 0x00, 0x09, 0x48, 0x05, 0x00, 0x00,
  0x0a, 0x4b, 0x0b, 0x00, 0x00, 0xd4, 0x07, 0x00, 0x00, 0x09, 0x76, 0x0a,
  0x7b, 0x05, 0x00, 0x00, 0x00, 0x10, 0x00, 0x00, 0x09, 0x74, 0x2d, 0xde,
  0x0e, 0x00, 0x00, 0x07, 0x1f, 0x01, 0x28, 0x04, 0x00, 0x00, 0x0f, 0x28,
  0x04, 0x00, 0x00, 0x0f, 0x28, 0x04, 0x00, 0x00, 0x00, 0x2d, 0x1b, 0x0e,
  0x00, 0x00, 0x0e, 0x41, 0x01, 0x28, 0x04, 0x00, 0x00, 0x0f, 0x28, 0x04,
  0x00, 0x00, 0x00, 0x30, 0xbf, 0x1f, 0x00, 0x00, 0x01, 0x06, 0x01, 0x01,
  0x31, 0xe5, 0x0e, 0x00, 0x00, 0x01, 0x06, 0x01, 0x28, 0x04, 0x00, 0x00,
  0x32, 0x2b, 0x18, 0x00, 0x00, 0x01, 0x0b, 0x01, 0x28, 0x04, 0x00, 0x00,
  0x00, 0x19, 0x74, 0x48, 0x00, 0x00, 0x00, 0x00, 0x00, 0x00, 0x30, 0x01,
  0x00, 0x00, 0x01, 0x6d, 0xf6, 0x07, 0x00, 0x00, 0x01, 0x6e, 0x28, 0x04,
  0x00, 0x00, 0x33, 0x02, 0x8f, 0x08, 0x29, 0x0e, 0x00, 0x00, 0x01, 0x7f,
  0xbd, 0x04, 0x00, 0x00, 0x34, 0xd8, 0x48, 0x00, 0x00, 0x00, 0x00, 0x00,
  0x00, 0x48, 0x00, 0x00, 0x00, 0x25, 0x32, 0x17, 0x00, 0x00, 0x43, 0x01,
  0x00, 0x00, 0x01, 0x72, 0x28, 0x04, 0x00, 0x00, 0x35, 0x7f, 0x0b, 0x00,
  0x00, 0xf0, 0x48, 0x00, 0x00, 0x00, 0x00, 0x00, 0x00, 0x30, 0x00, 0x00,
  0x00, 0x01, 0x74, 0x0d, 0x27, 0x06, 0x88, 0x00, 0x11, 0x04, 0x1b, 0x9f,
  0x88, 0x0b, 0x00, 0x00, 0x36, 0x01, 0x65, 0x94, 0x0b, 0x00, 0x00, 0x00,
  0x00, 0x1e, 0x69, 0x06, 0x00, 0x00, 0xbc, 0x48, 0x00, 0x00, 0x00, 0x00,
  0x00, 0x00, 0x1f, 0x01, 0x51, 0x02, 0x83, 0x00, 0x1f, 0x01, 0x50, 0x01,
  0x31, 0x00, 0x1e, 0x69, 0x06, 0x00, 0x00, 0x04, 0x49, 0x00, 0x00, 0x00,
  0x00, 0x00, 0x00, 0x1f, 0x01, 0x53, 0x02, 0x85, 0x00, 0x1f, 0x01, 0x52,
  0x02, 0x84, 0x00, 0x1f, 0x01, 0x51, 0x02, 0x83, 0x00, 0x1f, 0x01, 0x50,
  0x01, 0x31, 0x00, 0x1e, 0x6d, 0x0b, 0x00, 0x00, 0x0c, 0x49, 0x00, 0x00,
  0x00, 0x00, 0x00, 0x00, 0x1f, 0x01, 0x50, 0x02, 0x85, 0x00, 0x00, 0x2c,
  0x6d, 0x0b, 0x00, 0x00, 0x2c, 0x49, 0x00, 0x00, 0x00, 0x00, 0x00, 0x00,
  0x1e, 0xaf, 0x0c, 0x00, 0x00, 0x48, 0x49, 0x00, 0x00, 0x00, 0x00, 0x00,
  0x00, 0x1f, 0x01, 0x55, 0x03, 0x87, 0x88, 0x02, 0x1f, 0x01, 0x50, 0x02,
  0x8f, 0x08, 0x00, 0x1e, 0x1e, 0x0d, 0x00, 0x00, 0x50, 0x49, 0x00, 0x00,
  0x00, 0x00, 0x00, 0x00, 0x1f, 0x01, 0x50, 0x02, 0x8f, 0x08, 0x00, 0x1e,
  0x69, 0x06, 0x00, 0x00, 0x7c, 0x49, 0x00, 0x00, 0x00, 0x00, 0x00, 0x00,
  0x1f, 0x01, 0x50, 0x01, 0x31, 0x00, 0x00, 0x37, 0x20, 0x4a, 0x00, 0x00,
  0x00, 0x00, 0x00, 0x00, 0x9c, 0x00, 0x00, 0x00, 0x01, 0x6d, 0xcf, 0x02,
  0x00, 0x00, 0xa8, 0x0a, 0x00, 0x00, 0x0f, 0x4d, 0x03, 0x28, 0x04, 0x00,
  0x00, 0x1a, 0xfe, 0x17, 0x00, 0x00, 0x35, 0x0e, 0x00, 0x00, 0x0f, 0x4d,
  0x20, 0x07, 0x00, 0x00, 0x38, 0xb0, 0x18, 0x00, 0x00, 0x1b, 0x05, 0x00,
  0x00, 0x1a, 0x7a, 0x18, 0x00, 0x00, 0x80, 0x22, 0x00, 0x00, 0x0f, 0x4d,
  0x10, 0x05, 0x00, 0x00, 0x1a, 0x47, 0x18, 0x00, 0x00, 0x1a, 0x1b, 0x00,
  0x00, 0x0f, 0x4d, 0xd1, 0x05, 0x00, 0x00, 0x33, 0x02, 0x91, 0x58, 0xc4,
  0x04, 0x00, 0x00, 0x0f, 0x50, 0x24, 0x14, 0x00, 0x00, 0x1d, 0xcd, 0x03,
  0x00, 0x00, 0x0f, 0x52, 0x28, 0x04, 0x00, 0x00, 0x21, 0x00, 0x2d, 0xea,
  0x08, 0x00, 0x00, 0x0e, 0x0f, 0x01, 0x28, 0x04, 0x00, 0x00, 0x0f, 0xd1,
  0x05, 0x00, 0x00, 0x00, 0x39, 0xa4, 0x49, 0x00, 0x00, 0x00, 0x00, 0x00,
  0x00, 0x7c, 0x00, 0x00, 0x00, 0x01, 0x6d, 0x7f, 0x0b, 0x00, 0x00, 0x2a,
  0x85, 0x17, 0x00, 0x00, 0x88, 0x0b, 0x00, 0x00, 0x2b, 0xcb, 0x17, 0x00,
  0x00, 0x94, 0x0b, 0x00, 0x00, 0x1e, 0x69, 0x06, 0x00, 0x00, 0xf0, 0x49,
  0x00, 0x00, 0x00, 0x00, 0x00, 0x00, 0x1f, 0x01, 0x53, 0x02, 0x83, 0x00,
  0x1f, 0x01, 0x50, 0x01, 0x31, 0x00, 0x1e, 0x6d, 0x0b, 0x00, 0x00, 0xf8,
  0x49, 0x00, 0x00, 0x00, 0x00, 0x00, 0x00, 0x1f, 0x01, 0x50, 0x02, 0x83,
  0x00, 0x00, 0x00, 0x19, 0xbc, 0x4a, 0x00, 0x00, 0x00, 0x00, 0x00, 0x00,
  0x5c, 0x00, 0x00, 0x00, 0x01, 0x6d, 0x25, 0x1a, 0x00, 0x00, 0x01, 0x8b,
  0x28, 0x04, 0x00, 0x00, 0x1a, 0xe6, 0x18, 0x00, 0x00, 0xc6, 0x1e, 0x00,
  0x00, 0x01, 0x8b, 0xe9, 0x04, 0x00, 0x00, 0x1a, 0x6b, 0x19, 0x00, 0x00,
  0x80, 0x22, 0x00, 0x00, 0x01, 0x8b, 0x10, 0x05, 0x00, 0x00, 0x2c, 0xe8,
  0x0d, 0x00, 0x00, 0xdc, 0x4a, 0x00, 0x00, 0x00, 0x00, 0x00, 0x00, 0x3a,
  0x3c, 0x0f, 0x00, 0x00, 0xf0, 0x4a, 0x00, 0x00, 0x00, 0x00, 0x00, 0x00,
  0x1e, 0x69, 0x06, 0x00, 0x00, 0x08, 0x4b, 0x00, 0x00, 0x00, 0x00, 0x00,
  0x00, 0x1f, 0x01, 0x50, 0x01, 0x32, 0x00, 0x00, 0x19, 0x18, 0x4b, 0x00,
  0x00, 0x00, 0x00, 0x00, 0x00, 0xf8, 0x01, 0x00, 0x00, 0x01, 0x6d, 0xff,
  0x1a, 0x00, 0x00, 0x01, 0xa4, 0x28, 0x04, 0x00, 0x00, 0x33, 0x02, 0x8f,
  0x10, 0xe1, 0x03, 0x00, 0x00, 0x01, 0xaa, 0xf5, 0x11, 0x00, 0x00, 0x33,
  0x02, 0x8f, 0x00, 0x7e, 0x1a, 0x00, 0x00, 0x01, 0xab, 0x52, 0x12, 0x00,
  0x00, 0x25, 0xf0, 0x19, 0x00, 0x00, 0xcd, 0x03, 0x00, 0x00, 0x01, 0xb0,
  0x28, 0x04, 0x00, 0x00, 0x34, 0xa0, 0x4b, 0x00, 0x00, 0x00, 0x00, 0x00,
  0x00, 0x48, 0x01, 0x00, 0x00, 0x25, 0x23, 0x1a, 0x00, 0x00, 0x2b, 0x18,
  0x00, 0x00, 0x01, 0xb7, 0x28, 0x04, 0x00, 0x00, 0x1c, 0x80, 0x03, 0x00,
  0x00, 0x25, 0xa2, 0x1a, 0x00, 0x00, 0x43, 0x01, 0x00, 0x00, 0x01, 0xc0,
  0x28, 0x04, 0x00, 0x00, 0x00, 0x00, 0x1e, 0xd9, 0x11, 0x00, 0x00, 0x68,
  0x4b, 0x00, 0x00, 0x00, 0x00, 0x00, 0x00, 0x1f, 0x01, 0x52, 0x03, 0x10,
  0x80, 0x01, 0x1f, 0x01, 0x51, 0x02, 0x8f, 0x10, 0x00, 0x1e, 0x28, 0x12,
  0x00, 0x00, 0x84, 0x4b, 0x00, 0x00, 0x00, 0x00, 0x00, 0x00, 0x1f, 0x01,
  0x53, 0x02, 0x8f, 0x00, 0x1f, 0x01, 0x52, 0x02, 0x8f, 0x00, 0x1f, 0x01,
  0x54, 0x02, 0x8f, 0x00, 0x1f, 0x01, 0x51, 0x02, 0x8f, 0x10, 0x00, 0x1e,
  0x89, 0x12, 0x00, 0x00, 0x9c, 0x4b, 0x00, 0x00, 0x00, 0x00, 0x00, 0x00,
  0x1f, 0x01, 0x52, 0x03, 0x10, 0x80, 0x01, 0x1f, 0x01, 0x51, 0x02, 0x8f,
  0x10, 0x00, 0x1e, 0xae, 0x12, 0x00, 0x00, 0xb0, 0x4b, 0x00, 0x00, 0x00,
  0x00, 0x00, 0x00, 0x1f, 0x01, 0x52, 0x02, 0x8f, 0x00, 0x1f, 0x01, 0x51,
  0x02, 0x8f, 0x00, 0x00, 0x1e, 0x69, 0x06, 0x00, 0x00, 0x20, 0x4c, 0x00,
  0x00, 0x00, 0x00, 0x00, 0x00, 0x1f, 0x01, 0x50, 0x01, 0x32, 0x00, 0x1e,
  0x6d, 0x0b, 0x00, 0x00, 0x28, 0x4c, 0x00, 0x00, 0x00, 0x00, 0x00, 0x00,
  0x1f, 0x01, 0x50, 0x02, 0x83, 0x00, 0x00, 0x2c, 0xd4, 0x0a, 0x00, 0x00,
  0x30, 0x4c, 0x00, 0x00, 0x00, 0x00, 0x00, 0x00, 0x2c, 0xe4, 0x0a, 0x00,
  0x00, 0x50, 0x4c, 0x00, 0x00, 0x00, 0x00, 0x00, 0x00, 0x1e, 0x69, 0x06,
  0x00, 0x00, 0x6c, 0x4c, 0x00, 0x00, 0x00, 0x00, 0x00, 0x00, 0x1f, 0x01,
  0x50, 0x01, 0x32, 0x00, 0x1e, 0x69, 0x06, 0x00, 0x00, 0xe8, 0x4c, 0x00,
  0x00, 0x00, 0x00, 0x00, 0x00, 0x1f, 0x01, 0x50, 0x01, 0x31, 0x00, 0x00,
  0x19, 0x10, 0x4d, 0x00, 0x00, 0x00, 0x00, 0x00, 0x00, 0xf0, 0x01, 0x00,
  0x00, 0x01, 0x6d, 0x31, 0x22, 0x00, 0x00, 0x01, 0xd3, 0x28, 0x04, 0x00,
  0x00, 0x1a, 0x60, 0x1d, 0x00, 0x00, 0xc6, 0x1e, 0x00, 0x00, 0x01, 0xd3,
  0xe9, 0x04, 0x00, 0x00, 0x1a, 0xb9, 0x1d, 0x00, 0x00, 0x80, 0x22, 0x00,
  0x00, 0x01, 0xd3, 0x10, 0x05, 0x00, 0x00, 0x33, 0x02, 0x91, 0x74, 0x83,
  0x19, 0x00, 0x00, 0x01, 0xde, 0x7b, 0x14, 0x00, 0x00, 0x25, 0x28, 0x1e,
  0x00, 0x00, 0xfa, 0x08, 0x00, 0x00, 0x01, 0xdd, 0x7b, 0x05, 0x00, 0x00,
  0x25, 0xc8, 0x1e, 0x00, 0x00, 0x3d, 0x18, 0x00, 0x00, 0x01, 0xe4, 0x28,
  0x04, 0x00, 0x00, 0x34, 0x98, 0x4d, 0x00, 0x00, 0x00, 0x00, 0x00, 0x00,
  0xec, 0x00, 0x00, 0x00, 0x25, 0x5d, 0x1e, 0x00, 0x00, 0x43, 0x01, 0x00,
  0x00, 0x01, 0xe6, 0x28, 0x04, 0x00, 0x00, 0x1c, 0xc0, 0x03, 0x00, 0x00,
  0x25, 0x10, 0x1f, 0x00, 0x00, 0xc7, 0x04, 0x00, 0x00, 0x01, 0xed, 0x91,
  0x05, 0x00, 0x00, 0x25, 0x7c, 0x1f, 0x00, 0x00, 0x2b, 0x18, 0x00, 0x00,
  0x01, 0xe7, 0x28, 0x04, 0x00, 0x00, 0x35, 0x32, 0x13, 0x00, 0x00, 0xb4,
  0x4d, 0x00, 0x00, 0x00, 0x00, 0x00, 0x00, 0x1c, 0x00, 0x00, 0x00, 0x01,
  0xed, 0x18, 0x27, 0x01, 0x6a, 0x42, 0x13, 0x00, 0x00, 0x27, 0x03, 0x91,
  0x74, 0x9f, 0x4d, 0x13, 0x00, 0x00, 0x28, 0x04, 0x58, 0x13, 0x00, 0x00,
  0x28, 0x04, 0x5d, 0x13, 0x00, 0x00, 0x29, 0x80, 0x80, 0x01, 0x68, 0x13,
  0x00, 0x00, 0x35, 0xcf, 0x12, 0x00, 0x00, 0xb4, 0x4d, 0x00, 0x00, 0x00,
  0x00, 0x00, 0x00, 0x1c, 0x00, 0x00, 0x00, 0x12, 0x55, 0x0a, 0x27, 0x01,
  0x6a, 0xdf, 0x12, 0x00, 0x00, 0x27, 0x03, 0x91, 0x74, 0x9f, 0xea, 0x12,
  0x00, 0x00, 0x28, 0x04, 0xf5, 0x12, 0x00, 0x00, 0x28, 0x04, 0xfa, 0x12,
  0x00, 0x00, 0x29, 0x80, 0x80, 0x01, 0x05, 0x13, 0x00, 0x00, 0x28, 0x00,
  0x10, 0x13, 0x00, 0x00, 0x28, 0x00, 0x1b, 0x13, 0x00, 0x00, 0x00, 0x00,
  0x35, 0x32, 0x13, 0x00, 0x00, 0xd8, 0x4d, 0x00, 0x00, 0x00, 0x00, 0x00,
  0x00, 0x1c, 0x00, 0x00, 0x00, 0x01, 0xf6, 0x10, 0x27, 0x01, 0x6a, 0x42,
  0x13, 0x00, 0x00, 0x27, 0x01, 0x64, 0x4d, 0x13, 0x00, 0x00, 0x27, 0x01,
  0x63, 0x5d, 0x13, 0x00, 0x00, 0x29, 0x80, 0x80, 0x01, 0x68, 0x13, 0x00,
  0x00, 0x35, 0xcf, 0x12, 0x00, 0x00, 0xd8, 0x4d, 0x00, 0x00, 0x00, 0x00,
  0x00, 0x00, 0x1c, 0x00, 0x00, 0x00, 0x12, 0x55, 0x0a, 0x27, 0x01, 0x6a,
  0xdf, 0x12, 0x00, 0x00, 0x27, 0x01, 0x64, 0xea, 0x12, 0x00, 0x00, 0x27,
  0x01, 0x63, 0xfa, 0x12, 0x00, 0x00, 0x29, 0x80, 0x80, 0x01, 0x05, 0x13,
  0x00, 0x00, 0x28, 0x00, 0x10, 0x13, 0x00, 0x00, 0x28, 0x00, 0x1b, 0x13,
  0x00, 0x00, 0x00, 0x00, 0x35, 0x7f, 0x0b, 0x00, 0x00, 0x80, 0x4e, 0x00,
  0x00, 0x00, 0x00, 0x00, 0x00, 0x04, 0x00, 0x00, 0x00, 0x01, 0xf1, 0x0d,
  0x27, 0x06, 0x87, 0x00, 0x11, 0x04, 0x1b, 0x9f, 0x88, 0x0b, 0x00, 0x00,
  0x36, 0x01, 0x6a, 0x94, 0x0b, 0x00, 0x00, 0x00, 0x3b, 0x7f, 0x0b, 0x00,
  0x00, 0x44, 0x4e, 0x00, 0x00, 0x00, 0x00, 0x00, 0x00, 0x3c, 0x00, 0x00,
  0x00, 0x01, 0x00, 0x00, 0x00, 0x1e, 0x69, 0x06, 0x00, 0x00, 0x78, 0x4d,
  0x00, 0x00, 0x00, 0x00, 0x00, 0x00, 0x1f, 0x01, 0x54, 0x02, 0x83, 0x00,
  0x1f, 0x01, 0x51, 0x02, 0x86, 0x00, 0x1f, 0x01, 0x50, 0x02, 0x8f, 0x00,
  0x00, 0x2c, 0xd4, 0x0a, 0x00, 0x00, 0x00, 0x4e, 0x00, 0x00, 0x00, 0x00,
  0x00, 0x00, 0x2c, 0xe4, 0x0a, 0x00, 0x00, 0x08, 0x4e, 0x00, 0x00, 0x00,
  0x00, 0x00, 0x00, 0x2c, 0xd4, 0x0a, 0x00, 0x00, 0x24, 0x4e, 0x00, 0x00,
  0x00, 0x00, 0x00, 0x00, 0x2c, 0xe4, 0x0a, 0x00, 0x00, 0x2c, 0x4e, 0x00,
  0x00, 0x00, 0x00, 0x00, 0x00, 0x1e, 0x69, 0x06, 0x00, 0x00, 0x44, 0x4e,
  0x00, 0x00, 0x00, 0x00, 0x00, 0x00, 0x1f, 0x01, 0x53, 0x02, 0x8a, 0x00,
  0x00, 0x1e, 0x69, 0x06, 0x00, 0x00, 0x64, 0x4e, 0x00, 0x00, 0x00, 0x00,
  0x00, 0x00, 0x1f, 0x01, 0x53, 0x02, 0x8a, 0x00, 0x1f, 0x01, 0x52, 0x02,
  0x88, 0x00, 0x1f, 0x01, 0x51, 0x02, 0x86, 0x00, 0x1f, 0x01, 0x50, 0x01,
  0x31, 0x00, 0x1e, 0x6d, 0x0b, 0x00, 0x00, 0x6c, 0x4e, 0x00, 0x00, 0x00,
  0x00, 0x00, 0x00, 0x1f, 0x01, 0x50, 0x02, 0x8a, 0x00, 0x00, 0x1e, 0x69,
  0x06, 0x00, 0x00, 0xa0, 0x4e, 0x00, 0x00, 0x00, 0x00, 0x00, 0x00, 0x1f,
  0x01, 0x53, 0x02, 0x85, 0x00, 0x1f, 0x01, 0x50, 0x02, 0x8f, 0x00, 0x00,
  0x1e, 0x69, 0x06, 0x00, 0x00, 0xc8, 0x4e, 0x00, 0x00, 0x00, 0x00, 0x00,
  0x00, 0x1f, 0x01, 0x50, 0x02, 0x8f, 0x00, 0x00, 0x00, 0x20, 0x21, 0x16,
  0x00, 0x00, 0x10, 0x4a, 0x0f, 0x28, 0x04, 0x00, 0x00, 0x0f, 0xf0, 0x11,
  0x00, 0x00, 0x0f, 0x10, 0x05, 0x00, 0x00, 0x00, 0x0d, 0xf5, 0x11, 0x00,
  0x00, 0x0a, 0x00, 0x12, 0x00, 0x00, 0x5b, 0x0c, 0x00, 0x00, 0x10, 0x43,
  0x0b, 0x80, 0x10, 0x41, 0x0c, 0xdf, 0x00, 0x00, 0x00, 0x11, 0x12, 0x00,
  0x00, 0x10, 0x42, 0x00, 0x00, 0x03, 0x1d, 0x12, 0x00, 0x00, 0x04, 0x4e,
  0x00, 0x00, 0x00, 0x10, 0x00, 0x0a, 0x1b, 0x05, 0x00, 0x00, 0x74, 0x19,
  0x00, 0x00, 0x10, 0x2e, 0x2e, 0x7c, 0x19, 0x00, 0x00, 0x10, 0x89, 0x28,
  0x04, 0x00, 0x00, 0x0f, 0x28, 0x04, 0x00, 0x00, 0x0f, 0xf0, 0x11, 0x00,
  0x00, 0x0f, 0xf0, 0x11, 0x00, 0x00, 0x0f, 0xf0, 0x11, 0x00, 0x00, 0x0f,
  0x4d, 0x12, 0x00, 0x00, 0x00, 0x0d, 0x52, 0x12, 0x00, 0x00, 0x16, 0xd4,
  0x03, 0x00, 0x00, 0x10, 0x11, 0x0f, 0x0c, 0xe6, 0x1a, 0x00, 0x00, 0x73,
  0x12, 0x00, 0x00, 0x11, 0x10, 0x00, 0x0c, 0x35, 0x18, 0x00, 0x00, 0x7e,
  0x12, 0x00, 0x00, 0x11, 0x11, 0x08, 0x00, 0x0a, 0xa7, 0x05, 0x00, 0x00,
  0xde, 0x07, 0x00, 0x00, 0x08, 0x41, 0x0a, 0xa7, 0x05, 0x00, 0x00, 0x25,
  0x0d, 0x00, 0x00, 0x08, 0x1f, 0x2e, 0x22, 0x22, 0x00, 0x00, 0x10, 0x4b,
  0x28, 0x04, 0x00, 0x00, 0x0f, 0x28, 0x04, 0x00, 0x00, 0x0f, 0xa4, 0x12,
  0x00, 0x00, 0x0f, 0x10, 0x05, 0x00, 0x00, 0x00, 0x0d, 0xa9, 0x12, 0x00,
  0x00, 0x09, 0xf5, 0x11, 0x00, 0x00, 0x2d, 0xd8, 0x1f, 0x00, 0x00, 0x07,
  0x18, 0x01, 0x28, 0x04, 0x00, 0x00, 0x0f, 0x28, 0x04, 0x00, 0x00, 0x0f,
  0x43, 0x05, 0x00, 0x00, 0x0f, 0xca, 0x12, 0x00, 0x00, 0x00, 0x0d, 0x40,
  0x0b, 0x00, 0x00, 0x22, 0x1c, 0x1e, 0x00, 0x00, 0x1e, 0x1a, 0x00, 0x00,
  0x12, 0x3a, 0x91, 0x05, 0x00, 0x00, 0x01, 0x18, 0x21, 0x0e, 0x00, 0x00,
  0x12, 0x3a, 0x28, 0x04, 0x00, 0x00, 0x18, 0xf2, 0x07, 0x00, 0x00, 0x12,
  0x3a, 0x27, 0x13, 0x00, 0x00, 0x23, 0x1b, 0x05, 0x00, 0x00, 0x18, 0xc0,
  0x01, 0x00, 0x00, 0x12, 0x3a, 0x10, 0x05, 0x00, 0x00, 0x18, 0x76, 0x1d,
  0x00, 0x00, 0x12, 0x3a, 0x28, 0x04, 0x00, 0x00, 0x18, 0x2e, 0x16, 0x00,
  0x00, 0x12, 0x3a, 0x36, 0x0b, 0x00, 0x00, 0x18, 0xf1, 0x08, 0x00, 0x00,
  0x12, 0x3a, 0x40, 0x0b, 0x00, 0x00, 0x00, 0x09, 0x2c, 0x13, 0x00, 0x00,
  0x0d, 0x31, 0x13, 0x00, 0x00, 0x3c, 0x22, 0xdf, 0x1f, 0x00, 0x00, 0x24,
  0x0e, 0x00, 0x00, 0x12, 0x51, 0x91, 0x05, 0x00, 0x00, 0x01, 0x18, 0xbe,
  0x13, 0x00, 0x00, 0x12, 0x51, 0x28, 0x04, 0x00, 0x00, 0x18, 0xf2, 0x07,
  0x00, 0x00, 0x12, 0x51, 0x27, 0x13, 0x00, 0x00, 0x23, 0x1b, 0x05, 0x00,
  0x00, 0x18, 0xc0, 0x01, 0x00, 0x00, 0x12, 0x51, 0x10, 0x05, 0x00, 0x00,
  0x18, 0x76, 0x1d, 0x00, 0x00, 0x12, 0x51, 0x28, 0x04, 0x00, 0x00, 0x00,
  0x19, 0x00, 0x4f, 0x00, 0x00, 0x00, 0x00, 0x00, 0x00, 0x50, 0x00, 0x00,
  0x00, 0x01, 0x6d, 0x55, 0x25, 0x00, 0x00, 0x01, 0x99, 0x28, 0x04, 0x00,
  0x00, 0x1e, 0x69, 0x06, 0x00, 0x00, 0x28, 0x4f, 0x00, 0x00, 0x00, 0x00,
  0x00, 0x00, 0x1f, 0x01, 0x51, 0x02, 0x83, 0x00, 0x1f, 0x01, 0x50, 0x01,
  0x31, 0x00, 0x2c, 0xa1, 0x0b, 0x00, 0x00, 0x2c, 0x4f, 0x00, 0x00, 0x00,
  0x00, 0x00, 0x00, 0x1e, 0x69, 0x06, 0x00, 0x00, 0x40, 0x4f, 0x00, 0x00,
  0x00, 0x00, 0x00, 0x00, 0x1f, 0x01, 0x51, 0x02, 0x83, 0x00, 0x1f, 0x01,
  0x50, 0x01, 0x31, 0x00, 0x00, 0x3d, 0x50, 0x4f, 0x00, 0x00, 0x00, 0x00,
  0x00, 0x00, 0x0c, 0x00, 0x00, 0x00, 0x01, 0x6f, 0x5b, 0x21, 0x00, 0x00,
  0x01, 0x15, 0x01, 0xe7, 0x13, 0x00, 0x00, 0x0d, 0xc7, 0x03, 0x00, 0x00,
  0x16, 0xf3, 0x00, 0x00, 0x00, 0x6e, 0x14, 0x0b, 0x0c, 0xe8, 0x00, 0x00,
  0x00, 0x0d, 0x14, 0x00, 0x00, 0x14, 0x0c, 0x00, 0x0c, 0xf7, 0x02, 0x00,
  0x00, 0x18, 0x14, 0x00, 0x00, 0x14, 0x0d, 0x02, 0x00, 0x0a, 0x74, 0x05,
  0x00, 0x00, 0xf9, 0x1b, 0x00, 0x00, 0x13, 0x0b, 0x03, 0x47, 0x00, 0x00,
  0x00, 0x04, 0x4e, 0x00, 0x00, 0x00, 0x6c, 0x00, 0x0a, 0x2f, 0x14, 0x00,
  0x00, 0x55, 0x0f, 0x00, 0x00, 0x15, 0x0c, 0x3e, 0x38, 0x14, 0x00, 0x00,
  0x92, 0x1d, 0x00, 0x00, 0x3f, 0x34, 0x02, 0x00, 0x00, 0x20, 0x0c, 0x7f,
  0x14, 0x00, 0x00, 0xc3, 0x06, 0x00, 0x00, 0x01, 0x50, 0x00, 0x0c, 0x88,
  0x20, 0x00, 0x00, 0xc3, 0x06, 0x00, 0x00, 0x01, 0x50, 0x08, 0x0c, 0xab,
  0x19, 0x00, 0x00, 0xc3, 0x06, 0x00, 0x00, 0x01, 0x50, 0x10, 0x0c, 0x7b,
  0x24, 0x00, 0x00, 0x28, 0x04, 0x00, 0x00, 0x01, 0x50, 0x18, 0x0c, 0x31,
  0x00, 0x00, 0x00, 0x28, 0x04, 0x00, 0x00, 0x01, 0x50, 0x1c, 0x00, 0x03,
  0xf3, 0x04, 0x00, 0x00, 0x04, 0x4e, 0x00, 0x00, 0x00, 0x04, 0x00, 0x00,
  0x8b, 0x12, 0x00, 0x00, 0x04, 0x00, 0x36, 0x09, 0x00, 0x00, 0x08, 0x01,
  0xfb, 0x05, 0x00, 0x00, 0x0c, 0x00, 0x00, 0x03, 0x00, 0x00, 0x94, 0x1f,
  0x00, 0x00, 0x29, 0x24, 0x00, 0x00, 0x00, 0x00, 0x00, 0x00, 0x00, 0x00,
  0x00, 0x00, 0x80, 0x05, 0x00, 0x00, 0x02, 0x3b, 0x00, 0x00, 0x00, 0x01,
  0x15, 0x09, 0x03, 0x7f, 0x24, 0x00, 0x00, 0x00, 0x00, 0x00, 0x00, 0x03,
  0x47, 0x00, 0x00, 0x00, 0x04, 0x4e, 0x00, 0x00, 0x00, 0x0d, 0x00, 0x05,
  0xa7, 0x12, 0x00, 0x00, 0x08, 0x01, 0x06, 0x2a, 0x1c, 0x00, 0x00, 0x08,
  0x07, 0x02, 0x66, 0x00, 0x00, 0x00, 0x01, 0x15, 0x09, 0x03, 0x0e, 0x26,
  0x00, 0x00, 0x00, 0x00, 0x00, 0x00, 0x03, 0x47, 0x00, 0x00, 0x00, 0x04,
  0x4e, 0x00, 0x00, 0x00, 0x13, 0x00, 0x02, 0x83, 0x00, 0x00, 0x00, 0x01,
  0x19, 0x09, 0x03, 0x4b, 0x25, 0x00, 0x00, 0x00, 0x00, 0x00, 0x00, 0x03,
  0x47, 0x00, 0x00, 0x00, 0x04, 0x4e, 0x00, 0x00, 0x00, 0x16, 0x00, 0x02,
  0x83, 0x00, 0x00, 0x00, 0x01, 0x1d, 0x09, 0x03, 0x33, 0x1f, 0x00, 0x00,
  0x00, 0x00, 0x00, 0x00, 0x02, 0xb1, 0x00, 0x00, 0x00, 0x01, 0x22, 0x09,
  0x03, 0x9a, 0x24, 0x00, 0x00, 0x00, 0x00, 0x00, 0x00, 0x03, 0x47, 0x00,
  0x00, 0x00, 0x04, 0x4e, 0x00, 0x00, 0x00, 0x17, 0x00, 0x02, 0xce, 0x00,
  0x00, 0x00, 0x01, 0x2d, 0x09, 0x03, 0xf9, 0x1d, 0x00, 0x00, 0x00, 0x00,
  0x00, 0x00, 0x03, 0x47, 0x00, 0x00, 0x00, 0x04, 0x4e, 0x00, 0x00, 0x00,
  0x36, 0x00, 0x02, 0x66, 0x00, 0x00, 0x00, 0x01, 0x35, 0x09, 0x03, 0x2f,
  0x1e, 0x00, 0x00, 0x00, 0x00, 0x00, 0x00, 0x02, 0xfc, 0x00, 0x00, 0x00,
  0x01, 0x3a, 0x09, 0x03, 0x31, 0x25, 0x00, 0x00, 0x00, 0x00, 0x00, 0x00,
  0x03, 0x47, 0x00, 0x00, 0x00, 0x04, 0x4e, 0x00, 0x00, 0x00, 0x1a, 0x00,
  0x02, 0x19, 0x01, 0x00, 0x00, 0x01, 0x41, 0x09, 0x03, 0x41, 0x22, 0x00,
  0x00, 0x00, 0x00, 0x00, 0x00, 0x03, 0x47, 0x00, 0x00, 0x00, 0x04, 0x4e,
  0x00, 0x00, 0x00, 0x1d, 0x00, 0x02, 0x36, 0x01, 0x00, 0x00, 0x01, 0x47,
  0x09, 0x03, 0xe7, 0x27, 0x00, 0x00, 0x00, 0x00, 0x00, 0x00, 0x03, 0x47,
  0x00, 0x00, 0x00, 0x04, 0x4e, 0x00, 0x00, 0x00, 0x29, 0x00, 0x02, 0x19,
  0x01, 0x00, 0x00, 0x01, 0x51, 0x09, 0x03, 0xbd, 0x26, 0x00, 0x00, 0x00,
  0x00, 0x00, 0x00, 0x02, 0x64, 0x01, 0x00, 0x00, 0x01, 0x57, 0x09, 0x03,
  0x10, 0x28, 0x00, 0x00, 0x00, 0x00, 0x00, 0x00, 0x03, 0x47, 0x00, 0x00,
  0x00, 0x04, 0x4e, 0x00, 0x00, 0x00, 0x24, 0x00, 0x02, 0xfc, 0x00, 0x00,
  0x00, 0x01, 0x5f, 0x09, 0x03, 0xb8, 0x1f, 0x00, 0x00, 0x00, 0x00, 0x00,
  0x00, 0x02, 0x36, 0x01, 0x00, 0x00, 0x01, 0x67, 0x09, 0x03, 0x61, 0x25,
  0x00, 0x00, 0x00, 0x00, 0x00, 0x00, 0x02, 0x66, 0x00, 0x00, 0x00, 0x01,
  0x6e, 0x09, 0x03, 0xc9, 0x1e, 0x00, 0x00, 0x00, 0x00, 0x00, 0x00, 0x02,
  0x83, 0x00, 0x00, 0x00, 0x01, 0x7f, 0x09, 0x03, 0x9c, 0x22, 0x00, 0x00,
  0x00, 0x00, 0x00, 0x00, 0x02, 0x66, 0x00, 0x00, 0x00, 0x01, 0x86, 0x09,
  0x03, 0x69, 0x1f, 0x00, 0x00, 0x00, 0x00, 0x00, 0x00, 0x02, 0x66, 0x00,
  0x00, 0x00, 0x01, 0x93, 0x09, 0x03, 0xda, 0x26, 0x00, 0x00, 0x00, 0x00,
  0x00, 0x00, 0x02, 0xe7, 0x01, 0x00, 0x00, 0x01, 0x98, 0x09, 0x03, 0x91,
  0x27, 0x00, 0x00, 0x00, 0x00, 0x00, 0x00, 0x03, 0x47, 0x00, 0x00, 0x00,
  0x04, 0x4e, 0x00, 0x00, 0x00, 0x19, 0x00, 0x02, 0x04, 0x02, 0x00, 0x00,
  0x01, 0xb6, 0x09, 0x03, 0x9c, 0x20, 0x00, 0x00, 0x00, 0x00, 0x00, 0x00,
  0x03, 0x47, 0x00, 0x00, 0x00, 0x04, 0x4e, 0x00, 0x00, 0x00, 0x1c, 0x00,
  0x02, 0x21, 0x02, 0x00, 0x00, 0x01, 0xc3, 0x09, 0x03, 0x08, 0x1d, 0x00,
  0x00, 0x00, 0x00, 0x00, 0x00, 0x03, 0x47, 0x00, 0x00, 0x00, 0x04, 0x4e,
  0x00, 0x00, 0x00, 0x3e, 0x00, 0x02, 0x3e, 0x02, 0x00, 0x00, 0x01, 0xcb,
  0x09, 0x03, 0x43, 0x26, 0x00, 0x00, 0x00, 0x00, 0x00, 0x00, 0x03, 0x47,
  0x00, 0x00, 0x00, 0x04, 0x4e, 0x00, 0x00, 0x00, 0x2e, 0x00, 0x02, 0x5b,
  0x02, 0x00, 0x00, 0x01, 0xd5, 0x09, 0x03, 0xce, 0x1d, 0x00, 0x00, 0x00,
  0x00, 0x00, 0x00, 0x03, 0x47, 0x00, 0x00, 0x00, 0x04, 0x4e, 0x00, 0x00,
  0x00, 0x2b, 0x00, 0x02, 0x78, 0x02, 0x00, 0x00, 0x01, 0xd9, 0x09, 0x03,
  0xcd, 0x24, 0x00, 0x00, 0x00, 0x00, 0x00, 0x00, 0x03, 0x47, 0x00, 0x00,
  0x00, 0x04, 0x4e, 0x00, 0x00, 0x00, 0x35, 0x00, 0x02, 0x95, 0x02, 0x00,
  0x00, 0x01, 0xef, 0x09, 0x03, 0x80, 0x1e, 0x00, 0x00, 0x00, 0x00, 0x00,
  0x00, 0x03, 0x47, 0x00, 0x00, 0x00, 0x04, 0x4e, 0x00, 0x00, 0x00, 0x2a,
  0x00, 0x02, 0xb2, 0x02, 0x00, 0x00, 0x01, 0xf8, 0x09, 0x03, 0xd8, 0x23,
  0x00, 0x00, 0x00, 0x00, 0x00, 0x00, 0x03, 0x47, 0x00, 0x00, 0x00, 0x04,
  0x4e, 0x00, 0x00, 0x00, 0x27, 0x00, 0x07, 0xd0, 0x02, 0x00, 0x00, 0x01,
  0x01, 0x01, 0x09, 0x03, 0x40, 0x29, 0x00, 0x00, 0x00, 0x00, 0x00, 0x00,
  0x03, 0x47, 0x00, 0x00, 0x00, 0x04, 0x4e, 0x00, 0x00, 0x00, 0x26, 0x00,
  0x07, 0xee, 0x02, 0x00, 0x00, 0x01, 0x0d, 0x01, 0x09, 0x03, 0xaa, 0x1e,
  0x00, 0x00, 0x00, 0x00, 0x00, 0x00, 0x03, 0x47, 0x00, 0x00, 0x00, 0x04,
  0x4e, 0x00, 0x00, 0x00, 0x1f, 0x00, 0x08, 0x08, 0x23, 0x00, 0x00, 0x0f,
  0x03, 0x00, 0x00, 0x01, 0x0a, 0x09, 0x03, 0x88, 0xa3, 0x00, 0x00, 0x00,
  0x00, 0x00, 0x00, 0x09, 0x14, 0x03, 0x00, 0x00, 0x0a, 0x1f, 0x03, 0x00,
  0x00, 0x19, 0x08, 0x00, 0x00, 0x02, 0x6a, 0x0b, 0x28, 0x02, 0x64, 0x0c,
  0xd6, 0x06, 0x00, 0x00, 0x60, 0x03, 0x00, 0x00, 0x02, 0x65, 0x00, 0x0c,
  0x0c, 0x00, 0x00, 0x00, 0x12, 0x04, 0x00, 0x00, 0x02, 0x66, 0x08, 0x0c,
  0xb6, 0x1e, 0x00, 0x00, 0x12, 0x04, 0x00, 0x00, 0x02, 0x67, 0x10, 0x0c,
  0xbb, 0x1e, 0x00, 0x00, 0x1c, 0x04, 0x00, 0x00, 0x02, 0x68, 0x18, 0x0c,
  0xb7, 0x15, 0x00, 0x00, 0x12, 0x04, 0x00, 0x00, 0x02, 0x69, 0x20, 0x00,
  0x0d, 0x65, 0x03, 0x00, 0x00, 0x0e, 0x70, 0x03, 0x00, 0x00, 0x0f, 0x77,
  0x03, 0x00, 0x00, 0x00, 0x05, 0xa3, 0x12, 0x00, 0x00, 0x05, 0x04, 0x0d,
  0x7c, 0x03, 0x00, 0x00, 0x0a, 0x87, 0x03, 0x00, 0x00, 0x28, 0x10, 0x00,
  0x00, 0x02, 0x2f, 0x10, 0x0c, 0x03, 0x02, 0x22, 0x0c, 0x6c, 0x22, 0x00,
  0x00, 0xd8, 0x03, 0x00, 0x00, 0x02, 0x23, 0x00, 0x0c, 0x61, 0x0e, 0x00,
  0x00, 0x70, 0x03, 0x00, 0x00, 0x02, 0x26, 0x04, 0x0c, 0x8e, 0x19, 0x00,
  0x00, 0x05, 0x04, 0x00, 0x00, 0x02, 0x27, 0x08, 0x11, 0x59, 0x1a, 0x00,
  0x00, 0x05, 0x04, 0x00, 0x00, 0x02, 0x2a, 0x08, 0x01, 0x11, 0xac, 0x12,
  0x00, 0x00, 0x05, 0x04, 0x00, 0x00, 0x02, 0x2d, 0x08, 0x02, 0x11, 0xf7,
  0x03, 0x00, 0x00, 0x70, 0x03, 0x00, 0x00, 0x02, 0x2e, 0x08, 0x03, 0x00,
  0x0a, 0xe3, 0x03, 0x00, 0x00, 0x52, 0x09, 0x00, 0x00, 0x02, 0x16, 0x12,
  0xfe, 0x03, 0x00, 0x00, 0x04, 0x02, 0x12, 0x13, 0x0d, 0x20, 0x00, 0x00,
  0x00, 0x13, 0x44, 0x1b, 0x00, 0x00, 0x01, 0x13, 0x96, 0x1e, 0x00, 0x00,
  0x02, 0x00, 0x05, 0x4c, 0x1a, 0x00, 0x00, 0x07, 0x04, 0x03, 0x47, 0x00,
  0x00, 0x00, 0x14, 0x4e, 0x00, 0x00, 0x00, 0x00, 0x01, 0x00, 0x0d, 0x17,
  0x04, 0x00, 0x00, 0x15, 0x70, 0x03, 0x00, 0x00, 0x0d, 0x21, 0x04, 0x00,
  0x00, 0x0e, 0x70, 0x03, 0x00, 0x00, 0x0f, 0x31, 0x04, 0x00, 0x00, 0x0f,
  0x58, 0x04, 0x00, 0x00, 0x00, 0x0d, 0x36, 0x04, 0x00, 0x00, 0x09, 0x3b,
  0x04, 0x00, 0x00, 0x0a, 0x46, 0x04, 0x00, 0x00, 0x67, 0x1d, 0x00, 0x00,
  0x03, 0x3c, 0x0a, 0x51, 0x04, 0x00, 0x00, 0xf9, 0x13, 0x00, 0x00, 0x03,
  0x26, 0x05, 0x47, 0x11, 0x00, 0x00, 0x08, 0x01, 0x0a, 0x63, 0x04, 0x00,
  0x00, 0x12, 0x08, 0x00, 0x00, 0x04, 0x12, 0x05, 0x4d, 0x21, 0x00, 0x00,
  0x07, 0x08, 0x12, 0xfe, 0x03, 0x00, 0x00, 0x04, 0x05, 0x05, 0x13, 0xa6,
  0x1e, 0x00, 0x00, 0x00, 0x13, 0x6d, 0x0c, 0x00, 0x00, 0x01, 0x13, 0xb0,
  0x09, 0x00, 0x00, 0x02, 0x13, 0x2f, 0x0f, 0x00, 0x00, 0x03, 0x00, 0x0d,
  0x90, 0x04, 0x00, 0x00, 0x16, 0x01, 0x0e, 0x00, 0x00, 0x10, 0x07, 0x45,
  0x0c, 0xca, 0x07, 0x00, 0x00, 0xb1, 0x04, 0x00, 0x00, 0x07, 0x46, 0x00,
  0x0c, 0xa5, 0x15, 0x00, 0x00, 0xc3, 0x04, 0x00, 0x00, 0x07, 0x47, 0x02,
  0x00, 0x0a, 0xbc, 0x04, 0x00, 0x00, 0xf5, 0x0d, 0x00, 0x00, 0x06, 0x27,
  0x05, 0x3b, 0x00, 0x00, 0x00, 0x07, 0x02, 0x03, 0x47, 0x00, 0x00, 0x00,
  0x04, 0x4e, 0x00, 0x00, 0x00, 0x0e, 0x00, 0x0a, 0xda, 0x04, 0x00, 0x00,
  0x3f, 0x0f, 0x00, 0x00, 0x03, 0x42, 0x0a, 0xfe, 0x03, 0x00, 0x00, 0xbf,
  0x09, 0x00, 0x00, 0x03, 0x2a, 0x0a, 0xf0, 0x04, 0x00, 0x00, 0x14, 0x1e,
  0x00, 0x00, 0x09, 0x81, 0x0a, 0xfb, 0x04, 0x00, 0x00, 0x0a, 0x0e, 0x00,
  0x00, 0x08, 0x36, 0x0a, 0x06, 0x05, 0x00, 0x00, 0xaf, 0x1f, 0x00, 0x00,
  0x08, 0x0b, 0x05, 0x19, 0x01, 0x00, 0x00, 0x05, 0x08, 0x17, 0xd7, 0x0e,
  0x00, 0x00, 0x0a, 0xe9, 0x63, 0x04, 0x00, 0x00, 0x01, 0x18, 0x2c, 0x0b,
  0x00, 0x00, 0x0a, 0xe9, 0x25, 0x05, 0x00, 0x00, 0x00, 0x0d, 0x2a, 0x05,
  0x00, 0x00, 0x09, 0x47, 0x00, 0x00, 0x00, 0x19, 0x5c, 0x4f, 0x00, 0x00,
  0x00, 0x00, 0x00, 0x00, 0xf0, 0x00, 0x00, 0x00, 0x01, 0x6d, 0x5a, 0x03,
  0x00, 0x00, 0x01, 0x13, 0x70, 0x03, 0x00, 0x00, 0x1a, 0xc2, 0x1f, 0x00,
  0x00, 0x30, 0x23, 0x00, 0x00, 0x01, 0x13, 0x77, 0x03, 0x00, 0x00, 0x1b,
  0x0d, 0x05, 0x00, 0x00, 0x88, 0x4f, 0x00, 0x00, 0x00, 0x00, 0x00, 0x00,
  0x04, 0x00, 0x00, 0x00, 0x01, 0x1c, 0x09, 0x1c, 0xa0, 0x04, 0x00, 0x00,
  0x1d, 0x43, 0x01, 0x00, 0x00, 0x01, 0x27, 0x70, 0x03, 0x00, 0x00, 0x00,
  0x1e, 0xd0, 0x05, 0x00, 0x00, 0x88, 0x4f, 0x00, 0x00, 0x00, 0x00, 0x00,
  0x00, 0x1f, 0x01, 0x50, 0x01, 0x31, 0x00, 0x1e, 0xd0, 0x05, 0x00, 0x00,
  0xbc, 0x4f, 0x00, 0x00, 0x00, 0x00, 0x00, 0x00, 0x1f, 0x01, 0x50, 0x01,
  0x33, 0x00, 0x1e, 0xd0, 0x05, 0x00, 0x00, 0xec, 0x4f, 0x00, 0x00, 0x00,
  0x00, 0x00, 0x00, 0x1f, 0x01, 0x50, 0x01, 0x33, 0x00, 0x1e, 0xd0, 0x05,
  0x00, 0x00, 0x44, 0x50, 0x00, 0x00, 0x00, 0x00, 0x00, 0x00, 0x1f, 0x01,
  0x50, 0x01, 0x31, 0x1f, 0x01, 0x53, 0x03, 0x83, 0x88, 0x04, 0x00, 0x00,
  0x20, 0xe1, 0x06, 0x00, 0x00, 0x05, 0x0e, 0x0f, 0xe8, 0x05, 0x00, 0x00,
  0x0f, 0x25, 0x05, 0x00, 0x00, 0x0f, 0x25, 0x05, 0x00, 0x00, 0x21, 0x00,
  0x0a, 0x6a, 0x04, 0x00, 0x00, 0x7c, 0x0c, 0x00, 0x00, 0x05, 0x0a, 0x22,
  0xe7, 0x12, 0x00, 0x00, 0x0a, 0x13, 0x00, 0x00, 0x0a, 0x85, 0x2a, 0x06,
  0x00, 0x00, 0x01, 0x18, 0x2c, 0x0b, 0x00, 0x00, 0x0a, 0x85, 0x2b, 0x06,
  0x00, 0x00, 0x23, 0x63, 0x04, 0x00, 0x00, 0x18, 0xca, 0x09, 0x00, 0x00,
  0x0a, 0x85, 0x70, 0x03, 0x00, 0x00, 0x18, 0x15, 0x04, 0x00, 0x00, 0x0a,
  0x85, 0x58, 0x04, 0x00, 0x00, 0x00, 0x24, 0x09, 0x2a, 0x06, 0x00, 0x00,
  0x19, 0x4c, 0x50, 0x00, 0x00, 0x00, 0x00, 0x00, 0x00, 0x54, 0x02, 0x00,
  0x00, 0x01, 0x6d, 0x21, 0x1b, 0x00, 0x00, 0x01, 0x34, 0x70, 0x03, 0x00,
  0x00, 0x25, 0x02, 0x8f, 0x04, 0x17, 0x23, 0x00, 0x00, 0x01, 0x3f, 0x70,
  0x03, 0x00, 0x00, 0x26, 0x41, 0x20, 0x00, 0x00, 0xdc, 0x03, 0x00, 0x00,
  0x01, 0x4b, 0xf0, 0x11, 0x00, 0x00, 0x26, 0x07, 0x21, 0x00, 0x00, 0x95,
  0x09, 0x00, 0x00, 0x01, 0x38, 0x70, 0x03, 0x00, 0x00, 0x26, 0x73, 0x21,
  0x00, 0x00, 0x76, 0x1d, 0x00, 0x00, 0x01, 0x45, 0x70, 0x03, 0x00, 0x00,
  0x27, 0xf3, 0x05, 0x00, 0x00, 0xe0, 0x04, 0x00, 0x00, 0x01, 0x4c, 0x05,
  0x28, 0x43, 0x22, 0x00, 0x00, 0x03, 0x06, 0x00, 0x00, 0x28, 0x0f, 0x22,
  0x00, 0x00, 0x0e, 0x06, 0x00, 0x00, 0x28, 0xda, 0x21, 0x00, 0x00, 0x13,
  0x06, 0x00, 0x00, 0x28, 0xa6, 0x21, 0x00, 0x00, 0x1e, 0x06, 0x00, 0x00,
  0x00, 0x1e, 0xd0, 0x05, 0x00, 0x00, 0x88, 0x50, 0x00, 0x00, 0x00, 0x00,
  0x00, 0x00, 0x1f, 0x01, 0x50, 0x01, 0x31, 0x00, 0x1e, 0xb6, 0x08, 0x00,
  0x00, 0x98, 0x50, 0x00, 0x00, 0x00, 0x00, 0x00, 0x00, 0x1f, 0x01, 0x52,
  0x02, 0x8f, 0x00, 0x1f, 0x01, 0x51, 0x01, 0x31, 0x1f, 0x01, 0x50, 0x01,
  0x32, 0x00, 0x1e, 0xd2, 0x08, 0x00, 0x00, 0xb8, 0x50, 0x00, 0x00, 0x00,
  0x00, 0x00, 0x00, 0x1f, 0x01, 0x54, 0x01, 0x34, 0x1f, 0x01, 0x52, 0x01,
  0x32, 0x1f, 0x01, 0x51, 0x01, 0x31, 0x1f, 0x01, 0x53, 0x02, 0x8f, 0x04,
  0x00, 0x29, 0x14, 0x09, 0x00, 0x00, 0xc0, 0x50, 0x00, 0x00, 0x00, 0x00,
  0x00, 0x00, 0x29, 0x24, 0x09, 0x00, 0x00, 0xc8, 0x50, 0x00, 0x00, 0x00,
  0x00, 0x00, 0x00, 0x1e, 0xd0, 0x05, 0x00, 0x00, 0xe4, 0x50, 0x00, 0x00,
  0x00, 0x00, 0x00, 0x00, 0x1f, 0x01, 0x50, 0x01, 0x32, 0x00, 0x1e, 0x3a,
  0x09, 0x00, 0x00, 0xf4, 0x50, 0x00, 0x00, 0x00, 0x00, 0x00, 0x00, 0x1f,
  0x01, 0x52, 0x02, 0x8f, 0x00, 0x1f, 0x01, 0x51, 0x01, 0x33, 0x1f, 0x01,
  0x50, 0x02, 0x83, 0x00, 0x00, 0x1e, 0x3a, 0x09, 0x00, 0x00, 0x08, 0x51,
  0x00, 0x00, 0x00, 0x00, 0x00, 0x00, 0x1f, 0x01, 0x51, 0x01, 0x34, 0x1f,
  0x01, 0x50, 0x02, 0x83, 0x00, 0x00, 0x29, 0x14, 0x09, 0x00, 0x00, 0x10,
  0x51, 0x00, 0x00, 0x00, 0x00, 0x00, 0x00, 0x29, 0x24, 0x09, 0x00, 0x00,
  0x18, 0x51, 0x00, 0x00, 0x00, 0x00, 0x00, 0x00, 0x1e, 0xd0, 0x05, 0x00,
  0x00, 0x34, 0x51, 0x00, 0x00, 0x00, 0x00, 0x00, 0x00, 0x1f, 0x01, 0x50,
  0x01, 0x32, 0x00, 0x1e, 0x51, 0x09, 0x00, 0x00, 0x70, 0x51, 0x00, 0x00,
  0x00, 0x00, 0x00, 0x00, 0x1f, 0x01, 0x51, 0x03, 0x86, 0x88, 0x04, 0x1f,
  0x01, 0x52, 0x02, 0x8f, 0x0c, 0x1f, 0x01, 0x50, 0x01, 0x32, 0x00, 0x1e,
  0x6c, 0x09, 0x00, 0x00, 0x88, 0x51, 0x00, 0x00, 0x00, 0x00, 0x00, 0x00,
  0x1f, 0x01, 0x52, 0x01, 0x40, 0x1f, 0x01, 0x50, 0x02, 0x83, 0x00, 0x1f,
  0x01, 0x51, 0x02, 0x8f, 0x08, 0x00, 0x1e, 0x92, 0x09, 0x00, 0x00, 0x98,
  0x51, 0x00, 0x00, 0x00, 0x00, 0x00, 0x00, 0x1f, 0x01, 0x51, 0x01, 0x3a,
  0x1f, 0x01, 0x50, 0x02, 0x83, 0x00, 0x00, 0x1e, 0xd0, 0x05, 0x00, 0x00,
  0xc0, 0x51, 0x00, 0x00, 0x00, 0x00, 0x00, 0x00, 0x1f, 0x01, 0x50, 0x01,
  0x31, 0x1f, 0x01, 0x53, 0x03, 0x86, 0x88, 0x04, 0x00, 0x29, 0x14, 0x09,
  0x00, 0x00, 0xcc, 0x51, 0x00, 0x00, 0x00, 0x00, 0x00, 0x00, 0x29, 0x24,
  0x09, 0x00, 0x00, 0xd4, 0x51, 0x00, 0x00, 0x00, 0x00, 0x00, 0x00, 0x1e,
  0xd0, 0x05, 0x00, 0x00, 0xf0, 0x51, 0x00, 0x00, 0x00, 0x00, 0x00, 0x00,
  0x1f, 0x01, 0x50, 0x01, 0x33, 0x00, 0x29, 0x14, 0x09, 0x00, 0x00, 0x14,
  0x52, 0x00, 0x00, 0x00, 0x00, 0x00, 0x00, 0x29, 0x24, 0x09, 0x00, 0x00,
  0x1c, 0x52, 0x00, 0x00, 0x00, 0x00, 0x00, 0x00, 0x1e, 0xd0, 0x05, 0x00,
  0x00, 0x40, 0x52, 0x00, 0x00, 0x00, 0x00, 0x00, 0x00, 0x1f, 0x01, 0x54,
  0x02, 0x84, 0x00, 0x1f, 0x01, 0x50, 0x01, 0x33, 0x1f, 0x01, 0x53, 0x03,
  0x86, 0x88, 0x04, 0x00, 0x29, 0x14, 0x09, 0x00, 0x00, 0x48, 0x52, 0x00,
  0x00, 0x00, 0x00, 0x00, 0x00, 0x29, 0x24, 0x09, 0x00, 0x00, 0x50, 0x52,
  0x00, 0x00, 0x00, 0x00, 0x00, 0x00, 0x1e, 0xd0, 0x05, 0x00, 0x00, 0x6c,
  0x52, 0x00, 0x00, 0x00, 0x00, 0x00, 0x00, 0x1f, 0x01, 0x50, 0x01, 0x33,
  0x00, 0x1e, 0xa9, 0x09, 0x00, 0x00, 0x74, 0x52, 0x00, 0x00, 0x00, 0x00,
  0x00, 0x00, 0x1f, 0x01, 0x50, 0x02, 0x83, 0x00, 0x00, 0x00, 0x2a, 0xbe,
  0x13, 0x00, 0x00, 0x07, 0x26, 0x01, 0x70, 0x03, 0x00, 0x00, 0x0f, 0x70,
  0x03, 0x00, 0x00, 0x0f, 0x70, 0x03, 0x00, 0x00, 0x0f, 0x70, 0x03, 0x00,
  0x00, 0x00, 0x2a, 0x0e, 0x1c, 0x00, 0x00, 0x07, 0x24, 0x01, 0x70, 0x03,
  0x00, 0x00, 0x0f, 0x70, 0x03, 0x00, 0x00, 0x0f, 0x70, 0x03, 0x00, 0x00,
  0x0f, 0x70, 0x03, 0x00, 0x00, 0x0f, 0xf8, 0x08, 0x00, 0x00, 0x0f, 0xfe,
  0x08, 0x00, 0x00, 0x00, 0x0d, 0xfd, 0x08, 0x00, 0x00, 0x2b, 0x0a, 0x09,
  0x09, 0x00, 0x00, 0xd4, 0x07, 0x00, 0x00, 0x09, 0x76, 0x0a, 0xcf, 0x04,
  0x00, 0x00, 0x00, 0x10, 0x00, 0x00, 0x09, 0x74, 0x2c, 0xde, 0x1a, 0x00,
  0x00, 0x0b, 0x34, 0x1f, 0x09, 0x00, 0x00, 0x0d, 0x70, 0x03, 0x00, 0x00,
  0x2d, 0x4c, 0x25, 0x00, 0x00, 0x0c, 0x8a, 0x35, 0x09, 0x00, 0x00, 0x0f,
  0x70, 0x03, 0x00, 0x00, 0x00, 0x0d, 0x47, 0x00, 0x00, 0x00, 0x2d, 0xc5,
  0x13, 0x00, 0x00, 0x0d, 0x2e, 0x70, 0x03, 0x00, 0x00, 0x0f, 0x70, 0x03,
  0x00, 0x00, 0x0f, 0x70, 0x03, 0x00, 0x00, 0x21, 0x00, 0x2d, 0x4d, 0x1e,
  0x00, 0x00, 0x0e, 0x32, 0x70, 0x03, 0x00, 0x00, 0x0f, 0x70, 0x03, 0x00,
  0x00, 0x0f, 0x25, 0x05, 0x00, 0x00, 0x0f, 0x2a, 0x06, 0x00, 0x00, 0x00,
  0x2a, 0x77, 0x12, 0x00, 0x00, 0x07, 0x1a, 0x01, 0x70, 0x03, 0x00, 0x00,
  0x0f, 0x70, 0x03, 0x00, 0x00, 0x0f, 0x88, 0x09, 0x00, 0x00, 0x0f, 0xfe,
  0x08, 0x00, 0x00, 0x00, 0x0d, 0x8d, 0x09, 0x00, 0x00, 0x09, 0x90, 0x04,
  0x00, 0x00, 0x2a, 0xde, 0x0e, 0x00, 0x00, 0x07, 0x1f, 0x01, 0x70, 0x03,
  0x00, 0x00, 0x0f, 0x70, 0x03, 0x00, 0x00, 0x0f, 0x70, 0x03, 0x00, 0x00,
  0x00, 0x2a, 0x1b, 0x0e, 0x00, 0x00, 0x0f, 0x41, 0x01, 0x70, 0x03, 0x00,
  0x00, 0x0f, 0x70, 0x03, 0x00, 0x00, 0x00, 0x2e, 0xf7, 0x10, 0x00, 0x00,
  0x01, 0x06, 0x01, 0x01, 0x2f, 0xe5, 0x0e, 0x00, 0x00, 0x01, 0x06, 0x01,
  0x70, 0x03, 0x00, 0x00, 0x30, 0x2b, 0x18, 0x00, 0x00, 0x01, 0x0b, 0x01,
  0x70, 0x03, 0x00, 0x00, 0x00, 0x19, 0xa0, 0x52, 0x00, 0x00, 0x00, 0x00,
  0x00, 0x00, 0xe4, 0x00, 0x00, 0x00, 0x01, 0x6d, 0x4b, 0x18, 0x00, 0x00,
  0x01, 0x6d, 0x70, 0x03, 0x00, 0x00, 0x31, 0xf0, 0x52, 0x00, 0x00, 0x00,
  0x00, 0x00, 0x00, 0x48, 0x00, 0x00, 0x00, 0x26, 0x78, 0x22, 0x00, 0x00,
  0x43, 0x01, 0x00, 0x00, 0x01, 0x71, 0x70, 0x03, 0x00, 0x00, 0x32, 0xbb,
  0x09, 0x00, 0x00, 0x08, 0x53, 0x00, 0x00, 0x00, 0x00, 0x00, 0x00, 0x30,
  0x00, 0x00, 0x00, 0x01, 0x73, 0x0d, 0x33, 0x06, 0x87, 0x00, 0x11, 0x04,
  0x1b, 0x9f, 0xc4, 0x09, 0x00, 0x00, 0x34, 0x01, 0x65, 0xd0, 0x09, 0x00,
  0x00, 0x00, 0x00, 0x1e, 0xd0, 0x05, 0x00, 0x00, 0xd4, 0x52, 0x00, 0x00,
  0x00, 0x00, 0x00, 0x00, 0x1f, 0x01, 0x51, 0x02, 0x83, 0x00, 0x1f, 0x01,
  0x50, 0x01, 0x31, 0x00, 0x1e, 0xd0, 0x05, 0x00, 0x00, 0x1c, 0x53, 0x00,
  0x00, 0x00, 0x00, 0x00, 0x00, 0x1f, 0x01, 0x53, 0x02, 0x85, 0x00, 0x1f,
  0x01, 0x52, 0x02, 0x84, 0x00, 0x1f, 0x01, 0x51, 0x02, 0x83, 0x00, 0x1f,
  0x01, 0x50, 0x01, 0x31, 0x00, 0x1e, 0xa9, 0x09, 0x00, 0x00, 0x24, 0x53,
  0x00, 0x00, 0x00, 0x00, 0x00, 0x00, 0x1f, 0x01, 0x50, 0x02, 0x85, 0x00,
  0x00, 0x29, 0xa9, 0x09, 0x00, 0x00, 0x44, 0x53, 0x00, 0x00, 0x00, 0x00,
  0x00, 0x00, 0x1e, 0xd0, 0x05, 0x00, 0x00, 0x68, 0x53, 0x00, 0x00, 0x00,
  0x00, 0x00, 0x00, 0x1f, 0x01, 0x50, 0x01, 0x31, 0x00, 0x00, 0x35, 0x84,
  0x53, 0x00, 0x00, 0x00, 0x00, 0x00, 0x00, 0x7c, 0x00, 0x00, 0x00, 0x01,
  0x6d, 0xbb, 0x09, 0x00, 0x00, 0x28, 0xcb, 0x22, 0x00, 0x00, 0xc4, 0x09,
  0x00, 0x00, 0x36, 0x11, 0x23, 0x00, 0x00, 0xd0, 0x09, 0x00, 0x00, 0x1e,
  0xd0, 0x05, 0x00, 0x00, 0xd0, 0x53, 0x00, 0x00, 0x00, 0x00, 0x00, 0x00,
  0x1f, 0x01, 0x53, 0x02, 0x83, 0x00, 0x1f, 0x01, 0x50, 0x01, 0x31, 0x00,
  0x1e, 0xa9, 0x09, 0x00, 0x00, 0xd8, 0x53, 0x00, 0x00, 0x00, 0x00, 0x00,
  0x00, 0x1f, 0x01, 0x50, 0x02, 0x83, 0x00, 0x00, 0x00, 0x19, 0x00, 0x54,
  0x00, 0x00, 0x00, 0x00, 0x00, 0x00, 0x5c, 0x00, 0x00, 0x00, 0x01, 0x6d,
  0x7c, 0x12, 0x00, 0x00, 0x01, 0x84, 0x70, 0x03, 0x00, 0x00, 0x1a, 0x44,
  0x23, 0x00, 0x00, 0xc6, 0x1e, 0x00, 0x00, 0x01, 0x84, 0x31, 0x04, 0x00,
  0x00, 0x1a, 0xc9, 0x23, 0x00, 0x00, 0x80, 0x22, 0x00, 0x00, 0x01, 0x84,
  0x58, 0x04, 0x00, 0x00, 0x29, 0x66, 0x0b, 0x00, 0x00, 0x20, 0x54, 0x00,
  0x00, 0x00, 0x00, 0x00, 0x00, 0x37, 0x26, 0x0d, 0x00, 0x00, 0x34, 0x54,
  0x00, 0x00, 0x00, 0x00, 0x00, 0x00, 0x1e, 0xd0, 0x05, 0x00, 0x00, 0x4c,
  0x54, 0x00, 0x00, 0x00, 0x00, 0x00, 0x00, 0x1f, 0x01, 0x50, 0x01, 0x32,
  0x00, 0x00, 0x19, 0x5c, 0x54, 0x00, 0x00, 0x00, 0x00, 0x00, 0x00, 0x40,
  0x02, 0x00, 0x00, 0x01, 0x6d, 0xcc, 0x04, 0x00, 0x00, 0x01, 0x9d, 0x70,
  0x03, 0x00, 0x00, 0x25, 0x03, 0x8f, 0xc0, 0x00, 0xe1, 0x03, 0x00, 0x00,
  0x01, 0xa3, 0xdf, 0x0f, 0x00, 0x00, 0x25, 0x02, 0x8f, 0x10, 0x7e, 0x1a,
  0x00, 0x00, 0x01, 0xa4, 0x3c, 0x10, 0x00, 0x00, 0x26, 0x4e, 0x24, 0x00,
  0x00, 0xcd, 0x03, 0x00, 0x00, 0x01, 0xa9, 0x70, 0x03, 0x00, 0x00, 0x31,
  0xf0, 0x54, 0x00, 0x00, 0x00, 0x00, 0x00, 0x00, 0x80, 0x01, 0x00, 0x00,
  0x25, 0x02, 0x8f, 0x30, 0x4d, 0x22, 0x00, 0x00, 0x01, 0xb0, 0xf0, 0x11,
  0x00, 0x00, 0x25, 0x02, 0x8f, 0x0c, 0xf9, 0x0e, 0x00, 0x00, 0x01, 0xb1,
  0xfe, 0x08, 0x00, 0x00, 0x26, 0x81, 0x24, 0x00, 0x00, 0x2b, 0x18, 0x00,
  0x00, 0x01, 0xb2, 0x70, 0x03, 0x00, 0x00, 0x1c, 0x10, 0x05, 0x00, 0x00,
  0x26, 0x00, 0x25, 0x00, 0x00, 0x43, 0x01, 0x00, 0x00, 0x01, 0xbc, 0x70,
  0x03, 0x00, 0x00, 0x31, 0x14, 0x56, 0x00, 0x00, 0x00, 0x00, 0x00, 0x00,
  0x5c, 0x00, 0x00, 0x00, 0x25, 0x02, 0x8f, 0x20, 0x47, 0x0e, 0x00, 0x00,
  0x01, 0xc1, 0x76, 0x12, 0x00, 0x00, 0x00, 0x00, 0x00, 0x1e, 0xc3, 0x0f,
  0x00, 0x00, 0xb8, 0x54, 0x00, 0x00, 0x00, 0x00, 0x00, 0x00, 0x1f, 0x01,
  0x52, 0x03, 0x10, 0x80, 0x01, 0x1f, 0x01, 0x51, 0x03, 0x8f, 0xc0, 0x00,
  0x00, 0x1e, 0x12, 0x10, 0x00, 0x00, 0xd4, 0x54, 0x00, 0x00, 0x00, 0x00,
  0x00, 0x00, 0x1f, 0x01, 0x53, 0x02, 0x8f, 0x00, 0x1f, 0x01, 0x52, 0x02,
  0x8f, 0x00, 0x1f, 0x01, 0x54, 0x02, 0x8f, 0x10, 0x1f, 0x01, 0x51, 0x03,
  0x8f, 0xc0, 0x00, 0x00, 0x1e, 0x73, 0x10, 0x00, 0x00, 0xec, 0x54, 0x00,
  0x00, 0x00, 0x00, 0x00, 0x00, 0x1f, 0x01, 0x52, 0x03, 0x10, 0x80, 0x01,
  0x1f, 0x01, 0x51, 0x03, 0x8f, 0xc0, 0x00, 0x00, 0x1e, 0x98, 0x10, 0x00,
  0x00, 0x08, 0x55, 0x00, 0x00, 0x00, 0x00, 0x00, 0x00, 0x1f, 0x01, 0x52,
  0x02, 0x8f, 0x0c, 0x1f, 0x01, 0x51, 0x02, 0x8f, 0x30, 0x00, 0x1e, 0xd0,
  0x05, 0x00, 0x00, 0x78, 0x55, 0x00, 0x00, 0x00, 0x00, 0x00, 0x00, 0x1f,
  0x01, 0x50, 0x01, 0x32, 0x00, 0x1e, 0xa9, 0x09, 0x00, 0x00, 0x80, 0x55,
  0x00, 0x00, 0x00, 0x00, 0x00, 0x00, 0x1f, 0x01, 0x50, 0x02, 0x83, 0x00,
  0x00, 0x29, 0x14, 0x09, 0x00, 0x00, 0x88, 0x55, 0x00, 0x00, 0x00, 0x00,
  0x00, 0x00, 0x29, 0x24, 0x09, 0x00, 0x00, 0xa8, 0x55, 0x00, 0x00, 0x00,
  0x00, 0x00, 0x00, 0x1e, 0xd0, 0x05, 0x00, 0x00, 0xc4, 0x55, 0x00, 0x00,
  0x00, 0x00, 0x00, 0x00, 0x1f, 0x01, 0x50, 0x01, 0x32, 0x00, 0x1e, 0xb9,
  0x10, 0x00, 0x00, 0x40, 0x56, 0x00, 0x00, 0x00, 0x00, 0x00, 0x00, 0x1f,
  0x01, 0x51, 0x02, 0x8f, 0x34, 0x1f, 0x01, 0x50, 0x01, 0x32, 0x1f, 0x01,
  0x53, 0x01, 0x40, 0x1f, 0x01, 0x52, 0x02, 0x8f, 0x20, 0x00, 0x1e, 0xd0,
  0x05, 0x00, 0x00, 0x70, 0x56, 0x00, 0x00, 0x00, 0x00, 0x00, 0x00, 0x1f,
  0x01, 0x55, 0x02, 0x83, 0x00, 0x1f, 0x01, 0x50, 0x01, 0x31, 0x1f, 0x01,
  0x53, 0x02, 0x8f, 0x20, 0x00, 0x00, 0x19, 0x9c, 0x56, 0x00, 0x00, 0x00,
  0x00, 0x00, 0x00, 0xf0, 0x01, 0x00, 0x00, 0x01, 0x6d, 0xb1, 0x0a, 0x00,
  0x00, 0x01, 0xd3, 0x70, 0x03, 0x00, 0x00, 0x1a, 0xbe, 0x27, 0x00, 0x00,
  0xc6, 0x1e, 0x00, 0x00, 0x01, 0xd3, 0x31, 0x04, 0x00, 0x00, 0x1a, 0x17,
  0x28, 0x00, 0x00, 0x80, 0x22, 0x00, 0x00, 0x01, 0xd3, 0x58, 0x04, 0x00,
  0x00, 0x25, 0x02, 0x91, 0x74, 0x83, 0x19, 0x00, 0x00, 0x01, 0xde, 0x82,
  0x12, 0x00, 0x00, 0x26, 0x86, 0x28, 0x00, 0x00, 0xfa, 0x08, 0x00, 0x00,
  0x01, 0xdd, 0xcf, 0x04, 0x00, 0x00, 0x26, 0x26, 0x29, 0x00, 0x00, 0x3d,
  0x18, 0x00, 0x00, 0x01, 0xe4, 0x70, 0x03, 0x00, 0x00, 0x31, 0x24, 0x57,
  0x00, 0x00, 0x00, 0x00, 0x00, 0x00, 0xec, 0x00, 0x00, 0x00, 0x26, 0xbb,
  0x28, 0x00, 0x00, 0x43, 0x01, 0x00, 0x00, 0x01, 0xe6, 0x70, 0x03, 0x00,
  0x00, 0x1c, 0x50, 0x05, 0x00, 0x00, 0x26, 0x6e, 0x29, 0x00, 0x00, 0xc7,
  0x04, 0x00, 0x00, 0x01, 0xed, 0xe5, 0x04, 0x00, 0x00, 0x26, 0xda, 0x29,
  0x00, 0x00, 0x2b, 0x18, 0x00, 0x00, 0x01, 0xe7, 0x70, 0x03, 0x00, 0x00,
  0x32, 0x36, 0x11, 0x00, 0x00, 0x40, 0x57, 0x00, 0x00, 0x00, 0x00, 0x00,
  0x00, 0x1c, 0x00, 0x00, 0x00, 0x01, 0xed, 0x18, 0x33, 0x01, 0x6a, 0x46,
  0x11, 0x00, 0x00, 0x33, 0x03, 0x91, 0x74, 0x9f, 0x51, 0x11, 0x00, 0x00,
  0x38, 0x04, 0x5c, 0x11, 0x00, 0x00, 0x38, 0x04, 0x61, 0x11, 0x00, 0x00,
  0x39, 0x80, 0x80, 0x01, 0x6c, 0x11, 0x00, 0x00, 0x32, 0xd9, 0x10, 0x00,
  0x00, 0x40, 0x57, 0x00, 0x00, 0x00, 0x00, 0x00, 0x00, 0x1c, 0x00, 0x00,
  0x00, 0x12, 0x55, 0x0a, 0x33, 0x01, 0x6a, 0xe9, 0x10, 0x00, 0x00, 0x33,
  0x03, 0x91, 0x74, 0x9f, 0xf4, 0x10, 0x00, 0x00, 0x38, 0x04, 0xff, 0x10,
  0x00, 0x00, 0x38, 0x04, 0x04, 0x11, 0x00, 0x00, 0x39, 0x80, 0x80, 0x01,
  0x0f, 0x11, 0x00, 0x00, 0x38, 0x00, 0x1a, 0x11, 0x00, 0x00, 0x38, 0x00,
  0x25, 0x11, 0x00, 0x00, 0x00, 0x00, 0x32, 0x36, 0x11, 0x00, 0x00, 0x64,
  0x57, 0x00, 0x00, 0x00, 0x00, 0x00, 0x00, 0x1c, 0x00, 0x00, 0x00, 0x01,
  0xf6, 0x10, 0x33, 0x01, 0x6a, 0x46, 0x11, 0x00, 0x00, 0x33, 0x01, 0x64,
  0x51, 0x11, 0x00, 0x00, 0x33, 0x01, 0x63, 0x61, 0x11, 0x00, 0x00, 0x39,
  0x80, 0x80, 0x01, 0x6c, 0x11, 0x00, 0x00, 0x32, 0xd9, 0x10, 0x00, 0x00,
  0x64, 0x57, 0x00, 0x00, 0x00, 0x00, 0x00, 0x00, 0x1c, 0x00, 0x00, 0x00,
  0x12, 0x55, 0x0a, 0x33, 0x01, 0x6a, 0xe9, 0x10, 0x00, 0x00, 0x33, 0x01,
  0x64, 0xf4, 0x10, 0x00, 0x00, 0x33, 0x01, 0x63, 0x04, 0x11, 0x00, 0x00,
  0x39, 0x80, 0x80, 0x01, 0x0f, 0x11, 0x00, 0x00, 0x38, 0x00, 0x1a, 0x11,
  0x00, 0x00, 0x38, 0x00, 0x25, 0x11, 0x00, 0x00, 0x00, 0x00, 0x32, 0xbb,
  0x09, 0x00, 0x00, 0x0c, 0x58, 0x00, 0x00, 0x00, 0x00, 0x00, 0x00, 0x04,
  0x00, 0x00, 0x00, 0x01, 0xf1, 0x0d, 0x33, 0x06, 0x87, 0x00, 0x11, 0x04,
  0x1b, 0x9f, 0xc4, 0x09, 0x00, 0x00, 0x34, 0x01, 0x6a, 0xd0, 0x09, 0x00,
  0x00, 0x00, 0x3a, 0xbb, 0x09, 0x00, 0x00, 0xd0, 0x57, 0x00, 0x00, 0x00,
  0x00, 0x00, 0x00, 0x3c, 0x00, 0x00, 0x00, 0x01, 0x00, 0x00, 0x00, 0x1e,
  0xd0, 0x05, 0x00, 0x00, 0x04, 0x57, 0x00, 0x00, 0x00, 0x00, 0x00, 0x00,
  0x1f, 0x01, 0x54, 0x02, 0x83, 0x00, 0x1f, 0x01, 0x51, 0x02, 0x86, 0x00,
  0x1f, 0x01, 0x50, 0x02, 0x8f, 0x00, 0x00, 0x29, 0x14, 0x09, 0x00, 0x00,
  0x8c, 0x57, 0x00, 0x00, 0x00, 0x00, 0x00, 0x00, 0x29, 0x24, 0x09, 0x00,
  0x00, 0x94, 0x57, 0x00, 0x00, 0x00, 0x00, 0x00, 0x00, 0x29, 0x14, 0x09,
  0x00, 0x00, 0xb0, 0x57, 0x00, 0x00, 0x00, 0x00, 0x00, 0x00, 0x29, 0x24,
  0x09, 0x00, 0x00, 0xb8, 0x57, 0x00, 0x00, 0x00, 0x00, 0x00, 0x00, 0x1e,
  0xd0, 0x05, 0x00, 0x00, 0xd0, 0x57, 0x00, 0x00, 0x00, 0x00, 0x00, 0x00,
  0x1f, 0x01, 0x53, 0x02, 0x8a, 0x00, 0x00, 0x1e, 0xd0, 0x05, 0x00, 0x00,
  0xf0, 0x57, 0x00, 0x00, 0x00, 0x00, 0x00, 0x00, 0x1f, 0x01, 0x53, 0x02,
  0x8a, 0x00, 0x1f, 0x01, 0x52, 0x02, 0x88, 0x00, 0x1f, 0x01, 0x51, 0x02,
  0x86, 0x00, 0x1f, 0x01, 0x50, 0x01, 0x31, 0x00, 0x1e, 0xa9, 0x09, 0x00,
  0x00, 0xf8, 0x57, 0x00, 0x00, 0x00, 0x00, 0x00, 0x00, 0x1f, 0x01, 0x50,
  0x02, 0x8a, 0x00, 0x00, 0x1e, 0xd0, 0x05, 0x00, 0x00, 0x2c, 0x58, 0x00,
  0x00, 0x00, 0x00, 0x00, 0x00, 0x1f, 0x01, 0x53, 0x02, 0x85, 0x00, 0x1f,
  0x01, 0x50, 0x02, 0x8f, 0x00, 0x00, 0x1e, 0xd0, 0x05, 0x00, 0x00, 0x54,
  0x58, 0x00, 0x00, 0x00, 0x00, 0x00, 0x00, 0x1f, 0x01, 0x50, 0x02, 0x8f,
  0x00, 0x00, 0x00, 0x20, 0x21, 0x16, 0x00, 0x00, 0x10, 0x4a, 0x0f, 0x70,
  0x03, 0x00, 0x00, 0x0f, 0xda, 0x0f, 0x00, 0x00, 0x0f, 0x58, 0x04, 0x00,
  0x00, 0x00, 0x0d, 0xdf, 0x0f, 0x00, 0x00, 0x0a, 0xea, 0x0f, 0x00, 0x00,
  0x5b, 0x0c, 0x00, 0x00, 0x10, 0x43, 0x0b, 0x80, 0x10, 0x41, 0x0c, 0xdf,
  0x00, 0x00, 0x00, 0xfb, 0x0f, 0x00, 0x00, 0x10, 0x42, 0x00, 0x00, 0x03,
  0x07, 0x10, 0x00, 0x00, 0x04, 0x4e, 0x00, 0x00, 0x00, 0x10, 0x00, 0x0a,
  0x63, 0x04, 0x00, 0x00, 0x74, 0x19, 0x00, 0x00, 0x10, 0x2e, 0x2d, 0x7c,
  0x19, 0x00, 0x00, 0x10, 0x89, 0x70, 0x03, 0x00, 0x00, 0x0f, 0x70, 0x03,
  0x00, 0x00, 0x0f, 0xda, 0x0f, 0x00, 0x00, 0x0f, 0xda, 0x0f, 0x00, 0x00,
  0x0f, 0xda, 0x0f, 0x00, 0x00, 0x0f, 0x37, 0x10, 0x00, 0x00, 0x00, 0x0d,
  0x3c, 0x10, 0x00, 0x00, 0x16, 0xd4, 0x03, 0x00, 0x00, 0x10, 0x11, 0x0f,
  0x0c, 0xe6, 0x1a, 0x00, 0x00, 0x5d, 0x10, 0x00, 0x00, 0x11, 0x10, 0x00,
  0x0c, 0x35, 0x18, 0x00, 0x00, 0x68, 0x10, 0x00, 0x00, 0x11, 0x11, 0x08,
  0x00, 0x0a, 0xfb, 0x04, 0x00, 0x00, 0xde, 0x07, 0x00, 0x00, 0x08, 0x41,
  0x0a, 0xfb, 0x04, 0x00, 0x00, 0x25, 0x0d, 0x00, 0x00, 0x08, 0x1f, 0x2d,
  0x22, 0x22, 0x00, 0x00, 0x10, 0x4b, 0x70, 0x03, 0x00, 0x00, 0x0f, 0x70,
  0x03, 0x00, 0x00, 0x0f, 0x8e, 0x10, 0x00, 0x00, 0x0f, 0x58, 0x04, 0x00,
  0x00, 0x00, 0x0d, 0x93, 0x10, 0x00, 0x00, 0x09, 0xdf, 0x0f, 0x00, 0x00,
  0x2a, 0xd8, 0x1f, 0x00, 0x00, 0x07, 0x18, 0x01, 0x70, 0x03, 0x00, 0x00,
  0x0f, 0x70, 0x03, 0x00, 0x00, 0x0f, 0x8b, 0x04, 0x00, 0x00, 0x0f, 0xb4,
  0x10, 0x00, 0x00, 0x00, 0x0d, 0xfe, 0x08, 0x00, 0x00, 0x2d, 0x09, 0x24,
  0x00, 0x00, 0x0e, 0x2f, 0x25, 0x05, 0x00, 0x00, 0x0f, 0x70, 0x03, 0x00,
  0x00, 0x0f, 0xf8, 0x08, 0x00, 0x00, 0x0f, 0x35, 0x09, 0x00, 0x00, 0x0f,
  0xfe, 0x08, 0x00, 0x00, 0x00, 0x22, 0x1c, 0x1e, 0x00, 0x00, 0x1e, 0x1a,
  0x00, 0x00, 0x12, 0x3a, 0xe5, 0x04, 0x00, 0x00, 0x01, 0x18, 0x21, 0x0e,
  0x00, 0x00, 0x12, 0x3a, 0x70, 0x03, 0x00, 0x00, 0x18, 0xf2, 0x07, 0x00,
  0x00, 0x12, 0x3a, 0x31, 0x11, 0x00, 0x00, 0x23, 0x63, 0x04, 0x00, 0x00,
  0x18, 0xc0, 0x01, 0x00, 0x00, 0x12, 0x3a, 0x58, 0x04, 0x00, 0x00, 0x18,
  0x76, 0x1d, 0x00, 0x00, 0x12, 0x3a, 0x70, 0x03, 0x00, 0x00, 0x18, 0x2e,
  0x16, 0x00, 0x00, 0x12, 0x3a, 0x88, 0x09, 0x00, 0x00, 0x18, 0xf1, 0x08,
  0x00, 0x00, 0x12, 0x3a, 0xfe, 0x08, 0x00, 0x00, 0x00, 0x09, 0xf8, 0x08,
  0x00, 0x00, 0x22, 0xdf, 0x1f, 0x00, 0x00, 0x24, 0x0e, 0x00, 0x00, 0x12,
  0x51, 0xe5, 0x04, 0x00, 0x00, 0x01, 0x18, 0xbe, 0x13, 0x00, 0x00, 0x12,
  0x51, 0x70, 0x03, 0x00, 0x00, 0x18, 0xf2, 0x07, 0x00, 0x00, 0x12, 0x51,
  0x31, 0x11, 0x00, 0x00, 0x23, 0x63, 0x04, 0x00, 0x00, 0x18, 0xc0, 0x01,
  0x00, 0x00, 0x12, 0x51, 0x58, 0x04, 0x00, 0x00, 0x18, 0x76, 0x1d, 0x00,
  0x00, 0x12, 0x51, 0x70, 0x03, 0x00, 0x00, 0x00, 0x19, 0x8c, 0x58, 0x00,
  0x00, 0x00, 0x00, 0x00, 0x00, 0x50, 0x00, 0x00, 0x00, 0x01, 0x6d, 0x28,
  0x1d, 0x00, 0x00, 0x01, 0x92, 0x70, 0x03, 0x00, 0x00, 0x1e, 0xd0, 0x05,
  0x00, 0x00, 0xb4, 0x58, 0x00, 0x00, 0x00, 0x00, 0x00, 0x00, 0x1f, 0x01,
  0x51, 0x02, 0x83, 0x00, 0x1f, 0x01, 0x50, 0x01, 0x31, 0x00, 0x29, 0xdd,
  0x09, 0x00, 0x00, 0xb8, 0x58, 0x00, 0x00, 0x00, 0x00, 0x00, 0x00, 0x1e,
  0xd0, 0x05, 0x00, 0x00, 0xcc, 0x58, 0x00, 0x00, 0x00, 0x00, 0x00, 0x00,
  0x1f, 0x01, 0x51, 0x02, 0x83, 0x00, 0x1f, 0x01, 0x50, 0x01, 0x31, 0x00,
  0x00, 0x3b, 0xdc, 0x58, 0x00, 0x00, 0x00, 0x00, 0x00, 0x00, 0x0c, 0x00,
  0x00, 0x00, 0x01, 0x6f, 0x55, 0x1b, 0x00, 0x00, 0x01, 0x15, 0x01, 0xeb,
  0x11, 0x00, 0x00, 0x0d, 0x0f, 0x03, 0x00, 0x00, 0x16, 0xcc, 0x0a, 0x00,
  0x00, 0x10, 0x14, 0xbd, 0x0c, 0x02, 0x20, 0x00, 0x00, 0x29, 0x12, 0x00,
  0x00, 0x14, 0xbe, 0x00, 0x0c, 0x3b, 0x1d, 0x00, 0x00, 0x34, 0x12, 0x00,
  0x00, 0x14, 0xbf, 0x02, 0x0c, 0x32, 0x1b, 0x00, 0x00, 0x4a, 0x12, 0x00,
  0x00, 0x14, 0xc0, 0x04, 0x0c, 0x41, 0x0e, 0x00, 0x00, 0x6a, 0x12, 0x00,
  0x00, 0x14, 0xc1, 0x08, 0x00, 0x0a, 0xbc, 0x04, 0x00, 0x00, 0xf9, 0x1b,
  0x00, 0x00, 0x13, 0x0b, 0x0a, 0x3f, 0x12, 0x00, 0x00, 0xf2, 0x0e, 0x00,
  0x00, 0x16, 0x13, 0x0a, 0xbc, 0x04, 0x00, 0x00, 0xc4, 0x01, 0x00, 0x00,
  0x15, 0x0e, 0x16, 0xe7, 0x05, 0x00, 0x00, 0x04, 0x17, 0x2b, 0x0c, 0x3a,
  0x0e, 0x00, 0x00, 0x5f, 0x12, 0x00, 0x00, 0x17, 0x2c, 0x00, 0x00, 0x0a,
  0xcf, 0x04, 0x00, 0x00, 0x57, 0x1e, 0x00, 0x00, 0x17, 0x28, 0x03, 0x51,
  0x04, 0x00, 0x00, 0x04, 0x4e, 0x00, 0x00, 0x00, 0x08, 0x00, 0x03, 0x47,
  0x00, 0x00, 0x00, 0x04, 0x4e, 0x00, 0x00, 0x00, 0x10, 0x00, 0x03, 0x3b,
  0x04, 0x00, 0x00, 0x04, 0x4e, 0x00, 0x00, 0x00, 0x04, 0x00, 0x00, 0xa0,
  0x09, 0x00, 0x00, 0x04, 0x00, 0x1f, 0x0c, 0x00, 0x00, 0x08, 0x01, 0xfb,
  0x05, 0x00, 0x00, 0x0c, 0x00, 0x06, 0x09, 0x00, 0x00, 0xda, 0x2d, 0x00,
  0x00, 0x29, 0x24, 0x00, 0x00, 0x00, 0x00, 0x00, 0x00, 0x00, 0x00, 0x00,
  0x00, 0x80, 0x06, 0x00, 0x00, 0x02, 0xd8, 0x0a, 0x00, 0x00, 0x3f, 0x00,
  0x00, 0x00, 0x01, 0x0d, 0x09, 0x03, 0x88, 0xe7, 0x00, 0x00, 0x00, 0x00,
  0x00, 0x00, 0x03, 0xa3, 0x12, 0x00, 0x00, 0x05, 0x04, 0x02, 0x07, 0x08,
  0x00, 0x00, 0x5b, 0x00, 0x00, 0x00, 0x01, 0x0e, 0x09, 0x03, 0x08, 0xeb,
  0x00, 0x00, 0x00, 0x00, 0x00, 0x00, 0x04, 0x02, 0x44, 0x1d, 0x00, 0x00,
  0x71, 0x00, 0x00, 0x00, 0x01, 0x0f, 0x09, 0x03, 0x10, 0xeb, 0x00, 0x00,
  0x00, 0x00, 0x00, 0x00, 0x05, 0x76, 0x00, 0x00, 0x00, 0x06, 0x81, 0x00,
  0x00, 0x00, 0x3b, 0x1b, 0x00, 0x00, 0x02, 0x45, 0x06, 0x8c, 0x00, 0x00,
  0x00, 0x61, 0x1e, 0x00, 0x00, 0x02, 0x2d, 0x03, 0x4d, 0x21, 0x00, 0x00,
  0x07, 0x08, 0x02, 0x0c, 0x10, 0x00, 0x00, 0x71, 0x00, 0x00, 0x00, 0x01,
  0x10, 0x09, 0x03, 0x18, 0xeb, 0x00, 0x00, 0x00, 0x00, 0x00, 0x00, 0x02,
  0xe1, 0x0a, 0x00, 0x00, 0x5b, 0x00, 0x00, 0x00, 0x01, 0x11, 0x09, 0x03,
  0x20, 0xeb, 0x00, 0x00, 0x00, 0x00, 0x00, 0x00, 0x02, 0x38, 0x16, 0x00,
  0x00, 0x76, 0x00, 0x00, 0x00, 0x01, 0x12, 0x09, 0x03, 0x28, 0xeb, 0x00,
  0x00, 0x00, 0x00, 0x00, 0x00, 0x07, 0xe3, 0x00, 0x00, 0x00, 0x01, 0x1e,
  0x09, 0x03, 0x93, 0x2a, 0x00, 0x00, 0x00, 0x00, 0x00, 0x00, 0x08, 0xef,
  0x00, 0x00, 0x00, 0x09, 0xf6, 0x00, 0x00, 0x00, 0x0d, 0x00, 0x03, 0xa7,
  0x12, 0x00, 0x00, 0x08, 0x01, 0x0a, 0x2a, 0x1c, 0x00, 0x00, 0x08, 0x07,
  0x07, 0x0e, 0x01, 0x00, 0x00, 0x01, 0x1e, 0x09, 0x03, 0xed, 0x26, 0x00,
  0x00, 0x00, 0x00, 0x00, 0x00, 0x08, 0xef, 0x00, 0x00, 0x00, 0x09, 0xf6,
  0x00, 0x00, 0x00, 0x2e, 0x00, 0x07, 0x2b, 0x01, 0x00, 0x00, 0x01, 0x20,
  0x09, 0x03, 0x34, 0x28, 0x00, 0x00, 0x00, 0x00, 0x00, 0x00, 0x08, 0xef,
  0x00, 0x00, 0x00, 0x09, 0xf6, 0x00, 0x00, 0x00, 0x1d, 0x00, 0x07, 0x48,
  0x01, 0x00, 0x00, 0x01, 0x23, 0x09, 0x03, 0x51, 0x28, 0x00, 0x00, 0x00,
  0x00, 0x00, 0x00, 0x08, 0xef, 0x00, 0x00, 0x00, 0x09, 0xf6, 0x00, 0x00,
  0x00, 0x19, 0x00, 0x07, 0x48, 0x01, 0x00, 0x00, 0x01, 0x2c, 0x09, 0x03,
  0x02, 0x25, 0x00, 0x00, 0x00, 0x00, 0x00, 0x00, 0x07, 0x48, 0x01, 0x00,
  0x00, 0x01, 0x3a, 0x09, 0x03, 0xaa, 0x27, 0x00, 0x00, 0x00, 0x00, 0x00,
  0x00, 0x07, 0x0e, 0x01, 0x00, 0x00, 0x01, 0x40, 0x09, 0x03, 0x44, 0x21,
  0x00, 0x00, 0x00, 0x00, 0x00, 0x00, 0x07, 0x98, 0x01, 0x00, 0x00, 0x01,
  0x43, 0x09, 0x03, 0xb4, 0x21, 0x00, 0x00, 0x00, 0x00, 0x00, 0x00, 0x08,
  0xef, 0x00, 0x00, 0x00, 0x09, 0xf6, 0x00, 0x00, 0x00, 0x1f, 0x00, 0x07,
  0x48, 0x01, 0x00, 0x00, 0x01, 0x52, 0x09, 0x03, 0x8a, 0x25, 0x00, 0x00,
  0x00, 0x00, 0x00, 0x00, 0x07, 0xc6, 0x01, 0x00, 0x00, 0x01, 0x5c, 0x09,
  0x03, 0x42, 0x1e, 0x00, 0x00, 0x00, 0x00, 0x00, 0x00, 0x08, 0xef, 0x00,
  0x00, 0x00, 0x09, 0xf6, 0x00, 0x00, 0x00, 0x1e, 0x00, 0x07, 0xe3, 0x00,
  0x00, 0x00, 0x01, 0x6a, 0x09, 0x03, 0xb2, 0x22, 0x00, 0x00, 0x00, 0x00,
  0x00, 0x00, 0x07, 0x48, 0x01, 0x00, 0x00, 0x01, 0x6f, 0x09, 0x03, 0x90,
  0x1c, 0x00, 0x00, 0x00, 0x00, 0x00, 0x00, 0x07, 0x05, 0x02, 0x00, 0x00,
  0x01, 0x88, 0x09, 0x03, 0x72, 0x21, 0x00, 0x00, 0x00, 0x00, 0x00, 0x00,
  0x08, 0xef, 0x00, 0x00, 0x00, 0x09, 0xf6, 0x00, 0x00, 0x00, 0x13, 0x00,
  0x07, 0x22, 0x02, 0x00, 0x00, 0x01, 0x92, 0x09, 0x03, 0xff, 0x23, 0x00,
  0x00, 0x00, 0x00, 0x00, 0x00, 0x08, 0xef, 0x00, 0x00, 0x00, 0x09, 0xf6,
  0x00, 0x00, 0x00, 0x28, 0x00, 0x0b, 0x4f, 0x02, 0x00, 0x00, 0x04, 0x03,
  0x05, 0x0c, 0xa6, 0x1e, 0x00, 0x00, 0x00, 0x0c, 0x6d, 0x0c, 0x00, 0x00,
  0x01, 0x0c, 0xb0, 0x09, 0x00, 0x00, 0x02, 0x0c, 0x2f, 0x0f, 0x00, 0x00,
  0x03, 0x00, 0x03, 0x4c, 0x1a, 0x00, 0x00, 0x07, 0x04, 0x06, 0x61, 0x02,
  0x00, 0x00, 0x04, 0x0f, 0x00, 0x00, 0x04, 0x66, 0x06, 0x6c, 0x02, 0x00,
  0x00, 0x61, 0x10, 0x00, 0x00, 0x02, 0x44, 0x06, 0x77, 0x02, 0x00, 0x00,
  0x91, 0x20, 0x00, 0x00, 0x02, 0x2c, 0x03, 0x19, 0x01, 0x00, 0x00, 0x05,
  0x08, 0x05, 0x83, 0x02, 0x00, 0x00, 0x03, 0x47, 0x11, 0x00, 0x00, 0x08,
  0x01, 0x0d, 0x36, 0x25, 0x00, 0x00, 0x01, 0x96, 0x3f, 0x00, 0x00, 0x00,
  0x01, 0x0e, 0xcd, 0x03, 0x00, 0x00, 0x01, 0x97, 0x3f, 0x00, 0x00, 0x00,
  0x00, 0x0f, 0x6c, 0x1e, 0x00, 0x00, 0xe6, 0x04, 0x00, 0x00, 0x05, 0x46,
  0x3f, 0x00, 0x00, 0x00, 0x01, 0x10, 0x0a, 0x0f, 0x00, 0x00, 0x05, 0x46,
  0xd9, 0x02, 0x00, 0x00, 0x11, 0x8c, 0x00, 0x00, 0x00, 0x10, 0x76, 0x1d,
  0x00, 0x00, 0x05, 0x46, 0x3f, 0x00, 0x00, 0x00, 0x10, 0x4b, 0x16, 0x00,
  0x00, 0x05, 0x46, 0xe8, 0x02, 0x00, 0x00, 0x00, 0x12, 0xde, 0x02, 0x00,
  0x00, 0x05, 0xe3, 0x02, 0x00, 0x00, 0x12, 0xef, 0x00, 0x00, 0x00, 0x06,
  0xf3, 0x02, 0x00, 0x00, 0x5b, 0x18, 0x00, 0x00, 0x04, 0x41, 0x06, 0xfe,
  0x02, 0x00, 0x00, 0x1b, 0x23, 0x00, 0x00, 0x04, 0x40, 0x06, 0x4f, 0x02,
  0x00, 0x00, 0x13, 0x0f, 0x00, 0x00, 0x06, 0x12, 0x13, 0xe8, 0x58, 0x00,
  0x00, 0x00, 0x00, 0x00, 0x00, 0xb0, 0x01, 0x00, 0x00, 0x01, 0x6d, 0xdc,
  0x10, 0x00, 0x00, 0x01, 0x1c, 0x3f, 0x00, 0x00, 0x00, 0x14, 0x20, 0x2a,
  0x00, 0x00, 0x80, 0x22, 0x00, 0x00, 0x01, 0x1c, 0x5f, 0x05, 0x00, 0x00,
  0x15, 0xb1, 0x2a, 0x00, 0x00, 0x21, 0x0e, 0x00, 0x00, 0x01, 0x21, 0x3f,
  0x00, 0x00, 0x00, 0x15, 0x1d, 0x2b, 0x00, 0x00, 0x51, 0x0e, 0x00, 0x00,
  0x01, 0x2e, 0x5b, 0x00, 0x00, 0x00, 0x0e, 0x62, 0x0c, 0x00, 0x00, 0x01,
  0x1d, 0x5f, 0x05, 0x00, 0x00, 0x16, 0x8a, 0x02, 0x00, 0x00, 0x20, 0x06,
  0x00, 0x00, 0x01, 0x1f, 0x0c, 0x17, 0x7c, 0x2a, 0x00, 0x00, 0x96, 0x02,
  0x00, 0x00, 0x00, 0x18, 0xa2, 0x02, 0x00, 0x00, 0x90, 0x59, 0x00, 0x00,
  0x00, 0x00, 0x00, 0x00, 0x10, 0x00, 0x00, 0x00, 0x01, 0x21, 0x0e, 0x19,
  0x01, 0x64, 0xb2, 0x02, 0x00, 0x00, 0x1a, 0x1d, 0xbd, 0x02, 0x00, 0x00,
  0x1b, 0xc2, 0x00, 0xc2, 0x02, 0x00, 0x00, 0x1a, 0xb6, 0x03, 0xcd, 0x02,
  0x00, 0x00, 0x00, 0x1c, 0xbc, 0x04, 0x00, 0x00, 0x18, 0x59, 0x00, 0x00,
  0x00, 0x00, 0x00, 0x00, 0x1d, 0x01, 0x50, 0x01, 0x31, 0x00, 0x1e, 0xdf,
  0x04, 0x00, 0x00, 0x64, 0x59, 0x00, 0x00, 0x00, 0x00, 0x00, 0x00, 0x1c,
  0xf1, 0x04, 0x00, 0x00, 0x7c, 0x59, 0x00, 0x00, 0x00, 0x00, 0x00, 0x00,
  0x1d, 0x01, 0x50, 0x02, 0x84, 0x00, 0x00, 0x1c, 0xf1, 0x04, 0x00, 0x00,
  0x90, 0x59, 0x00, 0x00, 0x00, 0x00, 0x00, 0x00, 0x1d, 0x01, 0x50, 0x02,
  0x84, 0x00, 0x00, 0x1c, 0x03, 0x05, 0x00, 0x00, 0xa0, 0x59, 0x00, 0x00,
  0x00, 0x00, 0x00, 0x00, 0x1d, 0x01, 0x52, 0x03, 0x10, 0xb6, 0x03, 0x1d,
  0x01, 0x51, 0x02, 0x10, 0x42, 0x1d, 0x01, 0x50, 0x02, 0x84, 0x00, 0x00,
  0x1c, 0x1e, 0x05, 0x00, 0x00, 0xb0, 0x59, 0x00, 0x00, 0x00, 0x00, 0x00,
  0x00, 0x1d, 0x01, 0x51, 0x02, 0x83, 0x10, 0x00, 0x1c, 0xbc, 0x04, 0x00,
  0x00, 0xcc, 0x59, 0x00, 0x00, 0x00, 0x00, 0x00, 0x00, 0x1d, 0x01, 0x50,
  0x02, 0x8f, 0x00, 0x00, 0x1c, 0x35, 0x05, 0x00, 0x00, 0xe8, 0x59, 0x00,
  0x00, 0x00, 0x00, 0x00, 0x00, 0x1d, 0x01, 0x55, 0x02, 0x8f, 0x00, 0x1d,
  0x01, 0x54, 0x02, 0x84, 0x00, 0x1d, 0x01, 0x53, 0x01, 0x31, 0x1d, 0x01,
  0x52, 0x01, 0x33, 0x1d, 0x01, 0x50, 0x02, 0x8f, 0x00, 0x1d, 0x01, 0x51,
  0x02, 0x83, 0x10, 0x00, 0x1c, 0xbc, 0x04, 0x00, 0x00, 0x3c, 0x5a, 0x00,
  0x00, 0x00, 0x00, 0x00, 0x00, 0x1d, 0x01, 0x50, 0x01, 0x31, 0x00, 0x1c,
  0xbc, 0x04, 0x00, 0x00, 0x5c, 0x5a, 0x00, 0x00, 0x00, 0x00, 0x00, 0x00,
  0x1d, 0x01, 0x50, 0x01, 0x33, 0x00, 0x1c, 0xbc, 0x04, 0x00, 0x00, 0x70,
  0x5a, 0x00, 0x00, 0x00, 0x00, 0x00, 0x00, 0x1d, 0x01, 0x50, 0x01, 0x33,
  0x00, 0x1c, 0xdf, 0x04, 0x00, 0x00, 0x78, 0x5a, 0x00, 0x00, 0x00, 0x00,
  0x00, 0x00, 0x1d, 0x01, 0x50, 0x02, 0x84, 0x00, 0x00, 0x1e, 0xf1, 0x04,
  0x00, 0x00, 0x84, 0x5a, 0x00, 0x00, 0x00, 0x00, 0x00, 0x00, 0x00, 0x1f,
  0xe1, 0x06, 0x00, 0x00, 0x03, 0x0e, 0x20, 0xd4, 0x04, 0x00, 0x00, 0x20,
  0xde, 0x02, 0x00, 0x00, 0x20, 0xde, 0x02, 0x00, 0x00, 0x21, 0x00, 0x06,
  0x2e, 0x02, 0x00, 0x00, 0x7c, 0x0c, 0x00, 0x00, 0x03, 0x0a, 0x22, 0x1b,
  0x0e, 0x00, 0x00, 0x07, 0x41, 0x01, 0x3f, 0x00, 0x00, 0x00, 0x20, 0x3f,
  0x00, 0x00, 0x00, 0x00, 0x22, 0xea, 0x08, 0x00, 0x00, 0x07, 0x0f, 0x01,
  0x3f, 0x00, 0x00, 0x00, 0x20, 0xde, 0x02, 0x00, 0x00, 0x00, 0x23, 0xe6,
  0x04, 0x00, 0x00, 0xef, 0x05, 0x00, 0x00, 0x05, 0x26, 0x3f, 0x00, 0x00,
  0x00, 0x20, 0xde, 0x02, 0x00, 0x00, 0x20, 0x3f, 0x00, 0x00, 0x00, 0x21,
  0x00, 0x22, 0x92, 0x12, 0x00, 0x00, 0x07, 0x6d, 0x01, 0x3f, 0x00, 0x00,
  0x00, 0x20, 0x3f, 0x00, 0x00, 0x00, 0x20, 0x56, 0x02, 0x00, 0x00, 0x00,
  0x24, 0x3a, 0x0d, 0x00, 0x00, 0x08, 0x37, 0x5b, 0x00, 0x00, 0x00, 0x20,
  0x5b, 0x00, 0x00, 0x00, 0x20, 0x5f, 0x05, 0x00, 0x00, 0x20, 0x3f, 0x00,
  0x00, 0x00, 0x20, 0x3f, 0x00, 0x00, 0x00, 0x20, 0x3f, 0x00, 0x00, 0x00,
  0x20, 0x56, 0x02, 0x00, 0x00, 0x00, 0x06, 0x8c, 0x00, 0x00, 0x00, 0x12,
  0x08, 0x00, 0x00, 0x09, 0x12, 0x25, 0x98, 0x5a, 0x00, 0x00, 0x00, 0x00,
  0x00, 0x00, 0x98, 0x00, 0x00, 0x00, 0x01, 0x6d, 0x8a, 0x02, 0x00, 0x00,
  0x17, 0x50, 0x2b, 0x00, 0x00, 0x96, 0x02, 0x00, 0x00, 0x1e, 0xdf, 0x04,
  0x00, 0x00, 0xf0, 0x5a, 0x00, 0x00, 0x00, 0x00, 0x00, 0x00, 0x1e, 0xf1,
  0x04, 0x00, 0x00, 0x14, 0x5b, 0x00, 0x00, 0x00, 0x00, 0x00, 0x00, 0x00,
  0x0f, 0xeb, 0x04, 0x00, 0x00, 0xe6, 0x04, 0x00, 0x00, 0x05, 0x3b, 0x3f,
  0x00, 0x00, 0x00, 0x01, 0x10, 0x0a, 0x0f, 0x00, 0x00, 0x05, 0x3b, 0xd9,
  0x02, 0x00, 0x00, 0x11, 0x8c, 0x00, 0x00, 0x00, 0x10, 0x76, 0x1d, 0x00,
  0x00, 0x05, 0x3b, 0x3f, 0x00, 0x00, 0x00, 0x00, 0x13, 0x30, 0x5b, 0x00,
  0x00, 0x00, 0x00, 0x00, 0x00, 0x00, 0x01, 0x00, 0x00, 0x01, 0x6d, 0x1c,
  0x10, 0x00, 0x00, 0x01, 0x3e, 0x3f, 0x00, 0x00, 0x00, 0x14, 0xc0, 0x2b,
  0x00, 0x00, 0x80, 0x22, 0x00, 0x00, 0x01, 0x3e, 0x5f, 0x05, 0x00, 0x00,
  0x15, 0x4f, 0x2c, 0x00, 0x00, 0x21, 0x0e, 0x00, 0x00, 0x01, 0x41, 0x3f,
  0x00, 0x00, 0x00, 0x15, 0xbb, 0x2c, 0x00, 0x00, 0x51, 0x0e, 0x00, 0x00,
  0x01, 0x47, 0x5b, 0x00, 0x00, 0x00, 0x0e, 0x62, 0x0c, 0x00, 0x00, 0x01,
  0x3f, 0x5f, 0x05, 0x00, 0x00, 0x18, 0xa1, 0x05, 0x00, 0x00, 0x5c, 0x5b,
  0x00, 0x00, 0x00, 0x00, 0x00, 0x00, 0x10, 0x00, 0x00, 0x00, 0x01, 0x41,
  0x0e, 0x26, 0x1c, 0x2c, 0x00, 0x00, 0xb1, 0x05, 0x00, 0x00, 0x1a, 0x1d,
  0xbc, 0x05, 0x00, 0x00, 0x1b, 0x02, 0xc1, 0x05, 0x00, 0x00, 0x00, 0x1c,
  0xbc, 0x04, 0x00, 0x00, 0x5c, 0x5b, 0x00, 0x00, 0x00, 0x00, 0x00, 0x00,
  0x1d, 0x01, 0x50, 0x01, 0x31, 0x00, 0x1c, 0xd9, 0x06, 0x00, 0x00, 0x6c,
  0x5b, 0x00, 0x00, 0x00, 0x00, 0x00, 0x00, 0x1d, 0x01, 0x51, 0x01, 0x32,
  0x00, 0x1c, 0x35, 0x05, 0x00, 0x00, 0x90, 0x5b, 0x00, 0x00, 0x00, 0x00,
  0x00, 0x00, 0x1d, 0x01, 0x55, 0x02, 0x8f, 0x00, 0x1d, 0x01, 0x54, 0x02,
  0x83, 0x00, 0x1d, 0x01, 0x53, 0x01, 0x31, 0x1d, 0x01, 0x52, 0x01, 0x33,
  0x1d, 0x01, 0x50, 0x02, 0x8f, 0x00, 0x1d, 0x01, 0x51, 0x02, 0x84, 0x10,
  0x00, 0x1c, 0xbc, 0x04, 0x00, 0x00, 0xf4, 0x5b, 0x00, 0x00, 0x00, 0x00,
  0x00, 0x00, 0x1d, 0x01, 0x50, 0x01, 0x31, 0x00, 0x1c, 0xbc, 0x04, 0x00,
  0x00, 0x14, 0x5c, 0x00, 0x00, 0x00, 0x00, 0x00, 0x00, 0x1d, 0x01, 0x50,
  0x01, 0x33, 0x00, 0x1c, 0xdf, 0x04, 0x00, 0x00, 0x20, 0x5c, 0x00, 0x00,
  0x00, 0x00, 0x00, 0x00, 0x1d, 0x01, 0x50, 0x02, 0x83, 0x00, 0x00, 0x00,
  0x24, 0xcb, 0x13, 0x00, 0x00, 0x05, 0x21, 0x3f, 0x00, 0x00, 0x00, 0x20,
  0xde, 0x02, 0x00, 0x00, 0x20, 0x3f, 0x00, 0x00, 0x00, 0x00, 0x0f, 0x0f,
  0x11, 0x00, 0x00, 0xf0, 0x0a, 0x00, 0x00, 0x0a, 0x32, 0x5b, 0x00, 0x00,
  0x00, 0x01, 0x10, 0x1e, 0x01, 0x00, 0x00, 0x0a, 0x32, 0x26, 0x07, 0x00,
  0x00, 0x11, 0x8c, 0x00, 0x00, 0x00, 0x10, 0x38, 0x10, 0x00, 0x00, 0x0a,
  0x32, 0x2b, 0x07, 0x00, 0x00, 0x10, 0x24, 0x23, 0x00, 0x00, 0x0a, 0x32,
  0x5f, 0x05, 0x00, 0x00, 0x00, 0x12, 0x5b, 0x00, 0x00, 0x00, 0x05, 0x30,
  0x07, 0x00, 0x00, 0x27, 0x28, 0x19, 0x1c, 0x00, 0x00, 0x01, 0x14, 0x76,
  0x00, 0x00, 0x00, 0x01, 0x0e, 0x0c, 0x05, 0x00, 0x00, 0x01, 0x15, 0x49,
  0x07, 0x00, 0x00, 0x00, 0x29, 0x13, 0x24, 0x00, 0x00, 0x10, 0x0b, 0x2e,
  0x2a, 0xe6, 0x1a, 0x00, 0x00, 0x6a, 0x07, 0x00, 0x00, 0x0b, 0x30, 0x00,
  0x2a, 0x8e, 0x1e, 0x00, 0x00, 0x77, 0x02, 0x00, 0x00, 0x0b, 0x32, 0x08,
  0x00, 0x06, 0x75, 0x07, 0x00, 0x00, 0x59, 0x22, 0x00, 0x00, 0x04, 0x61,
  0x06, 0x80, 0x07, 0x00, 0x00, 0x34, 0x11, 0x00, 0x00, 0x04, 0x60, 0x06,
  0x8b, 0x07, 0x00, 0x00, 0x62, 0x18, 0x00, 0x00, 0x06, 0x42, 0x06, 0x77,
  0x02, 0x00, 0x00, 0xaf, 0x1f, 0x00, 0x00, 0x06, 0x0b, 0x13, 0x30, 0x5c,
  0x00, 0x00, 0x00, 0x00, 0x00, 0x00, 0x30, 0x01, 0x00, 0x00, 0x01, 0x6d,
  0x42, 0x25, 0x00, 0x00, 0x01, 0x56, 0x3f, 0x00, 0x00, 0x00, 0x14, 0x01,
  0x2d, 0x00, 0x00, 0xc6, 0x1e, 0x00, 0x00, 0x01, 0x56, 0x2b, 0x07, 0x00,
  0x00, 0x14, 0x5a, 0x2d, 0x00, 0x00, 0x80, 0x22, 0x00, 0x00, 0x01, 0x56,
  0x5f, 0x05, 0x00, 0x00, 0x18, 0xef, 0x06, 0x00, 0x00, 0xd4, 0x5c, 0x00,
  0x00, 0x00, 0x00, 0x00, 0x00, 0x0c, 0x00, 0x00, 0x00, 0x01, 0x5f, 0x05,
  0x19, 0x01, 0x58, 0xff, 0x06, 0x00, 0x00, 0x1a, 0xff, 0xff, 0xff, 0xff,
  0xff, 0xff, 0xff, 0xff, 0xff, 0x01, 0x0a, 0x07, 0x00, 0x00, 0x19, 0x01,
  0x51, 0x0f, 0x07, 0x00, 0x00, 0x19, 0x01, 0x63, 0x1a, 0x07, 0x00, 0x00,
  0x00, 0x16, 0x31, 0x07, 0x00, 0x00, 0x50, 0x06, 0x00, 0x00, 0x01, 0x63,
  0x18, 0x17, 0xc9, 0x2d, 0x00, 0x00, 0x3d, 0x07, 0x00, 0x00, 0x00, 0x1c,
  0xbc, 0x04, 0x00, 0x00, 0xcc, 0x5c, 0x00, 0x00, 0x00, 0x00, 0x00, 0x00,
  0x1d, 0x01, 0x53, 0x02, 0x83, 0x00, 0x1d, 0x01, 0x50, 0x01, 0x33, 0x00,
  0x1c, 0x4f, 0x08, 0x00, 0x00, 0xfc, 0x5c, 0x00, 0x00, 0x00, 0x00, 0x00,
  0x00, 0x1d, 0x01, 0x50, 0x01, 0x31, 0x1d, 0x01, 0x51, 0x02, 0x8f, 0x08,
  0x00, 0x00, 0x22, 0x51, 0x16, 0x00, 0x00, 0x0c, 0x7c, 0x01, 0x3f, 0x00,
  0x00, 0x00, 0x20, 0x66, 0x08, 0x00, 0x00, 0x20, 0x87, 0x08, 0x00, 0x00,
  0x00, 0x06, 0x71, 0x08, 0x00, 0x00, 0x3d, 0x11, 0x00, 0x00, 0x04, 0x3a,
  0x06, 0x7c, 0x08, 0x00, 0x00, 0x60, 0x22, 0x00, 0x00, 0x04, 0x39, 0x06,
  0x3f, 0x00, 0x00, 0x00, 0xca, 0x01, 0x00, 0x00, 0x06, 0x46, 0x05, 0x49,
  0x07, 0x00, 0x00, 0x13, 0x60, 0x5d, 0x00, 0x00, 0x00, 0x00, 0x00, 0x00,
  0x54, 0x01, 0x00, 0x00, 0x01, 0x6d, 0x3c, 0x1a, 0x00, 0x00, 0x01, 0x68,
  0x3f, 0x00, 0x00, 0x00, 0x14, 0xfd, 0x2d, 0x00, 0x00, 0xc6, 0x1e, 0x00,
  0x00, 0x01, 0x68, 0x7e, 0x09, 0x00, 0x00, 0x14, 0xbb, 0x2e, 0x00, 0x00,
  0xad, 0x15, 0x00, 0x00, 0x01, 0x68, 0x9e, 0x09, 0x00, 0x00, 0x15, 0x79,
  0x2f, 0x00, 0x00, 0x1c, 0x24, 0x00, 0x00, 0x01, 0x75, 0x76, 0x00, 0x00,
  0x00, 0x15, 0xbf, 0x2f, 0x00, 0x00, 0x56, 0x0e, 0x00, 0x00, 0x01, 0x74,
  0x76, 0x00, 0x00, 0x00, 0x15, 0x05, 0x30, 0x00, 0x00, 0x45, 0x1a, 0x00,
  0x00, 0x01, 0x86, 0x83, 0x09, 0x00, 0x00, 0x18, 0xef, 0x06, 0x00, 0x00,
  0xf4, 0x5d, 0x00, 0x00, 0x00, 0x00, 0x00, 0x00, 0x10, 0x00, 0x00, 0x00,
  0x01, 0x8c, 0x05, 0x26, 0x4b, 0x30, 0x00, 0x00, 0xff, 0x06, 0x00, 0x00,
  0x1a, 0xff, 0xff, 0xff, 0xff, 0xff, 0xff, 0xff, 0xff, 0xff, 0x01, 0x0a,
  0x07, 0x00, 0x00, 0x19, 0x01, 0x64, 0x0f, 0x07, 0x00, 0x00, 0x19, 0x01,
  0x63, 0x1a, 0x07, 0x00, 0x00, 0x00, 0x1c, 0x6d, 0x09, 0x00, 0x00, 0xf0,
  0x5d, 0x00, 0x00, 0x00, 0x00, 0x00, 0x00, 0x1d, 0x01, 0x50, 0x02, 0x83,
  0x00, 0x00, 0x1c, 0xbc, 0x04, 0x00, 0x00, 0x2c, 0x5e, 0x00, 0x00, 0x00,
  0x00, 0x00, 0x00, 0x1d, 0x01, 0x53, 0x02, 0x83, 0x00, 0x1d, 0x01, 0x50,
  0x02, 0x8f, 0x00, 0x00, 0x1c, 0xbc, 0x04, 0x00, 0x00, 0x60, 0x5e, 0x00,
  0x00, 0x00, 0x00, 0x00, 0x00, 0x1d, 0x01, 0x50, 0x01, 0x33, 0x00, 0x00,
  0x24, 0x9c, 0x12, 0x00, 0x00, 0x0d, 0x3a, 0x5b, 0x00, 0x00, 0x00, 0x20,
  0x5f, 0x05, 0x00, 0x00, 0x00, 0x05, 0x83, 0x09, 0x00, 0x00, 0x05, 0x88,
  0x09, 0x00, 0x00, 0x06, 0x93, 0x09, 0x00, 0x00, 0x67, 0x1d, 0x00, 0x00,
  0x02, 0x3c, 0x06, 0x83, 0x02, 0x00, 0x00, 0xf9, 0x13, 0x00, 0x00, 0x02,
  0x26, 0x05, 0x5f, 0x05, 0x00, 0x00, 0x00, 0x7e, 0x01, 0x00, 0x00, 0x04,
  0x00, 0x37, 0x0e, 0x00, 0x00, 0x08, 0x01, 0xfb, 0x05, 0x00, 0x00, 0x0c,
  0x00, 0x5f, 0x16, 0x00, 0x00, 0xb1, 0x36, 0x00, 0x00, 0x29, 0x24, 0x00,
  0x00, 0xb4, 0x5e, 0x00, 0x00, 0x00, 0x00, 0x00, 0x00, 0xb0, 0x00, 0x00,
  0x00, 0x02, 0x69, 0x25, 0x00, 0x00, 0x3f, 0x00, 0x00, 0x00, 0x01, 0x16,
  0x09, 0x03, 0xa0, 0x2a, 0x00, 0x00, 0x00, 0x00, 0x00, 0x00, 0x03, 0x4b,
  0x00, 0x00, 0x00, 0x04, 0x57, 0x00, 0x00, 0x00, 0x04, 0x00, 0x05, 0x50,
  0x00, 0x00, 0x00, 0x06, 0xa3, 0x12, 0x00, 0x00, 0x05, 0x04, 0x07, 0x2a,
  0x1c, 0x00, 0x00, 0x08, 0x07, 0x08, 0x7f, 0x00, 0x00, 0x00, 0x04, 0x02,
  0x05, 0x09, 0xa6, 0x1e, 0x00, 0x00, 0x00, 0x09, 0x6d, 0x0c, 0x00, 0x00,
  0x01, 0x09, 0xb0, 0x09, 0x00, 0x00, 0x02, 0x09, 0x2f, 0x0f, 0x00, 0x00,
  0x03, 0x00, 0x06, 0x4c, 0x1a, 0x00, 0x00, 0x07, 0x04, 0x0a, 0xb4, 0x5e,
  0x00, 0x00, 0x00, 0x00, 0x00, 0x00, 0xb0, 0x00, 0x00, 0x00, 0x01, 0x6d,
  0xe1, 0x06, 0x00, 0x00, 0x01, 0x1e, 0x0b, 0x91, 0x30, 0x00, 0x00, 0x0f,
  0x05, 0x00, 0x00, 0x01, 0x1e, 0x76, 0x01, 0x00, 0x00, 0x0b, 0xca, 0x30,
  0x00, 0x00, 0x8a, 0x19, 0x00, 0x00, 0x01, 0x1e, 0x0d, 0x01, 0x00, 0x00,
  0x0b, 0xed, 0x30, 0x00, 0x00, 0x1a, 0x1b, 0x00, 0x00, 0x01, 0x1e, 0x0d,
  0x01, 0x00, 0x00, 0x0c, 0x02, 0x91, 0x58, 0x70, 0x03, 0x00, 0x00, 0x01,
  0x23, 0x1e, 0x01, 0x00, 0x00, 0x0d, 0x0e, 0xed, 0x00, 0x00, 0x00, 0x40,
  0x5f, 0x00, 0x00, 0x00, 0x00, 0x00, 0x00, 0x0f, 0x01, 0x53, 0x03, 0x91,
  0xb0, 0x7f, 0x00, 0x00, 0x10, 0xf7, 0x0a, 0x00, 0x00, 0x03, 0x7a, 0x50,
  0x00, 0x00, 0x00, 0x11, 0x50, 0x00, 0x00, 0x00, 0x11, 0x0d, 0x01, 0x00,
  0x00, 0x11, 0x0d, 0x01, 0x00, 0x00, 0x11, 0x1e, 0x01, 0x00, 0x00, 0x00,
  0x12, 0x12, 0x01, 0x00, 0x00, 0x05, 0x17, 0x01, 0x00, 0x00, 0x06, 0xa7,
  0x12, 0x00, 0x00, 0x08, 0x01, 0x13, 0x29, 0x01, 0x00, 0x00, 0x55, 0x0f,
  0x00, 0x00, 0x04, 0x0c, 0x14, 0x32, 0x01, 0x00, 0x00, 0x92, 0x1d, 0x00,
  0x00, 0x15, 0x34, 0x02, 0x00, 0x00, 0x20, 0x16, 0x7f, 0x14, 0x00, 0x00,
  0x75, 0x01, 0x00, 0x00, 0x01, 0x23, 0x00, 0x16, 0x88, 0x20, 0x00, 0x00,
  0x75, 0x01, 0x00, 0x00, 0x01, 0x23, 0x08, 0x16, 0xab, 0x19, 0x00, 0x00,
  0x75, 0x01, 0x00, 0x00, 0x01, 0x23, 0x10, 0x16, 0x7b, 0x24, 0x00, 0x00,
  0x50, 0x00, 0x00, 0x00, 0x01, 0x23, 0x18, 0x16, 0x31, 0x00, 0x00, 0x00,
  0x50, 0x00, 0x00, 0x00, 0x01, 0x23, 0x1c, 0x00, 0x17, 0x13, 0x5e, 0x00,
  0x00, 0x00, 0x7c, 0x0c, 0x00, 0x00, 0x02, 0x0a, 0x00, 0x00, 0x36, 0x00,
  0x00, 0x00, 0x00, 0x00, 0x00, 0x1c, 0x36, 0x00, 0x00, 0x00, 0x00, 0x00,
  0x00, 0x24, 0x36, 0x00, 0x00, 0x00, 0x00, 0x00, 0x00, 0x2c, 0x36, 0x00,
  0x00, 0x00, 0x00, 0x00, 0x00, 0x34, 0x36, 0x00, 0x00, 0x00, 0x00, 0x00,
  0x00, 0x3c, 0x36, 0x00, 0x00, 0x00, 0x00, 0x00, 0x00, 0x60, 0x36, 0x00,
  0x00, 0x00, 0x00, 0x00, 0x00, 0x78, 0x36, 0x00, 0x00, 0x00, 0x00, 0x00,
  0x00, 0x00, 0x00, 0x00, 0x00, 0x00, 0x00, 0x00, 0x00, 0x00, 0x00, 0x00,
  0x00, 0x00, 0x00, 0x00, 0x00, 0x08, 0x38, 0x00, 0x00, 0x00, 0x00, 0x00,
  0x00, 0x18, 0x38, 0x00, 0x00, 0x00, 0x00, 0x00, 0x00, 0x24, 0x38, 0x00,
  0x00, 0x00, 0x00, 0x00, 0x00, 0x28, 0x38, 0x00, 0x00, 0x00, 0x00, 0x00,
  0x00, 0x00, 0x00, 0x00, 0x00, 0x00, 0x00, 0x00, 0x00, 0x00, 0x00, 0x00,
  0x00, 0x00, 0x00, 0x00, 0x00, 0xc0, 0x38, 0x00, 0x00, 0x00, 0x00, 0x00,
  0x00, 0xd8, 0x38, 0x00, 0x00, 0x00, 0x00, 0x00, 0x00, 0xe0, 0x38, 0x00,
  0x00, 0x00, 0x00, 0x00, 0x00, 0xe4, 0x38, 0x00, 0x00, 0x00, 0x00, 0x00,
  0x00, 0xec, 0x38, 0x00, 0x00, 0x00, 0x00, 0x00, 0x00, 0xf0, 0x38, 0x00,
  0x00, 0x00, 0x00, 0x00, 0x00, 0x44, 0x39, 0x00, 0x00, 0x00, 0x00, 0x00,
  0x00, 0x5c, 0x39, 0x00, 0x00, 0x00, 0x00, 0x00, 0x00, 0x00, 0x00, 0x00,
  0x00, 0x00, 0x00, 0x00, 0x00, 0x00, 0x00, 0x00, 0x00, 0x00, 0x00, 0x00,
  0x00, 0x98, 0x3a, 0x00, 0x00, 0x00, 0x00, 0x00, 0x00, 0xa8, 0x3a, 0x00,
  0x00, 0x00, 0x00, 0x00, 0x00, 0xac, 0x3a, 0x00, 0x00, 0x00, 0x00, 0x00,
  0x00, 0x38, 0x3b, 0x00, 0x00, 0x00, 0x00, 0x00, 0x00, 0x00, 0x00, 0x00,
  0x00, 0x00, 0x00, 0x00, 0x00, 0x00, 0x00, 0x00, 0x00, 0x00, 0x00, 0x00,
  0x00, 0x64, 0x3c, 0x00, 0x00, 0x00, 0x00, 0x00, 0x00, 0x7c, 0x3c, 0x00,
  0x00, 0x00, 0x00, 0x00, 0x00, 0x84, 0x3c, 0x00, 0x00, 0x00, 0x00, 0x00,
  0x00, 0x88, 0x3c, 0x00, 0x00, 0x00, 0x00, 0x00, 0x00, 0x90, 0x3c, 0x00,
  0x00, 0x00, 0x00, 0x00, 0x00, 0x94, 0x3c, 0x00, 0x00, 0x00, 0x00, 0x00,
  0x00, 0xa8, 0x3c, 0x00, 0x00, 0x00, 0x00, 0x00, 0x00, 0xc0, 0x3c, 0x00,
  0x00, 0x00, 0x00, 0x00, 0x00, 0x00, 0x00, 0x00, 0x00, 0x00, 0x00, 0x00,
  0x00, 0x00, 0x00, 0x00, 0x00, 0x00, 0x00, 0x00, 0x00, 0x90, 0x3d, 0x00,
  0x00, 0x00, 0x00, 0x00, 0x00, 0xac, 0x3d, 0x00, 0x00, 0x00, 0x00, 0x00,
  0x00, 0xc8, 0x3d, 0x00, 0x00, 0x00, 0x00, 0x00, 0x00, 0xd0, 0x3d, 0x00,
  0x00, 0x00, 0x00, 0x00, 0x00, 0xd8, 0x3d, 0x00, 0x00, 0x00, 0x00, 0x00,
  0x00, 0xe0, 0x3d, 0x00, 0x00, 0x00, 0x00, 0x00, 0x00, 0x24, 0x3e, 0x00,
  0x00, 0x00, 0x00, 0x00, 0x00, 0x3c, 0x3e, 0x00, 0x00, 0x00, 0x00, 0x00,
  0x00, 0x00, 0x00, 0x00, 0x00, 0x00, 0x00, 0x00, 0x00, 0x00, 0x00, 0x00,
  0x00, 0x00, 0x00, 0x00, 0x00, 0x80, 0x35, 0x00, 0x00, 0x00, 0x00, 0x00,
  0x00, 0xd0, 0x35, 0x00, 0x00, 0x00, 0x00, 0x00, 0x00, 0xd0, 0x35, 0x00,
  0x00, 0x00, 0x00, 0x00, 0x00, 0x78, 0x37, 0x00, 0x00, 0x00, 0x00, 0x00,
  0x00, 0x78, 0x37, 0x00, 0x00, 0x00, 0x00, 0x00, 0x00, 0x98, 0x39, 0x00,
  0x00, 0x00, 0x00, 0x00, 0x00, 0x98, 0x39, 0x00, 0x00, 0x00, 0x00, 0x00,
  0x00, 0x64, 0x3b, 0x00, 0x00, 0x00, 0x00, 0x00, 0x00, 0x64, 0x3b, 0x00,
  0x00, 0x00, 0x00, 0x00, 0x00, 0x34, 0x3c, 0x00, 0x00, 0x00, 0x00, 0x00,
  0x00, 0x34, 0x3c, 0x00, 0x00, 0x00, 0x00, 0x00, 0x00, 0x00, 0x3d, 0x00,
  0x00, 0x00, 0x00, 0x00, 0x00, 0x00, 0x3d, 0x00, 0x00, 0x00, 0x00, 0x00,
  0x00, 0x68, 0x3e, 0x00, 0x00, 0x00, 0x00, 0x00, 0x00, 0x00, 0x00, 0x00,
  0x00, 0x00, 0x00, 0x00, 0x00, 0x00, 0x00, 0x00, 0x00, 0x00, 0x00, 0x00,
  0x00, 0x68, 0x3e, 0x00, 0x00, 0x00, 0x00, 0x00, 0x00, 0xf0, 0x3f, 0x00,
  0x00, 0x00, 0x00, 0x00, 0x00, 0xf0, 0x3f, 0x00, 0x00, 0x00, 0x00, 0x00,
  0x00, 0x58, 0x40, 0x00, 0x00, 0x00, 0x00, 0x00, 0x00, 0x58, 0x40, 0x00,
  0x00, 0x00, 0x00, 0x00, 0x00, 0xc0, 0x40, 0x00, 0x00, 0x00, 0x00, 0x00,
  0x00, 0xc0, 0x40, 0x00, 0x00, 0x00, 0x00, 0x00, 0x00, 0xf4, 0x41, 0x00,
  0x00, 0x00, 0x00, 0x00, 0x00, 0x00, 0x00, 0x00, 0x00, 0x00, 0x00, 0x00,
  0x00, 0x00, 0x00, 0x00, 0x00, 0x00, 0x00, 0x00, 0x00, 0xf4, 0x41, 0x00,
  0x00, 0x00, 0x00, 0x00, 0x00, 0x88, 0x42, 0x00, 0x00, 0x00, 0x00, 0x00,
  0x00, 0x88, 0x42, 0x00, 0x00, 0x00, 0x00, 0x00, 0x00, 0x2c, 0x43, 0x00,
  0x00, 0x00, 0x00, 0x00, 0x00, 0x2c, 0x43, 0x00, 0x00, 0x00, 0x00, 0x00,
  0x00, 0xa4, 0x43, 0x00, 0x00, 0x00, 0x00, 0x00, 0x00, 0xa4, 0x43, 0x00,
  0x00, 0x00, 0x00, 0x00, 0x00, 0x7c, 0x44, 0x00, 0x00, 0x00, 0x00, 0x00,
  0x00, 0x7c, 0x44, 0x00, 0x00, 0x00, 0x00, 0x00, 0x00, 0xe4, 0x44, 0x00,
  0x00, 0x00, 0x00, 0x00, 0x00, 0xe4, 0x44, 0x00, 0x00, 0x00, 0x00, 0x00,
  0x00, 0xf0, 0x44, 0x00, 0x00, 0x00, 0x00, 0x00, 0x00, 0x00, 0x00, 0x00,
  0x00, 0x00, 0x00, 0x00, 0x00, 0x00, 0x00, 0x00, 0x00, 0x00, 0x00, 0x00,
  0x00, 0x24, 0x45, 0x00, 0x00, 0x00, 0x00, 0x00, 0x00, 0x34, 0x45, 0x00,
  0x00, 0x00, 0x00, 0x00, 0x00, 0x48, 0x45, 0x00, 0x00, 0x00, 0x00, 0x00,
  0x00, 0x4c, 0x45, 0x00, 0x00, 0x00, 0x00, 0x00, 0x00, 0x54, 0x45, 0x00,
  0x00, 0x00, 0x00, 0x00, 0x00, 0x60, 0x45, 0x00, 0x00, 0x00, 0x00, 0x00,
  0x00, 0x00, 0x00, 0x00, 0x00, 0x00, 0x00, 0x00, 0x00, 0x00, 0x00, 0x00,
  0x00, 0x00, 0x00, 0x00, 0x00, 0xe8, 0x46, 0x00, 0x00, 0x00, 0x00, 0x00,
  0x00, 0xf4, 0x46, 0x00, 0x00, 0x00, 0x00, 0x00, 0x00, 0x0c, 0x47, 0x00,
  0x00, 0x00, 0x00, 0x00, 0x00, 0x28, 0x47, 0x00, 0x00, 0x00, 0x00, 0x00,
  0x00, 0x00, 0x00, 0x00, 0x00, 0x00, 0x00, 0x00, 0x00, 0x00, 0x00, 0x00,
  0x00, 0x00, 0x00, 0x00, 0x00, 0xfc, 0x46, 0x00, 0x00, 0x00, 0x00, 0x00,
  0x00, 0x08, 0x47, 0x00, 0x00, 0x00, 0x00, 0x00, 0x00, 0x28, 0x47, 0x00,
  0x00, 0x00, 0x00, 0x00, 0x00, 0x2c, 0x47, 0x00, 0x00, 0x00, 0x00, 0x00,
  0x00, 0x00, 0x00, 0x00, 0x00, 0x00, 0x00, 0x00, 0x00, 0x00, 0x00, 0x00,
  0x00, 0x00, 0x00, 0x00, 0x00, 0xb4, 0x4b, 0x00, 0x00, 0x00, 0x00, 0x00,
  0x00, 0x04, 0x4c, 0x00, 0x00, 0x00, 0x00, 0x00, 0x00, 0x48, 0x4c, 0x00,
  0x00, 0x00, 0x00, 0x00, 0x00, 0x4c, 0x4c, 0x00, 0x00, 0x00, 0x00, 0x00,
  0x00, 0x78, 0x4c, 0x00, 0x00, 0x00, 0x00, 0x00, 0x00, 0xe8, 0x4c, 0x00,
  0x00, 0x00, 0x00, 0x00, 0x00, 0x00, 0x00, 0x00, 0x00, 0x00, 0x00, 0x00,
  0x00, 0x00, 0x00, 0x00, 0x00, 0x00, 0x00, 0x00, 0x00, 0x98, 0x4d, 0x00,
  0x00, 0x00, 0x00, 0x00, 0x00, 0x9c, 0x4d, 0x00, 0x00, 0x00, 0x00, 0x00,
  0x00, 0xa8, 0x4d, 0x00, 0x00, 0x00, 0x00, 0x00, 0x00, 0x84, 0x4e, 0x00,
  0x00, 0x00, 0x00, 0x00, 0x00, 0x00, 0x00, 0x00, 0x00, 0x00, 0x00, 0x00,
  0x00, 0x00, 0x00, 0x00, 0x00, 0x00, 0x00, 0x00, 0x00, 0xf0, 0x44, 0x00,
  0x00, 0x00, 0x00, 0x00, 0x00, 0xac, 0x45, 0x00, 0x00, 0x00, 0x00, 0x00,
  0x00, 0xac, 0x45, 0x00, 0x00, 0x00, 0x00, 0x00, 0x00, 0x74, 0x48, 0x00,
  0x00, 0x00, 0x00, 0x00, 0x00, 0x74, 0x48, 0x00, 0x00, 0x00, 0x00, 0x00,
  0x00, 0xa4, 0x49, 0x00, 0x00, 0x00, 0x00, 0x00, 0x00, 0xa4, 0x49, 0x00,
  0x00, 0x00, 0x00, 0x00, 0x00, 0x20, 0x4a, 0x00, 0x00, 0x00, 0x00, 0x00,
  0x00, 0x20, 0x4a, 0x00, 0x00, 0x00, 0x00, 0x00, 0x00, 0xbc, 0x4a, 0x00,
  0x00, 0x00, 0x00, 0x00, 0x00, 0xbc, 0x4a, 0x00, 0x00, 0x00, 0x00, 0x00,
  0x00, 0x18, 0x4b, 0x00, 0x00, 0x00, 0x00, 0x00, 0x00, 0x18, 0x4b, 0x00,
  0x00, 0x00, 0x00, 0x00, 0x00, 0x10, 0x4d, 0x00, 0x00, 0x00, 0x00, 0x00,
  0x00, 0x10, 0x4d, 0x00, 0x00, 0x00, 0x00, 0x00, 0x00, 0x00, 0x4f, 0x00,
  0x00, 0x00, 0x00, 0x00, 0x00, 0x00, 0x4f, 0x00, 0x00, 0x00, 0x00, 0x00,
  0x00, 0x50, 0x4f, 0x00, 0x00, 0x00, 0x00, 0x00, 0x00, 0x50, 0x4f, 0x00,
  0x00, 0x00, 0x00, 0x00, 0x00, 0x5c, 0x4f, 0x00, 0x00, 0x00, 0x00, 0x00,
  0x00, 0x00, 0x00, 0x00, 0x00, 0x00, 0x00, 0x00, 0x00, 0x00, 0x00, 0x00,
  0x00, 0x00, 0x00, 0x00, 0x00, 0xfc, 0x4f, 0x00, 0x00, 0x00, 0x00, 0x00,
  0x00, 0x0c, 0x50, 0x00, 0x00, 0x00, 0x00, 0x00, 0x00, 0x20, 0x50, 0x00,
  0x00, 0x00, 0x00, 0x00, 0x00, 0x24, 0x50, 0x00, 0x00, 0x00, 0x00, 0x00,
  0x00, 0x2c, 0x50, 0x00, 0x00, 0x00, 0x00, 0x00, 0x00, 0x38, 0x50, 0x00,
  0x00, 0x00, 0x00, 0x00, 0x00, 0x00, 0x00, 0x00, 0x00, 0x00, 0x00, 0x00,
  0x00, 0x00, 0x00, 0x00, 0x00, 0x00, 0x00, 0x00, 0x00, 0x4c, 0x51, 0x00,
  0x00, 0x00, 0x00, 0x00, 0x00, 0x54, 0x51, 0x00, 0x00, 0x00, 0x00, 0x00,
  0x00, 0x5c, 0x51, 0x00, 0x00, 0x00, 0x00, 0x00, 0x00, 0x60, 0x51, 0x00,
  0x00, 0x00, 0x00, 0x00, 0x00, 0x00, 0x00, 0x00, 0x00, 0x00, 0x00, 0x00,
  0x00, 0x00, 0x00, 0x00, 0x00, 0x00, 0x00, 0x00, 0x00, 0x0c, 0x55, 0x00,
  0x00, 0x00, 0x00, 0x00, 0x00, 0x5c, 0x55, 0x00, 0x00, 0x00, 0x00, 0x00,
  0x00, 0xa0, 0x55, 0x00, 0x00, 0x00, 0x00, 0x00, 0x00, 0xa4, 0x55, 0x00,
  0x00, 0x00, 0x00, 0x00, 0x00, 0xd0, 0x55, 0x00, 0x00, 0x00, 0x00, 0x00,
  0x00, 0x70, 0x56, 0x00, 0x00, 0x00, 0x00, 0x00, 0x00, 0x00, 0x00, 0x00,
  0x00, 0x00, 0x00, 0x00, 0x00, 0x00, 0x00, 0x00, 0x00, 0x00, 0x00, 0x00,
  0x00, 0x24, 0x57, 0x00, 0x00, 0x00, 0x00, 0x00, 0x00, 0x28, 0x57, 0x00,
  0x00, 0x00, 0x00, 0x00, 0x00, 0x34, 0x57, 0x00, 0x00, 0x00, 0x00, 0x00,
  0x00, 0x10, 0x58, 0x00, 0x00, 0x00, 0x00, 0x00, 0x00, 0x00, 0x00, 0x00,
  0x00, 0x00, 0x00, 0x00, 0x00, 0x00, 0x00, 0x00, 0x00, 0x00, 0x00, 0x00,
  0x00, 0x5c, 0x4f, 0x00, 0x00, 0x00, 0x00, 0x00, 0x00, 0x4c, 0x50, 0x00,
  0x00, 0x00, 0x00, 0x00, 0x00, 0x4c, 0x50, 0x00, 0x00, 0x00, 0x00, 0x00,
  0x00, 0xa0, 0x52, 0x00, 0x00, 0x00, 0x00, 0x00, 0x00, 0xa0, 0x52, 0x00,
  0x00, 0x00, 0x00, 0x00, 0x00, 0x84, 0x53, 0x00, 0x00, 0x00, 0x00, 0x00,
  0x00, 0x84, 0x53, 0x00, 0x00, 0x00, 0x00, 0x00, 0x00, 0x00, 0x54, 0x00,
  0x00, 0x00, 0x00, 0x00, 0x00, 0x00, 0x54, 0x00, 0x00, 0x00, 0x00, 0x00,
  0x00, 0x5c, 0x54, 0x00, 0x00, 0x00, 0x00, 0x00, 0x00, 0x5c, 0x54, 0x00,
  0x00, 0x00, 0x00, 0x00, 0x00, 0x9c, 0x56, 0x00, 0x00, 0x00, 0x00, 0x00,
  0x00, 0x9c, 0x56, 0x00, 0x00, 0x00, 0x00, 0x00, 0x00, 0x8c, 0x58, 0x00,
  0x00, 0x00, 0x00, 0x00, 0x00, 0x8c, 0x58, 0x00, 0x00, 0x00, 0x00, 0x00,
  0x00, 0xdc, 0x58, 0x00, 0x00, 0x00, 0x00, 0x00, 0x00, 0xdc, 0x58, 0x00,
  0x00, 0x00, 0x00, 0x00, 0x00, 0xe8, 0x58, 0x00, 0x00, 0x00, 0x00, 0x00,
  0x00, 0x00, 0x00, 0x00, 0x00, 0x00, 0x00, 0x00, 0x00, 0x00, 0x00, 0x00,
  0x00, 0x00, 0x00, 0x00, 0x00, 0x18, 0x59, 0x00, 0x00, 0x00, 0x00, 0x00,
  0x00, 0x80, 0x59, 0x00, 0x00, 0x00, 0x00, 0x00, 0x00, 0x84, 0x59, 0x00,
  0x00, 0x00, 0x00, 0x00, 0x00, 0x8c, 0x59, 0x00, 0x00, 0x00, 0x00, 0x00,
  0x00, 0x00, 0x00, 0x00, 0x00, 0x00, 0x00, 0x00, 0x00, 0x00, 0x00, 0x00,
  0x00, 0x00, 0x00, 0x00, 0x00, 0xe4, 0x5c, 0x00, 0x00, 0x00, 0x00, 0x00,
  0x00, 0xec, 0x5c, 0x00, 0x00, 0x00, 0x00, 0x00, 0x00, 0xf8, 0x5c, 0x00,
  0x00, 0x00, 0x00, 0x00, 0x00, 0x2c, 0x5d, 0x00, 0x00, 0x00, 0x00, 0x00,
  0x00, 0x00, 0x00, 0x00, 0x00, 0x00, 0x00, 0x00, 0x00, 0x00, 0x00, 0x00,
  0x00, 0x00, 0x00, 0x00, 0x00, 0xe8, 0x58, 0x00, 0x00, 0x00, 0x00, 0x00,
  0x00, 0x98, 0x5a, 0x00, 0x00, 0x00, 0x00, 0x00, 0x00, 0x98, 0x5a, 0x00,
  0x00, 0x00, 0x00, 0x00, 0x00, 0x30, 0x5b, 0x00, 0x00, 0x00, 0x00, 0x00,
  0x00, 0x30, 0x5b, 0x00, 0x00, 0x00, 0x00, 0x00, 0x00, 0x30, 0x5c, 0x00,
  0x00, 0x00, 0x00, 0x00, 0x00, 0x30, 0x5c, 0x00, 0x00, 0x00, 0x00, 0x00,
  0x00, 0x60, 0x5d, 0x00, 0x00, 0x00, 0x00, 0x00, 0x00, 0x60, 0x5d, 0x00,
  0x00, 0x00, 0x00, 0x00, 0x00, 0xb4, 0x5e, 0x00, 0x00, 0x00, 0x00, 0x00,
  0x00, 0x00, 0x00, 0x00, 0x00, 0x00, 0x00, 0x00, 0x00, 0x00, 0x00, 0x00,
  0x00, 0x00, 0x00, 0x00, 0x00, 0x73, 0x65, 0x72, 0x76, 0x65, 0x72, 0x5f,
  0x64, 0x61, 0x74, 0x61, 0x00, 0x73, 0x74, 0x61, 0x72, 0x74, 0x00, 0x70,
  0x74, 0x68, 0x72, 0x65, 0x61, 0x64, 0x5f, 0x6d, 0x75, 0x74, 0x65, 0x78,
  0x5f, 0x64, 0x65, 0x73, 0x74, 0x72, 0x6f, 0x79, 0x00, 0x5f, 0x5f, 0x69,
  0x6e, 0x74, 0x38, 0x5f, 0x74, 0x00, 0x5f, 0x5f, 0x76, 0x72, 0x5f, 0x6f,
  0x66, 0x66, 0x73, 0x00, 0x75, 0x6e, 0x73, 0x69, 0x67, 0x6e, 0x65, 0x64,
  0x20, 0x73, 0x68, 0x6f, 0x72, 0x74, 0x00, 0x47, 0x65, 0x74, 0x4d, 0x65,
  0x74, 0x68, 0x6f, 0x64, 0x49, 0x44, 0x00, 0x43, 0x61, 0x6c, 0x6c, 0x49,
  0x6e, 0x74, 0x4d, 0x65, 0x74, 0x68, 0x6f, 0x64, 0x41, 0x00, 0x47, 0x65,
  0x74, 0x49, 0x6e, 0x74, 0x46, 0x69, 0x65, 0x6c, 0x64, 0x00, 0x52, 0x65,
  0x6c, 0x65, 0x61, 0x73, 0x65, 0x53, 0x74, 0x72, 0x69, 0x6e, 0x67, 0x43,
  0x68, 0x61, 0x72, 0x73, 0x00, 0x6a, 0x6f, 0x62, 0x6a, 0x65, 0x63, 0x74,
  0x41, 0x72, 0x72, 0x61, 0x79, 0x00, 0x4e, 0x65, 0x77, 0x42, 0x6f, 0x6f,
  0x6c, 0x65, 0x61, 0x6e, 0x41, 0x72, 0x72, 0x61, 0x79, 0x00, 0x6a, 0x66,
  0x6c, 0x6f, 0x61, 0x74, 0x41, 0x72, 0x72, 0x61, 0x79, 0x00, 0x4e, 0x65,
  0x77, 0x44, 0x6f, 0x75, 0x62, 0x6c, 0x65, 0x41, 0x72, 0x72, 0x61, 0x79,
  0x00, 0x53, 0x65, 0x74, 0x46, 0x6c, 0x6f, 0x61, 0x74, 0x41, 0x72, 0x72,
  0x61, 0x79, 0x52, 0x65, 0x67, 0x69, 0x6f, 0x6e, 0x00, 0x5f, 0x5f, 0x73,
  0x74, 0x72, 0x6e, 0x63, 0x70, 0x79, 0x5f, 0x63, 0x68, 0x6b, 0x32, 0x00,
  0x66, 0x64, 0x73, 0x5f, 0x62, 0x69, 0x74, 0x73, 0x00, 0x73, 0x75, 0x6e,
  0x5f, 0x66, 0x61, 0x6d, 0x69, 0x6c, 0x79, 0x00, 0x73, 0x6f, 0x63, 0x6b,
  0x61, 0x64, 0x64, 0x72, 0x5f, 0x75, 0x6e, 0x00, 0x5f, 0x5f, 0x70, 0x72,
  0x69, 0x76, 0x61, 0x74, 0x65, 0x00, 0x70, 0x74, 0x68, 0x72, 0x65, 0x61,
  0x64, 0x5f, 0x6d, 0x75, 0x74, 0x65, 0x78, 0x5f, 0x74, 0x00, 0x6c, 0x6f,
  0x6e, 0x67, 0x00, 0x64, 0x73, 0x74, 0x00, 0x73, 0x74, 0x61, 0x63, 0x6b,
  0x5f, 0x62, 0x61, 0x73, 0x65, 0x00, 0x5f, 0x6a, 0x6d, 0x65, 0x74, 0x68,
  0x6f, 0x64, 0x49, 0x44, 0x00, 0x5f, 0x5f, 0x75, 0x69, 0x6e, 0x74, 0x31,
  0x36, 0x5f, 0x74, 0x00, 0x69, 0x00, 0x47, 0x65, 0x74, 0x4f, 0x62, 0x6a,
  0x65, 0x63, 0x74, 0x43, 0x6c, 0x61, 0x73, 0x73, 0x00, 0x43, 0x61, 0x6c,
  0x6c, 0x43, 0x68, 0x61, 0x72, 0x4d, 0x65, 0x74, 0x68, 0x6f, 0x64, 0x00,
  0x43, 0x61, 0x6c, 0x6c, 0x53, 0x74, 0x61, 0x74, 0x69, 0x63, 0x49, 0x6e,
  0x74, 0x4d, 0x65, 0x74, 0x68, 0x6f, 0x64, 0x00, 0x43, 0x61, 0x6c, 0x6c,
  0x53, 0x74, 0x61, 0x74, 0x69, 0x63, 0x46, 0x6c, 0x6f, 0x61, 0x74, 0x4d,
  0x65, 0x74, 0x68, 0x6f, 0x64, 0x56, 0x00, 0x53, 0x65, 0x74, 0x53, 0x74,
  0x61, 0x74, 0x69, 0x63, 0x4c, 0x6f, 0x6e, 0x67, 0x46, 0x69, 0x65, 0x6c,
  0x64, 0x00, 0x4e, 0x65, 0x77, 0x4f, 0x62, 0x6a, 0x65, 0x63, 0x74, 0x41,
  0x72, 0x72, 0x61, 0x79, 0x00, 0x73, 0x6f, 0x63, 0x6b, 0x65, 0x74, 0x5f,
  0x6e, 0x61, 0x6d, 0x65, 0x5f, 0x73, 0x74, 0x72, 0x00, 0x6c, 0x65, 0x6e,
  0x00, 0x5f, 0x5f, 0x75, 0x31, 0x36, 0x00, 0x5f, 0x5f, 0x6b, 0x65, 0x72,
  0x6e, 0x65, 0x6c, 0x5f, 0x63, 0x6c, 0x6f, 0x63, 0x6b, 0x69, 0x64, 0x5f,
  0x74, 0x00, 0x75, 0x6e, 0x69, 0x78, 0x5f, 0x73, 0x6f, 0x63, 0x6b, 0x65,
  0x74, 0x00, 0x74, 0x63, 0x70, 0x5f, 0x73, 0x6f, 0x63, 0x6b, 0x65, 0x74,
  0x00, 0x67, 0x65, 0x74, 0x5f, 0x73, 0x68, 0x61, 0x72, 0x65, 0x64, 0x5f,
  0x6d, 0x65, 0x6d, 0x6f, 0x72, 0x79, 0x5f, 0x73, 0x65, 0x72, 0x76, 0x65,
  0x72, 0x5f, 0x6f, 0x70, 0x73, 0x00, 0x62, 0x6f, 0x73, 0x5f, 0x64, 0x73,
  0x74, 0x00, 0x6a, 0x62, 0x6f, 0x6f, 0x6c, 0x65, 0x61, 0x6e, 0x00, 0x45,
  0x78, 0x63, 0x65, 0x70, 0x74, 0x69, 0x6f, 0x6e, 0x4f, 0x63, 0x63, 0x75,
  0x72, 0x72, 0x65, 0x64, 0x00, 0x5f, 0x5f, 0x76, 0x61, 0x5f, 0x6c, 0x69,
  0x73, 0x74, 0x00, 0x75, 0x69, 0x6e, 0x74, 0x31, 0x36, 0x5f, 0x74, 0x00,
  0x6a, 0x63, 0x68, 0x61, 0x72, 0x00, 0x43, 0x61, 0x6c, 0x6c, 0x56, 0x6f,
  0x69, 0x64, 0x4d, 0x65, 0x74, 0x68, 0x6f, 0x64, 0x00, 0x43, 0x61, 0x6c,
  0x6c, 0x4e, 0x6f, 0x6e, 0x76, 0x69, 0x72, 0x74, 0x75, 0x61, 0x6c, 0x49,
  0x6e, 0x74, 0x4d, 0x65, 0x74, 0x68, 0x6f, 0x64, 0x41, 0x00, 0x43, 0x61,
  0x6c, 0x6c, 0x53, 0x74, 0x61, 0x74, 0x69, 0x63, 0x42, 0x6f, 0x6f, 0x6c,
  0x65, 0x61, 0x6e, 0x4d, 0x65, 0x74, 0x68, 0x6f, 0x64, 0x56, 0x00, 0x43,
  0x61, 0x6c, 0x6c, 0x53, 0x74, 0x61, 0x74, 0x69, 0x63, 0x53, 0x68, 0x6f,
  0x72, 0x74, 0x4d, 0x65, 0x74, 0x68, 0x6f, 0x64, 0x56, 0x00, 0x43, 0x61,
  0x6c, 0x6c, 0x53, 0x74, 0x61, 0x74, 0x69, 0x63, 0x46, 0x6c, 0x6f, 0x61,
  0x74, 0x4d, 0x65, 0x74, 0x68, 0x6f, 0x64, 0x00, 0x6a, 0x62, 0x6f, 0x6f,
  0x6c, 0x65, 0x61, 0x6e, 0x41, 0x72, 0x72, 0x61, 0x79, 0x00, 0x6a, 0x77,
  0x65, 0x61, 0x6b, 0x00, 0x5f, 0x5a, 0x4c, 0x38, 0x73, 0x6e, 0x70, 0x72,
  0x69, 0x6e, 0x74, 0x66, 0x50, 0x63, 0x55, 0x31, 0x37, 0x70, 0x61, 0x73,
  0x73, 0x5f, 0x6f, 0x62, 0x6a, 0x65, 0x63, 0x74, 0x5f, 0x73, 0x69, 0x7a,
  0x65, 0x31, 0x6d, 0x50, 0x4b, 0x63, 0x7a, 0x00, 0x73, 0x75, 0x6e, 0x5f,
  0x70, 0x61, 0x74, 0x68, 0x00, 0x2f, 0x55, 0x73, 0x65, 0x72, 0x73, 0x2f,
  0x6b, 0x69, 0x72, 0x65, 0x72, 0x2f, 0x70, 0x72, 0x6f, 0x6a, 0x65, 0x63,
  0x74, 0x73, 0x2f, 0x61, 0x6e, 0x64, 0x72, 0x6f, 0x69, 0x64, 0x2f, 0x4b,
  0x53, 0x65, 0x72, 0x76, 0x65, 0x72, 0x2f, 0x73, 0x65, 0x72, 0x76, 0x65,
  0x72, 0x2d, 0x6b, 0x2f, 0x73, 0x72, 0x63, 0x2f, 0x6d, 0x61, 0x69, 0x6e,
  0x2f, 0x63, 0x70, 0x70, 0x2f, 0x73, 0x65, 0x72, 0x76, 0x65, 0x72, 0x2f,
  0x74, 0x72, 0x61, 0x6e, 0x73, 0x70, 0x6f, 0x72, 0x74, 0x2f, 0x73, 0x65,
  0x72, 0x76, 0x65, 0x72, 0x5f, 0x74, 0x63, 0x70, 0x2e, 0x63, 0x00, 0x74,
  0x63, 0x70, 0x5f, 0x73, 0x65, 0x72, 0x76, 0x65, 0x72, 0x5f, 0x69, 0x6e,
  0x69, 0x74, 0x69, 0x61, 0x6c, 0x69, 0x7a, 0x65, 0x00, 0x61, 0x72, 0x67,
  0x73, 0x00, 0x43, 0x61, 0x6c, 0x6c, 0x4e, 0x6f, 0x6e, 0x76, 0x69, 0x72,
  0x74, 0x75, 0x61, 0x6c, 0x44, 0x6f, 0x75, 0x62, 0x6c, 0x65, 0x4d, 0x65,
  0x74, 0x68, 0x6f, 0x64, 0x41, 0x00, 0x43, 0x61, 0x6c, 0x6c, 0x4e, 0x6f,
  0x6e, 0x76, 0x69, 0x72, 0x74, 0x75, 0x61, 0x6c, 0x56, 0x6f, 0x69, 0x64,
  0x4d, 0x65, 0x74, 0x68, 0x6f, 0x64, 0x56, 0x00, 0x47, 0x65, 0x74, 0x46,
  0x6c, 0x6f, 0x61, 0x74, 0x41, 0x72, 0x72, 0x61, 0x79, 0x52, 0x65, 0x67,
  0x69, 0x6f, 0x6e, 0x00, 0x44, 0x65, 0x73, 0x74, 0x72, 0x6f, 0x79, 0x4a,
  0x61, 0x76, 0x61, 0x56, 0x4d, 0x00, 0x72, 0x65, 0x73, 0x75, 0x6c, 0x74,
  0x00, 0x74, 0x69, 0x6d, 0x65, 0x76, 0x61, 0x6c, 0x00, 0x61, 0x64, 0x64,
  0x72, 0x00, 0x72, 0x65, 0x61, 0x64, 0x5f, 0x66, 0x64, 0x73, 0x00, 0x67,
  0x5f, 0x73, 0x65, 0x72, 0x76, 0x65, 0x72, 0x5f, 0x63, 0x74, 0x78, 0x00,
  0x74, 0x63, 0x70, 0x5f, 0x70, 0x6f, 0x72, 0x74, 0x00, 0x53, 0x45, 0x52,
  0x56, 0x45, 0x52, 0x5f, 0x53, 0x54, 0x41, 0x54, 0x45, 0x5f, 0x53, 0x54,
  0x41, 0x52, 0x54, 0x45, 0x44, 0x00, 0x6e, 0x00, 0x73, 0x65, 0x72, 0x76,
  0x65, 0x72, 0x5f, 0x74, 0x68, 0x72, 0x65, 0x61, 0x64, 0x5f, 0x66, 0x75,
  0x6e, 0x63, 0x00, 0x4a, 0x61, 0x76, 0x61, 0x5f, 0x63, 0x6f, 0x6d, 0x5f,
  0x67, 0x69, 0x74, 0x68, 0x75, 0x62, 0x5f, 0x6b, 0x69, 0x72, 0x65, 0x72,
  0x5f, 0x73, 0x65, 0x72, 0x76, 0x65, 0x72, 0x5f, 0x53, 0x65, 0x72, 0x76,
  0x65, 0x72, 0x5f, 0x73, 0x74, 0x6f, 0x70, 0x00, 0x54, 0x68, 0x72, 0x6f,
  0x77, 0x00, 0x44, 0x65, 0x6c, 0x65, 0x74, 0x65, 0x47, 0x6c, 0x6f, 0x62,
  0x61, 0x6c, 0x52, 0x65, 0x66, 0x00, 0x41, 0x6c, 0x6c, 0x6f, 0x63, 0x4f,
  0x62, 0x6a, 0x65, 0x63, 0x74, 0x00, 0x43, 0x61, 0x6c, 0x6c, 0x4e, 0x6f,
  0x6e, 0x76, 0x69, 0x72, 0x74, 0x75, 0x61, 0x6c, 0x42, 0x6f, 0x6f, 0x6c,
  0x65, 0x61, 0x6e, 0x4d, 0x65, 0x74, 0x68, 0x6f, 0x64, 0x41, 0x00, 0x47,
  0x65, 0x74, 0x4f, 0x62, 0x6a, 0x65, 0x63, 0x74, 0x46, 0x69, 0x65, 0x6c,
  0x64, 0x00, 0x43, 0x61, 0x6c, 0x6c, 0x53, 0x74, 0x61, 0x74, 0x69, 0x63,
  0x42, 0x6f, 0x6f, 0x6c, 0x65, 0x61, 0x6e, 0x4d, 0x65, 0x74, 0x68, 0x6f,
  0x64, 0x41, 0x00, 0x73, 0x69, 0x67, 0x6e, 0x61, 0x74, 0x75, 0x72, 0x65,
  0x00, 0x76, 0x61, 0x00, 0x73, 0x65, 0x6e, 0x74, 0x00, 0x74, 0x63, 0x70,
  0x5f, 0x73, 0x65, 0x72, 0x76, 0x65, 0x72, 0x5f, 0x61, 0x63, 0x63, 0x65,
  0x70, 0x74, 0x5f, 0x63, 0x6c, 0x69, 0x65, 0x6e, 0x74, 0x73, 0x00, 0x6f,
  0x70, 0x65, 0x6e, 0x00, 0x5f, 0x5a, 0x4c, 0x34, 0x6f, 0x70, 0x65, 0x6e,
  0x50, 0x4b, 0x63, 0x55, 0x31, 0x37, 0x70, 0x61, 0x73, 0x73, 0x5f, 0x6f,
  0x62, 0x6a, 0x65, 0x63, 0x74, 0x5f, 0x73, 0x69, 0x7a, 0x65, 0x31, 0x69,
  0x00, 0x74, 0x73, 0x00, 0x6c, 0x65, 0x76, 0x65, 0x6c, 0x00, 0x73, 0x65,
  0x72, 0x76, 0x65, 0x72, 0x5f, 0x73, 0x74, 0x6f, 0x70, 0x00, 0x6f, 0x70,
  0x73, 0x00, 0x4a, 0x4e, 0x49, 0x57, 0x65, 0x61, 0x6b, 0x47, 0x6c, 0x6f,
  0x62, 0x61, 0x6c, 0x52, 0x65, 0x66, 0x54, 0x79, 0x70, 0x65, 0x00, 0x4a,
  0x61, 0x76, 0x61, 0x5f, 0x63, 0x6f, 0x6d, 0x5f, 0x67, 0x69, 0x74, 0x68,
  0x75, 0x62, 0x5f, 0x6b, 0x69, 0x72, 0x65, 0x72, 0x5f, 0x73, 0x65, 0x72,
  0x76, 0x65, 0x72, 0x5f, 0x53, 0x65, 0x72, 0x76, 0x65, 0x72, 0x5f, 0x69,
  0x6e, 0x69, 0x74, 0x69, 0x61, 0x6c, 0x69, 0x7a, 0x65, 0x57, 0x69, 0x74,
  0x68, 0x50, 0x61, 0x72, 0x61, 0x6d, 0x73, 0x00, 0x6a, 0x69, 0x6e, 0x74,
  0x00, 0x6a, 0x76, 0x61, 0x6c, 0x75, 0x65, 0x00, 0x49, 0x73, 0x49, 0x6e,
  0x73, 0x74, 0x61, 0x6e, 0x63, 0x65, 0x4f, 0x66, 0x00, 0x43, 0x61, 0x6c,
  0x6c, 0x4e, 0x6f, 0x6e, 0x76, 0x69, 0x72, 0x74, 0x75, 0x61, 0x6c, 0x42,
  0x79, 0x74, 0x65, 0x4d, 0x65, 0x74, 0x68, 0x6f, 0x64, 0x41, 0x00, 0x43,
  0x61, 0x6c, 0x6c, 0x53, 0x74, 0x61, 0x74, 0x69, 0x63, 0x44, 0x6f, 0x75,
  0x62, 0x6c, 0x65, 0x4d, 0x65, 0x74, 0x68, 0x6f, 0x64, 0x56, 0x00, 0x47,
  0x65, 0x74, 0x42, 0x6f, 0x6f, 0x6c, 0x65, 0x61, 0x6e, 0x41, 0x72, 0x72,
  0x61, 0x79, 0x52, 0x65, 0x67, 0x69, 0x6f, 0x6e, 0x00, 0x73, 0x68, 0x6d,
  0x5f, 0x73, 0x65, 0x72, 0x76, 0x65, 0x72, 0x5f, 0x63, 0x6c, 0x65, 0x61,
  0x6e, 0x75, 0x70, 0x00, 0x69, 0x6e, 0x5f, 0x61, 0x64, 0x64, 0x72, 0x00,
  0x5f, 0x5f, 0x6f, 0x70, 0x65, 0x6e, 0x5f, 0x72, 0x65, 0x61, 0x6c, 0x00,
  0x41, 0x6e, 0x64, 0x72, 0x6f, 0x69, 0x64, 0x20, 0x28, 0x31, 0x33, 0x30,
  0x36, 0x35, 0x32, 0x37, 0x34, 0x2c, 0x20, 0x2b, 0x70, 0x67, 0x6f, 0x2c,
  0x20, 0x2d, 0x62, 0x6f, 0x6c, 0x74, 0x2c, 0x20, 0x2b, 0x6c, 0x74, 0x6f,
  0x2c, 0x20, 0x2d, 0x6d, 0x6c, 0x67, 0x6f, 0x2c, 0x20, 0x62, 0x61, 0x73,
  0x65, 0x64, 0x20, 0x6f, 0x6e, 0x20, 0x72, 0x35, 0x34, 0x37, 0x33, 0x37,
  0x39, 0x29, 0x20, 0x63, 0x6c, 0x61, 0x6e, 0x67, 0x20, 0x76, 0x65, 0x72,
  0x73, 0x69, 0x6f, 0x6e, 0x20, 0x32, 0x30, 0x2e, 0x30, 0x2e, 0x30, 0x20,
  0x28, 0x68, 0x74, 0x74, 0x70, 0x73, 0x3a, 0x2f, 0x2f, 0x61, 0x6e, 0x64,
  0x72, 0x6f, 0x69, 0x64, 0x2e, 0x67, 0x6f, 0x6f, 0x67, 0x6c, 0x65, 0x73,
  0x6f, 0x75, 0x72, 0x63, 0x65, 0x2e, 0x63, 0x6f, 0x6d, 0x2f, 0x74, 0x6f,
  0x6f, 0x6c, 0x63, 0x68, 0x61, 0x69, 0x6e, 0x2f, 0x6c, 0x6c, 0x76, 0x6d,
  0x2d, 0x70, 0x72, 0x6f, 0x6a, 0x65, 0x63, 0x74, 0x20, 0x62, 0x37, 0x31,
  0x38, 0x62, 0x63, 0x61, 0x66, 0x38, 0x63, 0x31, 0x39, 0x38, 0x63, 0x38,
  0x32, 0x66, 0x33, 0x30, 0x32, 0x31, 0x34, 0x34, 0x37, 0x64, 0x39, 0x34,
  0x33, 0x34, 0x30, 0x31, 0x65, 0x33, 0x61, 0x62, 0x35, 0x62, 0x64, 0x35,
  0x34, 0x29, 0x00, 0x53, 0x45, 0x52, 0x56, 0x45, 0x52, 0x5f, 0x53, 0x54,
  0x41, 0x54, 0x45, 0x5f, 0x53, 0x54, 0x4f, 0x50, 0x50, 0x45, 0x44, 0x00,
  0x74, 0x68, 0x72, 0x65, 0x61, 0x64, 0x5f, 0x72, 0x75, 0x6e, 0x6e, 0x69,
  0x6e, 0x67, 0x00, 0x69, 0x6e, 0x69, 0x74, 0x69, 0x61, 0x6c, 0x69, 0x7a,
  0x65, 0x00, 0x6c, 0x6f, 0x67, 0x5f, 0x70, 0x72, 0x69, 0x6e, 0x74, 0x00,
  0x4a, 0x4e, 0x49, 0x47, 0x6c, 0x6f, 0x62, 0x61, 0x6c, 0x52, 0x65, 0x66,
  0x54, 0x79, 0x70, 0x65, 0x00, 0x72, 0x65, 0x73, 0x65, 0x72, 0x76, 0x65,
  0x64, 0x30, 0x00, 0x44, 0x65, 0x66, 0x69, 0x6e, 0x65, 0x43, 0x6c, 0x61,
  0x73, 0x73, 0x00, 0x6a, 0x73, 0x69, 0x7a, 0x65, 0x00, 0x50, 0x6f, 0x70,
  0x4c, 0x6f, 0x63, 0x61, 0x6c, 0x46, 0x72, 0x61, 0x6d, 0x65, 0x00, 0x43,
  0x61, 0x6c, 0x6c, 0x4f, 0x62, 0x6a, 0x65, 0x63, 0x74, 0x4d, 0x65, 0x74,
  0x68, 0x6f, 0x64, 0x56, 0x00, 0x43, 0x61, 0x6c, 0x6c, 0x4c, 0x6f, 0x6e,
  0x67, 0x4d, 0x65, 0x74, 0x68, 0x6f, 0x64, 0x56, 0x00, 0x43, 0x61, 0x6c,
  0x6c, 0x4e, 0x6f, 0x6e, 0x76, 0x69, 0x72, 0x74, 0x75, 0x61, 0x6c, 0x42,
  0x79, 0x74, 0x65, 0x4d, 0x65, 0x74, 0x68, 0x6f, 0x64, 0x00, 0x43, 0x61,
  0x6c, 0x6c, 0x4e, 0x6f, 0x6e, 0x76, 0x69, 0x72, 0x74, 0x75, 0x61, 0x6c,
  0x56, 0x6f, 0x69, 0x64, 0x4d, 0x65, 0x74, 0x68, 0x6f, 0x64, 0x41, 0x00,
  0x47, 0x65, 0x74, 0x44, 0x6f, 0x75, 0x62, 0x6c, 0x65, 0x46, 0x69, 0x65,
  0x6c, 0x64, 0x00, 0x47, 0x65, 0x74, 0x53, 0x74, 0x61, 0x74, 0x69, 0x63,
  0x42, 0x79, 0x74, 0x65, 0x46, 0x69, 0x65, 0x6c, 0x64, 0x00, 0x47, 0x65,
  0x74, 0x53, 0x74, 0x61, 0x74, 0x69, 0x63, 0x44, 0x6f, 0x75, 0x62, 0x6c,
  0x65, 0x46, 0x69, 0x65, 0x6c, 0x64, 0x00, 0x47, 0x65, 0x74, 0x42, 0x6f,
  0x6f, 0x6c, 0x65, 0x61, 0x6e, 0x41, 0x72, 0x72, 0x61, 0x79, 0x45, 0x6c,
  0x65, 0x6d, 0x65, 0x6e, 0x74, 0x73, 0x00, 0x73, 0x61, 0x5f, 0x66, 0x61,
  0x6d, 0x69, 0x6c, 0x79, 0x00, 0x73, 0x6f, 0x63, 0x6b, 0x6c, 0x65, 0x6e,
  0x5f, 0x74, 0x00, 0x5f, 0x5f, 0x6b, 0x65, 0x72, 0x6e, 0x65, 0x6c, 0x5f,
  0x6f, 0x6c, 0x64, 0x5f, 0x74, 0x69, 0x6d, 0x65, 0x5f, 0x74, 0x00, 0x62,
  0x75, 0x66, 0x00, 0x75, 0x6e, 0x69, 0x78, 0x5f, 0x73, 0x65, 0x72, 0x76,
  0x65, 0x72, 0x5f, 0x73, 0x74, 0x6f, 0x70, 0x00, 0x67, 0x5f, 0x61, 0x73,
  0x6d, 0x5f, 0x62, 0x61, 0x73, 0x65, 0x00, 0x73, 0x69, 0x7a, 0x65, 0x5f,
  0x74, 0x00, 0x73, 0x65, 0x72, 0x76, 0x65, 0x72, 0x5f, 0x6f, 0x70, 0x73,
  0x5f, 0x74, 0x00, 0x73, 0x63, 0x68, 0x65, 0x64, 0x5f, 0x70, 0x6f, 0x6c,
  0x69, 0x63, 0x79, 0x00, 0x61, 0x72, 0x67, 0x00, 0x50, 0x75, 0x73, 0x68,
  0x4c, 0x6f, 0x63, 0x61, 0x6c, 0x46, 0x72, 0x61, 0x6d, 0x65, 0x00, 0x6a,
  0x64, 0x6f, 0x75, 0x62, 0x6c, 0x65, 0x00, 0x53, 0x65, 0x74, 0x43, 0x68,
  0x61, 0x72, 0x46, 0x69, 0x65, 0x6c, 0x64, 0x00, 0x43, 0x61, 0x6c, 0x6c,
  0x53, 0x74, 0x61, 0x74, 0x69, 0x63, 0x42, 0x79, 0x74, 0x65, 0x4d, 0x65,
  0x74, 0x68, 0x6f, 0x64, 0x41, 0x00, 0x43, 0x61, 0x6c, 0x6c, 0x53, 0x74,
  0x61, 0x74, 0x69, 0x63, 0x49, 0x6e, 0x74, 0x4d, 0x65, 0x74, 0x68, 0x6f,
  0x64, 0x41, 0x00, 0x43, 0x61, 0x6c, 0x6c, 0x53, 0x74, 0x61, 0x74, 0x69,
  0x63, 0x44, 0x6f, 0x75, 0x62, 0x6c, 0x65, 0x4d, 0x65, 0x74, 0x68, 0x6f,
  0x64, 0x00, 0x53, 0x65, 0x74, 0x53, 0x74, 0x61, 0x74, 0x69, 0x63, 0x44,
  0x6f, 0x75, 0x62, 0x6c, 0x65, 0x46, 0x69, 0x65, 0x6c, 0x64, 0x00, 0x47,
  0x65, 0x74, 0x4c, 0x6f, 0x6e, 0x67, 0x41, 0x72, 0x72, 0x61, 0x79, 0x45,
  0x6c, 0x65, 0x6d, 0x65, 0x6e, 0x74, 0x73, 0x00, 0x53, 0x65, 0x74, 0x42,
  0x6f, 0x6f, 0x6c, 0x65, 0x61, 0x6e, 0x41, 0x72, 0x72, 0x61, 0x79, 0x52,
  0x65, 0x67, 0x69, 0x6f, 0x6e, 0x00, 0x74, 0x63, 0x70, 0x5f, 0x68, 0x6f,
  0x73, 0x74, 0x5f, 0x73, 0x74, 0x72, 0x00, 0x75, 0x6e, 0x6c, 0x69, 0x6e,
  0x6b, 0x00, 0x61, 0x64, 0x64, 0x72, 0x5f, 0x6c, 0x65, 0x6e, 0x00, 0x64,
  0x61, 0x74, 0x61, 0x5f, 0x6c, 0x65, 0x6e, 0x67, 0x74, 0x68, 0x00, 0x2f,
  0x55, 0x73, 0x65, 0x72, 0x73, 0x2f, 0x6b, 0x69, 0x72, 0x65, 0x72, 0x2f,
  0x70, 0x72, 0x6f, 0x6a, 0x65, 0x63, 0x74, 0x73, 0x2f, 0x61, 0x6e, 0x64,
  0x72, 0x6f, 0x69, 0x64, 0x2f, 0x4b, 0x53, 0x65, 0x72, 0x76, 0x65, 0x72,
  0x2f, 0x73, 0x65, 0x72, 0x76, 0x65, 0x72, 0x2d, 0x6b, 0x2f, 0x73, 0x72,
  0x63, 0x2f, 0x6d, 0x61, 0x69, 0x6e, 0x2f, 0x63, 0x70, 0x70, 0x2f, 0x63,
  0x6f, 0x6d, 0x6d, 0x6f, 0x6e, 0x2f, 0x61, 0x73, 0x68, 0x6d, 0x65, 0x6d,
  0x2e, 0x63, 0x00, 0x73, 0x65, 0x72, 0x76, 0x65, 0x72, 0x5f, 0x6d, 0x6f,
  0x64, 0x65, 0x5f, 0x74, 0x00, 0x73, 0x74, 0x61, 0x74, 0x65, 0x00, 0x53,
  0x45, 0x52, 0x56, 0x45, 0x52, 0x5f, 0x53, 0x54, 0x41, 0x54, 0x45, 0x5f,
  0x49, 0x4e, 0x49, 0x54, 0x49, 0x41, 0x4c, 0x49, 0x5a, 0x45, 0x44, 0x00,
  0x73, 0x65, 0x72, 0x76, 0x65, 0x72, 0x5f, 0x73, 0x74, 0x61, 0x74, 0x65,
  0x5f, 0x74, 0x00, 0x73, 0x68, 0x6d, 0x5f, 0x66, 0x64, 0x00, 0x73, 0x65,
  0x72, 0x76, 0x65, 0x72, 0x5f, 0x66, 0x64, 0x00, 0x73, 0x65, 0x72, 0x76,
  0x65, 0x72, 0x5f, 0x63, 0x6f, 0x6e, 0x74, 0x65, 0x78, 0x74, 0x5f, 0x74,
  0x00, 0x4c, 0x4f, 0x47, 0x5f, 0x4c, 0x45, 0x56, 0x45, 0x4c, 0x5f, 0x57,
  0x41, 0x52, 0x4e, 0x00, 0x5f, 0x5f, 0x75, 0x69, 0x6e, 0x74, 0x33, 0x32,
  0x5f, 0x74, 0x00, 0x63, 0x00, 0x6a, 0x62, 0x79, 0x74, 0x65, 0x00, 0x46,
  0x61, 0x74, 0x61, 0x6c, 0x45, 0x72, 0x72, 0x6f, 0x72, 0x00, 0x4e, 0x65,
  0x77, 0x47, 0x6c, 0x6f, 0x62, 0x61, 0x6c, 0x52, 0x65, 0x66, 0x00, 0x62,
  0x00, 0x43, 0x61, 0x6c, 0x6c, 0x4f, 0x62, 0x6a, 0x65, 0x63, 0x74, 0x4d,
  0x65, 0x74, 0x68, 0x6f, 0x64, 0x41, 0x00, 0x43, 0x61, 0x6c, 0x6c, 0x43,
  0x68, 0x61, 0x72, 0x4d, 0x65, 0x74, 0x68, 0x6f, 0x64, 0x41, 0x00, 0x43,
  0x61, 0x6c, 0x6c, 0x49, 0x6e, 0x74, 0x4d, 0x65, 0x74, 0x68, 0x6f, 0x64,
  0x56, 0x00, 0x43, 0x61, 0x6c, 0x6c, 0x4e, 0x6f, 0x6e, 0x76, 0x69, 0x72,
  0x74, 0x75, 0x61, 0x6c, 0x43, 0x68, 0x61, 0x72, 0x4d, 0x65, 0x74, 0x68,
  0x6f, 0x64, 0x56, 0x00, 0x43, 0x61, 0x6c, 0x6c, 0x4e, 0x6f, 0x6e, 0x76,
  0x69, 0x72, 0x74, 0x75, 0x61, 0x6c, 0x43, 0x68, 0x61, 0x72, 0x4d, 0x65,
  0x74, 0x68, 0x6f, 0x64, 0x41, 0x00, 0x47, 0x65, 0x74, 0x4c, 0x6f, 0x6e,
  0x67, 0x46, 0x69, 0x65, 0x6c, 0x64, 0x00, 0x4e, 0x65, 0x77, 0x53, 0x74,
  0x72, 0x69, 0x6e, 0x67, 0x00, 0x47, 0x65, 0x74, 0x53, 0x74, 0x72, 0x69,
  0x6e, 0x67, 0x55, 0x54, 0x46, 0x4c, 0x65, 0x6e, 0x67, 0x74, 0x68, 0x00,
  0x52, 0x65, 0x6c, 0x65, 0x61, 0x73, 0x65, 0x46, 0x6c, 0x6f, 0x61, 0x74,
  0x41, 0x72, 0x72, 0x61, 0x79, 0x45, 0x6c, 0x65, 0x6d, 0x65, 0x6e, 0x74,
  0x73, 0x00, 0x47, 0x65, 0x74, 0x42, 0x79, 0x74, 0x65, 0x41, 0x72, 0x72,
  0x61, 0x79, 0x52, 0x65, 0x67, 0x69, 0x6f, 0x6e, 0x00, 0x73, 0x6e, 0x70,
  0x72, 0x69, 0x6e, 0x74, 0x66, 0x00, 0x74, 0x63, 0x70, 0x5f, 0x73, 0x65,
  0x72, 0x76, 0x65, 0x72, 0x5f, 0x73, 0x65, 0x6e, 0x64, 0x5f, 0x74, 0x6f,
  0x5f, 0x63, 0x6c, 0x69, 0x65, 0x6e, 0x74, 0x73, 0x00, 0x73, 0x6f, 0x63,
  0x6b, 0x61, 0x64, 0x64, 0x72, 0x5f, 0x69, 0x6e, 0x00, 0x67, 0x5f, 0x61,
  0x73, 0x6d, 0x5f, 0x66, 0x64, 0x00, 0x67, 0x5f, 0x61, 0x73, 0x6d, 0x5f,
  0x64, 0x61, 0x74, 0x61, 0x5f, 0x70, 0x74, 0x72, 0x00, 0x6d, 0x65, 0x6d,
  0x63, 0x70, 0x79, 0x00, 0x5f, 0x5f, 0x61, 0x6e, 0x64, 0x72, 0x6f, 0x69,
  0x64, 0x5f, 0x6c, 0x6f, 0x67, 0x5f, 0x76, 0x70, 0x72, 0x69, 0x6e, 0x74,
  0x00, 0x63, 0x6c, 0x69, 0x65, 0x6e, 0x74, 0x5f, 0x63, 0x6f, 0x75, 0x6e,
  0x74, 0x00, 0x70, 0x74, 0x68, 0x72, 0x65, 0x61, 0x64, 0x5f, 0x6d, 0x75,
  0x74, 0x65, 0x78, 0x5f, 0x6c, 0x6f, 0x63, 0x6b, 0x00, 0x73, 0x00, 0x63,
  0x6c, 0x65, 0x61, 0x6e, 0x75, 0x70, 0x5f, 0x73, 0x65, 0x72, 0x76, 0x65,
  0x72, 0x5f, 0x72, 0x65, 0x73, 0x6f, 0x75, 0x72, 0x63, 0x65, 0x73, 0x00,
  0x43, 0x61, 0x6c, 0x6c, 0x46, 0x6c, 0x6f, 0x61, 0x74, 0x4d, 0x65, 0x74,
  0x68, 0x6f, 0x64, 0x41, 0x00, 0x43, 0x61, 0x6c, 0x6c, 0x4e, 0x6f, 0x6e,
  0x76, 0x69, 0x72, 0x74, 0x75, 0x61, 0x6c, 0x42, 0x6f, 0x6f, 0x6c, 0x65,
  0x61, 0x6e, 0x4d, 0x65, 0x74, 0x68, 0x6f, 0x64, 0x56, 0x00, 0x4e, 0x65,
  0x77, 0x53, 0x68, 0x6f, 0x72, 0x74, 0x41, 0x72, 0x72, 0x61, 0x79, 0x00,
  0x4e, 0x65, 0x77, 0x46, 0x6c, 0x6f, 0x61, 0x74, 0x41, 0x72, 0x72, 0x61,
  0x79, 0x00, 0x47, 0x65, 0x74, 0x49, 0x6e, 0x74, 0x41, 0x72, 0x72, 0x61,
  0x79, 0x45, 0x6c, 0x65, 0x6d, 0x65, 0x6e, 0x74, 0x73, 0x00, 0x47, 0x65,
  0x74, 0x46, 0x6c, 0x6f, 0x61, 0x74, 0x41, 0x72, 0x72, 0x61, 0x79, 0x45,
  0x6c, 0x65, 0x6d, 0x65, 0x6e, 0x74, 0x73, 0x00, 0x4d, 0x6f, 0x6e, 0x69,
  0x74, 0x6f, 0x72, 0x45, 0x78, 0x69, 0x74, 0x00, 0x4a, 0x4e, 0x49, 0x49,
  0x6e, 0x76, 0x6f, 0x6b, 0x65, 0x49, 0x6e, 0x74, 0x65, 0x72, 0x66, 0x61,
  0x63, 0x65, 0x00, 0x47, 0x65, 0x74, 0x53, 0x74, 0x72, 0x69, 0x6e, 0x67,
  0x43, 0x72, 0x69, 0x74, 0x69, 0x63, 0x61, 0x6c, 0x00, 0x44, 0x65, 0x6c,
  0x65, 0x74, 0x65, 0x57, 0x65, 0x61, 0x6b, 0x47, 0x6c, 0x6f, 0x62, 0x61,
  0x6c, 0x52, 0x65, 0x66, 0x00, 0x2f, 0x55, 0x73, 0x65, 0x72, 0x73, 0x2f,
  0x6b, 0x69, 0x72, 0x65, 0x72, 0x2f, 0x70, 0x72, 0x6f, 0x6a, 0x65, 0x63,
  0x74, 0x73, 0x2f, 0x61, 0x6e, 0x64, 0x72, 0x6f, 0x69, 0x64, 0x2f, 0x4b,
  0x53, 0x65, 0x72, 0x76, 0x65, 0x72, 0x2f, 0x73, 0x65, 0x72, 0x76, 0x65,
  0x72, 0x2d, 0x6b, 0x2f, 0x73, 0x72, 0x63, 0x2f, 0x6d, 0x61, 0x69, 0x6e,
  0x2f, 0x63, 0x70, 0x70, 0x2f, 0x73, 0x65, 0x72, 0x76, 0x65, 0x72, 0x2f,
  0x74, 0x72, 0x61, 0x6e, 0x73, 0x70, 0x6f, 0x72, 0x74, 0x2f, 0x73, 0x65,
  0x72, 0x76, 0x65, 0x72, 0x5f, 0x75, 0x6e, 0x69, 0x78, 0x2e, 0x63, 0x00,
  0x66, 0x64, 0x5f, 0x73, 0x65, 0x74, 0x00, 0x74, 0x6f, 0x74, 0x61, 0x6c,
  0x5f, 0x73, 0x69, 0x7a, 0x65, 0x00, 0x4c, 0x4f, 0x47, 0x5f, 0x4c, 0x45,
  0x56, 0x45, 0x4c, 0x5f, 0x49, 0x4e, 0x46, 0x4f, 0x00, 0x6c, 0x6f, 0x67,
  0x5f, 0x6c, 0x65, 0x76, 0x65, 0x6c, 0x5f, 0x74, 0x00, 0x6a, 0x6f, 0x62,
  0x6a, 0x65, 0x63, 0x74, 0x00, 0x46, 0x72, 0x6f, 0x6d, 0x52, 0x65, 0x66,
  0x6c, 0x65, 0x63, 0x74, 0x65, 0x64, 0x46, 0x69, 0x65, 0x6c, 0x64, 0x00,
  0x4e, 0x65, 0x77, 0x4f, 0x62, 0x6a, 0x65, 0x63, 0x74, 0x00, 0x43, 0x61,
  0x6c, 0x6c, 0x4e, 0x6f, 0x6e, 0x76, 0x69, 0x72, 0x74, 0x75, 0x61, 0x6c,
  0x42, 0x79, 0x74, 0x65, 0x4d, 0x65, 0x74, 0x68, 0x6f, 0x64, 0x56, 0x00,
  0x43, 0x61, 0x6c, 0x6c, 0x53, 0x74, 0x61, 0x74, 0x69, 0x63, 0x4f, 0x62,
  0x6a, 0x65, 0x63, 0x74, 0x4d, 0x65, 0x74, 0x68, 0x6f, 0x64, 0x56, 0x00,
  0x43, 0x61, 0x6c, 0x6c, 0x53, 0x74, 0x61, 0x74, 0x69, 0x63, 0x4c, 0x6f,
  0x6e, 0x67, 0x4d, 0x65, 0x74, 0x68, 0x6f, 0x64, 0x56, 0x00, 0x53, 0x65,
  0x74, 0x53, 0x74, 0x61, 0x74, 0x69, 0x63, 0x49, 0x6e, 0x74, 0x46, 0x69,
  0x65, 0x6c, 0x64, 0x00, 0x52, 0x65, 0x6c, 0x65, 0x61, 0x73, 0x65, 0x50,
  0x72, 0x69, 0x6d, 0x69, 0x74, 0x69, 0x76, 0x65, 0x41, 0x72, 0x72, 0x61,
  0x79, 0x43, 0x72, 0x69, 0x74, 0x69, 0x63, 0x61, 0x6c, 0x00, 0x5f, 0x5f,
  0x6b, 0x65, 0x72, 0x6e, 0x65, 0x6c, 0x5f, 0x73, 0x75, 0x73, 0x65, 0x63,
  0x6f, 0x6e, 0x64, 0x73, 0x5f, 0x74, 0x00, 0x6d, 0x6d, 0x61, 0x70, 0x00,
  0x70, 0x74, 0x68, 0x72, 0x65, 0x61, 0x64, 0x5f, 0x74, 0x00, 0x73, 0x74,
  0x72, 0x63, 0x70, 0x79, 0x00, 0x70, 0x74, 0x68, 0x72, 0x65, 0x61, 0x64,
  0x5f, 0x61, 0x74, 0x74, 0x72, 0x5f, 0x74, 0x00, 0x73, 0x65, 0x72, 0x76,
  0x65, 0x72, 0x5f, 0x69, 0x6e, 0x69, 0x74, 0x69, 0x61, 0x6c, 0x69, 0x7a,
  0x65, 0x5f, 0x77, 0x69, 0x74, 0x68, 0x5f, 0x70, 0x61, 0x72, 0x61, 0x6d,
  0x73, 0x00, 0x4a, 0x4e, 0x49, 0x4c, 0x6f, 0x63, 0x61, 0x6c, 0x52, 0x65,
  0x66, 0x54, 0x79, 0x70, 0x65, 0x00, 0x6c, 0x00, 0x47, 0x65, 0x74, 0x53,
  0x74, 0x72, 0x69, 0x6e, 0x67, 0x43, 0x68, 0x61, 0x72, 0x73, 0x00, 0x47,
  0x65, 0x74, 0x42, 0x79, 0x74, 0x65, 0x41, 0x72, 0x72, 0x61, 0x79, 0x45,
  0x6c, 0x65, 0x6d, 0x65, 0x6e, 0x74, 0x73, 0x00, 0x41, 0x74, 0x74, 0x61,
  0x63, 0x68, 0x43, 0x75, 0x72, 0x72, 0x65, 0x6e, 0x74, 0x54, 0x68, 0x72,
  0x65, 0x61, 0x64, 0x41, 0x73, 0x44, 0x61, 0x65, 0x6d, 0x6f, 0x6e, 0x00,
  0x4e, 0x65, 0x77, 0x57, 0x65, 0x61, 0x6b, 0x47, 0x6c, 0x6f, 0x62, 0x61,
  0x6c, 0x52, 0x65, 0x66, 0x00, 0x63, 0x6c, 0x61, 0x7a, 0x7a, 0x00, 0x73,
  0x68, 0x6d, 0x5f, 0x73, 0x65, 0x72, 0x76, 0x65, 0x72, 0x5f, 0x6f, 0x70,
  0x73, 0x00, 0x73, 0x61, 0x5f, 0x66, 0x61, 0x6d, 0x69, 0x6c, 0x79, 0x5f,
  0x74, 0x00, 0x73, 0x6f, 0x63, 0x6b, 0x61, 0x64, 0x64, 0x72, 0x00, 0x5f,
  0x5f, 0x6b, 0x65, 0x72, 0x6e, 0x65, 0x6c, 0x5f, 0x73, 0x73, 0x69, 0x7a,
  0x65, 0x5f, 0x74, 0x00, 0x63, 0x6c, 0x6f, 0x73, 0x65, 0x00, 0x66, 0x64,
  0x00, 0x73, 0x65, 0x6e, 0x64, 0x00, 0x73, 0x6f, 0x63, 0x6b, 0x65, 0x74,
  0x5f, 0x70, 0x61, 0x74, 0x68, 0x00, 0x64, 0x65, 0x73, 0x74, 0x00, 0x73,
  0x5f, 0x61, 0x64, 0x64, 0x72, 0x00, 0x5f, 0x5f, 0x70, 0x61, 0x64, 0x00,
  0x63, 0x6c, 0x69, 0x65, 0x6e, 0x74, 0x5f, 0x69, 0x70, 0x00, 0x62, 0x61,
  0x73, 0x65, 0x00, 0x63, 0x75, 0x72, 0x72, 0x65, 0x6e, 0x74, 0x5f, 0x74,
  0x73, 0x00, 0x6d, 0x65, 0x6d, 0x6f, 0x72, 0x79, 0x5f, 0x73, 0x69, 0x7a,
  0x65, 0x00, 0x46, 0x69, 0x6e, 0x64, 0x43, 0x6c, 0x61, 0x73, 0x73, 0x00,
  0x73, 0x68, 0x6f, 0x72, 0x74, 0x00, 0x43, 0x61, 0x6c, 0x6c, 0x42, 0x79,
  0x74, 0x65, 0x4d, 0x65, 0x74, 0x68, 0x6f, 0x64, 0x00, 0x43, 0x61, 0x6c,
  0x6c, 0x53, 0x74, 0x61, 0x74, 0x69, 0x63, 0x43, 0x68, 0x61, 0x72, 0x4d,
  0x65, 0x74, 0x68, 0x6f, 0x64, 0x00, 0x43, 0x61, 0x6c, 0x6c, 0x53, 0x74,
  0x61, 0x74, 0x69, 0x63, 0x46, 0x6c, 0x6f, 0x61, 0x74, 0x4d, 0x65, 0x74,
  0x68, 0x6f, 0x64, 0x41, 0x00, 0x47, 0x65, 0x74, 0x53, 0x74, 0x72, 0x69,
  0x6e, 0x67, 0x55, 0x54, 0x46, 0x43, 0x68, 0x61, 0x72, 0x73, 0x00, 0x4d,
  0x6f, 0x6e, 0x69, 0x74, 0x6f, 0x72, 0x45, 0x6e, 0x74, 0x65, 0x72, 0x00,
  0x73, 0x74, 0x72, 0x6c, 0x65, 0x6e, 0x00, 0x6c, 0x69, 0x73, 0x74, 0x65,
  0x6e, 0x00, 0x63, 0x6c, 0x69, 0x65, 0x6e, 0x74, 0x5f, 0x69, 0x6e, 0x64,
  0x65, 0x78, 0x00, 0x5f, 0x5f, 0x62, 0x65, 0x31, 0x36, 0x00, 0x63, 0x6c,
  0x69, 0x65, 0x6e, 0x74, 0x5f, 0x6c, 0x65, 0x6e, 0x00, 0x6f, 0x66, 0x66,
  0x5f, 0x74, 0x00, 0x70, 0x61, 0x74, 0x68, 0x6e, 0x61, 0x6d, 0x65, 0x00,
  0x5f, 0x5f, 0x6b, 0x65, 0x72, 0x6e, 0x65, 0x6c, 0x5f, 0x6d, 0x6f, 0x64,
  0x65, 0x5f, 0x74, 0x00, 0x73, 0x74, 0x61, 0x74, 0x65, 0x5f, 0x6d, 0x75,
  0x74, 0x65, 0x78, 0x00, 0x4c, 0x4f, 0x47, 0x5f, 0x4c, 0x45, 0x56, 0x45,
  0x4c, 0x5f, 0x45, 0x52, 0x52, 0x4f, 0x52, 0x00, 0x75, 0x69, 0x6e, 0x74,
  0x33, 0x32, 0x5f, 0x74, 0x00, 0x49, 0x73, 0x53, 0x61, 0x6d, 0x65, 0x4f,
  0x62, 0x6a, 0x65, 0x63, 0x74, 0x00, 0x76, 0x61, 0x5f, 0x6c, 0x69, 0x73,
  0x74, 0x00, 0x64, 0x6f, 0x75, 0x62, 0x6c, 0x65, 0x00, 0x43, 0x61, 0x6c,
  0x6c, 0x42, 0x6f, 0x6f, 0x6c, 0x65, 0x61, 0x6e, 0x4d, 0x65, 0x74, 0x68,
  0x6f, 0x64, 0x41, 0x00, 0x43, 0x61, 0x6c, 0x6c, 0x4e, 0x6f, 0x6e, 0x76,
  0x69, 0x72, 0x74, 0x75, 0x61, 0x6c, 0x49, 0x6e, 0x74, 0x4d, 0x65, 0x74,
  0x68, 0x6f, 0x64, 0x00, 0x43, 0x61, 0x6c, 0x6c, 0x4e, 0x6f, 0x6e, 0x76,
  0x69, 0x72, 0x74, 0x75, 0x61, 0x6c, 0x49, 0x6e, 0x74, 0x4d, 0x65, 0x74,
  0x68, 0x6f, 0x64, 0x56, 0x00, 0x43, 0x61, 0x6c, 0x6c, 0x53, 0x74, 0x61,
  0x74, 0x69, 0x63, 0x49, 0x6e, 0x74, 0x4d, 0x65, 0x74, 0x68, 0x6f, 0x64,
  0x56, 0x00, 0x43, 0x61, 0x6c, 0x6c, 0x53, 0x74, 0x61, 0x74, 0x69, 0x63,
  0x56, 0x6f, 0x69, 0x64, 0x4d, 0x65, 0x74, 0x68, 0x6f, 0x64, 0x41, 0x00,
  0x52, 0x65, 0x6c, 0x65, 0x61, 0x73, 0x65, 0x43, 0x68, 0x61, 0x72, 0x41,
  0x72, 0x72, 0x61, 0x79, 0x45, 0x6c, 0x65, 0x6d, 0x65, 0x6e, 0x74, 0x73,
  0x00, 0x41, 0x74, 0x74, 0x61, 0x63, 0x68, 0x43, 0x75, 0x72, 0x72, 0x65,
  0x6e, 0x74, 0x54, 0x68, 0x72, 0x65, 0x61, 0x64, 0x00, 0x5f, 0x5f, 0x73,
  0x6f, 0x63, 0x6b, 0x6c, 0x65, 0x6e, 0x5f, 0x74, 0x00, 0x67, 0x5f, 0x61,
  0x73, 0x6d, 0x5f, 0x64, 0x61, 0x74, 0x61, 0x5f, 0x73, 0x69, 0x7a, 0x65,
  0x00, 0x61, 0x73, 0x6d, 0x5f, 0x63, 0x6f, 0x6e, 0x6e, 0x65, 0x63, 0x74,
  0x00, 0x73, 0x65, 0x72, 0x76, 0x65, 0x72, 0x5f, 0x63, 0x6f, 0x6e, 0x66,
  0x69, 0x67, 0x5f, 0x74, 0x00, 0x73, 0x72, 0x63, 0x00, 0x73, 0x63, 0x68,
  0x65, 0x64, 0x5f, 0x70, 0x72, 0x69, 0x6f, 0x72, 0x69, 0x74, 0x79, 0x00,
  0x6a, 0x63, 0x6c, 0x61, 0x73, 0x73, 0x00, 0x45, 0x78, 0x63, 0x65, 0x70,
  0x74, 0x69, 0x6f, 0x6e, 0x43, 0x6c, 0x65, 0x61, 0x72, 0x00, 0x69, 0x6e,
  0x74, 0x36, 0x34, 0x5f, 0x74, 0x00, 0x43, 0x61, 0x6c, 0x6c, 0x46, 0x6c,
  0x6f, 0x61, 0x74, 0x4d, 0x65, 0x74, 0x68, 0x6f, 0x64, 0x00, 0x6a, 0x73,
  0x74, 0x72, 0x69, 0x6e, 0x67, 0x00, 0x52, 0x65, 0x6c, 0x65, 0x61, 0x73,
  0x65, 0x49, 0x6e, 0x74, 0x41, 0x72, 0x72, 0x61, 0x79, 0x45, 0x6c, 0x65,
  0x6d, 0x65, 0x6e, 0x74, 0x73, 0x00, 0x47, 0x65, 0x74, 0x44, 0x6f, 0x75,
  0x62, 0x6c, 0x65, 0x41, 0x72, 0x72, 0x61, 0x79, 0x52, 0x65, 0x67, 0x69,
  0x6f, 0x6e, 0x00, 0x53, 0x65, 0x74, 0x42, 0x79, 0x74, 0x65, 0x41, 0x72,
  0x72, 0x61, 0x79, 0x52, 0x65, 0x67, 0x69, 0x6f, 0x6e, 0x00, 0x47, 0x65,
  0x74, 0x45, 0x6e, 0x76, 0x00, 0x4e, 0x65, 0x77, 0x44, 0x69, 0x72, 0x65,
  0x63, 0x74, 0x42, 0x79, 0x74, 0x65, 0x42, 0x75, 0x66, 0x66, 0x65, 0x72,
  0x00, 0x61, 0x73, 0x6d, 0x5f, 0x63, 0x72, 0x65, 0x61, 0x74, 0x65, 0x00,
  0x73, 0x68, 0x6d, 0x5f, 0x73, 0x65, 0x72, 0x76, 0x65, 0x72, 0x5f, 0x73,
  0x74, 0x6f, 0x70, 0x00, 0x74, 0x63, 0x70, 0x5f, 0x73, 0x65, 0x72, 0x76,
  0x65, 0x72, 0x5f, 0x63, 0x6c, 0x6f, 0x73, 0x65, 0x5f, 0x63, 0x6c, 0x69,
  0x65, 0x6e, 0x74, 0x00, 0x5f, 0x5a, 0x4c, 0x36, 0x6d, 0x65, 0x6d, 0x63,
  0x70, 0x79, 0x50, 0x76, 0x55, 0x31, 0x37, 0x70, 0x61, 0x73, 0x73, 0x5f,
  0x6f, 0x62, 0x6a, 0x65, 0x63, 0x74, 0x5f, 0x73, 0x69, 0x7a, 0x65, 0x30,
  0x50, 0x4b, 0x76, 0x6d, 0x00, 0x5f, 0x5f, 0x74, 0x69, 0x6d, 0x65, 0x5f,
  0x74, 0x00, 0x63, 0x6c, 0x6f, 0x63, 0x6b, 0x69, 0x64, 0x5f, 0x74, 0x00,
  0x75, 0x6e, 0x73, 0x69, 0x67, 0x6e, 0x65, 0x64, 0x20, 0x63, 0x68, 0x61,
  0x72, 0x00, 0x62, 0x6f, 0x73, 0x5f, 0x73, 0x72, 0x63, 0x00, 0x70, 0x74,
  0x68, 0x72, 0x65, 0x61, 0x64, 0x5f, 0x63, 0x72, 0x65, 0x61, 0x74, 0x65,
  0x00, 0x73, 0x65, 0x72, 0x76, 0x65, 0x72, 0x5f, 0x77, 0x72, 0x69, 0x74,
  0x65, 0x5f, 0x64, 0x61, 0x74, 0x61, 0x00, 0x4a, 0x61, 0x76, 0x61, 0x5f,
  0x63, 0x6f, 0x6d, 0x5f, 0x67, 0x69, 0x74, 0x68, 0x75, 0x62, 0x5f, 0x6b,
  0x69, 0x72, 0x65, 0x72, 0x5f, 0x73, 0x65, 0x72, 0x76, 0x65, 0x72, 0x5f,
  0x53, 0x65, 0x72, 0x76, 0x65, 0x72, 0x5f, 0x77, 0x72, 0x69, 0x74, 0x65,
  0x44, 0x61, 0x74, 0x61, 0x00, 0x72, 0x65, 0x73, 0x65, 0x72, 0x76, 0x65,
  0x64, 0x31, 0x00, 0x47, 0x65, 0x74, 0x56, 0x65, 0x72, 0x73, 0x69, 0x6f,
  0x6e, 0x00, 0x43, 0x61, 0x6c, 0x6c, 0x43, 0x68, 0x61, 0x72, 0x4d, 0x65,
  0x74, 0x68, 0x6f, 0x64, 0x56, 0x00, 0x43, 0x61, 0x6c, 0x6c, 0x4e, 0x6f,
  0x6e, 0x76, 0x69, 0x72, 0x74, 0x75, 0x61, 0x6c, 0x4c, 0x6f, 0x6e, 0x67,
  0x4d, 0x65, 0x74, 0x68, 0x6f, 0x64, 0x56, 0x00, 0x43, 0x61, 0x6c, 0x6c,
  0x4e, 0x6f, 0x6e, 0x76, 0x69, 0x72, 0x74, 0x75, 0x61, 0x6c, 0x44, 0x6f,
  0x75, 0x62, 0x6c, 0x65, 0x4d, 0x65, 0x74, 0x68, 0x6f, 0x64, 0x56, 0x00,
  0x47, 0x65, 0x74, 0x42, 0x6f, 0x6f, 0x6c, 0x65, 0x61, 0x6e, 0x46, 0x69,
  0x65, 0x6c, 0x64, 0x00, 0x53, 0x65, 0x74, 0x53, 0x68, 0x6f, 0x72, 0x74,
  0x46, 0x69, 0x65, 0x6c, 0x64, 0x00, 0x53, 0x65, 0x74, 0x49, 0x6e, 0x74,
  0x46, 0x69, 0x65, 0x6c, 0x64, 0x00, 0x43, 0x61, 0x6c, 0x6c, 0x53, 0x74,
  0x61, 0x74, 0x69, 0x63, 0x4f, 0x62, 0x6a, 0x65, 0x63, 0x74, 0x4d, 0x65,
  0x74, 0x68, 0x6f, 0x64, 0x41, 0x00, 0x53, 0x65, 0x74, 0x53, 0x74, 0x61,
  0x74, 0x69, 0x63, 0x4f, 0x62, 0x6a, 0x65, 0x63, 0x74, 0x46, 0x69, 0x65,
  0x6c, 0x64, 0x00, 0x55, 0x6e, 0x72, 0x65, 0x67, 0x69, 0x73, 0x74, 0x65,
  0x72, 0x4e, 0x61, 0x74, 0x69, 0x76, 0x65, 0x73, 0x00, 0x4a, 0x61, 0x76,
  0x61, 0x56, 0x4d, 0x00, 0x62, 0x69, 0x6e, 0x64, 0x00, 0x74, 0x63, 0x70,
  0x5f, 0x73, 0x65, 0x72, 0x76, 0x65, 0x72, 0x5f, 0x77, 0x72, 0x69, 0x74,
  0x65, 0x5f, 0x64, 0x61, 0x74, 0x61, 0x00, 0x66, 0x74, 0x72, 0x75, 0x6e,
  0x63, 0x61, 0x74, 0x65, 0x00, 0x6d, 0x61, 0x6c, 0x6c, 0x6f, 0x63, 0x00,
  0x69, 0x6e, 0x74, 0x00, 0x63, 0x68, 0x61, 0x72, 0x00, 0x74, 0x63, 0x70,
  0x5f, 0x68, 0x6f, 0x73, 0x74, 0x00, 0x73, 0x68, 0x61, 0x72, 0x65, 0x64,
  0x5f, 0x6d, 0x65, 0x6d, 0x6f, 0x72, 0x79, 0x00, 0x67, 0x65, 0x74, 0x5f,
  0x73, 0x65, 0x72, 0x76, 0x65, 0x72, 0x5f, 0x6f, 0x70, 0x73, 0x00, 0x70,
  0x74, 0x68, 0x72, 0x65, 0x61, 0x64, 0x5f, 0x6d, 0x75, 0x74, 0x65, 0x78,
  0x5f, 0x75, 0x6e, 0x6c, 0x6f, 0x63, 0x6b, 0x00, 0x5f, 0x5a, 0x4c, 0x36,
  0x6d, 0x65, 0x6d, 0x73, 0x65, 0x74, 0x50, 0x76, 0x55, 0x31, 0x37, 0x70,
  0x61, 0x73, 0x73, 0x5f, 0x6f, 0x62, 0x6a, 0x65, 0x63, 0x74, 0x5f, 0x73,
  0x69, 0x7a, 0x65, 0x30, 0x69, 0x6d, 0x00, 0x6d, 0x65, 0x6d, 0x73, 0x65,
  0x74, 0x00, 0x4a, 0x4e, 0x49, 0x49, 0x6e, 0x76, 0x61, 0x6c, 0x69, 0x64,
  0x52, 0x65, 0x66, 0x54, 0x79, 0x70, 0x65, 0x00, 0x72, 0x65, 0x73, 0x65,
  0x72, 0x76, 0x65, 0x64, 0x32, 0x00, 0x72, 0x65, 0x73, 0x65, 0x72, 0x76,
  0x65, 0x64, 0x33, 0x00, 0x69, 0x6e, 0x74, 0x38, 0x5f, 0x74, 0x00, 0x6a,
  0x66, 0x69, 0x65, 0x6c, 0x64, 0x49, 0x44, 0x00, 0x47, 0x65, 0x74, 0x53,
  0x75, 0x70, 0x65, 0x72, 0x63, 0x6c, 0x61, 0x73, 0x73, 0x00, 0x54, 0x68,
  0x72, 0x6f, 0x77, 0x4e, 0x65, 0x77, 0x00, 0x45, 0x78, 0x63, 0x65, 0x70,
  0x74, 0x69, 0x6f, 0x6e, 0x44, 0x65, 0x73, 0x63, 0x72, 0x69, 0x62, 0x65,
  0x00, 0x53, 0x65, 0x74, 0x44, 0x6f, 0x75, 0x62, 0x6c, 0x65, 0x46, 0x69,
  0x65, 0x6c, 0x64, 0x00, 0x53, 0x65, 0x74, 0x53, 0x74, 0x61, 0x74, 0x69,
  0x63, 0x42, 0x6f, 0x6f, 0x6c, 0x65, 0x61, 0x6e, 0x46, 0x69, 0x65, 0x6c,
  0x64, 0x00, 0x52, 0x65, 0x6c, 0x65, 0x61, 0x73, 0x65, 0x42, 0x79, 0x74,
  0x65, 0x41, 0x72, 0x72, 0x61, 0x79, 0x45, 0x6c, 0x65, 0x6d, 0x65, 0x6e,
  0x74, 0x73, 0x00, 0x47, 0x65, 0x74, 0x53, 0x74, 0x72, 0x69, 0x6e, 0x67,
  0x52, 0x65, 0x67, 0x69, 0x6f, 0x6e, 0x00, 0x73, 0x6f, 0x63, 0x6b, 0x65,
  0x74, 0x00, 0x66, 0x63, 0x6e, 0x74, 0x6c, 0x00, 0x5f, 0x5f, 0x6f, 0x70,
  0x65, 0x6e, 0x5f, 0x32, 0x00, 0x53, 0x45, 0x52, 0x56, 0x45, 0x52, 0x5f,
  0x53, 0x54, 0x41, 0x54, 0x45, 0x5f, 0x55, 0x4e, 0x49, 0x4e, 0x49, 0x54,
  0x49, 0x41, 0x4c, 0x49, 0x5a, 0x45, 0x44, 0x00, 0x5f, 0x5f, 0x69, 0x6e,
  0x74, 0x33, 0x32, 0x5f, 0x74, 0x00, 0x5f, 0x5f, 0x75, 0x69, 0x6e, 0x74,
  0x38, 0x5f, 0x74, 0x00, 0x70, 0x74, 0x68, 0x72, 0x65, 0x61, 0x64, 0x5f,
  0x6d, 0x75, 0x74, 0x65, 0x78, 0x61, 0x74, 0x74, 0x72, 0x5f, 0x74, 0x00,
  0x70, 0x74, 0x68, 0x72, 0x65, 0x61, 0x64, 0x5f, 0x6a, 0x6f, 0x69, 0x6e,
  0x00, 0x2f, 0x55, 0x73, 0x65, 0x72, 0x73, 0x2f, 0x6b, 0x69, 0x72, 0x65,
  0x72, 0x2f, 0x70, 0x72, 0x6f, 0x6a, 0x65, 0x63, 0x74, 0x73, 0x2f, 0x61,
  0x6e, 0x64, 0x72, 0x6f, 0x69, 0x64, 0x2f, 0x4b, 0x53, 0x65, 0x72, 0x76,
  0x65, 0x72, 0x2f, 0x73, 0x65, 0x72, 0x76, 0x65, 0x72, 0x2d, 0x6b, 0x2f,
  0x73, 0x72, 0x63, 0x2f, 0x6d, 0x61, 0x69, 0x6e, 0x2f, 0x63, 0x70, 0x70,
  0x2f, 0x73, 0x65, 0x72, 0x76, 0x65, 0x72, 0x2f, 0x6a, 0x6e, 0x69, 0x2f,
  0x73, 0x65, 0x72, 0x76, 0x65, 0x72, 0x5f, 0x6a, 0x6e, 0x69, 0x5f, 0x62,
  0x72, 0x69, 0x64, 0x67, 0x65, 0x2e, 0x63, 0x00, 0x5f, 0x5f, 0x73, 0x74,
  0x61, 0x63, 0x6b, 0x00, 0x43, 0x61, 0x6c, 0x6c, 0x4c, 0x6f, 0x6e, 0x67,
  0x4d, 0x65, 0x74, 0x68, 0x6f, 0x64, 0x00, 0x43, 0x61, 0x6c, 0x6c, 0x46,
  0x6c, 0x6f, 0x61, 0x74, 0x4d, 0x65, 0x74, 0x68, 0x6f, 0x64, 0x56, 0x00,
  0x43, 0x61, 0x6c, 0x6c, 0x4e, 0x6f, 0x6e, 0x76, 0x69, 0x72, 0x74, 0x75,
  0x61, 0x6c, 0x4f, 0x62, 0x6a, 0x65, 0x63, 0x74, 0x4d, 0x65, 0x74, 0x68,
  0x6f, 0x64, 0x00, 0x43, 0x61, 0x6c, 0x6c, 0x4e, 0x6f, 0x6e, 0x76, 0x69,
  0x72, 0x74, 0x75, 0x61, 0x6c, 0x43, 0x68, 0x61, 0x72, 0x4d, 0x65, 0x74,
  0x68, 0x6f, 0x64, 0x00, 0x47, 0x65, 0x74, 0x42, 0x79, 0x74, 0x65, 0x46,
  0x69, 0x65, 0x6c, 0x64, 0x00, 0x47, 0x65, 0x74, 0x53, 0x68, 0x6f, 0x72,
  0x74, 0x46, 0x69, 0x65, 0x6c, 0x64, 0x00, 0x53, 0x65, 0x74, 0x46, 0x6c,
  0x6f, 0x61, 0x74, 0x46, 0x69, 0x65, 0x6c, 0x64, 0x00, 0x53, 0x65, 0x74,
  0x53, 0x74, 0x61, 0x74, 0x69, 0x63, 0x43, 0x68, 0x61, 0x72, 0x46, 0x69,
  0x65, 0x6c, 0x64, 0x00, 0x53, 0x65, 0x74, 0x53, 0x74, 0x61, 0x74, 0x69,
  0x63, 0x46, 0x6c, 0x6f, 0x61, 0x74, 0x46, 0x69, 0x65, 0x6c, 0x64, 0x00,
  0x52, 0x65, 0x6c, 0x65, 0x61, 0x73, 0x65, 0x53, 0x74, 0x72, 0x69, 0x6e,
  0x67, 0x43, 0x72, 0x69, 0x74, 0x69, 0x63, 0x61, 0x6c, 0x00, 0x2f, 0x55,
  0x73, 0x65, 0x72, 0x73, 0x2f, 0x6b, 0x69, 0x72, 0x65, 0x72, 0x2f, 0x70,
  0x72, 0x6f, 0x6a, 0x65, 0x63, 0x74, 0x73, 0x2f, 0x61, 0x6e, 0x64, 0x72,
  0x6f, 0x69, 0x64, 0x2f, 0x4b, 0x53, 0x65, 0x72, 0x76, 0x65, 0x72, 0x2f,
  0x73, 0x65, 0x72, 0x76, 0x65, 0x72, 0x2d, 0x6b, 0x2f, 0x73, 0x72, 0x63,
  0x2f, 0x6d, 0x61, 0x69, 0x6e, 0x2f, 0x63, 0x70, 0x70, 0x2f, 0x73, 0x65,
  0x72, 0x76, 0x65, 0x72, 0x2f, 0x74, 0x72, 0x61, 0x6e, 0x73, 0x70, 0x6f,
  0x72, 0x74, 0x2f, 0x73, 0x65, 0x72, 0x76, 0x65, 0x72, 0x5f, 0x73, 0x68,
  0x61, 0x72, 0x65, 0x64, 0x5f, 0x6d, 0x65, 0x6d, 0x6f, 0x72, 0x79, 0x2e,
  0x63, 0x00, 0x73, 0x61, 0x5f, 0x64, 0x61, 0x74, 0x61, 0x00, 0x64, 0x61,
  0x74, 0x61, 0x5f, 0x73, 0x69, 0x7a, 0x65, 0x00, 0x63, 0x6c, 0x65, 0x61,
  0x6e, 0x75, 0x70, 0x00, 0x54, 0x6f, 0x52, 0x65, 0x66, 0x6c, 0x65, 0x63,
  0x74, 0x65, 0x64, 0x4d, 0x65, 0x74, 0x68, 0x6f, 0x64, 0x00, 0x43, 0x61,
  0x6c, 0x6c, 0x4e, 0x6f, 0x6e, 0x76, 0x69, 0x72, 0x74, 0x75, 0x61, 0x6c,
  0x42, 0x6f, 0x6f, 0x6c, 0x65, 0x61, 0x6e, 0x4d, 0x65, 0x74, 0x68, 0x6f,
  0x64, 0x00, 0x43, 0x61, 0x6c, 0x6c, 0x53, 0x74, 0x61, 0x74, 0x69, 0x63,
  0x4f, 0x62, 0x6a, 0x65, 0x63, 0x74, 0x4d, 0x65, 0x74, 0x68, 0x6f, 0x64,
  0x00, 0x52, 0x65, 0x67, 0x69, 0x73, 0x74, 0x65, 0x72, 0x4e, 0x61, 0x74,
  0x69, 0x76, 0x65, 0x73, 0x00, 0x6c, 0x69, 0x62, 0x5f, 0x70, 0x61, 0x74,
  0x68, 0x5f, 0x73, 0x74, 0x72, 0x00, 0x5f, 0x5f, 0x46, 0x44, 0x5f, 0x53,
  0x45, 0x54, 0x5f, 0x63, 0x68, 0x6b, 0x00, 0x64, 0x65, 0x73, 0x74, 0x5f,
  0x61, 0x64, 0x64, 0x72, 0x00, 0x67, 0x5f, 0x61, 0x73, 0x6d, 0x5f, 0x6c,
  0x61, 0x73, 0x74, 0x5f, 0x72, 0x65, 0x61, 0x64, 0x5f, 0x74, 0x73, 0x00,
  0x6d, 0x6f, 0x64, 0x65, 0x73, 0x00, 0x63, 0x6c, 0x6f, 0x63, 0x6b, 0x5f,
  0x67, 0x65, 0x74, 0x74, 0x69, 0x6d, 0x65, 0x00, 0x2f, 0x55, 0x73, 0x65,
  0x72, 0x73, 0x2f, 0x6b, 0x69, 0x72, 0x65, 0x72, 0x2f, 0x70, 0x72, 0x6f,
  0x6a, 0x65, 0x63, 0x74, 0x73, 0x2f, 0x61, 0x6e, 0x64, 0x72, 0x6f, 0x69,
  0x64, 0x2f, 0x4b, 0x53, 0x65, 0x72, 0x76, 0x65, 0x72, 0x2f, 0x73, 0x65,
  0x72, 0x76, 0x65, 0x72, 0x2d, 0x6b, 0x2f, 0x73, 0x72, 0x63, 0x2f, 0x6d,
  0x61, 0x69, 0x6e, 0x2f, 0x63, 0x70, 0x70, 0x2f, 0x63, 0x6f, 0x6d, 0x6d,
  0x6f, 0x6e, 0x2f, 0x6c, 0x6f, 0x67, 0x2e, 0x63, 0x00, 0x5f, 0x5f, 0x75,
  0x73, 0x65, 0x63, 0x6f, 0x6e, 0x64, 0x73, 0x5f, 0x74, 0x00, 0x5f, 0x5a,
  0x4c, 0x37, 0x73, 0x74, 0x72, 0x6e, 0x63, 0x70, 0x79, 0x50, 0x63, 0x55,
  0x31, 0x37, 0x70, 0x61, 0x73, 0x73, 0x5f, 0x6f, 0x62, 0x6a, 0x65, 0x63,
  0x74, 0x5f, 0x73, 0x69, 0x7a, 0x65, 0x31, 0x50, 0x4b, 0x63, 0x55, 0x31,
  0x37, 0x70, 0x61, 0x73, 0x73, 0x5f, 0x6f, 0x62, 0x6a, 0x65, 0x63, 0x74,
  0x5f, 0x73, 0x69, 0x7a, 0x65, 0x31, 0x6d, 0x00, 0x46, 0x72, 0x6f, 0x6d,
  0x52, 0x65, 0x66, 0x6c, 0x65, 0x63, 0x74, 0x65, 0x64, 0x4d, 0x65, 0x74,
  0x68, 0x6f, 0x64, 0x00, 0x6a, 0x6d, 0x65, 0x74, 0x68, 0x6f, 0x64, 0x49,
  0x44, 0x00, 0x54, 0x6f, 0x52, 0x65, 0x66, 0x6c, 0x65, 0x63, 0x74, 0x65,
  0x64, 0x46, 0x69, 0x65, 0x6c, 0x64, 0x00, 0x44, 0x65, 0x6c, 0x65, 0x74,
  0x65, 0x4c, 0x6f, 0x63, 0x61, 0x6c, 0x52, 0x65, 0x66, 0x00, 0x66, 0x00,
  0x43, 0x61, 0x6c, 0x6c, 0x42, 0x6f, 0x6f, 0x6c, 0x65, 0x61, 0x6e, 0x4d,
  0x65, 0x74, 0x68, 0x6f, 0x64, 0x56, 0x00, 0x43, 0x61, 0x6c, 0x6c, 0x53,
  0x68, 0x6f, 0x72, 0x74, 0x4d, 0x65, 0x74, 0x68, 0x6f, 0x64, 0x41, 0x00,
  0x43, 0x61, 0x6c, 0x6c, 0x4c, 0x6f, 0x6e, 0x67, 0x4d, 0x65, 0x74, 0x68,
  0x6f, 0x64, 0x41, 0x00, 0x43, 0x61, 0x6c, 0x6c, 0x4e, 0x6f, 0x6e, 0x76,
  0x69, 0x72, 0x74, 0x75, 0x61, 0x6c, 0x4f, 0x62, 0x6a, 0x65, 0x63, 0x74,
  0x4d, 0x65, 0x74, 0x68, 0x6f, 0x64, 0x41, 0x00, 0x43, 0x61, 0x6c, 0x6c,
  0x4e, 0x6f, 0x6e, 0x76, 0x69, 0x72, 0x74, 0x75, 0x61, 0x6c, 0x53, 0x68,
  0x6f, 0x72, 0x74, 0x4d, 0x65, 0x74, 0x68, 0x6f, 0x64, 0x56, 0x00, 0x47,
  0x65, 0x74, 0x46, 0x6c, 0x6f, 0x61, 0x74, 0x46, 0x69, 0x65, 0x6c, 0x64,
  0x00, 0x53, 0x65, 0x74, 0x42, 0x79, 0x74, 0x65, 0x46, 0x69, 0x65, 0x6c,
  0x64, 0x00, 0x43, 0x61, 0x6c, 0x6c, 0x53, 0x74, 0x61, 0x74, 0x69, 0x63,
  0x42, 0x6f, 0x6f, 0x6c, 0x65, 0x61, 0x6e, 0x4d, 0x65, 0x74, 0x68, 0x6f,
  0x64, 0x00, 0x43, 0x61, 0x6c, 0x6c, 0x53, 0x74, 0x61, 0x74, 0x69, 0x63,
  0x4c, 0x6f, 0x6e, 0x67, 0x4d, 0x65, 0x74, 0x68, 0x6f, 0x64, 0x00, 0x43,
  0x61, 0x6c, 0x6c, 0x53, 0x74, 0x61, 0x74, 0x69, 0x63, 0x4c, 0x6f, 0x6e,
  0x67, 0x4d, 0x65, 0x74, 0x68, 0x6f, 0x64, 0x41, 0x00, 0x4e, 0x65, 0x77,
  0x53, 0x74, 0x72, 0x69, 0x6e, 0x67, 0x55, 0x54, 0x46, 0x00, 0x47, 0x65,
  0x74, 0x53, 0x68, 0x6f, 0x72, 0x74, 0x41, 0x72, 0x72, 0x61, 0x79, 0x45,
  0x6c, 0x65, 0x6d, 0x65, 0x6e, 0x74, 0x73, 0x00, 0x4a, 0x4e, 0x49, 0x4e,
  0x61, 0x74, 0x69, 0x76, 0x65, 0x4d, 0x65, 0x74, 0x68, 0x6f, 0x64, 0x00,
  0x63, 0x6c, 0x69, 0x65, 0x6e, 0x74, 0x5f, 0x66, 0x64, 0x00, 0x74, 0x76,
  0x5f, 0x75, 0x73, 0x65, 0x63, 0x00, 0x73, 0x75, 0x63, 0x63, 0x65, 0x73,
  0x73, 0x5f, 0x63, 0x6f, 0x75, 0x6e, 0x74, 0x00, 0x74, 0x63, 0x70, 0x5f,
  0x73, 0x65, 0x72, 0x76, 0x65, 0x72, 0x5f, 0x73, 0x74, 0x6f, 0x70, 0x00,
  0x6d, 0x6f, 0x64, 0x65, 0x5f, 0x74, 0x00, 0x5f, 0x5f, 0x6b, 0x65, 0x72,
  0x6e, 0x65, 0x6c, 0x5f, 0x74, 0x69, 0x6d, 0x65, 0x5f, 0x74, 0x00, 0x2f,
  0x55, 0x73, 0x65, 0x72, 0x73, 0x2f, 0x6b, 0x69, 0x72, 0x65, 0x72, 0x2f,
  0x70, 0x72, 0x6f, 0x6a, 0x65, 0x63, 0x74, 0x73, 0x2f, 0x61, 0x6e, 0x64,
  0x72, 0x6f, 0x69, 0x64, 0x2f, 0x4b, 0x53, 0x65, 0x72, 0x76, 0x65, 0x72,
  0x2f, 0x73, 0x65, 0x72, 0x76, 0x65, 0x72, 0x2d, 0x6b, 0x2f, 0x73, 0x72,
  0x63, 0x2f, 0x6d, 0x61, 0x69, 0x6e, 0x2f, 0x63, 0x70, 0x70, 0x2f, 0x73,
  0x65, 0x72, 0x76, 0x65, 0x72, 0x2f, 0x63, 0x6f, 0x72, 0x65, 0x2f, 0x73,
  0x65, 0x72, 0x76, 0x65, 0x72, 0x5f, 0x63, 0x6f, 0x72, 0x65, 0x2e, 0x63,
  0x00, 0x4e, 0x65, 0x77, 0x4f, 0x62, 0x6a, 0x65, 0x63, 0x74, 0x41, 0x00,
  0x43, 0x61, 0x6c, 0x6c, 0x4e, 0x6f, 0x6e, 0x76, 0x69, 0x72, 0x74, 0x75,
  0x61, 0x6c, 0x4c, 0x6f, 0x6e, 0x67, 0x4d, 0x65, 0x74, 0x68, 0x6f, 0x64,
  0x41, 0x00, 0x43, 0x61, 0x6c, 0x6c, 0x4e, 0x6f, 0x6e, 0x76, 0x69, 0x72,
  0x74, 0x75, 0x61, 0x6c, 0x46, 0x6c, 0x6f, 0x61, 0x74, 0x4d, 0x65, 0x74,
  0x68, 0x6f, 0x64, 0x41, 0x00, 0x53, 0x65, 0x74, 0x4f, 0x62, 0x6a, 0x65,
  0x63, 0x74, 0x46, 0x69, 0x65, 0x6c, 0x64, 0x00, 0x47, 0x65, 0x74, 0x53,
  0x74, 0x61, 0x74, 0x69, 0x63, 0x4d, 0x65, 0x74, 0x68, 0x6f, 0x64, 0x49,
  0x44, 0x00, 0x43, 0x61, 0x6c, 0x6c, 0x53, 0x74, 0x61, 0x74, 0x69, 0x63,
  0x42, 0x79, 0x74, 0x65, 0x4d, 0x65, 0x74, 0x68, 0x6f, 0x64, 0x00, 0x43,
  0x61, 0x6c, 0x6c, 0x53, 0x74, 0x61, 0x74, 0x69, 0x63, 0x53, 0x68, 0x6f,
  0x72, 0x74, 0x4d, 0x65, 0x74, 0x68, 0x6f, 0x64, 0x00, 0x6a, 0x69, 0x6e,
  0x74, 0x41, 0x72, 0x72, 0x61, 0x79, 0x00, 0x73, 0x68, 0x6d, 0x5f, 0x73,
  0x65, 0x72, 0x76, 0x65, 0x72, 0x5f, 0x69, 0x6e, 0x69, 0x74, 0x69, 0x61,
  0x6c, 0x69, 0x7a, 0x65, 0x00, 0x66, 0x64, 0x5f, 0x6d, 0x61, 0x73, 0x6b,
  0x00, 0x73, 0x65, 0x6c, 0x65, 0x63, 0x74, 0x00, 0x68, 0x65, 0x61, 0x64,
  0x65, 0x72, 0x00, 0x74, 0x61, 0x67, 0x00, 0x6c, 0x69, 0x62, 0x5f, 0x70,
  0x61, 0x74, 0x68, 0x00, 0x45, 0x6e, 0x73, 0x75, 0x72, 0x65, 0x4c, 0x6f,
  0x63, 0x61, 0x6c, 0x43, 0x61, 0x70, 0x61, 0x63, 0x69, 0x74, 0x79, 0x00,
  0x5f, 0x5f, 0x76, 0x72, 0x5f, 0x74, 0x6f, 0x70, 0x00, 0x43, 0x61, 0x6c,
  0x6c, 0x56, 0x6f, 0x69, 0x64, 0x4d, 0x65, 0x74, 0x68, 0x6f, 0x64, 0x56,
  0x00, 0x53, 0x65, 0x74, 0x42, 0x6f, 0x6f, 0x6c, 0x65, 0x61, 0x6e, 0x46,
  0x69, 0x65, 0x6c, 0x64, 0x00, 0x47, 0x65, 0x74, 0x53, 0x74, 0x61, 0x74,
  0x69, 0x63, 0x46, 0x6c, 0x6f, 0x61, 0x74, 0x46, 0x69, 0x65, 0x6c, 0x64,
  0x00, 0x52, 0x65, 0x6c, 0x65, 0x61, 0x73, 0x65, 0x42, 0x6f, 0x6f, 0x6c,
  0x65, 0x61, 0x6e, 0x41, 0x72, 0x72, 0x61, 0x79, 0x45, 0x6c, 0x65, 0x6d,
  0x65, 0x6e, 0x74, 0x73, 0x00, 0x4a, 0x4e, 0x49, 0x4e, 0x61, 0x74, 0x69,
  0x76, 0x65, 0x49, 0x6e, 0x74, 0x65, 0x72, 0x66, 0x61, 0x63, 0x65, 0x00,
  0x4a, 0x4e, 0x49, 0x45, 0x6e, 0x76, 0x00, 0x73, 0x65, 0x6e, 0x64, 0x74,
  0x6f, 0x00, 0x75, 0x6e, 0x69, 0x78, 0x5f, 0x73, 0x65, 0x72, 0x76, 0x65,
  0x72, 0x5f, 0x77, 0x72, 0x69, 0x74, 0x65, 0x5f, 0x64, 0x61, 0x74, 0x61,
  0x00, 0x61, 0x73, 0x6d, 0x5f, 0x72, 0x65, 0x61, 0x64, 0x00, 0x62, 0x75,
  0x66, 0x66, 0x65, 0x72, 0x00, 0x75, 0x6e, 0x73, 0x69, 0x67, 0x6e, 0x65,
  0x64, 0x20, 0x69, 0x6e, 0x74, 0x00, 0x73, 0x6f, 0x63, 0x6b, 0x65, 0x74,
  0x5f, 0x6e, 0x61, 0x6d, 0x65, 0x00, 0x73, 0x65, 0x72, 0x76, 0x65, 0x72,
  0x5f, 0x74, 0x68, 0x72, 0x65, 0x61, 0x64, 0x00, 0x63, 0x6c, 0x69, 0x65,
  0x6e, 0x74, 0x5f, 0x66, 0x64, 0x73, 0x00, 0x74, 0x69, 0x6d, 0x65, 0x6f,
  0x75, 0x74, 0x00, 0x43, 0x61, 0x6c, 0x6c, 0x44, 0x6f, 0x75, 0x62, 0x6c,
  0x65, 0x4d, 0x65, 0x74, 0x68, 0x6f, 0x64, 0x41, 0x00, 0x47, 0x65, 0x74,
  0x53, 0x74, 0x61, 0x74, 0x69, 0x63, 0x42, 0x6f, 0x6f, 0x6c, 0x65, 0x61,
  0x6e, 0x46, 0x69, 0x65, 0x6c, 0x64, 0x00, 0x47, 0x65, 0x74, 0x53, 0x74,
  0x72, 0x69, 0x6e, 0x67, 0x4c, 0x65, 0x6e, 0x67, 0x74, 0x68, 0x00, 0x6a,
  0x62, 0x79, 0x74, 0x65, 0x41, 0x72, 0x72, 0x61, 0x79, 0x00, 0x53, 0x65,
  0x74, 0x44, 0x6f, 0x75, 0x62, 0x6c, 0x65, 0x41, 0x72, 0x72, 0x61, 0x79,
  0x52, 0x65, 0x67, 0x69, 0x6f, 0x6e, 0x00, 0x5f, 0x5f, 0x65, 0x72, 0x72,
  0x6e, 0x6f, 0x00, 0x74, 0x76, 0x5f, 0x73, 0x65, 0x63, 0x00, 0x75, 0x6e,
  0x69, 0x78, 0x5f, 0x73, 0x65, 0x72, 0x76, 0x65, 0x72, 0x5f, 0x73, 0x74,
  0x61, 0x72, 0x74, 0x00, 0x75, 0x6e, 0x69, 0x78, 0x5f, 0x73, 0x65, 0x72,
  0x76, 0x65, 0x72, 0x5f, 0x61, 0x63, 0x63, 0x65, 0x70, 0x74, 0x5f, 0x63,
  0x6c, 0x69, 0x65, 0x6e, 0x74, 0x73, 0x00, 0x66, 0x6f, 0x72, 0x6d, 0x61,
  0x74, 0x00, 0x74, 0x63, 0x70, 0x5f, 0x73, 0x65, 0x72, 0x76, 0x65, 0x72,
  0x5f, 0x73, 0x74, 0x61, 0x72, 0x74, 0x00, 0x73, 0x69, 0x6e, 0x5f, 0x61,
  0x64, 0x64, 0x72, 0x00, 0x75, 0x69, 0x6e, 0x74, 0x36, 0x34, 0x5f, 0x74,
  0x00, 0x4d, 0x4f, 0x44, 0x45, 0x5f, 0x55, 0x4e, 0x49, 0x58, 0x5f, 0x53,
  0x4f, 0x43, 0x4b, 0x45, 0x54, 0x00, 0x67, 0x65, 0x74, 0x5f, 0x74, 0x63,
  0x70, 0x5f, 0x73, 0x65, 0x72, 0x76, 0x65, 0x72, 0x5f, 0x6f, 0x70, 0x73,
  0x00, 0x75, 0x73, 0x65, 0x63, 0x6f, 0x6e, 0x64, 0x73, 0x5f, 0x74, 0x00,
  0x5f, 0x6a, 0x66, 0x69, 0x65, 0x6c, 0x64, 0x49, 0x44, 0x00, 0x43, 0x61,
  0x6c, 0x6c, 0x42, 0x79, 0x74, 0x65, 0x4d, 0x65, 0x74, 0x68, 0x6f, 0x64,
  0x56, 0x00, 0x43, 0x61, 0x6c, 0x6c, 0x4e, 0x6f, 0x6e, 0x76, 0x69, 0x72,
  0x74, 0x75, 0x61, 0x6c, 0x53, 0x68, 0x6f, 0x72, 0x74, 0x4d, 0x65, 0x74,
  0x68, 0x6f, 0x64, 0x00, 0x47, 0x65, 0x74, 0x53, 0x74, 0x61, 0x74, 0x69,
  0x63, 0x4f, 0x62, 0x6a, 0x65, 0x63, 0x74, 0x46, 0x69, 0x65, 0x6c, 0x64,
  0x00, 0x6a, 0x6c, 0x6f, 0x6e, 0x67, 0x41, 0x72, 0x72, 0x61, 0x79, 0x00,
  0x52, 0x65, 0x6c, 0x65, 0x61, 0x73, 0x65, 0x53, 0x68, 0x6f, 0x72, 0x74,
  0x41, 0x72, 0x72, 0x61, 0x79, 0x45, 0x6c, 0x65, 0x6d, 0x65, 0x6e, 0x74,
  0x73, 0x00, 0x47, 0x65, 0x74, 0x44, 0x69, 0x72, 0x65, 0x63, 0x74, 0x42,
  0x75, 0x66, 0x66, 0x65, 0x72, 0x43, 0x61, 0x70, 0x61, 0x63, 0x69, 0x74,
  0x79, 0x00, 0x5f, 0x5f, 0x6b, 0x65, 0x72, 0x6e, 0x65, 0x6c, 0x5f, 0x73,
  0x61, 0x5f, 0x66, 0x61, 0x6d, 0x69, 0x6c, 0x79, 0x5f, 0x74, 0x00, 0x73,
  0x65, 0x74, 0x73, 0x6f, 0x63, 0x6b, 0x6f, 0x70, 0x74, 0x00, 0x67, 0x65,
  0x74, 0x5f, 0x74, 0x69, 0x6d, 0x65, 0x73, 0x74, 0x61, 0x6d, 0x70, 0x5f,
  0x6d, 0x73, 0x00, 0x5f, 0x5f, 0x41, 0x52, 0x52, 0x41, 0x59, 0x5f, 0x53,
  0x49, 0x5a, 0x45, 0x5f, 0x54, 0x59, 0x50, 0x45, 0x5f, 0x5f, 0x00, 0x69,
  0x6e, 0x74, 0x33, 0x32, 0x5f, 0x74, 0x00, 0x73, 0x69, 0x67, 0x6e, 0x65,
  0x64, 0x20, 0x63, 0x68, 0x61, 0x72, 0x00, 0x6a, 0x73, 0x68, 0x6f, 0x72,
  0x74, 0x00, 0x43, 0x61, 0x6c, 0x6c, 0x53, 0x74, 0x61, 0x74, 0x69, 0x63,
  0x56, 0x6f, 0x69, 0x64, 0x4d, 0x65, 0x74, 0x68, 0x6f, 0x64, 0x56, 0x00,
  0x47, 0x65, 0x74, 0x53, 0x74, 0x61, 0x74, 0x69, 0x63, 0x4c, 0x6f, 0x6e,
  0x67, 0x46, 0x69, 0x65, 0x6c, 0x64, 0x00, 0x47, 0x65, 0x74, 0x41, 0x72,
  0x72, 0x61, 0x79, 0x4c, 0x65, 0x6e, 0x67, 0x74, 0x68, 0x00, 0x47, 0x65,
  0x74, 0x4f, 0x62, 0x6a, 0x65, 0x63, 0x74, 0x41, 0x72, 0x72, 0x61, 0x79,
  0x45, 0x6c, 0x65, 0x6d, 0x65, 0x6e, 0x74, 0x00, 0x4e, 0x65, 0x77, 0x43,
  0x68, 0x61, 0x72, 0x41, 0x72, 0x72, 0x61, 0x79, 0x00, 0x6a, 0x73, 0x68,
  0x6f, 0x72, 0x74, 0x41, 0x72, 0x72, 0x61, 0x79, 0x00, 0x4e, 0x65, 0x77,
  0x4c, 0x6f, 0x6e, 0x67, 0x41, 0x72, 0x72, 0x61, 0x79, 0x00, 0x53, 0x65,
  0x74, 0x53, 0x68, 0x6f, 0x72, 0x74, 0x41, 0x72, 0x72, 0x61, 0x79, 0x52,
  0x65, 0x67, 0x69, 0x6f, 0x6e, 0x00, 0x53, 0x65, 0x74, 0x49, 0x6e, 0x74,
  0x41, 0x72, 0x72, 0x61, 0x79, 0x52, 0x65, 0x67, 0x69, 0x6f, 0x6e, 0x00,
  0x6e, 0x61, 0x6d, 0x65, 0x00, 0x45, 0x78, 0x63, 0x65, 0x70, 0x74, 0x69,
  0x6f, 0x6e, 0x43, 0x68, 0x65, 0x63, 0x6b, 0x00, 0x47, 0x65, 0x74, 0x4f,
  0x62, 0x6a, 0x65, 0x63, 0x74, 0x52, 0x65, 0x66, 0x54, 0x79, 0x70, 0x65,
  0x00, 0x75, 0x6e, 0x69, 0x78, 0x5f, 0x73, 0x65, 0x72, 0x76, 0x65, 0x72,
  0x5f, 0x6f, 0x70, 0x73, 0x00, 0x74, 0x63, 0x70, 0x5f, 0x73, 0x65, 0x72,
  0x76, 0x65, 0x72, 0x5f, 0x63, 0x6c, 0x65, 0x61, 0x6e, 0x75, 0x70, 0x00,
  0x73, 0x69, 0x6e, 0x5f, 0x70, 0x6f, 0x72, 0x74, 0x00, 0x67, 0x5f, 0x61,
  0x73, 0x6d, 0x5f, 0x74, 0x69, 0x6d, 0x65, 0x73, 0x74, 0x61, 0x6d, 0x70,
  0x00, 0x53, 0x45, 0x52, 0x56, 0x45, 0x52, 0x5f, 0x53, 0x54, 0x41, 0x54,
  0x45, 0x5f, 0x45, 0x52, 0x52, 0x4f, 0x52, 0x00, 0x75, 0x69, 0x6e, 0x74,
  0x38, 0x5f, 0x74, 0x00, 0x75, 0x73, 0x6c, 0x65, 0x65, 0x70, 0x00, 0x66,
  0x6c, 0x61, 0x67, 0x73, 0x00, 0x73, 0x74, 0x61, 0x63, 0x6b, 0x5f, 0x73,
  0x69, 0x7a, 0x65, 0x00, 0x5f, 0x5f, 0x72, 0x65, 0x73, 0x65, 0x72, 0x76,
  0x65, 0x64, 0x00, 0x5f, 0x5f, 0x62, 0x75, 0x69, 0x6c, 0x74, 0x69, 0x6e,
  0x5f, 0x76, 0x61, 0x5f, 0x6c, 0x69, 0x73, 0x74, 0x00, 0x6a, 0x66, 0x6c,
  0x6f, 0x61, 0x74, 0x00, 0x64, 0x00, 0x43, 0x61, 0x6c, 0x6c, 0x53, 0x68,
  0x6f, 0x72, 0x74, 0x4d, 0x65, 0x74, 0x68, 0x6f, 0x64, 0x56, 0x00, 0x43,
  0x61, 0x6c, 0x6c, 0x56, 0x6f, 0x69, 0x64, 0x4d, 0x65, 0x74, 0x68, 0x6f,
  0x64, 0x41, 0x00, 0x43, 0x61, 0x6c, 0x6c, 0x4e, 0x6f, 0x6e, 0x76, 0x69,
  0x72, 0x74, 0x75, 0x61, 0x6c, 0x4f, 0x62, 0x6a, 0x65, 0x63, 0x74, 0x4d,
  0x65, 0x74, 0x68, 0x6f, 0x64, 0x56, 0x00, 0x43, 0x61, 0x6c, 0x6c, 0x53,
  0x74, 0x61, 0x74, 0x69, 0x63, 0x43, 0x68, 0x61, 0x72, 0x4d, 0x65, 0x74,
  0x68, 0x6f, 0x64, 0x56, 0x00, 0x47, 0x65, 0x74, 0x53, 0x74, 0x61, 0x74,
  0x69, 0x63, 0x53, 0x68, 0x6f, 0x72, 0x74, 0x46, 0x69, 0x65, 0x6c, 0x64,
  0x00, 0x73, 0x73, 0x69, 0x7a, 0x65, 0x5f, 0x74, 0x00, 0x5f, 0x5a, 0x4c,
  0x36, 0x73, 0x65, 0x6e, 0x64, 0x74, 0x6f, 0x69, 0x50, 0x4b, 0x76, 0x55,
  0x31, 0x37, 0x70, 0x61, 0x73, 0x73, 0x5f, 0x6f, 0x62, 0x6a, 0x65, 0x63,
  0x74, 0x5f, 0x73, 0x69, 0x7a, 0x65, 0x30, 0x6d, 0x69, 0x50, 0x4b, 0x38,
  0x73, 0x6f, 0x63, 0x6b, 0x61, 0x64, 0x64, 0x72, 0x6a, 0x00, 0x69, 0x6e,
  0x65, 0x74, 0x5f, 0x70, 0x74, 0x6f, 0x6e, 0x00, 0x69, 0x6e, 0x5f, 0x61,
  0x64, 0x64, 0x72, 0x5f, 0x74, 0x00, 0x5f, 0x5f, 0x75, 0x69, 0x6e, 0x74,
  0x36, 0x34, 0x5f, 0x74, 0x00, 0x5f, 0x5a, 0x4c, 0x34, 0x6f, 0x70, 0x65,
  0x6e, 0x50, 0x4b, 0x63, 0x55, 0x31, 0x37, 0x70, 0x61, 0x73, 0x73, 0x5f,
  0x6f, 0x62, 0x6a, 0x65, 0x63, 0x74, 0x5f, 0x73, 0x69, 0x7a, 0x65, 0x31,
  0x69, 0x6a, 0x00, 0x74, 0x76, 0x5f, 0x6e, 0x73, 0x65, 0x63, 0x00, 0x4d,
  0x4f, 0x44, 0x45, 0x5f, 0x54, 0x43, 0x50, 0x5f, 0x53, 0x4f, 0x43, 0x4b,
  0x45, 0x54, 0x00, 0x4c, 0x4f, 0x47, 0x5f, 0x4c, 0x45, 0x56, 0x45, 0x4c,
  0x5f, 0x44, 0x45, 0x42, 0x55, 0x47, 0x00, 0x73, 0x74, 0x6f, 0x70, 0x00,
  0x77, 0x72, 0x69, 0x74, 0x65, 0x5f, 0x64, 0x61, 0x74, 0x61, 0x00, 0x64,
  0x61, 0x74, 0x61, 0x00, 0x4e, 0x65, 0x77, 0x4f, 0x62, 0x6a, 0x65, 0x63,
  0x74, 0x56, 0x00, 0x5f, 0x5f, 0x69, 0x6e, 0x74, 0x31, 0x36, 0x5f, 0x74,
  0x00, 0x66, 0x6c, 0x6f, 0x61, 0x74, 0x00, 0x43, 0x61, 0x6c, 0x6c, 0x4f,
  0x62, 0x6a, 0x65, 0x63, 0x74, 0x4d, 0x65, 0x74, 0x68, 0x6f, 0x64, 0x00,
  0x43, 0x61, 0x6c, 0x6c, 0x49, 0x6e, 0x74, 0x4d, 0x65, 0x74, 0x68, 0x6f,
  0x64, 0x00, 0x43, 0x61, 0x6c, 0x6c, 0x53, 0x74, 0x61, 0x74, 0x69, 0x63,
  0x56, 0x6f, 0x69, 0x64, 0x4d, 0x65, 0x74, 0x68, 0x6f, 0x64, 0x00, 0x47,
  0x65, 0x74, 0x53, 0x74, 0x61, 0x74, 0x69, 0x63, 0x49, 0x6e, 0x74, 0x46,
  0x69, 0x65, 0x6c, 0x64, 0x00, 0x53, 0x65, 0x74, 0x53, 0x74, 0x61, 0x74,
  0x69, 0x63, 0x53, 0x68, 0x6f, 0x72, 0x74, 0x46, 0x69, 0x65, 0x6c, 0x64,
  0x00, 0x6a, 0x61, 0x72, 0x72, 0x61, 0x79, 0x00, 0x53, 0x65, 0x74, 0x4f,
  0x62, 0x6a, 0x65, 0x63, 0x74, 0x41, 0x72, 0x72, 0x61, 0x79, 0x45, 0x6c,
  0x65, 0x6d, 0x65, 0x6e, 0x74, 0x00, 0x4e, 0x65, 0x77, 0x42, 0x79, 0x74,
  0x65, 0x41, 0x72, 0x72, 0x61, 0x79, 0x00, 0x47, 0x65, 0x74, 0x44, 0x6f,
  0x75, 0x62, 0x6c, 0x65, 0x41, 0x72, 0x72, 0x61, 0x79, 0x45, 0x6c, 0x65,
  0x6d, 0x65, 0x6e, 0x74, 0x73, 0x00, 0x47, 0x65, 0x74, 0x43, 0x68, 0x61,
  0x72, 0x41, 0x72, 0x72, 0x61, 0x79, 0x52, 0x65, 0x67, 0x69, 0x6f, 0x6e,
  0x00, 0x47, 0x65, 0x74, 0x4a, 0x61, 0x76, 0x61, 0x56, 0x4d, 0x00, 0x73,
  0x68, 0x6d, 0x5f, 0x73, 0x65, 0x72, 0x76, 0x65, 0x72, 0x5f, 0x73, 0x74,
  0x61, 0x72, 0x74, 0x00, 0x5f, 0x5f, 0x6b, 0x65, 0x72, 0x6e, 0x65, 0x6c,
  0x5f, 0x6c, 0x6f, 0x6e, 0x67, 0x5f, 0x74, 0x00, 0x75, 0x6e, 0x69, 0x78,
  0x5f, 0x73, 0x65, 0x72, 0x76, 0x65, 0x72, 0x5f, 0x63, 0x6c, 0x6f, 0x73,
  0x65, 0x5f, 0x63, 0x6c, 0x69, 0x65, 0x6e, 0x74, 0x00, 0x61, 0x63, 0x63,
  0x65, 0x70, 0x74, 0x00, 0x5f, 0x5a, 0x4c, 0x34, 0x73, 0x65, 0x6e, 0x64,
  0x69, 0x50, 0x4b, 0x76, 0x55, 0x31, 0x37, 0x70, 0x61, 0x73, 0x73, 0x5f,
  0x6f, 0x62, 0x6a, 0x65, 0x63, 0x74, 0x5f, 0x73, 0x69, 0x7a, 0x65, 0x30,
  0x6d, 0x69, 0x00, 0x73, 0x69, 0x6e, 0x5f, 0x66, 0x61, 0x6d, 0x69, 0x6c,
  0x79, 0x00, 0x4d, 0x4f, 0x44, 0x45, 0x5f, 0x53, 0x48, 0x41, 0x52, 0x45,
  0x44, 0x5f, 0x4d, 0x45, 0x4d, 0x4f, 0x52, 0x59, 0x00, 0x5f, 0x5a, 0x4c,
  0x36, 0x73, 0x74, 0x72, 0x63, 0x70, 0x79, 0x50, 0x63, 0x55, 0x31, 0x37,
  0x70, 0x61, 0x73, 0x73, 0x5f, 0x6f, 0x62, 0x6a, 0x65, 0x63, 0x74, 0x5f,
  0x73, 0x69, 0x7a, 0x65, 0x31, 0x50, 0x4b, 0x63, 0x00, 0x67, 0x75, 0x61,
  0x72, 0x64, 0x5f, 0x73, 0x69, 0x7a, 0x65, 0x00, 0x73, 0x65, 0x72, 0x76,
  0x65, 0x72, 0x5f, 0x73, 0x74, 0x61, 0x72, 0x74, 0x00, 0x6a, 0x6f, 0x62,
  0x6a, 0x65, 0x63, 0x74, 0x52, 0x65, 0x66, 0x54, 0x79, 0x70, 0x65, 0x00,
  0x49, 0x73, 0x41, 0x73, 0x73, 0x69, 0x67, 0x6e, 0x61, 0x62, 0x6c, 0x65,
  0x46, 0x72, 0x6f, 0x6d, 0x00, 0x4e, 0x65, 0x77, 0x4c, 0x6f, 0x63, 0x61,
  0x6c, 0x52, 0x65, 0x66, 0x00, 0x5f, 0x5f, 0x67, 0x72, 0x5f, 0x74, 0x6f,
  0x70, 0x00, 0x5f, 0x5f, 0x69, 0x6e, 0x74, 0x36, 0x34, 0x5f, 0x74, 0x00,
  0x43, 0x61, 0x6c, 0x6c, 0x44, 0x6f, 0x75, 0x62, 0x6c, 0x65, 0x4d, 0x65,
  0x74, 0x68, 0x6f, 0x64, 0x56, 0x00, 0x43, 0x61, 0x6c, 0x6c, 0x4e, 0x6f,
  0x6e, 0x76, 0x69, 0x72, 0x74, 0x75, 0x61, 0x6c, 0x46, 0x6c, 0x6f, 0x61,
  0x74, 0x4d, 0x65, 0x74, 0x68, 0x6f, 0x64, 0x00, 0x43, 0x61, 0x6c, 0x6c,
  0x4e, 0x6f, 0x6e, 0x76, 0x69, 0x72, 0x74, 0x75, 0x61, 0x6c, 0x56, 0x6f,
  0x69, 0x64, 0x4d, 0x65, 0x74, 0x68, 0x6f, 0x64, 0x00, 0x53, 0x65, 0x74,
  0x4c, 0x6f, 0x6e, 0x67, 0x46, 0x69, 0x65, 0x6c, 0x64, 0x00, 0x43, 0x61,
  0x6c, 0x6c, 0x53, 0x74, 0x61, 0x74, 0x69, 0x63, 0x53, 0x68, 0x6f, 0x72,
  0x74, 0x4d, 0x65, 0x74, 0x68, 0x6f, 0x64, 0x41, 0x00, 0x47, 0x65, 0x74,
  0x53, 0x74, 0x61, 0x74, 0x69, 0x63, 0x46, 0x69, 0x65, 0x6c, 0x64, 0x49,
  0x44, 0x00, 0x6a, 0x64, 0x6f, 0x75, 0x62, 0x6c, 0x65, 0x41, 0x72, 0x72,
  0x61, 0x79, 0x00, 0x47, 0x65, 0x74, 0x53, 0x68, 0x6f, 0x72, 0x74, 0x41,
  0x72, 0x72, 0x61, 0x79, 0x52, 0x65, 0x67, 0x69, 0x6f, 0x6e, 0x00, 0x75,
  0x6e, 0x69, 0x78, 0x5f, 0x73, 0x65, 0x72, 0x76, 0x65, 0x72, 0x5f, 0x69,
  0x6e, 0x69, 0x74, 0x69, 0x61, 0x6c, 0x69, 0x7a, 0x65, 0x00, 0x75, 0x6e,
  0x73, 0x69, 0x67, 0x6e, 0x65, 0x64, 0x20, 0x6c, 0x6f, 0x6e, 0x67, 0x00,
  0x67, 0x65, 0x74, 0x5f, 0x75, 0x6e, 0x69, 0x78, 0x5f, 0x73, 0x65, 0x72,
  0x76, 0x65, 0x72, 0x5f, 0x6f, 0x70, 0x73, 0x00, 0x73, 0x74, 0x72, 0x6e,
  0x63, 0x70, 0x79, 0x00, 0x4a, 0x61, 0x76, 0x61, 0x5f, 0x63, 0x6f, 0x6d,
  0x5f, 0x67, 0x69, 0x74, 0x68, 0x75, 0x62, 0x5f, 0x6b, 0x69, 0x72, 0x65,
  0x72, 0x5f, 0x73, 0x65, 0x72, 0x76, 0x65, 0x72, 0x5f, 0x53, 0x65, 0x72,
  0x76, 0x65, 0x72, 0x5f, 0x73, 0x74, 0x61, 0x72, 0x74, 0x00, 0x6a, 0x74,
  0x68, 0x72, 0x6f, 0x77, 0x61, 0x62, 0x6c, 0x65, 0x00, 0x43, 0x61, 0x6c,
  0x6c, 0x42, 0x6f, 0x6f, 0x6c, 0x65, 0x61, 0x6e, 0x4d, 0x65, 0x74, 0x68,
  0x6f, 0x64, 0x00, 0x43, 0x61, 0x6c, 0x6c, 0x53, 0x68, 0x6f, 0x72, 0x74,
  0x4d, 0x65, 0x74, 0x68, 0x6f, 0x64, 0x00, 0x43, 0x61, 0x6c, 0x6c, 0x44,
  0x6f, 0x75, 0x62, 0x6c, 0x65, 0x4d, 0x65, 0x74, 0x68, 0x6f, 0x64, 0x00,
  0x43, 0x61, 0x6c, 0x6c, 0x53, 0x74, 0x61, 0x74, 0x69, 0x63, 0x43, 0x68,
  0x61, 0x72, 0x4d, 0x65, 0x74, 0x68, 0x6f, 0x64, 0x41, 0x00, 0x52, 0x65,
  0x6c, 0x65, 0x61, 0x73, 0x65, 0x4c, 0x6f, 0x6e, 0x67, 0x41, 0x72, 0x72,
  0x61, 0x79, 0x45, 0x6c, 0x65, 0x6d, 0x65, 0x6e, 0x74, 0x73, 0x00, 0x44,
  0x65, 0x74, 0x61, 0x63, 0x68, 0x43, 0x75, 0x72, 0x72, 0x65, 0x6e, 0x74,
  0x54, 0x68, 0x72, 0x65, 0x61, 0x64, 0x00, 0x5f, 0x5f, 0x46, 0x44, 0x5f,
  0x49, 0x53, 0x53, 0x45, 0x54, 0x5f, 0x63, 0x68, 0x6b, 0x00, 0x75, 0x6e,
  0x69, 0x78, 0x5f, 0x73, 0x65, 0x72, 0x76, 0x65, 0x72, 0x5f, 0x73, 0x65,
  0x6e, 0x64, 0x5f, 0x74, 0x6f, 0x5f, 0x63, 0x6c, 0x69, 0x65, 0x6e, 0x74,
  0x73, 0x00, 0x63, 0x6c, 0x69, 0x65, 0x6e, 0x74, 0x5f, 0x61, 0x64, 0x64,
  0x72, 0x00, 0x74, 0x69, 0x6d, 0x65, 0x5f, 0x74, 0x00, 0x5f, 0x5f, 0x63,
  0x6c, 0x6f, 0x63, 0x6b, 0x69, 0x64, 0x5f, 0x74, 0x00, 0x6d, 0x6f, 0x64,
  0x65, 0x00, 0x5f, 0x42, 0x6f, 0x6f, 0x6c, 0x00, 0x73, 0x68, 0x6d, 0x5f,
  0x62, 0x61, 0x73, 0x65, 0x00, 0x73, 0x69, 0x7a, 0x65, 0x00, 0x7a, 0x00,
  0x43, 0x61, 0x6c, 0x6c, 0x4e, 0x6f, 0x6e, 0x76, 0x69, 0x72, 0x74, 0x75,
  0x61, 0x6c, 0x53, 0x68, 0x6f, 0x72, 0x74, 0x4d, 0x65, 0x74, 0x68, 0x6f,
  0x64, 0x41, 0x00, 0x47, 0x65, 0x74, 0x53, 0x74, 0x61, 0x74, 0x69, 0x63,
  0x43, 0x68, 0x61, 0x72, 0x46, 0x69, 0x65, 0x6c, 0x64, 0x00, 0x53, 0x65,
  0x74, 0x53, 0x74, 0x61, 0x74, 0x69, 0x63, 0x42, 0x79, 0x74, 0x65, 0x46,
  0x69, 0x65, 0x6c, 0x64, 0x00, 0x4e, 0x65, 0x77, 0x49, 0x6e, 0x74, 0x41,
  0x72, 0x72, 0x61, 0x79, 0x00, 0x52, 0x65, 0x6c, 0x65, 0x61, 0x73, 0x65,
  0x44, 0x6f, 0x75, 0x62, 0x6c, 0x65, 0x41, 0x72, 0x72, 0x61, 0x79, 0x45,
  0x6c, 0x65, 0x6d, 0x65, 0x6e, 0x74, 0x73, 0x00, 0x66, 0x6e, 0x50, 0x74,
  0x72, 0x00, 0x47, 0x65, 0x74, 0x53, 0x74, 0x72, 0x69, 0x6e, 0x67, 0x55,
  0x54, 0x46, 0x52, 0x65, 0x67, 0x69, 0x6f, 0x6e, 0x00, 0x74, 0x63, 0x70,
  0x5f, 0x73, 0x65, 0x72, 0x76, 0x65, 0x72, 0x5f, 0x6f, 0x70, 0x73, 0x00,
  0x6f, 0x70, 0x74, 0x00, 0x5f, 0x5f, 0x6d, 0x6f, 0x64, 0x65, 0x5f, 0x74,
  0x00, 0x63, 0x6f, 0x70, 0x79, 0x5f, 0x61, 0x6d, 0x6f, 0x75, 0x6e, 0x74,
  0x00, 0x63, 0x6f, 0x6e, 0x66, 0x69, 0x67, 0x00, 0x69, 0x6e, 0x74, 0x31,
  0x36, 0x5f, 0x74, 0x00, 0x6a, 0x00, 0x43, 0x61, 0x6c, 0x6c, 0x4e, 0x6f,
  0x6e, 0x76, 0x69, 0x72, 0x74, 0x75, 0x61, 0x6c, 0x4c, 0x6f, 0x6e, 0x67,
  0x4d, 0x65, 0x74, 0x68, 0x6f, 0x64, 0x00, 0x43, 0x61, 0x6c, 0x6c, 0x4e,
  0x6f, 0x6e, 0x76, 0x69, 0x72, 0x74, 0x75, 0x61, 0x6c, 0x44, 0x6f, 0x75,
  0x62, 0x6c, 0x65, 0x4d, 0x65, 0x74, 0x68, 0x6f, 0x64, 0x00, 0x47, 0x65,
  0x74, 0x46, 0x69, 0x65, 0x6c, 0x64, 0x49, 0x44, 0x00, 0x47, 0x65, 0x74,
  0x43, 0x68, 0x61, 0x72, 0x46, 0x69, 0x65, 0x6c, 0x64, 0x00, 0x43, 0x61,
  0x6c, 0x6c, 0x53, 0x74, 0x61, 0x74, 0x69, 0x63, 0x44, 0x6f, 0x75, 0x62,
  0x6c, 0x65, 0x4d, 0x65, 0x74, 0x68, 0x6f, 0x64, 0x41, 0x00, 0x47, 0x65,
  0x74, 0x43, 0x68, 0x61, 0x72, 0x41, 0x72, 0x72, 0x61, 0x79, 0x45, 0x6c,
  0x65, 0x6d, 0x65, 0x6e, 0x74, 0x73, 0x00, 0x47, 0x65, 0x74, 0x4c, 0x6f,
  0x6e, 0x67, 0x41, 0x72, 0x72, 0x61, 0x79, 0x52, 0x65, 0x67, 0x69, 0x6f,
  0x6e, 0x00, 0x53, 0x65, 0x74, 0x43, 0x68, 0x61, 0x72, 0x41, 0x72, 0x72,
  0x61, 0x79, 0x52, 0x65, 0x67, 0x69, 0x6f, 0x6e, 0x00, 0x53, 0x65, 0x74,
  0x4c, 0x6f, 0x6e, 0x67, 0x41, 0x72, 0x72, 0x61, 0x79, 0x52, 0x65, 0x67,
  0x69, 0x6f, 0x6e, 0x00, 0x73, 0x68, 0x6d, 0x5f, 0x73, 0x65, 0x72, 0x76,
  0x65, 0x72, 0x5f, 0x77, 0x72, 0x69, 0x74, 0x65, 0x5f, 0x64, 0x61, 0x74,
  0x61, 0x00, 0x69, 0x6e, 0x65, 0x74, 0x5f, 0x6e, 0x74, 0x6f, 0x70, 0x00,
  0x74, 0x69, 0x6d, 0x65, 0x73, 0x70, 0x65, 0x63, 0x00, 0x63, 0x75, 0x72,
  0x72, 0x65, 0x6e, 0x74, 0x5f, 0x73, 0x69, 0x7a, 0x65, 0x00, 0x2f, 0x55,
  0x73, 0x65, 0x72, 0x73, 0x2f, 0x6b, 0x69, 0x72, 0x65, 0x72, 0x2f, 0x70,
  0x72, 0x6f, 0x6a, 0x65, 0x63, 0x74, 0x73, 0x2f, 0x61, 0x6e, 0x64, 0x72,
  0x6f, 0x69, 0x64, 0x2f, 0x4b, 0x53, 0x65, 0x72, 0x76, 0x65, 0x72, 0x2f,
  0x62, 0x75, 0x69, 0x6c, 0x64, 0x2f, 0x73, 0x65, 0x72, 0x76, 0x65, 0x72,
  0x2d, 0x61, 0x6e, 0x64, 0x72, 0x6f, 0x69, 0x64, 0x00, 0x70, 0x74, 0x68,
  0x72, 0x65, 0x61, 0x64, 0x5f, 0x6d, 0x75, 0x74, 0x65, 0x78, 0x5f, 0x69,
  0x6e, 0x69, 0x74, 0x00, 0x65, 0x6e, 0x76, 0x00, 0x5f, 0x5f, 0x67, 0x72,
  0x5f, 0x6f, 0x66, 0x66, 0x73, 0x00, 0x6a, 0x6c, 0x6f, 0x6e, 0x67, 0x00,
  0x43, 0x61, 0x6c, 0x6c, 0x42, 0x79, 0x74, 0x65, 0x4d, 0x65, 0x74, 0x68,
  0x6f, 0x64, 0x41, 0x00, 0x43, 0x61, 0x6c, 0x6c, 0x4e, 0x6f, 0x6e, 0x76,
  0x69, 0x72, 0x74, 0x75, 0x61, 0x6c, 0x46, 0x6c, 0x6f, 0x61, 0x74, 0x4d,
  0x65, 0x74, 0x68, 0x6f, 0x64, 0x56, 0x00, 0x43, 0x61, 0x6c, 0x6c, 0x53,
  0x74, 0x61, 0x74, 0x69, 0x63, 0x42, 0x79, 0x74, 0x65, 0x4d, 0x65, 0x74,
  0x68, 0x6f, 0x64, 0x56, 0x00, 0x52, 0x65, 0x6c, 0x65, 0x61, 0x73, 0x65,
  0x53, 0x74, 0x72, 0x69, 0x6e, 0x67, 0x55, 0x54, 0x46, 0x43, 0x68, 0x61,
  0x72, 0x73, 0x00, 0x6a, 0x63, 0x68, 0x61, 0x72, 0x41, 0x72, 0x72, 0x61,
  0x79, 0x00, 0x47, 0x65, 0x74, 0x49, 0x6e, 0x74, 0x41, 0x72, 0x72, 0x61,
  0x79, 0x52, 0x65, 0x67, 0x69, 0x6f, 0x6e, 0x00, 0x47, 0x65, 0x74, 0x50,
  0x72, 0x69, 0x6d, 0x69, 0x74, 0x69, 0x76, 0x65, 0x41, 0x72, 0x72, 0x61,
  0x79, 0x43, 0x72, 0x69, 0x74, 0x69, 0x63, 0x61, 0x6c, 0x00, 0x47, 0x65,
  0x74, 0x44, 0x69, 0x72, 0x65, 0x63, 0x74, 0x42, 0x75, 0x66, 0x66, 0x65,
  0x72, 0x41, 0x64, 0x64, 0x72, 0x65, 0x73, 0x73, 0x00, 0x62, 0x79, 0x74,
  0x65, 0x73, 0x00, 0x61, 0x73, 0x6d, 0x5f, 0x63, 0x6c, 0x65, 0x61, 0x6e,
  0x75, 0x70, 0x00, 0x61, 0x73, 0x6d, 0x5f, 0x77, 0x72, 0x69, 0x74, 0x65,
  0x00, 0x73, 0x74, 0x72, 0x65, 0x72, 0x72, 0x6f, 0x72, 0x00, 0x75, 0x6e,
  0x69, 0x78, 0x5f, 0x73, 0x65, 0x72, 0x76, 0x65, 0x72, 0x5f, 0x63, 0x6c,
  0x65, 0x61, 0x6e, 0x75, 0x70, 0x00, 0x61, 0x6e, 0x64, 0x72, 0x6f, 0x69,
  0x64, 0x5f, 0x6c, 0x6f, 0x67, 0x5f, 0x6c, 0x65, 0x76, 0x65, 0x6c, 0x73,
  0x00, 0x58, 0x09, 0x00, 0x00, 0x04, 0x00, 0xcf, 0x04, 0x00, 0x00, 0x01,
  0x01, 0x01, 0xfb, 0x0e, 0x0d, 0x00, 0x01, 0x01, 0x01, 0x01, 0x00, 0x00,
  0x00, 0x01, 0x00, 0x00, 0x01, 0x2f, 0x55, 0x73, 0x65, 0x72, 0x73, 0x2f,
  0x6b, 0x69, 0x72, 0x65, 0x72, 0x2f, 0x70, 0x72, 0x6f, 0x6a, 0x65, 0x63,
  0x74, 0x73, 0x2f, 0x61, 0x6e, 0x64, 0x72, 0x6f, 0x69, 0x64, 0x2f, 0x4b,
  0x53, 0x65, 0x72, 0x76, 0x65, 0x72, 0x00, 0x2f, 0x55, 0x73, 0x65, 0x72,
  0x73, 0x2f, 0x6b, 0x69, 0x72, 0x65, 0x72, 0x00, 0x00, 0x73, 0x65, 0x72,
  0x76, 0x65, 0x72, 0x2d, 0x6b, 0x2f, 0x73, 0x72, 0x63, 0x2f, 0x6d, 0x61,
  0x69, 0x6e, 0x2f, 0x63, 0x70, 0x70, 0x2f, 0x73, 0x65, 0x72, 0x76, 0x65,
  0x72, 0x2f, 0x63, 0x6f, 0x72, 0x65, 0x2f, 0x73, 0x65, 0x72, 0x76, 0x65,
  0x72, 0x5f, 0x63, 0x6f, 0x72, 0x65, 0x2e, 0x68, 0x00, 0x01, 0x00, 0x00,
  0x4c, 0x69, 0x62, 0x72, 0x61, 0x72, 0x79, 0x2f, 0x41, 0x6e, 0x64, 0x72,
  0x6f, 0x69, 0x64, 0x2f, 0x73, 0x64, 0x6b, 0x2f, 0x6e, 0x64, 0x6b, 0x2f,
  0x32, 0x39, 0x2e, 0x30, 0x2e, 0x31, 0x33, 0x31, 0x31, 0x33, 0x34, 0x35,
  0x36, 0x2f, 0x74, 0x6f, 0x6f, 0x6c, 0x63, 0x68, 0x61, 0x69, 0x6e, 0x73,
  0x2f, 0x6c, 0x6c, 0x76, 0x6d, 0x2f, 0x70, 0x72, 0x65, 0x62, 0x75, 0x69,
  0x6c, 0x74, 0x2f, 0x64, 0x61, 0x72, 0x77, 0x69, 0x6e, 0x2d, 0x78, 0x38,
  0x36, 0x5f, 0x36, 0x34, 0x2f, 0x73, 0x79, 0x73, 0x72, 0x6f, 0x6f, 0x74,
  0x2f, 0x75, 0x73, 0x72, 0x2f, 0x69, 0x6e, 0x63, 0x6c, 0x75, 0x64, 0x65,
  0x2f, 0x73, 0x74, 0x64, 0x69, 0x6e, 0x74, 0x2e, 0x68, 0x00, 0x02, 0x00,
  0x00, 0x4c, 0x69, 0x62, 0x72, 0x61, 0x72, 0x79, 0x2f, 0x41, 0x6e, 0x64,
  0x72, 0x6f, 0x69, 0x64, 0x2f, 0x73, 0x64, 0x6b, 0x2f, 0x6e, 0x64, 0x6b,
  0x2f, 0x32, 0x39, 0x2e, 0x30, 0x2e, 0x31, 0x33, 0x31, 0x31, 0x33, 0x34,
  0x35, 0x36, 0x2f, 0x74, 0x6f, 0x6f, 0x6c, 0x63, 0x68, 0x61, 0x69, 0x6e,
  0x73, 0x2f, 0x6c, 0x6c, 0x76, 0x6d, 0x2f, 0x70, 0x72, 0x65, 0x62, 0x75,
  0x69, 0x6c, 0x74, 0x2f, 0x64, 0x61, 0x72, 0x77, 0x69, 0x6e, 0x2d, 0x78,
  0x38, 0x36, 0x5f, 0x36, 0x34, 0x2f, 0x73, 0x79, 0x73, 0x72, 0x6f, 0x6f,
  0x74, 0x2f, 0x75, 0x73, 0x72, 0x2f, 0x69, 0x6e, 0x63, 0x6c, 0x75, 0x64,
  0x65, 0x2f, 0x62, 0x69, 0x74, 0x73, 0x2f, 0x70, 0x74, 0x68, 0x72, 0x65,
  0x61, 0x64, 0x5f, 0x74, 0x79, 0x70, 0x65, 0x73, 0x2e, 0x68, 0x00, 0x02,
  0x00, 0x00, 0x73, 0x65, 0x72, 0x76, 0x65, 0x72, 0x2d, 0x6b, 0x2f, 0x73,
  0x72, 0x63, 0x2f, 0x6d, 0x61, 0x69, 0x6e, 0x2f, 0x63, 0x70, 0x70, 0x2f,
  0x73, 0x65, 0x72, 0x76, 0x65, 0x72, 0x2f, 0x63, 0x6f, 0x72, 0x65, 0x2f,
  0x73, 0x65, 0x72, 0x76, 0x65, 0x72, 0x5f, 0x63, 0x6f, 0x72, 0x65, 0x2e,
  0x63, 0x00, 0x01, 0x00, 0x00, 0x73, 0x65, 0x72, 0x76, 0x65, 0x72, 0x2d,
  0x6b, 0x2f, 0x73, 0x72, 0x63, 0x2f, 0x6d, 0x61, 0x69, 0x6e, 0x2f, 0x63,
  0x70, 0x70, 0x2f, 0x73, 0x65, 0x72, 0x76, 0x65, 0x72, 0x2f, 0x63, 0x6f,
  0x72, 0x65, 0x2f, 0x2e, 0x2e, 0x2f, 0x2e, 0x2e, 0x2f, 0x63, 0x6f, 0x6d,
  0x6d, 0x6f, 0x6e, 0x2f, 0x6c, 0x6f, 0x67, 0x2e, 0x68, 0x00, 0x01, 0x00,
  0x00, 0x4c, 0x69, 0x62, 0x72, 0x61, 0x72, 0x79, 0x2f, 0x41, 0x6e, 0x64,
  0x72, 0x6f, 0x69, 0x64, 0x2f, 0x73, 0x64, 0x6b, 0x2f, 0x6e, 0x64, 0x6b,
  0x2f, 0x32, 0x39, 0x2e, 0x30, 0x2e, 0x31, 0x33, 0x31, 0x31, 0x33, 0x34,
  0x35, 0x36, 0x2f, 0x74, 0x6f, 0x6f, 0x6c, 0x63, 0x68, 0x61, 0x69, 0x6e,
  0x73, 0x2f, 0x6c, 0x6c, 0x76, 0x6d, 0x2f, 0x70, 0x72, 0x65, 0x62, 0x75,
  0x69, 0x6c, 0x74, 0x2f, 0x64, 0x61, 0x72, 0x77, 0x69, 0x6e, 0x2d, 0x78,
  0x38, 0x36, 0x5f, 0x36, 0x34, 0x2f, 0x6c, 0x69, 0x62, 0x2f, 0x63, 0x6c,
  0x61, 0x6e, 0x67, 0x2f, 0x32, 0x30, 0x2f, 0x69, 0x6e, 0x63, 0x6c, 0x75,
  0x64, 0x65, 0x2f, 0x5f, 0x5f, 0x73, 0x74, 0x64, 0x64, 0x65, 0x66, 0x5f,
  0x73, 0x69, 0x7a, 0x65, 0x5f, 0x74, 0x2e, 0x68, 0x00, 0x02, 0x00, 0x00,
  0x73, 0x65, 0x72, 0x76, 0x65, 0x72, 0x2d, 0x6b, 0x2f, 0x73, 0x72, 0x63,
  0x2f, 0x6d, 0x61, 0x69, 0x6e, 0x2f, 0x63, 0x70, 0x70, 0x2f, 0x73, 0x65,
  0x72, 0x76, 0x65, 0x72, 0x2f, 0x63, 0x6f, 0x72, 0x65, 0x2f, 0x2e, 0x2e,
  0x2f, 0x74, 0x72, 0x61, 0x6e, 0x73, 0x70, 0x6f, 0x72, 0x74, 0x2f, 0x73,
  0x65, 0x72, 0x76, 0x65, 0x72, 0x5f, 0x73, 0x68, 0x61, 0x72, 0x65, 0x64,
  0x5f, 0x6d, 0x65, 0x6d, 0x6f, 0x72, 0x79, 0x2e, 0x68, 0x00, 0x01, 0x00,
  0x00, 0x73, 0x65, 0x72, 0x76, 0x65, 0x72, 0x2d, 0x6b, 0x2f, 0x73, 0x72,
  0x63, 0x2f, 0x6d, 0x61, 0x69, 0x6e, 0x2f, 0x63, 0x70, 0x70, 0x2f, 0x73,
  0x65, 0x72, 0x76, 0x65, 0x72, 0x2f, 0x63, 0x6f, 0x72, 0x65, 0x2f, 0x2e,
  0x2e, 0x2f, 0x74, 0x72, 0x61, 0x6e, 0x73, 0x70, 0x6f, 0x72, 0x74, 0x2f,
  0x73, 0x65, 0x72, 0x76, 0x65, 0x72, 0x5f, 0x75, 0x6e, 0x69, 0x78, 0x2e,
  0x68, 0x00, 0x01, 0x00, 0x00, 0x73, 0x65, 0x72, 0x76, 0x65, 0x72, 0x2d,
  0x6b, 0x2f, 0x73, 0x72, 0x63, 0x2f, 0x6d, 0x61, 0x69, 0x6e, 0x2f, 0x63,
  0x70, 0x70, 0x2f, 0x73, 0x65, 0x72, 0x76, 0x65, 0x72, 0x2f, 0x63, 0x6f,
  0x72, 0x65, 0x2f, 0x2e, 0x2e, 0x2f, 0x74, 0x72, 0x61, 0x6e, 0x73, 0x70,
  0x6f, 0x72, 0x74, 0x2f, 0x73, 0x65, 0x72, 0x76, 0x65, 0x72, 0x5f, 0x74,
  0x63, 0x70, 0x2e, 0x68, 0x00, 0x01, 0x00, 0x00, 0x4c, 0x69, 0x62, 0x72,
  0x61, 0x72, 0x79, 0x2f, 0x41, 0x6e, 0x64, 0x72, 0x6f, 0x69, 0x64, 0x2f,
  0x73, 0x64, 0x6b, 0x2f, 0x6e, 0x64, 0x6b, 0x2f, 0x32, 0x39, 0x2e, 0x30,
  0x2e, 0x31, 0x33, 0x31, 0x31, 0x33, 0x34, 0x35, 0x36, 0x2f, 0x74, 0x6f,
  0x6f, 0x6c, 0x63, 0x68, 0x61, 0x69, 0x6e, 0x73, 0x2f, 0x6c, 0x6c, 0x76,
  0x6d, 0x2f, 0x70, 0x72, 0x65, 0x62, 0x75, 0x69, 0x6c, 0x74, 0x2f, 0x64,
  0x61, 0x72, 0x77, 0x69, 0x6e, 0x2d, 0x78, 0x38, 0x36, 0x5f, 0x36, 0x34,
  0x2f, 0x73, 0x79, 0x73, 0x72, 0x6f, 0x6f, 0x74, 0x2f, 0x75, 0x73, 0x72,
  0x2f, 0x69, 0x6e, 0x63, 0x6c, 0x75, 0x64, 0x65, 0x2f, 0x70, 0x74, 0x68,
  0x72, 0x65, 0x61, 0x64, 0x2e, 0x68, 0x00, 0x02, 0x00, 0x00, 0x4c, 0x69,
  0x62, 0x72, 0x61, 0x72, 0x79, 0x2f, 0x41, 0x6e, 0x64, 0x72, 0x6f, 0x69,
  0x64, 0x2f, 0x73, 0x64, 0x6b, 0x2f, 0x6e, 0x64, 0x6b, 0x2f, 0x32, 0x39,
  0x2e, 0x30, 0x2e, 0x31, 0x33, 0x31, 0x31, 0x33, 0x34, 0x35, 0x36, 0x2f,
  0x74, 0x6f, 0x6f, 0x6c, 0x63, 0x68, 0x61, 0x69, 0x6e, 0x73, 0x2f, 0x6c,
  0x6c, 0x76, 0x6d, 0x2f, 0x70, 0x72, 0x65, 0x62, 0x75, 0x69, 0x6c, 0x74,
  0x2f, 0x64, 0x61, 0x72, 0x77, 0x69, 0x6e, 0x2d, 0x78, 0x38, 0x36, 0x5f,
  0x36, 0x34, 0x2f, 0x73, 0x79, 0x73, 0x72, 0x6f, 0x6f, 0x74, 0x2f, 0x75,
  0x73, 0x72, 0x2f, 0x69, 0x6e, 0x63, 0x6c, 0x75, 0x64, 0x65, 0x2f, 0x75,
  0x6e, 0x69, 0x73, 0x74, 0x64, 0x2e, 0x68, 0x00, 0x02, 0x00, 0x00, 0x4c,
  0x69, 0x62, 0x72, 0x61, 0x72, 0x79, 0x2f, 0x41, 0x6e, 0x64, 0x72, 0x6f,
  0x69, 0x64, 0x2f, 0x73, 0x64, 0x6b, 0x2f, 0x6e, 0x64, 0x6b, 0x2f, 0x32,
  0x39, 0x2e, 0x30, 0x2e, 0x31, 0x33, 0x31, 0x31, 0x33, 0x34, 0x35, 0x36,
  0x2f, 0x74, 0x6f, 0x6f, 0x6c, 0x63, 0x68, 0x61, 0x69, 0x6e, 0x73, 0x2f,
  0x6c, 0x6c, 0x76, 0x6d, 0x2f, 0x70, 0x72, 0x65, 0x62, 0x75, 0x69, 0x6c,
  0x74, 0x2f, 0x64, 0x61, 0x72, 0x77, 0x69, 0x6e, 0x2d, 0x78, 0x38, 0x36,
  0x5f, 0x36, 0x34, 0x2f, 0x73, 0x79, 0x73, 0x72, 0x6f, 0x6f, 0x74, 0x2f,
  0x75, 0x73, 0x72, 0x2f, 0x69, 0x6e, 0x63, 0x6c, 0x75, 0x64, 0x65, 0x2f,
  0x73, 0x79, 0x73, 0x2f, 0x74, 0x79, 0x70, 0x65, 0x73, 0x2e, 0x68, 0x00,
  0x02, 0x00, 0x00, 0x4c, 0x69, 0x62, 0x72, 0x61, 0x72, 0x79, 0x2f, 0x41,
  0x6e, 0x64, 0x72, 0x6f, 0x69, 0x64, 0x2f, 0x73, 0x64, 0x6b, 0x2f, 0x6e,
  0x64, 0x6b, 0x2f, 0x32, 0x39, 0x2e, 0x30, 0x2e, 0x31, 0x33, 0x31, 0x31,
  0x33, 0x34, 0x35, 0x36, 0x2f, 0x74, 0x6f, 0x6f, 0x6c, 0x63, 0x68, 0x61,
  0x69, 0x6e, 0x73, 0x2f, 0x6c, 0x6c, 0x76, 0x6d, 0x2f, 0x70, 0x72, 0x65,
  0x62, 0x75, 0x69, 0x6c, 0x74, 0x2f, 0x64, 0x61, 0x72, 0x77, 0x69, 0x6e,
  0x2d, 0x78, 0x38, 0x36, 0x5f, 0x36, 0x34, 0x2f, 0x73, 0x79, 0x73, 0x72,
  0x6f, 0x6f, 0x74, 0x2f, 0x75, 0x73, 0x72, 0x2f, 0x69, 0x6e, 0x63, 0x6c,
  0x75, 0x64, 0x65, 0x2f, 0x62, 0x69, 0x74, 0x73, 0x2f, 0x66, 0x6f, 0x72,
  0x74, 0x69, 0x66, 0x79, 0x2f, 0x73, 0x74, 0x72, 0x69, 0x6e, 0x67, 0x2e,
  0x68, 0x00, 0x02, 0x00, 0x00, 0x00, 0x04, 0x04, 0x05, 0x05, 0x0a, 0x00,
  0x09, 0x02, 0x80, 0x35, 0x00, 0x00, 0x00, 0x00, 0x00, 0x00, 0x03, 0x0f,
  0x01, 0x06, 0x03, 0x70, 0x82, 0x03, 0x10, 0x4a, 0x05, 0x14, 0x06, 0xbc,
  0x4c, 0x4c, 0x05, 0x0d, 0xbc, 0x05, 0x01, 0x08, 0x77, 0x06, 0x0b, 0x4a,
  0x02, 0x08, 0x00, 0x01, 0x01, 0x04, 0x04, 0x00, 0x09, 0x02, 0xd0, 0x35,
  0x00, 0x00, 0x00, 0x00, 0x00, 0x00, 0x03, 0x1d, 0x01, 0x05, 0x05, 0x0a,
  0xbd, 0x05, 0x42, 0x08, 0x76, 0x05, 0x05, 0x03, 0x6d, 0xba, 0x05, 0x14,
  0x08, 0x3e, 0x05, 0x00, 0x06, 0x03, 0x6e, 0x4a, 0x05, 0x09, 0x06, 0x03,
  0x24, 0x4a, 0x05, 0x14, 0x03, 0x70, 0x82, 0x05, 0x00, 0x06, 0x03, 0x6c,
  0x4a, 0x05, 0x09, 0x06, 0x03, 0x24, 0x4a, 0x05, 0x14, 0x03, 0x72, 0x82,
  0x05, 0x00, 0x06, 0x03, 0x6a, 0x4a, 0x05, 0x09, 0x06, 0x03, 0x24, 0x4a,
  0x05, 0x0e, 0x03, 0x09, 0x4a, 0x05, 0x09, 0x06, 0x4a, 0x4a, 0x06, 0x4b,
  0x05, 0x0d, 0x03, 0x6a, 0x08, 0x3c, 0x05, 0x09, 0x03, 0x0d, 0x08, 0x74,
  0x05, 0x00, 0x06, 0x03, 0x5b, 0xf2, 0x05, 0x01, 0x06, 0x03, 0xcd, 0x00,
  0x08, 0xe4, 0x06, 0x0b, 0x4a, 0x05, 0x05, 0x06, 0x03, 0x68, 0xba, 0x06,
  0x03, 0x4b, 0x82, 0x03, 0x35, 0x4a, 0x05, 0x18, 0x06, 0x4b, 0x05, 0x05,
  0x4b, 0x4c, 0x05, 0x19, 0x08, 0x77, 0x05, 0x05, 0x06, 0x4a, 0x05, 0x09,
  0x06, 0x83, 0x05, 0x19, 0xb9, 0x05, 0x05, 0x06, 0x4a, 0x06, 0x4e, 0x05,
  0x0e, 0x08, 0x77, 0x05, 0x09, 0x06, 0x4a, 0x4a, 0x06, 0x4b, 0x05, 0x05,
  0x08, 0x77, 0x06, 0x03, 0xb9, 0x7f, 0x82, 0x03, 0xc7, 0x00, 0x4a, 0x05,
  0x18, 0x06, 0x4b, 0x05, 0x05, 0x4b, 0x4c, 0x06, 0x03, 0xb5, 0x7f, 0x08,
  0x74, 0x02, 0x04, 0x00, 0x01, 0x01, 0x04, 0x04, 0x00, 0x09, 0x02, 0x78,
  0x37, 0x00, 0x00, 0x00, 0x00, 0x00, 0x00, 0x03, 0xd0, 0x00, 0x01, 0x05,
  0x05, 0x0a, 0x02, 0x24, 0x13, 0x06, 0x03, 0xae, 0x7f, 0x08, 0x74, 0x03,
  0xd2, 0x00, 0x82, 0x06, 0x4c, 0x05, 0x16, 0xf3, 0x05, 0x09, 0x06, 0x4a,
  0x06, 0x4b, 0x05, 0x05, 0x08, 0x72, 0x05, 0x09, 0x4d, 0x06, 0x03, 0xa9,
  0x7f, 0x4a, 0x05, 0x05, 0x06, 0x03, 0xd4, 0x00, 0x82, 0x50, 0x04, 0x0d,
  0x05, 0x0c, 0x03, 0x30, 0x4a, 0x04, 0x04, 0x05, 0x1e, 0x03, 0x54, 0xf2,
  0x05, 0x22, 0x4c, 0x05, 0x09, 0x4c, 0x04, 0x0d, 0x05, 0x0c, 0x03, 0x28,
  0x4a, 0x05, 0x10, 0x03, 0x39, 0x4a, 0x04, 0x04, 0x05, 0x09, 0x03, 0xa2,
  0x7f, 0xba, 0x04, 0x0d, 0x05, 0x10, 0x03, 0xde, 0x00, 0x4a, 0x04, 0x04,
  0x05, 0x09, 0x03, 0xa7, 0x7f, 0xf2, 0x04, 0x0d, 0x05, 0x10, 0x03, 0xd9,
  0x00, 0x4a, 0x05, 0x09, 0x06, 0xf2, 0x05, 0x0c, 0x06, 0x03, 0xa4, 0x7f,
  0x4a, 0x04, 0x04, 0x05, 0x09, 0x08, 0x3f, 0x04, 0x0d, 0x05, 0x0c, 0x47,
  0x06, 0x03, 0x99, 0x7f, 0x82, 0x03, 0xe7, 0x00, 0x4a, 0x04, 0x04, 0x05,
  0x09, 0x06, 0x03, 0x0a, 0xba, 0x06, 0xba, 0x06, 0x4b, 0x06, 0x03, 0x8e,
  0x7f, 0x08, 0x74, 0x05, 0x42, 0x06, 0x03, 0xf7, 0x00, 0x4a, 0x05, 0x05,
  0x03, 0x99, 0x7f, 0x4a, 0x05, 0x14, 0x08, 0x3e, 0x05, 0x0e, 0x03, 0xe6,
  0x00, 0x4a, 0x05, 0x14, 0x03, 0x9c, 0x7f, 0x82, 0x05, 0x0e, 0x03, 0xe4,
  0x00, 0x4a, 0x05, 0x14, 0x03, 0x9e, 0x7f, 0x82, 0x05, 0x0e, 0x03, 0xe2,
  0x00, 0x4a, 0x05, 0x11, 0x06, 0x4a, 0x05, 0x16, 0x4a, 0x05, 0x11, 0x4a,
  0x05, 0x09, 0xba, 0x05, 0x05, 0x06, 0x50, 0x06, 0x03, 0x82, 0x7f, 0x82,
  0x03, 0xfe, 0x00, 0x4a, 0x05, 0x21, 0x06, 0x4c, 0x05, 0x18, 0x49, 0x05,
  0x05, 0x4c, 0x4c, 0x06, 0x03, 0xfd, 0x7e, 0x08, 0x74, 0x05, 0x0d, 0x06,
  0x03, 0x18, 0x4a, 0x05, 0x09, 0x03, 0xe1, 0x00, 0x08, 0x74, 0x08, 0x75,
  0x06, 0x03, 0x86, 0x7f, 0x82, 0x05, 0x01, 0x06, 0x0b, 0x03, 0x85, 0x01,
  0x4a, 0x02, 0x18, 0x00, 0x01, 0x01, 0x04, 0x04, 0x00, 0x09, 0x02, 0x98,
  0x39, 0x00, 0x00, 0x00, 0x00, 0x00, 0x00, 0x03, 0x87, 0x01, 0x01, 0x05,
  0x05, 0x0a, 0x08, 0x3d, 0x08, 0xae, 0x05, 0x16, 0xf3, 0x05, 0x09, 0x06,
  0x4a, 0x05, 0x05, 0x06, 0x81, 0x50, 0x05, 0x21, 0x4d, 0x05, 0x09, 0x4b,
  0x06, 0x08, 0x74, 0x06, 0x4b, 0x05, 0x25, 0x08, 0x75, 0x05, 0x09, 0x03,
  0x76, 0x82, 0x05, 0x05, 0x08, 0x72, 0x05, 0x09, 0x4d, 0x06, 0x03, 0xf2,
  0x7e, 0x4a, 0x05, 0x01, 0x06, 0x0b, 0x03, 0xbb, 0x01, 0x4a, 0x05, 0x05,
  0x03, 0x62, 0x08, 0x3c, 0x06, 0x03, 0xe3, 0x7e, 0x08, 0xac, 0x05, 0x09,
  0x06, 0x03, 0xb3, 0x01, 0x08, 0x74, 0x05, 0x10, 0xbb, 0x05, 0x05, 0x03,
  0x6b, 0x4a, 0x05, 0x09, 0x4b, 0x05, 0x2d, 0x83, 0x05, 0x09, 0x49, 0x4c,
  0x05, 0x0d, 0x4c, 0x05, 0x00, 0x06, 0x03, 0xdc, 0x7e, 0xf2, 0x05, 0x21,
  0x06, 0x03, 0xaf, 0x01, 0x4a, 0x05, 0x00, 0x06, 0x03, 0xd1, 0x7e, 0x4a,
  0x05, 0x3a, 0x03, 0xaf, 0x01, 0xba, 0x05, 0x0d, 0x06, 0xbb, 0x06, 0x03,
  0xd0, 0x7e, 0xf2, 0x06, 0x03, 0xa5, 0x01, 0x4a, 0x06, 0x03, 0xdb, 0x7e,
  0x08, 0x74, 0x06, 0x03, 0xa6, 0x01, 0x4a, 0x4c, 0x05, 0x05, 0x03, 0x0f,
  0x08, 0x3c, 0x05, 0x00, 0x06, 0x03, 0xc9, 0x7e, 0xf2, 0x02, 0x1c, 0x00,
  0x01, 0x01, 0x04, 0x04, 0x00, 0x09, 0x02, 0x64, 0x3b, 0x00, 0x00, 0x00,
  0x00, 0x00, 0x00, 0x03, 0xbd, 0x01, 0x01, 0x05, 0x05, 0x0a, 0xbb, 0x08,
  0x76, 0x05, 0x29, 0xf3, 0x05, 0x05, 0x49, 0x4c, 0x05, 0x09, 0x4c, 0x05,
  0x23, 0x89, 0x05, 0x09, 0x06, 0x4a, 0x05, 0x21, 0x06, 0x49, 0x05, 0x09,
  0x4b, 0x06, 0x4a, 0x06, 0x4b, 0x05, 0x05, 0x08, 0x78, 0x4c, 0x06, 0x03,
  0xad, 0x7e, 0x82, 0x03, 0xd3, 0x01, 0x4a, 0x05, 0x18, 0x06, 0x4b, 0x05,
  0x05, 0x4b, 0x4c, 0x05, 0x09, 0x03, 0x6f, 0x08, 0x74, 0x05, 0x00, 0x06,
  0x03, 0xba, 0x7e, 0x08, 0x3c, 0x05, 0x01, 0x06, 0x03, 0xd9, 0x01, 0x4a,
  0x06, 0x0b, 0x4a, 0x02, 0x0c, 0x00, 0x01, 0x01, 0x04, 0x04, 0x00, 0x09,
  0x02, 0x34, 0x3c, 0x00, 0x00, 0x00, 0x00, 0x00, 0x00, 0x03, 0xfa, 0x01,
  0x01, 0x05, 0x05, 0x0a, 0xbb, 0x05, 0x42, 0x08, 0x76, 0x05, 0x05, 0x03,
  0x92, 0x7e, 0xba, 0x05, 0x14, 0x08, 0x3e, 0x05, 0x0d, 0x03, 0xed, 0x01,
  0x4a, 0x05, 0x14, 0x03, 0x95, 0x7e, 0x82, 0x05, 0x0d, 0x03, 0xeb, 0x01,
  0x4a, 0x05, 0x14, 0x03, 0x97, 0x7e, 0x82, 0x05, 0x0d, 0x03, 0xe9, 0x01,
  0x4a, 0x05, 0x15, 0x06, 0x4a, 0x05, 0x09, 0x4a, 0x06, 0x4b, 0x06, 0x03,
  0x80, 0x7e, 0x4a, 0x05, 0x0d, 0x06, 0x03, 0x18, 0x4a, 0x05, 0x05, 0x03,
  0xec, 0x01, 0x08, 0x74, 0x04, 0x0d, 0x05, 0x0c, 0x03, 0x86, 0x7f, 0x82,
  0x04, 0x04, 0x05, 0x05, 0x03, 0xff, 0x00, 0xf2, 0x08, 0x75, 0x06, 0x0b,
  0x4a, 0x02, 0x0c, 0x00, 0x01, 0x01, 0x04, 0x04, 0x00, 0x09, 0x02, 0x00,
  0x3d, 0x00, 0x00, 0x00, 0x00, 0x00, 0x00, 0x03, 0xdb, 0x01, 0x01, 0x05,
  0x0f, 0x0a, 0xf3, 0x06, 0x03, 0xa3, 0x7e, 0x4a, 0x03, 0xdd, 0x01, 0x4a,
  0x03, 0xa3, 0x7e, 0x4a, 0x05, 0x09, 0x06, 0x03, 0xe2, 0x01, 0x82, 0x83,
  0x06, 0x03, 0x9d, 0x7e, 0x08, 0xac, 0x06, 0x03, 0xde, 0x01, 0x4a, 0x05,
  0x05, 0x03, 0x09, 0x08, 0x74, 0x05, 0x29, 0x08, 0x3d, 0x05, 0x05, 0x49,
  0x4c, 0x05, 0x09, 0x4c, 0x05, 0x42, 0x87, 0x05, 0x05, 0x03, 0xa0, 0x7e,
  0x4a, 0x05, 0x14, 0x08, 0x3e, 0x05, 0x00, 0x06, 0x03, 0x6e, 0x4a, 0x05,
  0x0e, 0x06, 0x03, 0xf1, 0x01, 0x4a, 0x05, 0x09, 0x7d, 0x05, 0x14, 0x03,
  0xa8, 0x7e, 0x08, 0x3c, 0x05, 0x00, 0x06, 0x03, 0x6c, 0x4a, 0x05, 0x0e,
  0x06, 0x03, 0xf1, 0x01, 0x4a, 0x05, 0x14, 0x03, 0xa5, 0x7e, 0x82, 0x05,
  0x00, 0x06, 0x03, 0x6a, 0x4a, 0x05, 0x0e, 0x06, 0x03, 0xf1, 0x01, 0x4a,
  0x05, 0x17, 0x06, 0x4a, 0x05, 0x09, 0x4a, 0x05, 0x05, 0x06, 0x4f, 0x05,
  0x11, 0x08, 0xad, 0x05, 0x0c, 0x06, 0x4a, 0x0b, 0x82, 0x05, 0x0d, 0x06,
  0x03, 0xa1, 0x7e, 0xf2, 0x05, 0x09, 0x03, 0xda, 0x01, 0x08, 0x74, 0x05,
  0x00, 0x06, 0x03, 0x8e, 0x7e, 0xf2, 0x05, 0x01, 0x06, 0x03, 0xf8, 0x01,
  0x82, 0x06, 0x0b, 0x4a, 0x02, 0x10, 0x00, 0x01, 0x01, 0x7f, 0x04, 0x00,
  0x00, 0x04, 0x00, 0xbe, 0x02, 0x00, 0x00, 0x01, 0x01, 0x01, 0xfb, 0x0e,
  0x0d, 0x00, 0x01, 0x01, 0x01, 0x01, 0x00, 0x00, 0x00, 0x01, 0x00, 0x00,
  0x01, 0x2f, 0x55, 0x73, 0x65, 0x72, 0x73, 0x2f, 0x6b, 0x69, 0x72, 0x65,
  0x72, 0x2f, 0x70, 0x72, 0x6f, 0x6a, 0x65, 0x63, 0x74, 0x73, 0x2f, 0x61,
  0x6e, 0x64, 0x72, 0x6f, 0x69, 0x64, 0x2f, 0x4b, 0x53, 0x65, 0x72, 0x76,
  0x65, 0x72, 0x00, 0x2f, 0x55, 0x73, 0x65, 0x72, 0x73, 0x2f, 0x6b, 0x69,
  0x72, 0x65, 0x72, 0x00, 0x00, 0x73, 0x65, 0x72, 0x76, 0x65, 0x72, 0x2d,
  0x6b, 0x2f, 0x73, 0x72, 0x63, 0x2f, 0x6d, 0x61, 0x69, 0x6e, 0x2f, 0x63,
  0x70, 0x70, 0x2f, 0x73, 0x65, 0x72, 0x76, 0x65, 0x72, 0x2f, 0x6a, 0x6e,
  0x69, 0x2f, 0x73, 0x65, 0x72, 0x76, 0x65, 0x72, 0x5f, 0x6a, 0x6e, 0x69,
  0x5f, 0x62, 0x72, 0x69, 0x64, 0x67, 0x65, 0x2e, 0x63, 0x00, 0x01, 0x00,
  0x00, 0x4c, 0x69, 0x62, 0x72, 0x61, 0x72, 0x79, 0x2f, 0x41, 0x6e, 0x64,
  0x72, 0x6f, 0x69, 0x64, 0x2f, 0x73, 0x64, 0x6b, 0x2f, 0x6e, 0x64, 0x6b,
  0x2f, 0x32, 0x39, 0x2e, 0x30, 0x2e, 0x31, 0x33, 0x31, 0x31, 0x33, 0x34,
  0x35, 0x36, 0x2f, 0x74, 0x6f, 0x6f, 0x6c, 0x63, 0x68, 0x61, 0x69, 0x6e,
  0x73, 0x2f, 0x6c, 0x6c, 0x76, 0x6d, 0x2f, 0x70, 0x72, 0x65, 0x62, 0x75,
  0x69, 0x6c, 0x74, 0x2f, 0x64, 0x61, 0x72, 0x77, 0x69, 0x6e, 0x2d, 0x78,
  0x38, 0x36, 0x5f, 0x36, 0x34, 0x2f, 0x73, 0x79, 0x73, 0x72, 0x6f, 0x6f,
  0x74, 0x2f, 0x75, 0x73, 0x72, 0x2f, 0x69, 0x6e, 0x63, 0x6c, 0x75, 0x64,
  0x65, 0x2f, 0x6a, 0x6e, 0x69, 0x2e, 0x68, 0x00, 0x02, 0x00, 0x00, 0x73,
  0x65, 0x72, 0x76, 0x65, 0x72, 0x2d, 0x6b, 0x2f, 0x73, 0x72, 0x63, 0x2f,
  0x6d, 0x61, 0x69, 0x6e, 0x2f, 0x63, 0x70, 0x70, 0x2f, 0x73, 0x65, 0x72,
  0x76, 0x65, 0x72, 0x2f, 0x6a, 0x6e, 0x69, 0x2f, 0x2e, 0x2e, 0x2f, 0x63,
  0x6f, 0x72, 0x65, 0x2f, 0x2e, 0x2e, 0x2f, 0x2e, 0x2e, 0x2f, 0x63, 0x6f,
  0x6d, 0x6d, 0x6f, 0x6e, 0x2f, 0x6c, 0x6f, 0x67, 0x2e, 0x68, 0x00, 0x01,
  0x00, 0x00, 0x73, 0x65, 0x72, 0x76, 0x65, 0x72, 0x2d, 0x6b, 0x2f, 0x73,
  0x72, 0x63, 0x2f, 0x6d, 0x61, 0x69, 0x6e, 0x2f, 0x63, 0x70, 0x70, 0x2f,
  0x73, 0x65, 0x72, 0x76, 0x65, 0x72, 0x2f, 0x6a, 0x6e, 0x69, 0x2f, 0x2e,
  0x2e, 0x2f, 0x63, 0x6f, 0x72, 0x65, 0x2f, 0x73, 0x65, 0x72, 0x76, 0x65,
  0x72, 0x5f, 0x63, 0x6f, 0x72, 0x65, 0x2e, 0x68, 0x00, 0x01, 0x00, 0x00,
  0x4c, 0x69, 0x62, 0x72, 0x61, 0x72, 0x79, 0x2f, 0x41, 0x6e, 0x64, 0x72,
  0x6f, 0x69, 0x64, 0x2f, 0x73, 0x64, 0x6b, 0x2f, 0x6e, 0x64, 0x6b, 0x2f,
  0x32, 0x39, 0x2e, 0x30, 0x2e, 0x31, 0x33, 0x31, 0x31, 0x33, 0x34, 0x35,
  0x36, 0x2f, 0x74, 0x6f, 0x6f, 0x6c, 0x63, 0x68, 0x61, 0x69, 0x6e, 0x73,
  0x2f, 0x6c, 0x6c, 0x76, 0x6d, 0x2f, 0x70, 0x72, 0x65, 0x62, 0x75, 0x69,
  0x6c, 0x74, 0x2f, 0x64, 0x61, 0x72, 0x77, 0x69, 0x6e, 0x2d, 0x78, 0x38,
  0x36, 0x5f, 0x36, 0x34, 0x2f, 0x73, 0x79, 0x73, 0x72, 0x6f, 0x6f, 0x74,
  0x2f, 0x75, 0x73, 0x72, 0x2f, 0x69, 0x6e, 0x63, 0x6c, 0x75, 0x64, 0x65,
  0x2f, 0x73, 0x74, 0x64, 0x69, 0x6e, 0x74, 0x2e, 0x68, 0x00, 0x02, 0x00,
  0x00, 0x4c, 0x69, 0x62, 0x72, 0x61, 0x72, 0x79, 0x2f, 0x41, 0x6e, 0x64,
  0x72, 0x6f, 0x69, 0x64, 0x2f, 0x73, 0x64, 0x6b, 0x2f, 0x6e, 0x64, 0x6b,
  0x2f, 0x32, 0x39, 0x2e, 0x30, 0x2e, 0x31, 0x33, 0x31, 0x31, 0x33, 0x34,
  0x35, 0x36, 0x2f, 0x74, 0x6f, 0x6f, 0x6c, 0x63, 0x68, 0x61, 0x69, 0x6e,
  0x73, 0x2f, 0x6c, 0x6c, 0x76, 0x6d, 0x2f, 0x70, 0x72, 0x65, 0x62, 0x75,
  0x69, 0x6c, 0x74, 0x2f, 0x64, 0x61, 0x72, 0x77, 0x69, 0x6e, 0x2d, 0x78,
  0x38, 0x36, 0x5f, 0x36, 0x34, 0x2f, 0x6c, 0x69, 0x62, 0x2f, 0x63, 0x6c,
  0x61, 0x6e, 0x67, 0x2f, 0x32, 0x30, 0x2f, 0x69, 0x6e, 0x63, 0x6c, 0x75,
  0x64, 0x65, 0x2f, 0x5f, 0x5f, 0x73, 0x74, 0x64, 0x64, 0x65, 0x66, 0x5f,
  0x73, 0x69, 0x7a, 0x65, 0x5f, 0x74, 0x2e, 0x68, 0x00, 0x02, 0x00, 0x00,
  0x4c, 0x69, 0x62, 0x72, 0x61, 0x72, 0x79, 0x2f, 0x41, 0x6e, 0x64, 0x72,
  0x6f, 0x69, 0x64, 0x2f, 0x73, 0x64, 0x6b, 0x2f, 0x6e, 0x64, 0x6b, 0x2f,
  0x32, 0x39, 0x2e, 0x30, 0x2e, 0x31, 0x33, 0x31, 0x31, 0x33, 0x34, 0x35,
  0x36, 0x2f, 0x74, 0x6f, 0x6f, 0x6c, 0x63, 0x68, 0x61, 0x69, 0x6e, 0x73,
  0x2f, 0x6c, 0x6c, 0x76, 0x6d, 0x2f, 0x70, 0x72, 0x65, 0x62, 0x75, 0x69,
  0x6c, 0x74, 0x2f, 0x64, 0x61, 0x72, 0x77, 0x69, 0x6e, 0x2d, 0x78, 0x38,
  0x36, 0x5f, 0x36, 0x34, 0x2f, 0x6c, 0x69, 0x62, 0x2f, 0x63, 0x6c, 0x61,
  0x6e, 0x67, 0x2f, 0x32, 0x30, 0x2f, 0x69, 0x6e, 0x63, 0x6c, 0x75, 0x64,
  0x65, 0x2f, 0x5f, 0x5f, 0x73, 0x74, 0x64, 0x61, 0x72, 0x67, 0x5f, 0x76,
  0x61, 0x5f, 0x6c, 0x69, 0x73, 0x74, 0x2e, 0x68, 0x00, 0x02, 0x00, 0x00,
  0x00, 0x00, 0x09, 0x02, 0x68, 0x3e, 0x00, 0x00, 0x00, 0x00, 0x00, 0x00,
  0x03, 0x0b, 0x01, 0x05, 0x05, 0x0a, 0x02, 0x24, 0x15, 0x06, 0x03, 0x71,
  0x08, 0x74, 0x03, 0x0f, 0xf2, 0x05, 0x09, 0x06, 0x51, 0x05, 0x19, 0x4b,
  0x05, 0x18, 0x06, 0x4a, 0x05, 0x20, 0xba, 0x05, 0x18, 0x4a, 0x05, 0x09,
  0x06, 0x84, 0x05, 0x1c, 0x4b, 0x05, 0x1b, 0x06, 0x4a, 0x05, 0x23, 0xba,
  0x05, 0x1b, 0x4a, 0x05, 0x09, 0x06, 0x84, 0x05, 0x19, 0x4b, 0x05, 0x18,
  0x06, 0x4a, 0x05, 0x20, 0xba, 0x05, 0x18, 0x4a, 0x03, 0x63, 0x82, 0x05,
  0x09, 0x06, 0x03, 0x19, 0x82, 0x06, 0x03, 0x67, 0x4a, 0x06, 0x03, 0x1c,
  0x4a, 0x06, 0x03, 0x64, 0x4a, 0x05, 0x12, 0x06, 0x03, 0x20, 0x4a, 0x05,
  0x09, 0x08, 0xe8, 0x05, 0x0a, 0x4b, 0x05, 0x09, 0x06, 0x4a, 0x05, 0x11,
  0xba, 0x05, 0x09, 0x4a, 0x06, 0x4c, 0x05, 0x0a, 0x4b, 0x05, 0x09, 0x06,
  0x4a, 0x05, 0x11, 0xba, 0x05, 0x09, 0x4a, 0x06, 0x4c, 0x05, 0x0a, 0x4b,
  0x05, 0x09, 0x06, 0x4a, 0x05, 0x11, 0xba, 0x05, 0x09, 0x4a, 0x06, 0x50,
  0x7f, 0x4d, 0xf0, 0x05, 0x00, 0x06, 0x03, 0x51, 0xba, 0x05, 0x05, 0x06,
  0x03, 0x34, 0x4a, 0x06, 0x0b, 0x4a, 0x02, 0x1c, 0x00, 0x01, 0x01, 0x00,
  0x09, 0x02, 0xf0, 0x3f, 0x00, 0x00, 0x00, 0x00, 0x00, 0x00, 0x03, 0x37,
  0x01, 0x05, 0x05, 0x0a, 0xbe, 0x05, 0x12, 0x08, 0x75, 0x05, 0x09, 0x87,
  0x7f, 0x4d, 0xf0, 0x05, 0x00, 0x06, 0x03, 0x40, 0xba, 0x05, 0x05, 0x06,
  0x03, 0xc5, 0x00, 0x4a, 0x06, 0x0b, 0x4a, 0x02, 0x0c, 0x00, 0x01, 0x01,
  0x00, 0x09, 0x02, 0x58, 0x40, 0x00, 0x00, 0x00, 0x00, 0x00, 0x00, 0x03,
  0xc9, 0x00, 0x01, 0x05, 0x05, 0x0a, 0xbe, 0x05, 0x12, 0x08, 0x75, 0x05,
  0x09, 0x87, 0x7f, 0x4d, 0xf0, 0x05, 0x00, 0x06, 0x03, 0xae, 0x7f, 0xba,
  0x05, 0x05, 0x06, 0x03, 0xd7, 0x00, 0x4a, 0x06, 0x0b, 0x4a, 0x02, 0x0c,
  0x00, 0x01, 0x01, 0x00, 0x09, 0x02, 0xc0, 0x40, 0x00, 0x00, 0x00, 0x00,
  0x00, 0x00, 0x03, 0xdb, 0x00, 0x01, 0x05, 0x09, 0x0a, 0xf5, 0x05, 0x12,
  0x4f, 0x05, 0x11, 0x06, 0x4a, 0x03, 0x9c, 0x7f, 0x4a, 0x05, 0x19, 0x03,
  0xe4, 0x00, 0x82, 0x05, 0x11, 0x4a, 0x05, 0x09, 0x06, 0x4b, 0x05, 0x15,
  0x87, 0x05, 0x00, 0x06, 0x03, 0x96, 0x7f, 0x4a, 0x05, 0x14, 0x03, 0xea,
  0x00, 0x4a, 0x05, 0x1c, 0xba, 0x05, 0x14, 0x4a, 0x05, 0x09, 0x06, 0x4b,
  0x05, 0x00, 0x06, 0x03, 0x95, 0x7f, 0x4a, 0x05, 0x05, 0x06, 0x03, 0xf0,
  0x00, 0x4a, 0x05, 0x3d, 0x08, 0xad, 0x05, 0x12, 0x06, 0x4a, 0x05, 0x06,
  0x06, 0x84, 0x05, 0x12, 0x48, 0x05, 0x05, 0x4c, 0x05, 0x0d, 0x06, 0xf2,
  0x05, 0x05, 0x4a, 0x05, 0x09, 0x06, 0x4f, 0x7f, 0x4d, 0x06, 0x03, 0x88,
  0x7f, 0xf2, 0x06, 0x03, 0xe0, 0x00, 0x82, 0x08, 0x42, 0x08, 0x7a, 0x05,
  0x00, 0x06, 0x03, 0x94, 0x7f, 0xf2, 0x05, 0x01, 0x06, 0x0b, 0x03, 0xfc,
  0x00, 0xba, 0x05, 0x09, 0x03, 0x7a, 0xf2, 0x06, 0x03, 0x8a, 0x7f, 0xf2,
  0x05, 0x05, 0x06, 0x03, 0xf7, 0x00, 0x4a, 0x02, 0x04, 0x00, 0x01, 0x01,
  0xe2, 0x03, 0x00, 0x00, 0x04, 0x00, 0x31, 0x02, 0x00, 0x00, 0x01, 0x01,
  0x01, 0xfb, 0x0e, 0x0d, 0x00, 0x01, 0x01, 0x01, 0x01, 0x00, 0x00, 0x00,
  0x01, 0x00, 0x00, 0x01, 0x2f, 0x55, 0x73, 0x65, 0x72, 0x73, 0x2f, 0x6b,
  0x69, 0x72, 0x65, 0x72, 0x2f, 0x70, 0x72, 0x6f, 0x6a, 0x65, 0x63, 0x74,
  0x73, 0x2f, 0x61, 0x6e, 0x64, 0x72, 0x6f, 0x69, 0x64, 0x2f, 0x4b, 0x53,
  0x65, 0x72, 0x76, 0x65, 0x72, 0x00, 0x2f, 0x55, 0x73, 0x65, 0x72, 0x73,
  0x2f, 0x6b, 0x69, 0x72, 0x65, 0x72, 0x00, 0x00, 0x73, 0x65, 0x72, 0x76,
  0x65, 0x72, 0x2d, 0x6b, 0x2f, 0x73, 0x72, 0x63, 0x2f, 0x6d, 0x61, 0x69,
  0x6e, 0x2f, 0x63, 0x70, 0x70, 0x2f, 0x73, 0x65, 0x72, 0x76, 0x65, 0x72,
  0x2f, 0x74, 0x72, 0x61, 0x6e, 0x73, 0x70, 0x6f, 0x72, 0x74, 0x2f, 0x73,
  0x65, 0x72, 0x76, 0x65, 0x72, 0x5f, 0x73, 0x68, 0x61, 0x72, 0x65, 0x64,
  0x5f, 0x6d, 0x65, 0x6d, 0x6f, 0x72, 0x79, 0x2e, 0x63, 0x00, 0x01, 0x00,
  0x00, 0x73, 0x65, 0x72, 0x76, 0x65, 0x72, 0x2d, 0x6b, 0x2f, 0x73, 0x72,
  0x63, 0x2f, 0x6d, 0x61, 0x69, 0x6e, 0x2f, 0x63, 0x70, 0x70, 0x2f, 0x73,
  0x65, 0x72, 0x76, 0x65, 0x72, 0x2f, 0x74, 0x72, 0x61, 0x6e, 0x73, 0x70,
  0x6f, 0x72, 0x74, 0x2f, 0x2e, 0x2e, 0x2f, 0x63, 0x6f, 0x72, 0x65, 0x2f,
  0x73, 0x65, 0x72, 0x76, 0x65, 0x72, 0x5f, 0x63, 0x6f, 0x72, 0x65, 0x2e,
  0x68, 0x00, 0x01, 0x00, 0x00, 0x4c, 0x69, 0x62, 0x72, 0x61, 0x72, 0x79,
  0x2f, 0x41, 0x6e, 0x64, 0x72, 0x6f, 0x69, 0x64, 0x2f, 0x73, 0x64, 0x6b,
  0x2f, 0x6e, 0x64, 0x6b, 0x2f, 0x32, 0x39, 0x2e, 0x30, 0x2e, 0x31, 0x33,
  0x31, 0x31, 0x33, 0x34, 0x35, 0x36, 0x2f, 0x74, 0x6f, 0x6f, 0x6c, 0x63,
  0x68, 0x61, 0x69, 0x6e, 0x73, 0x2f, 0x6c, 0x6c, 0x76, 0x6d, 0x2f, 0x70,
  0x72, 0x65, 0x62, 0x75, 0x69, 0x6c, 0x74, 0x2f, 0x64, 0x61, 0x72, 0x77,
  0x69, 0x6e, 0x2d, 0x78, 0x38, 0x36, 0x5f, 0x36, 0x34, 0x2f, 0x73, 0x79,
  0x73, 0x72, 0x6f, 0x6f, 0x74, 0x2f, 0x75, 0x73, 0x72, 0x2f, 0x69, 0x6e,
  0x63, 0x6c, 0x75, 0x64, 0x65, 0x2f, 0x73, 0x74, 0x64, 0x69, 0x6e, 0x74,
  0x2e, 0x68, 0x00, 0x02, 0x00, 0x00, 0x4c, 0x69, 0x62, 0x72, 0x61, 0x72,
  0x79, 0x2f, 0x41, 0x6e, 0x64, 0x72, 0x6f, 0x69, 0x64, 0x2f, 0x73, 0x64,
  0x6b, 0x2f, 0x6e, 0x64, 0x6b, 0x2f, 0x32, 0x39, 0x2e, 0x30, 0x2e, 0x31,
  0x33, 0x31, 0x31, 0x33, 0x34, 0x35, 0x36, 0x2f, 0x74, 0x6f, 0x6f, 0x6c,
  0x63, 0x68, 0x61, 0x69, 0x6e, 0x73, 0x2f, 0x6c, 0x6c, 0x76, 0x6d, 0x2f,
  0x70, 0x72, 0x65, 0x62, 0x75, 0x69, 0x6c, 0x74, 0x2f, 0x64, 0x61, 0x72,
  0x77, 0x69, 0x6e, 0x2d, 0x78, 0x38, 0x36, 0x5f, 0x36, 0x34, 0x2f, 0x6c,
  0x69, 0x62, 0x2f, 0x63, 0x6c, 0x61, 0x6e, 0x67, 0x2f, 0x32, 0x30, 0x2f,
  0x69, 0x6e, 0x63, 0x6c, 0x75, 0x64, 0x65, 0x2f, 0x5f, 0x5f, 0x73, 0x74,
  0x64, 0x64, 0x65, 0x66, 0x5f, 0x73, 0x69, 0x7a, 0x65, 0x5f, 0x74, 0x2e,
  0x68, 0x00, 0x02, 0x00, 0x00, 0x73, 0x65, 0x72, 0x76, 0x65, 0x72, 0x2d,
  0x6b, 0x2f, 0x73, 0x72, 0x63, 0x2f, 0x6d, 0x61, 0x69, 0x6e, 0x2f, 0x63,
  0x70, 0x70, 0x2f, 0x73, 0x65, 0x72, 0x76, 0x65, 0x72, 0x2f, 0x74, 0x72,
  0x61, 0x6e, 0x73, 0x70, 0x6f, 0x72, 0x74, 0x2f, 0x2e, 0x2e, 0x2f, 0x63,
  0x6f, 0x72, 0x65, 0x2f, 0x2e, 0x2e, 0x2f, 0x2e, 0x2e, 0x2f, 0x63, 0x6f,
  0x6d, 0x6d, 0x6f, 0x6e, 0x2f, 0x6c, 0x6f, 0x67, 0x2e, 0x68, 0x00, 0x01,
  0x00, 0x00, 0x73, 0x65, 0x72, 0x76, 0x65, 0x72, 0x2d, 0x6b, 0x2f, 0x73,
  0x72, 0x63, 0x2f, 0x6d, 0x61, 0x69, 0x6e, 0x2f, 0x63, 0x70, 0x70, 0x2f,
  0x73, 0x65, 0x72, 0x76, 0x65, 0x72, 0x2f, 0x74, 0x72, 0x61, 0x6e, 0x73,
  0x70, 0x6f, 0x72, 0x74, 0x2f, 0x2e, 0x2e, 0x2f, 0x2e, 0x2e, 0x2f, 0x63,
  0x6f, 0x6d, 0x6d, 0x6f, 0x6e, 0x2f, 0x61, 0x73, 0x68, 0x6d, 0x65, 0x6d,
  0x2e, 0x68, 0x00, 0x01, 0x00, 0x00, 0x00, 0x00, 0x09, 0x02, 0xf4, 0x41,
  0x00, 0x00, 0x00, 0x00, 0x00, 0x00, 0x03, 0x0e, 0x01, 0x05, 0x09, 0x0a,
  0xbb, 0x06, 0x03, 0x70, 0x4a, 0x05, 0x05, 0x06, 0x03, 0x15, 0x4a, 0x05,
  0x11, 0x08, 0x77, 0x05, 0x05, 0x4f, 0x05, 0x09, 0x7d, 0x05, 0x05, 0x87,
  0x06, 0x03, 0x63, 0xf2, 0x05, 0x09, 0x06, 0x03, 0x11, 0x82, 0x06, 0x03,
  0x6f, 0x08, 0x74, 0x06, 0x03, 0x19, 0x4a, 0x06, 0x03, 0x67, 0xf2, 0x05,
  0x01, 0x06, 0x0b, 0x03, 0x21, 0x4a, 0x02, 0x0c, 0x00, 0x01, 0x01, 0x00,
  0x09, 0x02, 0x88, 0x42, 0x00, 0x00, 0x00, 0x00, 0x00, 0x00, 0x03, 0x23,
  0x01, 0x05, 0x05, 0x0a, 0xbb, 0x05, 0x31, 0x08, 0x77, 0x05, 0x12, 0x06,
  0xba, 0x05, 0x09, 0x06, 0x4b, 0x05, 0x00, 0x06, 0x03, 0x57, 0x4a, 0x05,
  0x09, 0x06, 0x03, 0x2a, 0x4a, 0x06, 0x03, 0x56, 0x08, 0x74, 0x06, 0x03,
  0x2b, 0x4a, 0x05, 0x35, 0x4e, 0x05, 0x37, 0x4b, 0x05, 0x05, 0x4c, 0x05,
  0x35, 0x7f, 0x05, 0x37, 0x4b, 0x05, 0x05, 0x4c, 0x05, 0x35, 0xb7, 0x05,
  0x37, 0x4b, 0x05, 0x33, 0x49, 0x05, 0x35, 0x4b, 0x05, 0x05, 0x4c, 0x06,
  0x03, 0x4e, 0x4a, 0x05, 0x01, 0x06, 0x0b, 0x03, 0x34, 0x4a, 0x02, 0x0c,
  0x00, 0x01, 0x01, 0x00, 0x09, 0x02, 0x2c, 0x43, 0x00, 0x00, 0x00, 0x00,
  0x00, 0x00, 0x03, 0x36, 0x01, 0x05, 0x05, 0x0a, 0x83, 0x05, 0x12, 0x08,
  0x77, 0x05, 0x09, 0x4b, 0x4b, 0x05, 0x33, 0x08, 0x78, 0x05, 0x05, 0x85,
  0x05, 0x33, 0x7f, 0x05, 0x05, 0x4d, 0x05, 0x33, 0xb7, 0x05, 0x35, 0x4b,
  0x05, 0x05, 0x4c, 0x4b, 0x06, 0x0b, 0x4a, 0x02, 0x08, 0x00, 0x01, 0x01,
  0x00, 0x09, 0x02, 0xa4, 0x43, 0x00, 0x00, 0x00, 0x00, 0x00, 0x00, 0x03,
  0xc8, 0x00, 0x01, 0x05, 0x0f, 0x0a, 0xbb, 0x05, 0x0a, 0x87, 0x05, 0x09,
  0x06, 0xba, 0x05, 0x05, 0x06, 0x4f, 0x05, 0x12, 0x02, 0x28, 0x14, 0x05,
  0x09, 0xbe, 0x7f, 0x06, 0x03, 0xa9, 0x7f, 0x4a, 0x06, 0x03, 0xda, 0x00,
  0x4a, 0x06, 0x03, 0xa6, 0x7f, 0x08, 0x3c, 0x06, 0x03, 0xcb, 0x00, 0x82,
  0x06, 0x03, 0xb5, 0x7f, 0x08, 0x3c, 0x06, 0x03, 0xd0, 0x00, 0x4a, 0x05,
  0x00, 0x06, 0x03, 0xb0, 0x7f, 0x08, 0x3c, 0x05, 0x01, 0x06, 0x0b, 0x03,
  0xde, 0x00, 0x82, 0x05, 0x09, 0x03, 0x7a, 0xba, 0x06, 0x03, 0xa8, 0x7f,
  0xba, 0x05, 0x05, 0x06, 0x03, 0xd9, 0x00, 0x4a, 0x02, 0x04, 0x00, 0x01,
  0x01, 0x00, 0x09, 0x02, 0x7c, 0x44, 0x00, 0x00, 0x00, 0x00, 0x00, 0x00,
  0x03, 0xe0, 0x00, 0x01, 0x05, 0x05, 0x0a, 0xbb, 0x05, 0x12, 0x08, 0xaf,
  0x05, 0x33, 0x4d, 0x05, 0x12, 0x47, 0x06, 0x03, 0x9b, 0x7f, 0x4a, 0x05,
  0x33, 0x06, 0x03, 0xe8, 0x00, 0x4a, 0x05, 0x05, 0x4d, 0x05, 0x33, 0xef,
  0x05, 0x35, 0x4b, 0x05, 0x05, 0x4c, 0x4b, 0x06, 0x0b, 0x4a, 0x02, 0x0c,
  0x00, 0x01, 0x01, 0x05, 0x05, 0x0a, 0x00, 0x09, 0x02, 0xe4, 0x44, 0x00,
  0x00, 0x00, 0x00, 0x00, 0x00, 0x03, 0xf0, 0x00, 0x01, 0x02, 0x0c, 0x00,
  0x01, 0x01, 0xcb, 0x0d, 0x00, 0x00, 0x04, 0x00, 0x1e, 0x09, 0x00, 0x00,
  0x01, 0x01, 0x01, 0xfb, 0x0e, 0x0d, 0x00, 0x01, 0x01, 0x01, 0x01, 0x00,
  0x00, 0x00, 0x01, 0x00, 0x00, 0x01, 0x2f, 0x55, 0x73, 0x65, 0x72, 0x73,
  0x2f, 0x6b, 0x69, 0x72, 0x65, 0x72, 0x2f, 0x70, 0x72, 0x6f, 0x6a, 0x65,
  0x63, 0x74, 0x73, 0x2f, 0x61, 0x6e, 0x64, 0x72, 0x6f, 0x69, 0x64, 0x2f,
  0x4b, 0x53, 0x65, 0x72, 0x76, 0x65, 0x72, 0x00, 0x2f, 0x55, 0x73, 0x65,
  0x72, 0x73, 0x2f, 0x6b, 0x69, 0x72, 0x65, 0x72, 0x00, 0x00, 0x73, 0x65,
  0x72, 0x76, 0x65, 0x72, 0x2d, 0x6b, 0x2f, 0x73, 0x72, 0x63, 0x2f, 0x6d,
  0x61, 0x69, 0x6e, 0x2f, 0x63, 0x70, 0x70, 0x2f, 0x73, 0x65, 0x72, 0x76,
  0x65, 0x72, 0x2f, 0x74, 0x72, 0x61, 0x6e, 0x73, 0x70, 0x6f, 0x72, 0x74,
  0x2f, 0x73, 0x65, 0x72, 0x76, 0x65, 0x72, 0x5f, 0x75, 0x6e, 0x69, 0x78,
  0x2e, 0x63, 0x00, 0x01, 0x00, 0x00, 0x73, 0x65, 0x72, 0x76, 0x65, 0x72,
  0x2d, 0x6b, 0x2f, 0x73, 0x72, 0x63, 0x2f, 0x6d, 0x61, 0x69, 0x6e, 0x2f,
  0x63, 0x70, 0x70, 0x2f, 0x73, 0x65, 0x72, 0x76, 0x65, 0x72, 0x2f, 0x74,
  0x72, 0x61, 0x6e, 0x73, 0x70, 0x6f, 0x72, 0x74, 0x2f, 0x2e, 0x2e, 0x2f,
  0x63, 0x6f, 0x72, 0x65, 0x2f, 0x73, 0x65, 0x72, 0x76, 0x65, 0x72, 0x5f,
  0x63, 0x6f, 0x72, 0x65, 0x2e, 0x68, 0x00, 0x01, 0x00, 0x00, 0x4c, 0x69,
  0x62, 0x72, 0x61, 0x72, 0x79, 0x2f, 0x41, 0x6e, 0x64, 0x72, 0x6f, 0x69,
  0x64, 0x2f, 0x73, 0x64, 0x6b, 0x2f, 0x6e, 0x64, 0x6b, 0x2f, 0x32, 0x39,
  0x2e, 0x30, 0x2e, 0x31, 0x33, 0x31, 0x31, 0x33, 0x34, 0x35, 0x36, 0x2f,
  0x74, 0x6f, 0x6f, 0x6c, 0x63, 0x68, 0x61, 0x69, 0x6e, 0x73, 0x2f, 0x6c,
  0x6c, 0x76, 0x6d, 0x2f, 0x70, 0x72, 0x65, 0x62, 0x75, 0x69, 0x6c, 0x74,
  0x2f, 0x64, 0x61, 0x72, 0x77, 0x69, 0x6e, 0x2d, 0x78, 0x38, 0x36, 0x5f,
  0x36, 0x34, 0x2f, 0x73, 0x79, 0x73, 0x72, 0x6f, 0x6f, 0x74, 0x2f, 0x75,
  0x73, 0x72, 0x2f, 0x69, 0x6e, 0x63, 0x6c, 0x75, 0x64, 0x65, 0x2f, 0x73,
  0x74, 0x64, 0x69, 0x6e, 0x74, 0x2e, 0x68, 0x00, 0x02, 0x00, 0x00, 0x4c,
  0x69, 0x62, 0x72, 0x61, 0x72, 0x79, 0x2f, 0x41, 0x6e, 0x64, 0x72, 0x6f,
  0x69, 0x64, 0x2f, 0x73, 0x64, 0x6b, 0x2f, 0x6e, 0x64, 0x6b, 0x2f, 0x32,
  0x39, 0x2e, 0x30, 0x2e, 0x31, 0x33, 0x31, 0x31, 0x33, 0x34, 0x35, 0x36,
  0x2f, 0x74, 0x6f, 0x6f, 0x6c, 0x63, 0x68, 0x61, 0x69, 0x6e, 0x73, 0x2f,
  0x6c, 0x6c, 0x76, 0x6d, 0x2f, 0x70, 0x72, 0x65, 0x62, 0x75, 0x69, 0x6c,
  0x74, 0x2f, 0x64, 0x61, 0x72, 0x77, 0x69, 0x6e, 0x2d, 0x78, 0x38, 0x36,
  0x5f, 0x36, 0x34, 0x2f, 0x6c, 0x69, 0x62, 0x2f, 0x63, 0x6c, 0x61, 0x6e,
  0x67, 0x2f, 0x32, 0x30, 0x2f, 0x69, 0x6e, 0x63, 0x6c, 0x75, 0x64, 0x65,
  0x2f, 0x5f, 0x5f, 0x73, 0x74, 0x64, 0x64, 0x65, 0x66, 0x5f, 0x73, 0x69,
  0x7a, 0x65, 0x5f, 0x74, 0x2e, 0x68, 0x00, 0x02, 0x00, 0x00, 0x73, 0x65,
  0x72, 0x76, 0x65, 0x72, 0x2d, 0x6b, 0x2f, 0x73, 0x72, 0x63, 0x2f, 0x6d,
  0x61, 0x69, 0x6e, 0x2f, 0x63, 0x70, 0x70, 0x2f, 0x73, 0x65, 0x72, 0x76,
  0x65, 0x72, 0x2f, 0x74, 0x72, 0x61, 0x6e, 0x73, 0x70, 0x6f, 0x72, 0x74,
  0x2f, 0x2e, 0x2e, 0x2f, 0x63, 0x6f, 0x72, 0x65, 0x2f, 0x2e, 0x2e, 0x2f,
  0x2e, 0x2e, 0x2f, 0x63, 0x6f, 0x6d, 0x6d, 0x6f, 0x6e, 0x2f, 0x6c, 0x6f,
  0x67, 0x2e, 0x68, 0x00, 0x01, 0x00, 0x00, 0x4c, 0x69, 0x62, 0x72, 0x61,
  0x72, 0x79, 0x2f, 0x41, 0x6e, 0x64, 0x72, 0x6f, 0x69, 0x64, 0x2f, 0x73,
  0x64, 0x6b, 0x2f, 0x6e, 0x64, 0x6b, 0x2f, 0x32, 0x39, 0x2e, 0x30, 0x2e,
  0x31, 0x33, 0x31, 0x31, 0x33, 0x34, 0x35, 0x36, 0x2f, 0x74, 0x6f, 0x6f,
  0x6c, 0x63, 0x68, 0x61, 0x69, 0x6e, 0x73, 0x2f, 0x6c, 0x6c, 0x76, 0x6d,
  0x2f, 0x70, 0x72, 0x65, 0x62, 0x75, 0x69, 0x6c, 0x74, 0x2f, 0x64, 0x61,
  0x72, 0x77, 0x69, 0x6e, 0x2d, 0x78, 0x38, 0x36, 0x5f, 0x36, 0x34, 0x2f,
  0x73, 0x79, 0x73, 0x72, 0x6f, 0x6f, 0x74, 0x2f, 0x75, 0x73, 0x72, 0x2f,
  0x69, 0x6e, 0x63, 0x6c, 0x75, 0x64, 0x65, 0x2f, 0x62, 0x69, 0x74, 0x73,
  0x2f, 0x73, 0x61, 0x5f, 0x66, 0x61, 0x6d, 0x69, 0x6c, 0x79, 0x5f, 0x74,
  0x2e, 0x68, 0x00, 0x02, 0x00, 0x00, 0x4c, 0x69, 0x62, 0x72, 0x61, 0x72,
  0x79, 0x2f, 0x41, 0x6e, 0x64, 0x72, 0x6f, 0x69, 0x64, 0x2f, 0x73, 0x64,
  0x6b, 0x2f, 0x6e, 0x64, 0x6b, 0x2f, 0x32, 0x39, 0x2e, 0x30, 0x2e, 0x31,
  0x33, 0x31, 0x31, 0x33, 0x34, 0x35, 0x36, 0x2f, 0x74, 0x6f, 0x6f, 0x6c,
  0x63, 0x68, 0x61, 0x69, 0x6e, 0x73, 0x2f, 0x6c, 0x6c, 0x76, 0x6d, 0x2f,
  0x70, 0x72, 0x65, 0x62, 0x75, 0x69, 0x6c, 0x74, 0x2f, 0x64, 0x61, 0x72,
  0x77, 0x69, 0x6e, 0x2d, 0x78, 0x38, 0x36, 0x5f, 0x36, 0x34, 0x2f, 0x73,
  0x79, 0x73, 0x72, 0x6f, 0x6f, 0x74, 0x2f, 0x75, 0x73, 0x72, 0x2f, 0x69,
  0x6e, 0x63, 0x6c, 0x75, 0x64, 0x65, 0x2f, 0x73, 0x79, 0x73, 0x2f, 0x73,
  0x6f, 0x63, 0x6b, 0x65, 0x74, 0x2e, 0x68, 0x00, 0x02, 0x00, 0x00, 0x4c,
  0x69, 0x62, 0x72, 0x61, 0x72, 0x79, 0x2f, 0x41, 0x6e, 0x64, 0x72, 0x6f,
  0x69, 0x64, 0x2f, 0x73, 0x64, 0x6b, 0x2f, 0x6e, 0x64, 0x6b, 0x2f, 0x32,
  0x39, 0x2e, 0x30, 0x2e, 0x31, 0x33, 0x31, 0x31, 0x33, 0x34, 0x35, 0x36,
  0x2f, 0x74, 0x6f, 0x6f, 0x6c, 0x63, 0x68, 0x61, 0x69, 0x6e, 0x73, 0x2f,
  0x6c, 0x6c, 0x76, 0x6d, 0x2f, 0x70, 0x72, 0x65, 0x62, 0x75, 0x69, 0x6c,
  0x74, 0x2f, 0x64, 0x61, 0x72, 0x77, 0x69, 0x6e, 0x2d, 0x78, 0x38, 0x36,
  0x5f, 0x36, 0x34, 0x2f, 0x73, 0x79, 0x73, 0x72, 0x6f, 0x6f, 0x74, 0x2f,
  0x75, 0x73, 0x72, 0x2f, 0x69, 0x6e, 0x63, 0x6c, 0x75, 0x64, 0x65, 0x2f,
  0x61, 0x73, 0x6d, 0x2d, 0x67, 0x65, 0x6e, 0x65, 0x72, 0x69, 0x63, 0x2f,
  0x70, 0x6f, 0x73, 0x69, 0x78, 0x5f, 0x74, 0x79, 0x70, 0x65, 0x73, 0x2e,
  0x68, 0x00, 0x02, 0x00, 0x00, 0x4c, 0x69, 0x62, 0x72, 0x61, 0x72, 0x79,
  0x2f, 0x41, 0x6e, 0x64, 0x72, 0x6f, 0x69, 0x64, 0x2f, 0x73, 0x64, 0x6b,
  0x2f, 0x6e, 0x64, 0x6b, 0x2f, 0x32, 0x39, 0x2e, 0x30, 0x2e, 0x31, 0x33,
  0x31, 0x31, 0x33, 0x34, 0x35, 0x36, 0x2f, 0x74, 0x6f, 0x6f, 0x6c, 0x63,
  0x68, 0x61, 0x69, 0x6e, 0x73, 0x2f, 0x6c, 0x6c, 0x76, 0x6d, 0x2f, 0x70,
  0x72, 0x65, 0x62, 0x75, 0x69, 0x6c, 0x74, 0x2f, 0x64, 0x61, 0x72, 0x77,
  0x69, 0x6e, 0x2d, 0x78, 0x38, 0x36, 0x5f, 0x36, 0x34, 0x2f, 0x73, 0x79,
  0x73, 0x72, 0x6f, 0x6f, 0x74, 0x2f, 0x75, 0x73, 0x72, 0x2f, 0x69, 0x6e,
  0x63, 0x6c, 0x75, 0x64, 0x65, 0x2f, 0x73, 0x79, 0x73, 0x2f, 0x74, 0x79,
  0x70, 0x65, 0x73, 0x2e, 0x68, 0x00, 0x02, 0x00, 0x00, 0x4c, 0x69, 0x62,
  0x72, 0x61, 0x72, 0x79, 0x2f, 0x41, 0x6e, 0x64, 0x72, 0x6f, 0x69, 0x64,
  0x2f, 0x73, 0x64, 0x6b, 0x2f, 0x6e, 0x64, 0x6b, 0x2f, 0x32, 0x39, 0x2e,
  0x30, 0x2e, 0x31, 0x33, 0x31, 0x31, 0x33, 0x34, 0x35, 0x36, 0x2f, 0x74,
  0x6f, 0x6f, 0x6c, 0x63, 0x68, 0x61, 0x69, 0x6e, 0x73, 0x2f, 0x6c, 0x6c,
  0x76, 0x6d, 0x2f, 0x70, 0x72, 0x65, 0x62, 0x75, 0x69, 0x6c, 0x74, 0x2f,
  0x64, 0x61, 0x72, 0x77, 0x69, 0x6e, 0x2d, 0x78, 0x38, 0x36, 0x5f, 0x36,
  0x34, 0x2f, 0x73, 0x79, 0x73, 0x72, 0x6f, 0x6f, 0x74, 0x2f, 0x75, 0x73,
  0x72, 0x2f, 0x69, 0x6e, 0x63, 0x6c, 0x75, 0x64, 0x65, 0x2f, 0x62, 0x69,
  0x74, 0x73, 0x2f, 0x66, 0x6f, 0x72, 0x74, 0x69, 0x66, 0x79, 0x2f, 0x73,
  0x74, 0x72, 0x69, 0x6e, 0x67, 0x2e, 0x68, 0x00, 0x02, 0x00, 0x00, 0x4c,
  0x69, 0x62, 0x72, 0x61, 0x72, 0x79, 0x2f, 0x41, 0x6e, 0x64, 0x72, 0x6f,
  0x69, 0x64, 0x2f, 0x73, 0x64, 0x6b, 0x2f, 0x6e, 0x64, 0x6b, 0x2f, 0x32,
  0x39, 0x2e, 0x30, 0x2e, 0x31, 0x33, 0x31, 0x31, 0x33, 0x34, 0x35, 0x36,
  0x2f, 0x74, 0x6f, 0x6f, 0x6c, 0x63, 0x68, 0x61, 0x69, 0x6e, 0x73, 0x2f,
  0x6c, 0x6c, 0x76, 0x6d, 0x2f, 0x70, 0x72, 0x65, 0x62, 0x75, 0x69, 0x6c,
  0x74, 0x2f, 0x64, 0x61, 0x72, 0x77, 0x69, 0x6e, 0x2d, 0x78, 0x38, 0x36,
  0x5f, 0x36, 0x34, 0x2f, 0x73, 0x79, 0x73, 0x72, 0x6f, 0x6f, 0x74, 0x2f,
  0x75, 0x73, 0x72, 0x2f, 0x69, 0x6e, 0x63, 0x6c, 0x75, 0x64, 0x65, 0x2f,
  0x62, 0x69, 0x74, 0x73, 0x2f, 0x66, 0x63, 0x6e, 0x74, 0x6c, 0x2e, 0x68,
  0x00, 0x02, 0x00, 0x00, 0x4c, 0x69, 0x62, 0x72, 0x61, 0x72, 0x79, 0x2f,
  0x41, 0x6e, 0x64, 0x72, 0x6f, 0x69, 0x64, 0x2f, 0x73, 0x64, 0x6b, 0x2f,
  0x6e, 0x64, 0x6b, 0x2f, 0x32, 0x39, 0x2e, 0x30, 0x2e, 0x31, 0x33, 0x31,
  0x31, 0x33, 0x34, 0x35, 0x36, 0x2f, 0x74, 0x6f, 0x6f, 0x6c, 0x63, 0x68,
  0x61, 0x69, 0x6e, 0x73, 0x2f, 0x6c, 0x6c, 0x76, 0x6d, 0x2f, 0x70, 0x72,
  0x65, 0x62, 0x75, 0x69, 0x6c, 0x74, 0x2f, 0x64, 0x61, 0x72, 0x77, 0x69,
  0x6e, 0x2d, 0x78, 0x38, 0x36, 0x5f, 0x36, 0x34, 0x2f, 0x73, 0x79, 0x73,
  0x72, 0x6f, 0x6f, 0x74, 0x2f, 0x75, 0x73, 0x72, 0x2f, 0x69, 0x6e, 0x63,
  0x6c, 0x75, 0x64, 0x65, 0x2f, 0x65, 0x72, 0x72, 0x6e, 0x6f, 0x2e, 0x68,
  0x00, 0x02, 0x00, 0x00, 0x4c, 0x69, 0x62, 0x72, 0x61, 0x72, 0x79, 0x2f,
  0x41, 0x6e, 0x64, 0x72, 0x6f, 0x69, 0x64, 0x2f, 0x73, 0x64, 0x6b, 0x2f,
  0x6e, 0x64, 0x6b, 0x2f, 0x32, 0x39, 0x2e, 0x30, 0x2e, 0x31, 0x33, 0x31,
  0x31, 0x33, 0x34, 0x35, 0x36, 0x2f, 0x74, 0x6f, 0x6f, 0x6c, 0x63, 0x68,
  0x61, 0x69, 0x6e, 0x73, 0x2f, 0x6c, 0x6c, 0x76, 0x6d, 0x2f, 0x70, 0x72,
  0x65, 0x62, 0x75, 0x69, 0x6c, 0x74, 0x2f, 0x64, 0x61, 0x72, 0x77, 0x69,
  0x6e, 0x2d, 0x78, 0x38, 0x36, 0x5f, 0x36, 0x34, 0x2f, 0x73, 0x79, 0x73,
  0x72, 0x6f, 0x6f, 0x74, 0x2f, 0x75, 0x73, 0x72, 0x2f, 0x69, 0x6e, 0x63,
  0x6c, 0x75, 0x64, 0x65, 0x2f, 0x73, 0x74, 0x72, 0x69, 0x6e, 0x67, 0x2e,
  0x68, 0x00, 0x02, 0x00, 0x00, 0x4c, 0x69, 0x62, 0x72, 0x61, 0x72, 0x79,
  0x2f, 0x41, 0x6e, 0x64, 0x72, 0x6f, 0x69, 0x64, 0x2f, 0x73, 0x64, 0x6b,
  0x2f, 0x6e, 0x64, 0x6b, 0x2f, 0x32, 0x39, 0x2e, 0x30, 0x2e, 0x31, 0x33,
  0x31, 0x31, 0x33, 0x34, 0x35, 0x36, 0x2f, 0x74, 0x6f, 0x6f, 0x6c, 0x63,
  0x68, 0x61, 0x69, 0x6e, 0x73, 0x2f, 0x6c, 0x6c, 0x76, 0x6d, 0x2f, 0x70,
  0x72, 0x65, 0x62, 0x75, 0x69, 0x6c, 0x74, 0x2f, 0x64, 0x61, 0x72, 0x77,
  0x69, 0x6e, 0x2d, 0x78, 0x38, 0x36, 0x5f, 0x36, 0x34, 0x2f, 0x73, 0x79,
  0x73, 0x72, 0x6f, 0x6f, 0x74, 0x2f, 0x75, 0x73, 0x72, 0x2f, 0x69, 0x6e,
  0x63, 0x6c, 0x75, 0x64, 0x65, 0x2f, 0x75, 0x6e, 0x69, 0x73, 0x74, 0x64,
  0x2e, 0x68, 0x00, 0x02, 0x00, 0x00, 0x4c, 0x69, 0x62, 0x72, 0x61, 0x72,
  0x79, 0x2f, 0x41, 0x6e, 0x64, 0x72, 0x6f, 0x69, 0x64, 0x2f, 0x73, 0x64,
  0x6b, 0x2f, 0x6e, 0x64, 0x6b, 0x2f, 0x32, 0x39, 0x2e, 0x30, 0x2e, 0x31,
  0x33, 0x31, 0x31, 0x33, 0x34, 0x35, 0x36, 0x2f, 0x74, 0x6f, 0x6f, 0x6c,
  0x63, 0x68, 0x61, 0x69, 0x6e, 0x73, 0x2f, 0x6c, 0x6c, 0x76, 0x6d, 0x2f,
  0x70, 0x72, 0x65, 0x62, 0x75, 0x69, 0x6c, 0x74, 0x2f, 0x64, 0x61, 0x72,
  0x77, 0x69, 0x6e, 0x2d, 0x78, 0x38, 0x36, 0x5f, 0x36, 0x34, 0x2f, 0x73,
  0x79, 0x73, 0x72, 0x6f, 0x6f, 0x74, 0x2f, 0x75, 0x73, 0x72, 0x2f, 0x69,
  0x6e, 0x63, 0x6c, 0x75, 0x64, 0x65, 0x2f, 0x62, 0x69, 0x74, 0x73, 0x2f,
  0x66, 0x6f, 0x72, 0x74, 0x69, 0x66, 0x79, 0x2f, 0x73, 0x74, 0x64, 0x69,
  0x6f, 0x2e, 0x68, 0x00, 0x02, 0x00, 0x00, 0x4c, 0x69, 0x62, 0x72, 0x61,
  0x72, 0x79, 0x2f, 0x41, 0x6e, 0x64, 0x72, 0x6f, 0x69, 0x64, 0x2f, 0x73,
  0x64, 0x6b, 0x2f, 0x6e, 0x64, 0x6b, 0x2f, 0x32, 0x39, 0x2e, 0x30, 0x2e,
  0x31, 0x33, 0x31, 0x31, 0x33, 0x34, 0x35, 0x36, 0x2f, 0x74, 0x6f, 0x6f,
  0x6c, 0x63, 0x68, 0x61, 0x69, 0x6e, 0x73, 0x2f, 0x6c, 0x6c, 0x76, 0x6d,
  0x2f, 0x70, 0x72, 0x65, 0x62, 0x75, 0x69, 0x6c, 0x74, 0x2f, 0x64, 0x61,
  0x72, 0x77, 0x69, 0x6e, 0x2d, 0x78, 0x38, 0x36, 0x5f, 0x36, 0x34, 0x2f,
  0x73, 0x79, 0x73, 0x72, 0x6f, 0x6f, 0x74, 0x2f, 0x75, 0x73, 0x72, 0x2f,
  0x69, 0x6e, 0x63, 0x6c, 0x75, 0x64, 0x65, 0x2f, 0x73, 0x79, 0x73, 0x2f,
  0x73, 0x65, 0x6c, 0x65, 0x63, 0x74, 0x2e, 0x68, 0x00, 0x02, 0x00, 0x00,
  0x4c, 0x69, 0x62, 0x72, 0x61, 0x72, 0x79, 0x2f, 0x41, 0x6e, 0x64, 0x72,
  0x6f, 0x69, 0x64, 0x2f, 0x73, 0x64, 0x6b, 0x2f, 0x6e, 0x64, 0x6b, 0x2f,
  0x32, 0x39, 0x2e, 0x30, 0x2e, 0x31, 0x33, 0x31, 0x31, 0x33, 0x34, 0x35,
  0x36, 0x2f, 0x74, 0x6f, 0x6f, 0x6c, 0x63, 0x68, 0x61, 0x69, 0x6e, 0x73,
  0x2f, 0x6c, 0x6c, 0x76, 0x6d, 0x2f, 0x70, 0x72, 0x65, 0x62, 0x75, 0x69,
  0x6c, 0x74, 0x2f, 0x64, 0x61, 0x72, 0x77, 0x69, 0x6e, 0x2d, 0x78, 0x38,
  0x36, 0x5f, 0x36, 0x34, 0x2f, 0x73, 0x79, 0x73, 0x72, 0x6f, 0x6f, 0x74,
  0x2f, 0x75, 0x73, 0x72, 0x2f, 0x69, 0x6e, 0x63, 0x6c, 0x75, 0x64, 0x65,
  0x2f, 0x6c, 0x69, 0x6e, 0x75, 0x78, 0x2f, 0x74, 0x69, 0x6d, 0x65, 0x2e,
  0x68, 0x00, 0x02, 0x00, 0x00, 0x4c, 0x69, 0x62, 0x72, 0x61, 0x72, 0x79,
  0x2f, 0x41, 0x6e, 0x64, 0x72, 0x6f, 0x69, 0x64, 0x2f, 0x73, 0x64, 0x6b,
  0x2f, 0x6e, 0x64, 0x6b, 0x2f, 0x32, 0x39, 0x2e, 0x30, 0x2e, 0x31, 0x33,
  0x31, 0x31, 0x33, 0x34, 0x35, 0x36, 0x2f, 0x74, 0x6f, 0x6f, 0x6c, 0x63,
  0x68, 0x61, 0x69, 0x6e, 0x73, 0x2f, 0x6c, 0x6c, 0x76, 0x6d, 0x2f, 0x70,
  0x72, 0x65, 0x62, 0x75, 0x69, 0x6c, 0x74, 0x2f, 0x64, 0x61, 0x72, 0x77,
  0x69, 0x6e, 0x2d, 0x78, 0x38, 0x36, 0x5f, 0x36, 0x34, 0x2f, 0x73, 0x79,
  0x73, 0x72, 0x6f, 0x6f, 0x74, 0x2f, 0x75, 0x73, 0x72, 0x2f, 0x69, 0x6e,
  0x63, 0x6c, 0x75, 0x64, 0x65, 0x2f, 0x62, 0x69, 0x74, 0x73, 0x2f, 0x66,
  0x6f, 0x72, 0x74, 0x69, 0x66, 0x79, 0x2f, 0x73, 0x6f, 0x63, 0x6b, 0x65,
  0x74, 0x2e, 0x68, 0x00, 0x02, 0x00, 0x00, 0x4c, 0x69, 0x62, 0x72, 0x61,
  0x72, 0x79, 0x2f, 0x41, 0x6e, 0x64, 0x72, 0x6f, 0x69, 0x64, 0x2f, 0x73,
  0x64, 0x6b, 0x2f, 0x6e, 0x64, 0x6b, 0x2f, 0x32, 0x39, 0x2e, 0x30, 0x2e,
  0x31, 0x33, 0x31, 0x31, 0x33, 0x34, 0x35, 0x36, 0x2f, 0x74, 0x6f, 0x6f,
  0x6c, 0x63, 0x68, 0x61, 0x69, 0x6e, 0x73, 0x2f, 0x6c, 0x6c, 0x76, 0x6d,
  0x2f, 0x70, 0x72, 0x65, 0x62, 0x75, 0x69, 0x6c, 0x74, 0x2f, 0x64, 0x61,
  0x72, 0x77, 0x69, 0x6e, 0x2d, 0x78, 0x38, 0x36, 0x5f, 0x36, 0x34, 0x2f,
  0x73, 0x79, 0x73, 0x72, 0x6f, 0x6f, 0x74, 0x2f, 0x75, 0x73, 0x72, 0x2f,
  0x69, 0x6e, 0x63, 0x6c, 0x75, 0x64, 0x65, 0x2f, 0x6c, 0x69, 0x6e, 0x75,
  0x78, 0x2f, 0x73, 0x6f, 0x63, 0x6b, 0x65, 0x74, 0x2e, 0x68, 0x00, 0x02,
  0x00, 0x00, 0x4c, 0x69, 0x62, 0x72, 0x61, 0x72, 0x79, 0x2f, 0x41, 0x6e,
  0x64, 0x72, 0x6f, 0x69, 0x64, 0x2f, 0x73, 0x64, 0x6b, 0x2f, 0x6e, 0x64,
  0x6b, 0x2f, 0x32, 0x39, 0x2e, 0x30, 0x2e, 0x31, 0x33, 0x31, 0x31, 0x33,
  0x34, 0x35, 0x36, 0x2f, 0x74, 0x6f, 0x6f, 0x6c, 0x63, 0x68, 0x61, 0x69,
  0x6e, 0x73, 0x2f, 0x6c, 0x6c, 0x76, 0x6d, 0x2f, 0x70, 0x72, 0x65, 0x62,
  0x75, 0x69, 0x6c, 0x74, 0x2f, 0x64, 0x61, 0x72, 0x77, 0x69, 0x6e, 0x2d,
  0x78, 0x38, 0x36, 0x5f, 0x36, 0x34, 0x2f, 0x73, 0x79, 0x73, 0x72, 0x6f,
  0x6f, 0x74, 0x2f, 0x75, 0x73, 0x72, 0x2f, 0x69, 0x6e, 0x63, 0x6c, 0x75,
  0x64, 0x65, 0x2f, 0x6c, 0x69, 0x6e, 0x75, 0x78, 0x2f, 0x75, 0x6e, 0x2e,
  0x68, 0x00, 0x02, 0x00, 0x00, 0x4c, 0x69, 0x62, 0x72, 0x61, 0x72, 0x79,
  0x2f, 0x41, 0x6e, 0x64, 0x72, 0x6f, 0x69, 0x64, 0x2f, 0x73, 0x64, 0x6b,
  0x2f, 0x6e, 0x64, 0x6b, 0x2f, 0x32, 0x39, 0x2e, 0x30, 0x2e, 0x31, 0x33,
  0x31, 0x31, 0x33, 0x34, 0x35, 0x36, 0x2f, 0x74, 0x6f, 0x6f, 0x6c, 0x63,
  0x68, 0x61, 0x69, 0x6e, 0x73, 0x2f, 0x6c, 0x6c, 0x76, 0x6d, 0x2f, 0x70,
  0x72, 0x65, 0x62, 0x75, 0x69, 0x6c, 0x74, 0x2f, 0x64, 0x61, 0x72, 0x77,
  0x69, 0x6e, 0x2d, 0x78, 0x38, 0x36, 0x5f, 0x36, 0x34, 0x2f, 0x6c, 0x69,
  0x62, 0x2f, 0x63, 0x6c, 0x61, 0x6e, 0x67, 0x2f, 0x32, 0x30, 0x2f, 0x69,
  0x6e, 0x63, 0x6c, 0x75, 0x64, 0x65, 0x2f, 0x5f, 0x5f, 0x73, 0x74, 0x64,
  0x61, 0x72, 0x67, 0x5f, 0x76, 0x61, 0x5f, 0x6c, 0x69, 0x73, 0x74, 0x2e,
  0x68, 0x00, 0x02, 0x00, 0x00, 0x00, 0x00, 0x09, 0x02, 0xf0, 0x44, 0x00,
  0x00, 0x00, 0x00, 0x00, 0x00, 0x03, 0x12, 0x01, 0x05, 0x09, 0x0a, 0xbb,
  0x06, 0x03, 0x6c, 0x4a, 0x05, 0x05, 0x06, 0x03, 0x19, 0x4a, 0x04, 0x0a,
  0x05, 0x0c, 0x03, 0xd1, 0x01, 0x08, 0x74, 0x04, 0x01, 0x05, 0x09, 0x03,
  0xb2, 0x7e, 0x4a, 0x05, 0x3c, 0x51, 0x05, 0x05, 0xf7, 0x05, 0x18, 0x03,
  0x74, 0xf2, 0x05, 0x3c, 0x51, 0x05, 0x05, 0x4f, 0x05, 0x37, 0x47, 0x05,
  0x3c, 0x48, 0x05, 0x34, 0xbd, 0x05, 0x05, 0x4c, 0x06, 0x03, 0x58, 0x4a,
  0x06, 0x03, 0x2b, 0x4a, 0x05, 0x09, 0x03, 0x6a, 0x4a, 0x08, 0x44, 0x05,
  0x00, 0x06, 0x03, 0x63, 0xf2, 0x05, 0x01, 0x06, 0x0b, 0x03, 0x2c, 0xba,
  0x02, 0x0c, 0x00, 0x01, 0x01, 0x00, 0x09, 0x02, 0xac, 0x45, 0x00, 0x00,
  0x00, 0x00, 0x00, 0x00, 0x03, 0x2e, 0x01, 0x05, 0x05, 0x0a, 0x08, 0x75,
  0x02, 0x24, 0x15, 0x05, 0x15, 0x08, 0x3d, 0x05, 0x09, 0xf3, 0x05, 0x00,
  0x06, 0x03, 0x4b, 0x4a, 0x05, 0x05, 0x06, 0x03, 0x39, 0x4a, 0x08, 0xe7,
  0x05, 0x11, 0x08, 0x3d, 0x05, 0x13, 0xf3, 0x05, 0x36, 0x06, 0x4a, 0x05,
  0x16, 0x4a, 0x05, 0x09, 0xba, 0x06, 0x4d, 0x06, 0x03, 0xbf, 0x7f, 0x08,
  0x74, 0x06, 0x03, 0x3f, 0x4a, 0x05, 0x05, 0x02, 0x28, 0x18, 0x08, 0xe7,
  0x04, 0x0a, 0x05, 0x0c, 0x03, 0xc2, 0x00, 0x08, 0x3c, 0x06, 0x03, 0xf6,
  0x7e, 0x82, 0x04, 0x01, 0x05, 0x1b, 0x06, 0x03, 0xcf, 0x00, 0x4a, 0x05,
  0x05, 0x03, 0x76, 0x4a, 0x04, 0x0a, 0x05, 0x0c, 0x03, 0x81, 0x01, 0x4a,
  0x04, 0x01, 0x05, 0x15, 0x03, 0x85, 0x7f, 0xba, 0x04, 0x0a, 0x05, 0x0c,
  0x03, 0x3f, 0x4a, 0x03, 0x3c, 0x08, 0xac, 0x04, 0x01, 0x05, 0x05, 0x03,
  0xff, 0x7e, 0x4a, 0x04, 0x0a, 0x05, 0x0c, 0x03, 0xa5, 0x01, 0x4a, 0x04,
  0x01, 0x05, 0x09, 0x03, 0xea, 0x7e, 0x4a, 0x05, 0x14, 0x48, 0x05, 0x09,
  0x4c, 0x06, 0x82, 0x05, 0x05, 0x06, 0x50, 0x08, 0x3f, 0x05, 0x09, 0x08,
  0x75, 0x06, 0xba, 0x05, 0x05, 0x06, 0x50, 0x08, 0x41, 0x05, 0x34, 0x08,
  0x3a, 0x05, 0x05, 0x4c, 0x06, 0x03, 0x97, 0x7f, 0x4a, 0x05, 0x09, 0x06,
  0x03, 0x36, 0x82, 0x06, 0x03, 0x4a, 0x02, 0x28, 0x01, 0x06, 0x03, 0xd5,
  0x00, 0x4a, 0x05, 0x05, 0x03, 0x70, 0x08, 0xe4, 0x05, 0x09, 0x03, 0x10,
  0x4a, 0x84, 0x52, 0x05, 0x00, 0x06, 0x03, 0xa1, 0x7f, 0x02, 0x28, 0x01,
  0x05, 0x01, 0x06, 0x03, 0xeb, 0x00, 0xba, 0x06, 0x0b, 0xf2, 0x05, 0x00,
  0x03, 0x95, 0x7f, 0x08, 0x3c, 0x02, 0x04, 0x00, 0x01, 0x01, 0x00, 0x09,
  0x02, 0x74, 0x48, 0x00, 0x00, 0x00, 0x00, 0x00, 0x00, 0x03, 0xed, 0x00,
  0x01, 0x05, 0x05, 0x0a, 0x02, 0x24, 0x13, 0x06, 0x03, 0x91, 0x7f, 0x02,
  0x24, 0x01, 0x05, 0x17, 0x06, 0x03, 0xf2, 0x00, 0x08, 0xac, 0x05, 0x05,
  0x06, 0x4a, 0x05, 0x0d, 0x06, 0x83, 0x06, 0x82, 0x05, 0x09, 0x06, 0x03,
  0x9a, 0x01, 0x4a, 0x08, 0x3d, 0x05, 0x47, 0x83, 0x05, 0x3a, 0x4b, 0x05,
  0x2e, 0x03, 0xe9, 0x7e, 0xf2, 0x05, 0x09, 0x06, 0x4a, 0x06, 0x4b, 0x06,
  0x03, 0x86, 0x7f, 0x4a, 0x05, 0x38, 0x06, 0x03, 0xfb, 0x00, 0x4a, 0x05,
  0x05, 0x4f, 0x08, 0x3e, 0x05, 0x37, 0x84, 0x05, 0x05, 0x4c, 0x02, 0x28,
  0x13, 0x06, 0x0b, 0x4a, 0x05, 0x00, 0x03, 0xf9, 0x7e, 0x08, 0xe4, 0x02,
  0x04, 0x00, 0x01, 0x01, 0x05, 0x1a, 0x0a, 0x00, 0x09, 0x02, 0xa4, 0x49,
  0x00, 0x00, 0x00, 0x00, 0x00, 0x00, 0x03, 0x86, 0x02, 0x01, 0x05, 0x15,
  0x08, 0x78, 0x05, 0x09, 0xf3, 0x05, 0x00, 0x06, 0x03, 0xf4, 0x7d, 0x4a,
  0x05, 0x09, 0x06, 0x03, 0x8d, 0x02, 0x4a, 0x08, 0xad, 0x05, 0x47, 0x83,
  0x05, 0x3a, 0xbb, 0x06, 0x03, 0xf0, 0x7d, 0xba, 0x05, 0x01, 0x06, 0x03,
  0x92, 0x02, 0xba, 0x02, 0x04, 0x00, 0x01, 0x01, 0x04, 0x0f, 0x00, 0x09,
  0x02, 0x20, 0x4a, 0x00, 0x00, 0x00, 0x00, 0x00, 0x00, 0x03, 0xce, 0x00,
  0x01, 0x05, 0x05, 0x0a, 0x08, 0xe6, 0x05, 0x12, 0x4b, 0x06, 0x03, 0xae,
  0x7f, 0x82, 0x03, 0xd2, 0x00, 0x4a, 0x05, 0x05, 0x06, 0x08, 0xe3, 0x05,
  0x00, 0x06, 0x03, 0xaf, 0x7f, 0xf2, 0x05, 0x05, 0x03, 0xd1, 0x00, 0x82,
  0x05, 0x12, 0x06, 0x4b, 0x05, 0x05, 0xbc, 0x06, 0x0b, 0xf2, 0x05, 0x00,
  0x03, 0xac, 0x7f, 0xf2, 0x02, 0x04, 0x00, 0x01, 0x01, 0x00, 0x09, 0x02,
  0xbc, 0x4a, 0x00, 0x00, 0x00, 0x00, 0x00, 0x00, 0x03, 0x8a, 0x01, 0x01,
  0x05, 0x0f, 0x0a, 0xbb, 0x06, 0x03, 0xf4, 0x7e, 0x82, 0x05, 0x05, 0x06,
  0x03, 0x92, 0x01, 0x82, 0x05, 0x0c, 0x4d, 0x06, 0x0b, 0x82, 0x05, 0x09,
  0x06, 0x03, 0x78, 0xba, 0x05, 0x01, 0x03, 0x09, 0x08, 0x74, 0x06, 0x0b,
  0x4a, 0x02, 0x0c, 0x00, 0x01, 0x01, 0x00, 0x09, 0x02, 0x18, 0x4b, 0x00,
  0x00, 0x00, 0x00, 0x00, 0x00, 0x03, 0xa3, 0x01, 0x01, 0x05, 0x2e, 0x0a,
  0x08, 0x3d, 0x05, 0x09, 0x06, 0x08, 0x3c, 0x05, 0x05, 0x06, 0x52, 0x4b,
  0x05, 0x14, 0x7f, 0x05, 0x05, 0x4c, 0xf3, 0x05, 0x3e, 0x4c, 0x05, 0x12,
  0x06, 0x4a, 0x05, 0x48, 0xf2, 0x05, 0x12, 0x4a, 0x05, 0x09, 0x06, 0x4b,
  0x86, 0x06, 0xf2, 0x05, 0x45, 0x06, 0x4c, 0x05, 0x19, 0x06, 0x4a, 0x05,
  0x0d, 0x06, 0xbb, 0x05, 0x11, 0x03, 0x09, 0x4a, 0x06, 0x4a, 0x4a, 0x4a,
  0x4a, 0x4a, 0x4a, 0x4a, 0x4a, 0x4a, 0x4a, 0x4a, 0x4a, 0x4a, 0x4a, 0x4a,
  0x4a, 0x4a, 0x4a, 0x4a, 0x05, 0x09, 0x06, 0x03, 0x0a, 0x4a, 0x08, 0xad,
  0x06, 0x03, 0xb4, 0x7e, 0x82, 0x05, 0x11, 0x06, 0x03, 0xb9, 0x01, 0x4a,
  0x05, 0x21, 0x06, 0x82, 0x03, 0xc7, 0x7e, 0x82, 0x05, 0x0d, 0x06, 0x03,
  0xbb, 0x01, 0x4a, 0x06, 0x03, 0xc5, 0x7e, 0x4a, 0x05, 0x11, 0x06, 0x03,
  0xc1, 0x01, 0x4a, 0x03, 0x79, 0x4a, 0x06, 0x03, 0xc6, 0x7e, 0x08, 0xe4,
  0x05, 0x0d, 0x06, 0x03, 0xbb, 0x01, 0x4a, 0x06, 0x03, 0xc5, 0x7e, 0x4a,
  0x05, 0x11, 0x06, 0x03, 0xc1, 0x01, 0x4a, 0x06, 0x03, 0xbf, 0x7e, 0x4a,
  0x03, 0xc1, 0x01, 0x4a, 0x03, 0xbf, 0x7e, 0x4a, 0x03, 0xc1, 0x01, 0x4a,
  0x03, 0xbf, 0x7e, 0x4a, 0x03, 0xc1, 0x01, 0x4a, 0x03, 0xbf, 0x7e, 0x4a,
  0x03, 0xc1, 0x01, 0x4a, 0x03, 0xbf, 0x7e, 0x4a, 0x03, 0xc1, 0x01, 0x4a,
  0x03, 0xbf, 0x7e, 0x4a, 0x03, 0xc1, 0x01, 0x4a, 0x03, 0xbf, 0x7e, 0x4a,
  0x03, 0xc1, 0x01, 0x4a, 0x03, 0xbf, 0x7e, 0x4a, 0x06, 0x03, 0xc4, 0x01,
  0x82, 0x05, 0x44, 0x08, 0x3a, 0x05, 0x11, 0x4c, 0x05, 0x42, 0x49, 0x05,
  0x11, 0xbb, 0x06, 0x03, 0xbc, 0x7e, 0x4a, 0x05, 0x01, 0x06, 0x03, 0xd0,
  0x01, 0x4a, 0x06, 0x0b, 0xf2, 0x05, 0x00, 0x03, 0xb0, 0x7e, 0xf2, 0x02,
  0x04, 0x00, 0x01, 0x01, 0x00, 0x09, 0x02, 0x10, 0x4d, 0x00, 0x00, 0x00,
  0x00, 0x00, 0x00, 0x03, 0xd2, 0x01, 0x01, 0x05, 0x2e, 0x0a, 0x02, 0x24,
  0x13, 0x05, 0x09, 0x06, 0x08, 0x3c, 0x03, 0xac, 0x7e, 0x4a, 0x05, 0x05,
  0x06, 0x03, 0xd9, 0x01, 0x4a, 0x06, 0x03, 0xa7, 0x7e, 0x02, 0x28, 0x01,
  0x05, 0x0f, 0x06, 0x03, 0xe2, 0x01, 0x08, 0x74, 0x06, 0x03, 0x9e, 0x7e,
  0x4a, 0x05, 0x16, 0x06, 0x03, 0xfe, 0x01, 0x4a, 0x05, 0x17, 0x03, 0x68,
  0x4a, 0x05, 0x05, 0x06, 0x4a, 0x05, 0x19, 0x06, 0x83, 0x05, 0x0d, 0x83,
  0x04, 0x12, 0x05, 0x0a, 0x03, 0xdd, 0x7e, 0x4a, 0x04, 0x01, 0x05, 0x0d,
  0x03, 0xa9, 0x01, 0x08, 0xac, 0x04, 0x12, 0x05, 0x0a, 0x03, 0xd7, 0x7e,
  0x82, 0x04, 0x01, 0x05, 0x0d, 0x03, 0xb2, 0x01, 0x08, 0xac, 0x83, 0x03,
  0x77, 0x02, 0x24, 0x01, 0x05, 0x00, 0x06, 0x03, 0x91, 0x7e, 0x08, 0xac,
  0x05, 0x15, 0x06, 0x03, 0x8b, 0x02, 0x82, 0x05, 0x09, 0x83, 0x4b, 0x08,
  0x3d, 0x05, 0x47, 0x83, 0x05, 0x3a, 0x83, 0x05, 0x05, 0xbb, 0x03, 0x70,
  0x4a, 0x05, 0x0c, 0x08, 0xad, 0x05, 0x09, 0x03, 0x53, 0xf2, 0x06, 0x03,
  0xab, 0x7e, 0x08, 0x74, 0x05, 0x01, 0x06, 0x03, 0x83, 0x02, 0x4a, 0x06,
  0x0b, 0xf2, 0x05, 0x00, 0x03, 0xfd, 0x7d, 0x08, 0xe4, 0x02, 0x04, 0x00,
  0x01, 0x01, 0x00, 0x09, 0x02, 0x00, 0x4f, 0x00, 0x00, 0x00, 0x00, 0x00,
  0x00, 0x03, 0x98, 0x01, 0x01, 0x05, 0x05, 0x0a, 0xbb, 0x08, 0xaf, 0x4c,
  0x08, 0x3d, 0x06, 0x0b, 0x4a, 0x02, 0x0c, 0x00, 0x01, 0x01, 0x05, 0x05,
  0x0a, 0x00, 0x09, 0x02, 0x50, 0x4f, 0x00, 0x00, 0x00, 0x00, 0x00, 0x00,
  0x03, 0x95, 0x02, 0x01, 0x02, 0x0c, 0x00, 0x01, 0x01, 0x42, 0x0e, 0x00,
  0x00, 0x04, 0x00, 0xfc, 0x09, 0x00, 0x00, 0x01, 0x01, 0x01, 0xfb, 0x0e,
  0x0d, 0x00, 0x01, 0x01, 0x01, 0x01, 0x00, 0x00, 0x00, 0x01, 0x00, 0x00,
  0x01, 0x2f, 0x55, 0x73, 0x65, 0x72, 0x73, 0x2f, 0x6b, 0x69, 0x72, 0x65,
  0x72, 0x2f, 0x70, 0x72, 0x6f, 0x6a, 0x65, 0x63, 0x74, 0x73, 0x2f, 0x61,
  0x6e, 0x64, 0x72, 0x6f, 0x69, 0x64, 0x2f, 0x4b, 0x53, 0x65, 0x72, 0x76,
  0x65, 0x72, 0x00, 0x2f, 0x55, 0x73, 0x65, 0x72, 0x73, 0x2f, 0x6b, 0x69,
  0x72, 0x65, 0x72, 0x00, 0x00, 0x73, 0x65, 0x72, 0x76, 0x65, 0x72, 0x2d,
  0x6b, 0x2f, 0x73, 0x72, 0x63, 0x2f, 0x6d, 0x61, 0x69, 0x6e, 0x2f, 0x63,
  0x70, 0x70, 0x2f, 0x73, 0x65, 0x72, 0x76, 0x65, 0x72, 0x2f, 0x74, 0x72,
  0x61, 0x6e, 0x73, 0x70, 0x6f, 0x72, 0x74, 0x2f, 0x73, 0x65, 0x72, 0x76,
  0x65, 0x72, 0x5f, 0x74, 0x63, 0x70, 0x2e, 0x63, 0x00, 0x01, 0x00, 0x00,
  0x73, 0x65, 0x72, 0x76, 0x65, 0x72, 0x2d, 0x6b, 0x2f, 0x73, 0x72, 0x63,
  0x2f, 0x6d, 0x61, 0x69, 0x6e, 0x2f, 0x63, 0x70, 0x70, 0x2f, 0x73, 0x65,
  0x72, 0x76, 0x65, 0x72, 0x2f, 0x74, 0x72, 0x61, 0x6e, 0x73, 0x70, 0x6f,
  0x72, 0x74, 0x2f, 0x2e, 0x2e, 0x2f, 0x63, 0x6f, 0x72, 0x65, 0x2f, 0x73,
  0x65, 0x72, 0x76, 0x65, 0x72, 0x5f, 0x63, 0x6f, 0x72, 0x65, 0x2e, 0x68,
  0x00, 0x01, 0x00, 0x00, 0x4c, 0x69, 0x62, 0x72, 0x61, 0x72, 0x79, 0x2f,
  0x41, 0x6e, 0x64, 0x72, 0x6f, 0x69, 0x64, 0x2f, 0x73, 0x64, 0x6b, 0x2f,
  0x6e, 0x64, 0x6b, 0x2f, 0x32, 0x39, 0x2e, 0x30, 0x2e, 0x31, 0x33, 0x31,
  0x31, 0x33, 0x34, 0x35, 0x36, 0x2f, 0x74, 0x6f, 0x6f, 0x6c, 0x63, 0x68,
  0x61, 0x69, 0x6e, 0x73, 0x2f, 0x6c, 0x6c, 0x76, 0x6d, 0x2f, 0x70, 0x72,
  0x65, 0x62, 0x75, 0x69, 0x6c, 0x74, 0x2f, 0x64, 0x61, 0x72, 0x77, 0x69,
  0x6e, 0x2d, 0x78, 0x38, 0x36, 0x5f, 0x36, 0x34, 0x2f, 0x73, 0x79, 0x73,
  0x72, 0x6f, 0x6f, 0x74, 0x2f, 0x75, 0x73, 0x72, 0x2f, 0x69, 0x6e, 0x63,
  0x6c, 0x75, 0x64, 0x65, 0x2f, 0x73, 0x74, 0x64, 0x69, 0x6e, 0x74, 0x2e,
  0x68, 0x00, 0x02, 0x00, 0x00, 0x4c, 0x69, 0x62, 0x72, 0x61, 0x72, 0x79,
  0x2f, 0x41, 0x6e, 0x64, 0x72, 0x6f, 0x69, 0x64, 0x2f, 0x73, 0x64, 0x6b,
  0x2f, 0x6e, 0x64, 0x6b, 0x2f, 0x32, 0x39, 0x2e, 0x30, 0x2e, 0x31, 0x33,
  0x31, 0x31, 0x33, 0x34, 0x35, 0x36, 0x2f, 0x74, 0x6f, 0x6f, 0x6c, 0x63,
  0x68, 0x61, 0x69, 0x6e, 0x73, 0x2f, 0x6c, 0x6c, 0x76, 0x6d, 0x2f, 0x70,
  0x72, 0x65, 0x62, 0x75, 0x69, 0x6c, 0x74, 0x2f, 0x64, 0x61, 0x72, 0x77,
  0x69, 0x6e, 0x2d, 0x78, 0x38, 0x36, 0x5f, 0x36, 0x34, 0x2f, 0x6c, 0x69,
  0x62, 0x2f, 0x63, 0x6c, 0x61, 0x6e, 0x67, 0x2f, 0x32, 0x30, 0x2f, 0x69,
  0x6e, 0x63, 0x6c, 0x75, 0x64, 0x65, 0x2f, 0x5f, 0x5f, 0x73, 0x74, 0x64,
  0x64, 0x65, 0x66, 0x5f, 0x73, 0x69, 0x7a, 0x65, 0x5f, 0x74, 0x2e, 0x68,
  0x00, 0x02, 0x00, 0x00, 0x73, 0x65, 0x72, 0x76, 0x65, 0x72, 0x2d, 0x6b,
  0x2f, 0x73, 0x72, 0x63, 0x2f, 0x6d, 0x61, 0x69, 0x6e, 0x2f, 0x63, 0x70,
  0x70, 0x2f, 0x73, 0x65, 0x72, 0x76, 0x65, 0x72, 0x2f, 0x74, 0x72, 0x61,
  0x6e, 0x73, 0x70, 0x6f, 0x72, 0x74, 0x2f, 0x2e, 0x2e, 0x2f, 0x63, 0x6f,
  0x72, 0x65, 0x2f, 0x2e, 0x2e, 0x2f, 0x2e, 0x2e, 0x2f, 0x63, 0x6f, 0x6d,
  0x6d, 0x6f, 0x6e, 0x2f, 0x6c, 0x6f, 0x67, 0x2e, 0x68, 0x00, 0x01, 0x00,
  0x00, 0x4c, 0x69, 0x62, 0x72, 0x61, 0x72, 0x79, 0x2f, 0x41, 0x6e, 0x64,
  0x72, 0x6f, 0x69, 0x64, 0x2f, 0x73, 0x64, 0x6b, 0x2f, 0x6e, 0x64, 0x6b,
  0x2f, 0x32, 0x39, 0x2e, 0x30, 0x2e, 0x31, 0x33, 0x31, 0x31, 0x33, 0x34,
  0x35, 0x36, 0x2f, 0x74, 0x6f, 0x6f, 0x6c, 0x63, 0x68, 0x61, 0x69, 0x6e,
  0x73, 0x2f, 0x6c, 0x6c, 0x76, 0x6d, 0x2f, 0x70, 0x72, 0x65, 0x62, 0x75,
  0x69, 0x6c, 0x74, 0x2f, 0x64, 0x61, 0x72, 0x77, 0x69, 0x6e, 0x2d, 0x78,
  0x38, 0x36, 0x5f, 0x36, 0x34, 0x2f, 0x73, 0x79, 0x73, 0x72, 0x6f, 0x6f,
  0x74, 0x2f, 0x75, 0x73, 0x72, 0x2f, 0x69, 0x6e, 0x63, 0x6c, 0x75, 0x64,
  0x65, 0x2f, 0x62, 0x69, 0x74, 0x73, 0x2f, 0x73, 0x61, 0x5f, 0x66, 0x61,
  0x6d, 0x69, 0x6c, 0x79, 0x5f, 0x74, 0x2e, 0x68, 0x00, 0x02, 0x00, 0x00,
  0x4c, 0x69, 0x62, 0x72, 0x61, 0x72, 0x79, 0x2f, 0x41, 0x6e, 0x64, 0x72,
  0x6f, 0x69, 0x64, 0x2f, 0x73, 0x64, 0x6b, 0x2f, 0x6e, 0x64, 0x6b, 0x2f,
  0x32, 0x39, 0x2e, 0x30, 0x2e, 0x31, 0x33, 0x31, 0x31, 0x33, 0x34, 0x35,
  0x36, 0x2f, 0x74, 0x6f, 0x6f, 0x6c, 0x63, 0x68, 0x61, 0x69, 0x6e, 0x73,
  0x2f, 0x6c, 0x6c, 0x76, 0x6d, 0x2f, 0x70, 0x72, 0x65, 0x62, 0x75, 0x69,
  0x6c, 0x74, 0x2f, 0x64, 0x61, 0x72, 0x77, 0x69, 0x6e, 0x2d, 0x78, 0x38,
  0x36, 0x5f, 0x36, 0x34, 0x2f, 0x73, 0x79, 0x73, 0x72, 0x6f, 0x6f, 0x74,
  0x2f, 0x75, 0x73, 0x72, 0x2f, 0x69, 0x6e, 0x63, 0x6c, 0x75, 0x64, 0x65,
  0x2f, 0x73, 0x79, 0x73, 0x2f, 0x73, 0x6f, 0x63, 0x6b, 0x65, 0x74, 0x2e,
  0x68, 0x00, 0x02, 0x00, 0x00, 0x4c, 0x69, 0x62, 0x72, 0x61, 0x72, 0x79,
  0x2f, 0x41, 0x6e, 0x64, 0x72, 0x6f, 0x69, 0x64, 0x2f, 0x73, 0x64, 0x6b,
  0x2f, 0x6e, 0x64, 0x6b, 0x2f, 0x32, 0x39, 0x2e, 0x30, 0x2e, 0x31, 0x33,
  0x31, 0x31, 0x33, 0x34, 0x35, 0x36, 0x2f, 0x74, 0x6f, 0x6f, 0x6c, 0x63,
  0x68, 0x61, 0x69, 0x6e, 0x73, 0x2f, 0x6c, 0x6c, 0x76, 0x6d, 0x2f, 0x70,
  0x72, 0x65, 0x62, 0x75, 0x69, 0x6c, 0x74, 0x2f, 0x64, 0x61, 0x72, 0x77,
  0x69, 0x6e, 0x2d, 0x78, 0x38, 0x36, 0x5f, 0x36, 0x34, 0x2f, 0x73, 0x79,
  0x73, 0x72, 0x6f, 0x6f, 0x74, 0x2f, 0x75, 0x73, 0x72, 0x2f, 0x69, 0x6e,
  0x63, 0x6c, 0x75, 0x64, 0x65, 0x2f, 0x61, 0x73, 0x6d, 0x2d, 0x67, 0x65,
  0x6e, 0x65, 0x72, 0x69, 0x63, 0x2f, 0x70, 0x6f, 0x73, 0x69, 0x78, 0x5f,
  0x74, 0x79, 0x70, 0x65, 0x73, 0x2e, 0x68, 0x00, 0x02, 0x00, 0x00, 0x4c,
  0x69, 0x62, 0x72, 0x61, 0x72, 0x79, 0x2f, 0x41, 0x6e, 0x64, 0x72, 0x6f,
  0x69, 0x64, 0x2f, 0x73, 0x64, 0x6b, 0x2f, 0x6e, 0x64, 0x6b, 0x2f, 0x32,
  0x39, 0x2e, 0x30, 0x2e, 0x31, 0x33, 0x31, 0x31, 0x33, 0x34, 0x35, 0x36,
  0x2f, 0x74, 0x6f, 0x6f, 0x6c, 0x63, 0x68, 0x61, 0x69, 0x6e, 0x73, 0x2f,
  0x6c, 0x6c, 0x76, 0x6d, 0x2f, 0x70, 0x72, 0x65, 0x62, 0x75, 0x69, 0x6c,
  0x74, 0x2f, 0x64, 0x61, 0x72, 0x77, 0x69, 0x6e, 0x2d, 0x78, 0x38, 0x36,
  0x5f, 0x36, 0x34, 0x2f, 0x73, 0x79, 0x73, 0x72, 0x6f, 0x6f, 0x74, 0x2f,
  0x75, 0x73, 0x72, 0x2f, 0x69, 0x6e, 0x63, 0x6c, 0x75, 0x64, 0x65, 0x2f,
  0x73, 0x79, 0x73, 0x2f, 0x74, 0x79, 0x70, 0x65, 0x73, 0x2e, 0x68, 0x00,
  0x02, 0x00, 0x00, 0x4c, 0x69, 0x62, 0x72, 0x61, 0x72, 0x79, 0x2f, 0x41,
  0x6e, 0x64, 0x72, 0x6f, 0x69, 0x64, 0x2f, 0x73, 0x64, 0x6b, 0x2f, 0x6e,
  0x64, 0x6b, 0x2f, 0x32, 0x39, 0x2e, 0x30, 0x2e, 0x31, 0x33, 0x31, 0x31,
  0x33, 0x34, 0x35, 0x36, 0x2f, 0x74, 0x6f, 0x6f, 0x6c, 0x63, 0x68, 0x61,
  0x69, 0x6e, 0x73, 0x2f, 0x6c, 0x6c, 0x76, 0x6d, 0x2f, 0x70, 0x72, 0x65,
  0x62, 0x75, 0x69, 0x6c, 0x74, 0x2f, 0x64, 0x61, 0x72, 0x77, 0x69, 0x6e,
  0x2d, 0x78, 0x38, 0x36, 0x5f, 0x36, 0x34, 0x2f, 0x73, 0x79, 0x73, 0x72,
  0x6f, 0x6f, 0x74, 0x2f, 0x75, 0x73, 0x72, 0x2f, 0x69, 0x6e, 0x63, 0x6c,
  0x75, 0x64, 0x65, 0x2f, 0x62, 0x69, 0x74, 0x73, 0x2f, 0x66, 0x6f, 0x72,
  0x74, 0x69, 0x66, 0x79, 0x2f, 0x73, 0x74, 0x72, 0x69, 0x6e, 0x67, 0x2e,
  0x68, 0x00, 0x02, 0x00, 0x00, 0x4c, 0x69, 0x62, 0x72, 0x61, 0x72, 0x79,
  0x2f, 0x41, 0x6e, 0x64, 0x72, 0x6f, 0x69, 0x64, 0x2f, 0x73, 0x64, 0x6b,
  0x2f, 0x6e, 0x64, 0x6b, 0x2f, 0x32, 0x39, 0x2e, 0x30, 0x2e, 0x31, 0x33,
  0x31, 0x31, 0x33, 0x34, 0x35, 0x36, 0x2f, 0x74, 0x6f, 0x6f, 0x6c, 0x63,
  0x68, 0x61, 0x69, 0x6e, 0x73, 0x2f, 0x6c, 0x6c, 0x76, 0x6d, 0x2f, 0x70,
  0x72, 0x65, 0x62, 0x75, 0x69, 0x6c, 0x74, 0x2f, 0x64, 0x61, 0x72, 0x77,
  0x69, 0x6e, 0x2d, 0x78, 0x38, 0x36, 0x5f, 0x36, 0x34, 0x2f, 0x73, 0x79,
  0x73, 0x72, 0x6f, 0x6f, 0x74, 0x2f, 0x75, 0x73, 0x72, 0x2f, 0x69, 0x6e,
  0x63, 0x6c, 0x75, 0x64, 0x65, 0x2f, 0x65, 0x72, 0x72, 0x6e, 0x6f, 0x2e,
  0x68, 0x00, 0x02, 0x00, 0x00, 0x4c, 0x69, 0x62, 0x72, 0x61, 0x72, 0x79,
  0x2f, 0x41, 0x6e, 0x64, 0x72, 0x6f, 0x69, 0x64, 0x2f, 0x73, 0x64, 0x6b,
  0x2f, 0x6e, 0x64, 0x6b, 0x2f, 0x32, 0x39, 0x2e, 0x30, 0x2e, 0x31, 0x33,
  0x31, 0x31, 0x33, 0x34, 0x35, 0x36, 0x2f, 0x74, 0x6f, 0x6f, 0x6c, 0x63,
  0x68, 0x61, 0x69, 0x6e, 0x73, 0x2f, 0x6c, 0x6c, 0x76, 0x6d, 0x2f, 0x70,
  0x72, 0x65, 0x62, 0x75, 0x69, 0x6c, 0x74, 0x2f, 0x64, 0x61, 0x72, 0x77,
  0x69, 0x6e, 0x2d, 0x78, 0x38, 0x36, 0x5f, 0x36, 0x34, 0x2f, 0x73, 0x79,
  0x73, 0x72, 0x6f, 0x6f, 0x74, 0x2f, 0x75, 0x73, 0x72, 0x2f, 0x69, 0x6e,
  0x63, 0x6c, 0x75, 0x64, 0x65, 0x2f, 0x73, 0x74, 0x72, 0x69, 0x6e, 0x67,
  0x2e, 0x68, 0x00, 0x02, 0x00, 0x00, 0x4c, 0x69, 0x62, 0x72, 0x61, 0x72,
  0x79, 0x2f, 0x41, 0x6e, 0x64, 0x72, 0x6f, 0x69, 0x64, 0x2f, 0x73, 0x64,
  0x6b, 0x2f, 0x6e, 0x64, 0x6b, 0x2f, 0x32, 0x39, 0x2e, 0x30, 0x2e, 0x31,
  0x33, 0x31, 0x31, 0x33, 0x34, 0x35, 0x36, 0x2f, 0x74, 0x6f, 0x6f, 0x6c,
  0x63, 0x68, 0x61, 0x69, 0x6e, 0x73, 0x2f, 0x6c, 0x6c, 0x76, 0x6d, 0x2f,
  0x70, 0x72, 0x65, 0x62, 0x75, 0x69, 0x6c, 0x74, 0x2f, 0x64, 0x61, 0x72,
  0x77, 0x69, 0x6e, 0x2d, 0x78, 0x38, 0x36, 0x5f, 0x36, 0x34, 0x2f, 0x73,
  0x79, 0x73, 0x72, 0x6f, 0x6f, 0x74, 0x2f, 0x75, 0x73, 0x72, 0x2f, 0x69,
  0x6e, 0x63, 0x6c, 0x75, 0x64, 0x65, 0x2f, 0x62, 0x69, 0x74, 0x73, 0x2f,
  0x66, 0x63, 0x6e, 0x74, 0x6c, 0x2e, 0x68, 0x00, 0x02, 0x00, 0x00, 0x4c,
  0x69, 0x62, 0x72, 0x61, 0x72, 0x79, 0x2f, 0x41, 0x6e, 0x64, 0x72, 0x6f,
  0x69, 0x64, 0x2f, 0x73, 0x64, 0x6b, 0x2f, 0x6e, 0x64, 0x6b, 0x2f, 0x32,
  0x39, 0x2e, 0x30, 0x2e, 0x31, 0x33, 0x31, 0x31, 0x33, 0x34, 0x35, 0x36,
  0x2f, 0x74, 0x6f, 0x6f, 0x6c, 0x63, 0x68, 0x61, 0x69, 0x6e, 0x73, 0x2f,
  0x6c, 0x6c, 0x76, 0x6d, 0x2f, 0x70, 0x72, 0x65, 0x62, 0x75, 0x69, 0x6c,
  0x74, 0x2f, 0x64, 0x61, 0x72, 0x77, 0x69, 0x6e, 0x2d, 0x78, 0x38, 0x36,
  0x5f, 0x36, 0x34, 0x2f, 0x73, 0x79, 0x73, 0x72, 0x6f, 0x6f, 0x74, 0x2f,
  0x75, 0x73, 0x72, 0x2f, 0x69, 0x6e, 0x63, 0x6c, 0x75, 0x64, 0x65, 0x2f,
  0x61, 0x72, 0x70, 0x61, 0x2f, 0x69, 0x6e, 0x65, 0x74, 0x2e, 0x68, 0x00,
  0x02, 0x00, 0x00, 0x4c, 0x69, 0x62, 0x72, 0x61, 0x72, 0x79, 0x2f, 0x41,
  0x6e, 0x64, 0x72, 0x6f, 0x69, 0x64, 0x2f, 0x73, 0x64, 0x6b, 0x2f, 0x6e,
  0x64, 0x6b, 0x2f, 0x32, 0x39, 0x2e, 0x30, 0x2e, 0x31, 0x33, 0x31, 0x31,
  0x33, 0x34, 0x35, 0x36, 0x2f, 0x74, 0x6f, 0x6f, 0x6c, 0x63, 0x68, 0x61,
  0x69, 0x6e, 0x73, 0x2f, 0x6c, 0x6c, 0x76, 0x6d, 0x2f, 0x70, 0x72, 0x65,
  0x62, 0x75, 0x69, 0x6c, 0x74, 0x2f, 0x64, 0x61, 0x72, 0x77, 0x69, 0x6e,
  0x2d, 0x78, 0x38, 0x36, 0x5f, 0x36, 0x34, 0x2f, 0x73, 0x79, 0x73, 0x72,
  0x6f, 0x6f, 0x74, 0x2f, 0x75, 0x73, 0x72, 0x2f, 0x69, 0x6e, 0x63, 0x6c,
  0x75, 0x64, 0x65, 0x2f, 0x75, 0x6e, 0x69, 0x73, 0x74, 0x64, 0x2e, 0x68,
  0x00, 0x02, 0x00, 0x00, 0x4c, 0x69, 0x62, 0x72, 0x61, 0x72, 0x79, 0x2f,
  0x41, 0x6e, 0x64, 0x72, 0x6f, 0x69, 0x64, 0x2f, 0x73, 0x64, 0x6b, 0x2f,
  0x6e, 0x64, 0x6b, 0x2f, 0x32, 0x39, 0x2e, 0x30, 0x2e, 0x31, 0x33, 0x31,
  0x31, 0x33, 0x34, 0x35, 0x36, 0x2f, 0x74, 0x6f, 0x6f, 0x6c, 0x63, 0x68,
  0x61, 0x69, 0x6e, 0x73, 0x2f, 0x6c, 0x6c, 0x76, 0x6d, 0x2f, 0x70, 0x72,
  0x65, 0x62, 0x75, 0x69, 0x6c, 0x74, 0x2f, 0x64, 0x61, 0x72, 0x77, 0x69,
  0x6e, 0x2d, 0x78, 0x38, 0x36, 0x5f, 0x36, 0x34, 0x2f, 0x73, 0x79, 0x73,
  0x72, 0x6f, 0x6f, 0x74, 0x2f, 0x75, 0x73, 0x72, 0x2f, 0x69, 0x6e, 0x63,
  0x6c, 0x75, 0x64, 0x65, 0x2f, 0x73, 0x79, 0x73, 0x2f, 0x73, 0x65, 0x6c,
  0x65, 0x63, 0x74, 0x2e, 0x68, 0x00, 0x02, 0x00, 0x00, 0x4c, 0x69, 0x62,
  0x72, 0x61, 0x72, 0x79, 0x2f, 0x41, 0x6e, 0x64, 0x72, 0x6f, 0x69, 0x64,
  0x2f, 0x73, 0x64, 0x6b, 0x2f, 0x6e, 0x64, 0x6b, 0x2f, 0x32, 0x39, 0x2e,
  0x30, 0x2e, 0x31, 0x33, 0x31, 0x31, 0x33, 0x34, 0x35, 0x36, 0x2f, 0x74,
  0x6f, 0x6f, 0x6c, 0x63, 0x68, 0x61, 0x69, 0x6e, 0x73, 0x2f, 0x6c, 0x6c,
  0x76, 0x6d, 0x2f, 0x70, 0x72, 0x65, 0x62, 0x75, 0x69, 0x6c, 0x74, 0x2f,
  0x64, 0x61, 0x72, 0x77, 0x69, 0x6e, 0x2d, 0x78, 0x38, 0x36, 0x5f, 0x36,
  0x34, 0x2f, 0x73, 0x79, 0x73, 0x72, 0x6f, 0x6f, 0x74, 0x2f, 0x75, 0x73,
  0x72, 0x2f, 0x69, 0x6e, 0x63, 0x6c, 0x75, 0x64, 0x65, 0x2f, 0x6c, 0x69,
  0x6e, 0x75, 0x78, 0x2f, 0x74, 0x69, 0x6d, 0x65, 0x2e, 0x68, 0x00, 0x02,
  0x00, 0x00, 0x4c, 0x69, 0x62, 0x72, 0x61, 0x72, 0x79, 0x2f, 0x41, 0x6e,
  0x64, 0x72, 0x6f, 0x69, 0x64, 0x2f, 0x73, 0x64, 0x6b, 0x2f, 0x6e, 0x64,
  0x6b, 0x2f, 0x32, 0x39, 0x2e, 0x30, 0x2e, 0x31, 0x33, 0x31, 0x31, 0x33,
  0x34, 0x35, 0x36, 0x2f, 0x74, 0x6f, 0x6f, 0x6c, 0x63, 0x68, 0x61, 0x69,
  0x6e, 0x73, 0x2f, 0x6c, 0x6c, 0x76, 0x6d, 0x2f, 0x70, 0x72, 0x65, 0x62,
  0x75, 0x69, 0x6c, 0x74, 0x2f, 0x64, 0x61, 0x72, 0x77, 0x69, 0x6e, 0x2d,
  0x78, 0x38, 0x36, 0x5f, 0x36, 0x34, 0x2f, 0x73, 0x79, 0x73, 0x72, 0x6f,
  0x6f, 0x74, 0x2f, 0x75, 0x73, 0x72, 0x2f, 0x69, 0x6e, 0x63, 0x6c, 0x75,
  0x64, 0x65, 0x2f, 0x62, 0x69, 0x74, 0x73, 0x2f, 0x66, 0x6f, 0x72, 0x74,
  0x69, 0x66, 0x79, 0x2f, 0x73, 0x6f, 0x63, 0x6b, 0x65, 0x74, 0x2e, 0x68,
  0x00, 0x02, 0x00, 0x00, 0x4c, 0x69, 0x62, 0x72, 0x61, 0x72, 0x79, 0x2f,
  0x41, 0x6e, 0x64, 0x72, 0x6f, 0x69, 0x64, 0x2f, 0x73, 0x64, 0x6b, 0x2f,
  0x6e, 0x64, 0x6b, 0x2f, 0x32, 0x39, 0x2e, 0x30, 0x2e, 0x31, 0x33, 0x31,
  0x31, 0x33, 0x34, 0x35, 0x36, 0x2f, 0x74, 0x6f, 0x6f, 0x6c, 0x63, 0x68,
  0x61, 0x69, 0x6e, 0x73, 0x2f, 0x6c, 0x6c, 0x76, 0x6d, 0x2f, 0x70, 0x72,
  0x65, 0x62, 0x75, 0x69, 0x6c, 0x74, 0x2f, 0x64, 0x61, 0x72, 0x77, 0x69,
  0x6e, 0x2d, 0x78, 0x38, 0x36, 0x5f, 0x36, 0x34, 0x2f, 0x73, 0x79, 0x73,
  0x72, 0x6f, 0x6f, 0x74, 0x2f, 0x75, 0x73, 0x72, 0x2f, 0x69, 0x6e, 0x63,
  0x6c, 0x75, 0x64, 0x65, 0x2f, 0x6c, 0x69, 0x6e, 0x75, 0x78, 0x2f, 0x73,
  0x6f, 0x63, 0x6b, 0x65, 0x74, 0x2e, 0x68, 0x00, 0x02, 0x00, 0x00, 0x4c,
  0x69, 0x62, 0x72, 0x61, 0x72, 0x79, 0x2f, 0x41, 0x6e, 0x64, 0x72, 0x6f,
  0x69, 0x64, 0x2f, 0x73, 0x64, 0x6b, 0x2f, 0x6e, 0x64, 0x6b, 0x2f, 0x32,
  0x39, 0x2e, 0x30, 0x2e, 0x31, 0x33, 0x31, 0x31, 0x33, 0x34, 0x35, 0x36,
  0x2f, 0x74, 0x6f, 0x6f, 0x6c, 0x63, 0x68, 0x61, 0x69, 0x6e, 0x73, 0x2f,
  0x6c, 0x6c, 0x76, 0x6d, 0x2f, 0x70, 0x72, 0x65, 0x62, 0x75, 0x69, 0x6c,
  0x74, 0x2f, 0x64, 0x61, 0x72, 0x77, 0x69, 0x6e, 0x2d, 0x78, 0x38, 0x36,
  0x5f, 0x36, 0x34, 0x2f, 0x73, 0x79, 0x73, 0x72, 0x6f, 0x6f, 0x74, 0x2f,
  0x75, 0x73, 0x72, 0x2f, 0x69, 0x6e, 0x63, 0x6c, 0x75, 0x64, 0x65, 0x2f,
  0x6c, 0x69, 0x6e, 0x75, 0x78, 0x2f, 0x69, 0x6e, 0x2e, 0x68, 0x00, 0x02,
  0x00, 0x00, 0x4c, 0x69, 0x62, 0x72, 0x61, 0x72, 0x79, 0x2f, 0x41, 0x6e,
  0x64, 0x72, 0x6f, 0x69, 0x64, 0x2f, 0x73, 0x64, 0x6b, 0x2f, 0x6e, 0x64,
  0x6b, 0x2f, 0x32, 0x39, 0x2e, 0x30, 0x2e, 0x31, 0x33, 0x31, 0x31, 0x33,
  0x34, 0x35, 0x36, 0x2f, 0x74, 0x6f, 0x6f, 0x6c, 0x63, 0x68, 0x61, 0x69,
  0x6e, 0x73, 0x2f, 0x6c, 0x6c, 0x76, 0x6d, 0x2f, 0x70, 0x72, 0x65, 0x62,
  0x75, 0x69, 0x6c, 0x74, 0x2f, 0x64, 0x61, 0x72, 0x77, 0x69, 0x6e, 0x2d,
  0x78, 0x38, 0x36, 0x5f, 0x36, 0x34, 0x2f, 0x73, 0x79, 0x73, 0x72, 0x6f,
  0x6f, 0x74, 0x2f, 0x75, 0x73, 0x72, 0x2f, 0x69, 0x6e, 0x63, 0x6c, 0x75,
  0x64, 0x65, 0x2f, 0x61, 0x73, 0x6d, 0x2d, 0x67, 0x65, 0x6e, 0x65, 0x72,
  0x69, 0x63, 0x2f, 0x69, 0x6e, 0x74, 0x2d, 0x6c, 0x6c, 0x36, 0x34, 0x2e,
  0x68, 0x00, 0x02, 0x00, 0x00, 0x4c, 0x69, 0x62, 0x72, 0x61, 0x72, 0x79,
  0x2f, 0x41, 0x6e, 0x64, 0x72, 0x6f, 0x69, 0x64, 0x2f, 0x73, 0x64, 0x6b,
  0x2f, 0x6e, 0x64, 0x6b, 0x2f, 0x32, 0x39, 0x2e, 0x30, 0x2e, 0x31, 0x33,
  0x31, 0x31, 0x33, 0x34, 0x35, 0x36, 0x2f, 0x74, 0x6f, 0x6f, 0x6c, 0x63,
  0x68, 0x61, 0x69, 0x6e, 0x73, 0x2f, 0x6c, 0x6c, 0x76, 0x6d, 0x2f, 0x70,
  0x72, 0x65, 0x62, 0x75, 0x69, 0x6c, 0x74, 0x2f, 0x64, 0x61, 0x72, 0x77,
  0x69, 0x6e, 0x2d, 0x78, 0x38, 0x36, 0x5f, 0x36, 0x34, 0x2f, 0x73, 0x79,
  0x73, 0x72, 0x6f, 0x6f, 0x74, 0x2f, 0x75, 0x73, 0x72, 0x2f, 0x69, 0x6e,
  0x63, 0x6c, 0x75, 0x64, 0x65, 0x2f, 0x6c, 0x69, 0x6e, 0x75, 0x78, 0x2f,
  0x74, 0x79, 0x70, 0x65, 0x73, 0x2e, 0x68, 0x00, 0x02, 0x00, 0x00, 0x4c,
  0x69, 0x62, 0x72, 0x61, 0x72, 0x79, 0x2f, 0x41, 0x6e, 0x64, 0x72, 0x6f,
  0x69, 0x64, 0x2f, 0x73, 0x64, 0x6b, 0x2f, 0x6e, 0x64, 0x6b, 0x2f, 0x32,
  0x39, 0x2e, 0x30, 0x2e, 0x31, 0x33, 0x31, 0x31, 0x33, 0x34, 0x35, 0x36,
  0x2f, 0x74, 0x6f, 0x6f, 0x6c, 0x63, 0x68, 0x61, 0x69, 0x6e, 0x73, 0x2f,
  0x6c, 0x6c, 0x76, 0x6d, 0x2f, 0x70, 0x72, 0x65, 0x62, 0x75, 0x69, 0x6c,
  0x74, 0x2f, 0x64, 0x61, 0x72, 0x77, 0x69, 0x6e, 0x2d, 0x78, 0x38, 0x36,
  0x5f, 0x36, 0x34, 0x2f, 0x73, 0x79, 0x73, 0x72, 0x6f, 0x6f, 0x74, 0x2f,
  0x75, 0x73, 0x72, 0x2f, 0x69, 0x6e, 0x63, 0x6c, 0x75, 0x64, 0x65, 0x2f,
  0x62, 0x69, 0x74, 0x73, 0x2f, 0x69, 0x6e, 0x5f, 0x61, 0x64, 0x64, 0x72,
  0x2e, 0x68, 0x00, 0x02, 0x00, 0x00, 0x00, 0x00, 0x09, 0x02, 0x5c, 0x4f,
  0x00, 0x00, 0x00, 0x00, 0x00, 0x00, 0x03, 0x12, 0x01, 0x05, 0x09, 0x0a,
  0xbb, 0x06, 0x03, 0x6c, 0x4a, 0x05, 0x05, 0x06, 0x03, 0x19, 0x4a, 0x04,
  0x0a, 0x05, 0x0c, 0x03, 0xd1, 0x01, 0x08, 0x74, 0x04, 0x01, 0x05, 0x09,
  0x03, 0xb2, 0x7e, 0x4a, 0x05, 0x11, 0x4f, 0x05, 0x1f, 0x06, 0x82, 0x05,
  0x09, 0x06, 0xbb, 0x06, 0x03, 0x5e, 0x08, 0x74, 0x06, 0x03, 0x15, 0x4a,
  0x08, 0x44, 0x05, 0x00, 0x06, 0x03, 0x63, 0xf2, 0x05, 0x01, 0x06, 0x0b,
  0x03, 0x31, 0xba, 0x05, 0x3b, 0x03, 0x77, 0xba, 0x05, 0x05, 0xf7, 0x05,
  0x18, 0x03, 0x6f, 0xf2, 0x05, 0x3b, 0x03, 0x0c, 0x4a, 0x05, 0x36, 0x4c,
  0x05, 0x05, 0x4d, 0x05, 0x3b, 0x45, 0x05, 0x33, 0xbd, 0x05, 0x05, 0x4c,
  0x06, 0x03, 0x53, 0x82, 0x06, 0x03, 0x30, 0x4a, 0x02, 0x04, 0x00, 0x01,
  0x01, 0x00, 0x09, 0x02, 0x4c, 0x50, 0x00, 0x00, 0x00, 0x00, 0x00, 0x00,
  0x03, 0x33, 0x01, 0x05, 0x05, 0x0a, 0x08, 0x75, 0x05, 0x15, 0x02, 0x24,
  0x15, 0x05, 0x09, 0xf3, 0x51, 0x05, 0x00, 0x06, 0x03, 0x40, 0xf2, 0x05,
  0x09, 0x06, 0x03, 0x3f, 0x4a, 0x4b, 0x06, 0x4a, 0x06, 0x4b, 0x05, 0x11,
  0x02, 0x28, 0x16, 0x05, 0x13, 0xf3, 0x05, 0x36, 0x06, 0x4a, 0x05, 0x16,
  0x4a, 0x05, 0x09, 0xba, 0x06, 0x4b, 0x05, 0x15, 0x02, 0x28, 0x19, 0x05,
  0x09, 0x84, 0x05, 0x15, 0x48, 0x49, 0x06, 0x03, 0xb3, 0x7f, 0x4a, 0x04,
  0x0a, 0x05, 0x0c, 0x06, 0x03, 0x8a, 0x01, 0x4a, 0x04, 0x01, 0x05, 0x15,
  0x03, 0x44, 0x82, 0x05, 0x09, 0x4c, 0x04, 0x0a, 0x05, 0x0c, 0x03, 0x3a,
  0x4a, 0x04, 0x01, 0x05, 0x15, 0x03, 0x44, 0x4a, 0x05, 0x13, 0x06, 0x82,
  0x05, 0x09, 0x06, 0x4c, 0x06, 0x4a, 0x06, 0x88, 0x06, 0xf2, 0x06, 0x52,
  0x06, 0xba, 0x05, 0x05, 0x06, 0x03, 0x09, 0x4a, 0x05, 0x33, 0x08, 0xaa,
  0x05, 0x05, 0x4c, 0x06, 0x03, 0x99, 0x7f, 0x4a, 0x05, 0x09, 0x06, 0x03,
  0x3a, 0x82, 0x06, 0x03, 0x46, 0x02, 0x28, 0x01, 0x06, 0x03, 0xd1, 0x00,
  0x4a, 0xf1, 0x89, 0x02, 0x34, 0x14, 0x50, 0x05, 0x00, 0x06, 0x03, 0xa1,
  0x7f, 0x08, 0xe4, 0x05, 0x01, 0x06, 0x03, 0xea, 0x00, 0x08, 0x3c, 0x06,
  0x0b, 0xf2, 0x05, 0x00, 0x03, 0x96, 0x7f, 0x08, 0x3c, 0x02, 0x04, 0x00,
  0x01, 0x01, 0x00, 0x09, 0x02, 0xa0, 0x52, 0x00, 0x00, 0x00, 0x00, 0x00,
  0x00, 0x03, 0xec, 0x00, 0x01, 0x05, 0x05, 0x0a, 0x08, 0x75, 0x06, 0x03,
  0x92, 0x7f, 0x08, 0xac, 0x05, 0x17, 0x06, 0x03, 0xf1, 0x00, 0x08, 0xac,
  0x05, 0x05, 0x06, 0x4a, 0x05, 0x0d, 0x06, 0x83, 0x06, 0x82, 0x05, 0x09,
  0x06, 0x03, 0x9b, 0x01, 0x4a, 0x08, 0x3d, 0x05, 0x46, 0x83, 0x05, 0x39,
  0x4b, 0x05, 0x2d, 0x03, 0xe8, 0x7e, 0xf2, 0x05, 0x09, 0x06, 0x4a, 0x06,
  0x4b, 0x06, 0x03, 0x87, 0x7f, 0x4a, 0x05, 0x37, 0x06, 0x03, 0xfa, 0x00,
  0x4a, 0x05, 0x05, 0x4f, 0x05, 0x36, 0x08, 0x3a, 0x05, 0x05, 0x4c, 0x4b,
  0x06, 0x0b, 0x4a, 0x02, 0x18, 0x00, 0x01, 0x01, 0x05, 0x1a, 0x0a, 0x00,
  0x09, 0x02, 0x84, 0x53, 0x00, 0x00, 0x00, 0x00, 0x00, 0x00, 0x03, 0x86,
  0x02, 0x01, 0x05, 0x15, 0x08, 0x78, 0x05, 0x09, 0xf3, 0x05, 0x00, 0x06,
  0x03, 0xf4, 0x7d, 0x4a, 0x05, 0x09, 0x06, 0x03, 0x8d, 0x02, 0x4a, 0x08,
  0xad, 0x05, 0x46, 0x83, 0x05, 0x39, 0xbb, 0x06, 0x03, 0xf0, 0x7d, 0xba,
  0x05, 0x01, 0x06, 0x03, 0x92, 0x02, 0xba, 0x02, 0x04, 0x00, 0x01, 0x01,
  0x00, 0x09, 0x02, 0x00, 0x54, 0x00, 0x00, 0x00, 0x00, 0x00, 0x00, 0x03,
  0x83, 0x01, 0x01, 0x05, 0x0f, 0x0a, 0xbb, 0x06, 0x03, 0xfb, 0x7e, 0x82,
  0x05, 0x05, 0x06, 0x03, 0x8b, 0x01, 0x82, 0x05, 0x0c, 0x4d, 0x06, 0x0b,
  0x82, 0x05, 0x09, 0x06, 0x03, 0x78, 0xba, 0x05, 0x01, 0x03, 0x09, 0x08,
  0x74, 0x06, 0x0b, 0x4a, 0x02, 0x0c, 0x00, 0x01, 0x01, 0x00, 0x09, 0x02,
  0x5c, 0x54, 0x00, 0x00, 0x00, 0x00, 0x00, 0x00, 0x03, 0x9c, 0x01, 0x01,
  0x05, 0x2d, 0x0a, 0x08, 0x75, 0x05, 0x09, 0x06, 0x08, 0x3c, 0x05, 0x05,
  0x06, 0x52, 0x83, 0x05, 0x14, 0x7f, 0x05, 0x05, 0x4c, 0x08, 0x3d, 0x05,
  0x3d, 0x4c, 0x05, 0x12, 0x06, 0x4a, 0x05, 0x47, 0xf2, 0x05, 0x12, 0x4a,
  0x05, 0x09, 0x06, 0x4b, 0x86, 0x06, 0xf2, 0x05, 0x44, 0x06, 0x4e, 0x05,
  0x19, 0x06, 0x82, 0x05, 0x13, 0x06, 0x81, 0x05, 0x19, 0x4b, 0x05, 0x0d,
  0x4c, 0x05, 0x11, 0x03, 0x09, 0x4a, 0x06, 0x4a, 0x4a, 0x4a, 0x4a, 0x4a,
  0x4a, 0x4a, 0x4a, 0x4a, 0x4a, 0x4a, 0x4a, 0x4a, 0x4a, 0x4a, 0x4a, 0x4a,
  0x4a, 0x4a, 0x05, 0x09, 0x06, 0x03, 0x0e, 0x4a, 0x08, 0xad, 0x06, 0x03,
  0xb4, 0x7e, 0x82, 0x05, 0x11, 0x06, 0x03, 0xb5, 0x01, 0x4a, 0x05, 0x21,
  0x06, 0x82, 0x03, 0xcb, 0x7e, 0x82, 0x05, 0x0d, 0x06, 0x03, 0xb7, 0x01,
  0x4a, 0x06, 0x03, 0xc9, 0x7e, 0x4a, 0x05, 0x11, 0x06, 0x03, 0xbd, 0x01,
  0x4a, 0x03, 0x79, 0x4a, 0x06, 0x03, 0xca, 0x7e, 0x08, 0xe4, 0x05, 0x0d,
  0x06, 0x03, 0xb7, 0x01, 0x4a, 0x06, 0x03, 0xc9, 0x7e, 0x4a, 0x05, 0x11,
  0x06, 0x03, 0xbd, 0x01, 0x4a, 0x06, 0x03, 0xc3, 0x7e, 0x4a, 0x03, 0xbd,
  0x01, 0x4a, 0x03, 0xc3, 0x7e, 0x4a, 0x03, 0xbd, 0x01, 0x4a, 0x03, 0xc3,
  0x7e, 0x4a, 0x03, 0xbd, 0x01, 0x4a, 0x03, 0xc3, 0x7e, 0x4a, 0x03, 0xbd,
  0x01, 0x4a, 0x03, 0xc3, 0x7e, 0x4a, 0x03, 0xbd, 0x01, 0x4a, 0x03, 0xc3,
  0x7e, 0x4a, 0x03, 0xbd, 0x01, 0x4a, 0x03, 0xc3, 0x7e, 0x4a, 0x03, 0xbd,
  0x01, 0x4a, 0x03, 0xc3, 0x7e, 0x4a, 0x06, 0x03, 0xc2, 0x01, 0x82, 0x05,
  0x43, 0xb6, 0x05, 0x11, 0x4e, 0x05, 0x41, 0x47, 0x05, 0x31, 0xf5, 0x05,
  0x11, 0x06, 0x4a, 0x06, 0x4b, 0x06, 0x03, 0xbd, 0x7e, 0x02, 0x30, 0x01,
  0x05, 0x01, 0x06, 0x03, 0xd0, 0x01, 0x4a, 0x06, 0x0b, 0xf2, 0x05, 0x00,
  0x03, 0xb0, 0x7e, 0x08, 0x3c, 0x02, 0x04, 0x00, 0x01, 0x01, 0x00, 0x09,
  0x02, 0x9c, 0x56, 0x00, 0x00, 0x00, 0x00, 0x00, 0x00, 0x03, 0xd2, 0x01,
  0x01, 0x05, 0x2d, 0x0a, 0x02, 0x24, 0x13, 0x05, 0x09, 0x06, 0x08, 0x3c,
  0x03, 0xac, 0x7e, 0x4a, 0x05, 0x05, 0x06, 0x03, 0xd9, 0x01, 0x4a, 0x06,
  0x03, 0xa7, 0x7e, 0x02, 0x28, 0x01, 0x05, 0x0f, 0x06, 0x03, 0xe2, 0x01,
  0x08, 0x74, 0x06, 0x03, 0x9e, 0x7e, 0x4a, 0x05, 0x16, 0x06, 0x03, 0xfe,
  0x01, 0x4a, 0x05, 0x17, 0x03, 0x68, 0x4a, 0x05, 0x05, 0x06, 0x4a, 0x05,
  0x19, 0x06, 0x83, 0x05, 0x0d, 0x83, 0x04, 0x12, 0x05, 0x0a, 0x03, 0xdd,
  0x7e, 0x4a, 0x04, 0x01, 0x05, 0x0d, 0x03, 0xa9, 0x01, 0x08, 0xac, 0x04,
  0x12, 0x05, 0x0a, 0x03, 0xd7, 0x7e, 0x82, 0x04, 0x01, 0x05, 0x0d, 0x03,
  0xb2, 0x01, 0x08, 0xac, 0x83, 0x03, 0x77, 0x02, 0x24, 0x01, 0x05, 0x00,
  0x06, 0x03, 0x91, 0x7e, 0x08, 0xac, 0x05, 0x15, 0x06, 0x03, 0x8b, 0x02,
  0x82, 0x05, 0x09, 0x83, 0x4b, 0x08, 0x3d, 0x05, 0x46, 0x83, 0x05, 0x39,
  0x83, 0x05, 0x05, 0xbb, 0x03, 0x70, 0x4a, 0x05, 0x0c, 0x08, 0xad, 0x05,
  0x09, 0x03, 0x53, 0xf2, 0x06, 0x03, 0xab, 0x7e, 0x08, 0x74, 0x05, 0x01,
  0x06, 0x03, 0x83, 0x02, 0x4a, 0x06, 0x0b, 0xf2, 0x05, 0x00, 0x03, 0xfd,
  0x7d, 0x08, 0xe4, 0x02, 0x04, 0x00, 0x01, 0x01, 0x00, 0x09, 0x02, 0x8c,
  0x58, 0x00, 0x00, 0x00, 0x00, 0x00, 0x00, 0x03, 0x91, 0x01, 0x01, 0x05,
  0x05, 0x0a, 0xbb, 0x08, 0xaf, 0x4c, 0x08, 0x3d, 0x06, 0x0b, 0x4a, 0x02,
  0x0c, 0x00, 0x01, 0x01, 0x05, 0x05, 0x0a, 0x00, 0x09, 0x02, 0xdc, 0x58,
  0x00, 0x00, 0x00, 0x00, 0x00, 0x00, 0x03, 0x95, 0x02, 0x01, 0x02, 0x0c,
  0x00, 0x01, 0x01, 0xd3, 0x08, 0x00, 0x00, 0x04, 0x00, 0x83, 0x05, 0x00,
  0x00, 0x01, 0x01, 0x01, 0xfb, 0x0e, 0x0d, 0x00, 0x01, 0x01, 0x01, 0x01,
  0x00, 0x00, 0x00, 0x01, 0x00, 0x00, 0x01, 0x2f, 0x55, 0x73, 0x65, 0x72,
  0x73, 0x2f, 0x6b, 0x69, 0x72, 0x65, 0x72, 0x2f, 0x70, 0x72, 0x6f, 0x6a,
  0x65, 0x63, 0x74, 0x73, 0x2f, 0x61, 0x6e, 0x64, 0x72, 0x6f, 0x69, 0x64,
  0x2f, 0x4b, 0x53, 0x65, 0x72, 0x76, 0x65, 0x72, 0x00, 0x2f, 0x55, 0x73,
  0x65, 0x72, 0x73, 0x2f, 0x6b, 0x69, 0x72, 0x65, 0x72, 0x00, 0x00, 0x73,
  0x65, 0x72, 0x76, 0x65, 0x72, 0x2d, 0x6b, 0x2f, 0x73, 0x72, 0x63, 0x2f,
  0x6d, 0x61, 0x69, 0x6e, 0x2f, 0x63, 0x70, 0x70, 0x2f, 0x63, 0x6f, 0x6d,
  0x6d, 0x6f, 0x6e, 0x2f, 0x61, 0x73, 0x68, 0x6d, 0x65, 0x6d, 0x2e, 0x63,
  0x00, 0x01, 0x00, 0x00, 0x4c, 0x69, 0x62, 0x72, 0x61, 0x72, 0x79, 0x2f,
  0x41, 0x6e, 0x64, 0x72, 0x6f, 0x69, 0x64, 0x2f, 0x73, 0x64, 0x6b, 0x2f,
  0x6e, 0x64, 0x6b, 0x2f, 0x32, 0x39, 0x2e, 0x30, 0x2e, 0x31, 0x33, 0x31,
  0x31, 0x33, 0x34, 0x35, 0x36, 0x2f, 0x74, 0x6f, 0x6f, 0x6c, 0x63, 0x68,
  0x61, 0x69, 0x6e, 0x73, 0x2f, 0x6c, 0x6c, 0x76, 0x6d, 0x2f, 0x70, 0x72,
  0x65, 0x62, 0x75, 0x69, 0x6c, 0x74, 0x2f, 0x64, 0x61, 0x72, 0x77, 0x69,
  0x6e, 0x2d, 0x78, 0x38, 0x36, 0x5f, 0x36, 0x34, 0x2f, 0x73, 0x79, 0x73,
  0x72, 0x6f, 0x6f, 0x74, 0x2f, 0x75, 0x73, 0x72, 0x2f, 0x69, 0x6e, 0x63,
  0x6c, 0x75, 0x64, 0x65, 0x2f, 0x73, 0x74, 0x64, 0x69, 0x6e, 0x74, 0x2e,
  0x68, 0x00, 0x02, 0x00, 0x00, 0x73, 0x65, 0x72, 0x76, 0x65, 0x72, 0x2d,
  0x6b, 0x2f, 0x73, 0x72, 0x63, 0x2f, 0x6d, 0x61, 0x69, 0x6e, 0x2f, 0x63,
  0x70, 0x70, 0x2f, 0x63, 0x6f, 0x6d, 0x6d, 0x6f, 0x6e, 0x2f, 0x6c, 0x6f,
  0x67, 0x2e, 0x68, 0x00, 0x01, 0x00, 0x00, 0x4c, 0x69, 0x62, 0x72, 0x61,
  0x72, 0x79, 0x2f, 0x41, 0x6e, 0x64, 0x72, 0x6f, 0x69, 0x64, 0x2f, 0x73,
  0x64, 0x6b, 0x2f, 0x6e, 0x64, 0x6b, 0x2f, 0x32, 0x39, 0x2e, 0x30, 0x2e,
  0x31, 0x33, 0x31, 0x31, 0x33, 0x34, 0x35, 0x36, 0x2f, 0x74, 0x6f, 0x6f,
  0x6c, 0x63, 0x68, 0x61, 0x69, 0x6e, 0x73, 0x2f, 0x6c, 0x6c, 0x76, 0x6d,
  0x2f, 0x70, 0x72, 0x65, 0x62, 0x75, 0x69, 0x6c, 0x74, 0x2f, 0x64, 0x61,
  0x72, 0x77, 0x69, 0x6e, 0x2d, 0x78, 0x38, 0x36, 0x5f, 0x36, 0x34, 0x2f,
  0x73, 0x79, 0x73, 0x72, 0x6f, 0x6f, 0x74, 0x2f, 0x75, 0x73, 0x72, 0x2f,
  0x69, 0x6e, 0x63, 0x6c, 0x75, 0x64, 0x65, 0x2f, 0x73, 0x79, 0x73, 0x2f,
  0x74, 0x79, 0x70, 0x65, 0x73, 0x2e, 0x68, 0x00, 0x02, 0x00, 0x00, 0x4c,
  0x69, 0x62, 0x72, 0x61, 0x72, 0x79, 0x2f, 0x41, 0x6e, 0x64, 0x72, 0x6f,
  0x69, 0x64, 0x2f, 0x73, 0x64, 0x6b, 0x2f, 0x6e, 0x64, 0x6b, 0x2f, 0x32,
  0x39, 0x2e, 0x30, 0x2e, 0x31, 0x33, 0x31, 0x31, 0x33, 0x34, 0x35, 0x36,
  0x2f, 0x74, 0x6f, 0x6f, 0x6c, 0x63, 0x68, 0x61, 0x69, 0x6e, 0x73, 0x2f,
  0x6c, 0x6c, 0x76, 0x6d, 0x2f, 0x70, 0x72, 0x65, 0x62, 0x75, 0x69, 0x6c,
  0x74, 0x2f, 0x64, 0x61, 0x72, 0x77, 0x69, 0x6e, 0x2d, 0x78, 0x38, 0x36,
  0x5f, 0x36, 0x34, 0x2f, 0x73, 0x79, 0x73, 0x72, 0x6f, 0x6f, 0x74, 0x2f,
  0x75, 0x73, 0x72, 0x2f, 0x69, 0x6e, 0x63, 0x6c, 0x75, 0x64, 0x65, 0x2f,
  0x62, 0x69, 0x74, 0x73, 0x2f, 0x66, 0x6f, 0x72, 0x74, 0x69, 0x66, 0x79,
  0x2f, 0x66, 0x63, 0x6e, 0x74, 0x6c, 0x2e, 0x68, 0x00, 0x02, 0x00, 0x00,
  0x4c, 0x69, 0x62, 0x72, 0x61, 0x72, 0x79, 0x2f, 0x41, 0x6e, 0x64, 0x72,
  0x6f, 0x69, 0x64, 0x2f, 0x73, 0x64, 0x6b, 0x2f, 0x6e, 0x64, 0x6b, 0x2f,
  0x32, 0x39, 0x2e, 0x30, 0x2e, 0x31, 0x33, 0x31, 0x31, 0x33, 0x34, 0x35,
  0x36, 0x2f, 0x74, 0x6f, 0x6f, 0x6c, 0x63, 0x68, 0x61, 0x69, 0x6e, 0x73,
  0x2f, 0x6c, 0x6c, 0x76, 0x6d, 0x2f, 0x70, 0x72, 0x65, 0x62, 0x75, 0x69,
  0x6c, 0x74, 0x2f, 0x64, 0x61, 0x72, 0x77, 0x69, 0x6e, 0x2d, 0x78, 0x38,
  0x36, 0x5f, 0x36, 0x34, 0x2f, 0x73, 0x79, 0x73, 0x72, 0x6f, 0x6f, 0x74,
  0x2f, 0x75, 0x73, 0x72, 0x2f, 0x69, 0x6e, 0x63, 0x6c, 0x75, 0x64, 0x65,
  0x2f, 0x61, 0x73, 0x6d, 0x2d, 0x67, 0x65, 0x6e, 0x65, 0x72, 0x69, 0x63,
  0x2f, 0x70, 0x6f, 0x73, 0x69, 0x78, 0x5f, 0x74, 0x79, 0x70, 0x65, 0x73,
  0x2e, 0x68, 0x00, 0x02, 0x00, 0x00, 0x4c, 0x69, 0x62, 0x72, 0x61, 0x72,
  0x79, 0x2f, 0x41, 0x6e, 0x64, 0x72, 0x6f, 0x69, 0x64, 0x2f, 0x73, 0x64,
  0x6b, 0x2f, 0x6e, 0x64, 0x6b, 0x2f, 0x32, 0x39, 0x2e, 0x30, 0x2e, 0x31,
  0x33, 0x31, 0x31, 0x33, 0x34, 0x35, 0x36, 0x2f, 0x74, 0x6f, 0x6f, 0x6c,
  0x63, 0x68, 0x61, 0x69, 0x6e, 0x73, 0x2f, 0x6c, 0x6c, 0x76, 0x6d, 0x2f,
  0x70, 0x72, 0x65, 0x62, 0x75, 0x69, 0x6c, 0x74, 0x2f, 0x64, 0x61, 0x72,
  0x77, 0x69, 0x6e, 0x2d, 0x78, 0x38, 0x36, 0x5f, 0x36, 0x34, 0x2f, 0x73,
  0x79, 0x73, 0x72, 0x6f, 0x6f, 0x74, 0x2f, 0x75, 0x73, 0x72, 0x2f, 0x69,
  0x6e, 0x63, 0x6c, 0x75, 0x64, 0x65, 0x2f, 0x75, 0x6e, 0x69, 0x73, 0x74,
  0x64, 0x2e, 0x68, 0x00, 0x02, 0x00, 0x00, 0x4c, 0x69, 0x62, 0x72, 0x61,
  0x72, 0x79, 0x2f, 0x41, 0x6e, 0x64, 0x72, 0x6f, 0x69, 0x64, 0x2f, 0x73,
  0x64, 0x6b, 0x2f, 0x6e, 0x64, 0x6b, 0x2f, 0x32, 0x39, 0x2e, 0x30, 0x2e,
  0x31, 0x33, 0x31, 0x31, 0x33, 0x34, 0x35, 0x36, 0x2f, 0x74, 0x6f, 0x6f,
  0x6c, 0x63, 0x68, 0x61, 0x69, 0x6e, 0x73, 0x2f, 0x6c, 0x6c, 0x76, 0x6d,
  0x2f, 0x70, 0x72, 0x65, 0x62, 0x75, 0x69, 0x6c, 0x74, 0x2f, 0x64, 0x61,
  0x72, 0x77, 0x69, 0x6e, 0x2d, 0x78, 0x38, 0x36, 0x5f, 0x36, 0x34, 0x2f,
  0x73, 0x79, 0x73, 0x72, 0x6f, 0x6f, 0x74, 0x2f, 0x75, 0x73, 0x72, 0x2f,
  0x69, 0x6e, 0x63, 0x6c, 0x75, 0x64, 0x65, 0x2f, 0x73, 0x79, 0x73, 0x2f,
  0x6d, 0x6d, 0x61, 0x6e, 0x2e, 0x68, 0x00, 0x02, 0x00, 0x00, 0x4c, 0x69,
  0x62, 0x72, 0x61, 0x72, 0x79, 0x2f, 0x41, 0x6e, 0x64, 0x72, 0x6f, 0x69,
  0x64, 0x2f, 0x73, 0x64, 0x6b, 0x2f, 0x6e, 0x64, 0x6b, 0x2f, 0x32, 0x39,
  0x2e, 0x30, 0x2e, 0x31, 0x33, 0x31, 0x31, 0x33, 0x34, 0x35, 0x36, 0x2f,
  0x74, 0x6f, 0x6f, 0x6c, 0x63, 0x68, 0x61, 0x69, 0x6e, 0x73, 0x2f, 0x6c,
  0x6c, 0x76, 0x6d, 0x2f, 0x70, 0x72, 0x65, 0x62, 0x75, 0x69, 0x6c, 0x74,
  0x2f, 0x64, 0x61, 0x72, 0x77, 0x69, 0x6e, 0x2d, 0x78, 0x38, 0x36, 0x5f,
  0x36, 0x34, 0x2f, 0x6c, 0x69, 0x62, 0x2f, 0x63, 0x6c, 0x61, 0x6e, 0x67,
  0x2f, 0x32, 0x30, 0x2f, 0x69, 0x6e, 0x63, 0x6c, 0x75, 0x64, 0x65, 0x2f,
  0x5f, 0x5f, 0x73, 0x74, 0x64, 0x64, 0x65, 0x66, 0x5f, 0x73, 0x69, 0x7a,
  0x65, 0x5f, 0x74, 0x2e, 0x68, 0x00, 0x02, 0x00, 0x00, 0x4c, 0x69, 0x62,
  0x72, 0x61, 0x72, 0x79, 0x2f, 0x41, 0x6e, 0x64, 0x72, 0x6f, 0x69, 0x64,
  0x2f, 0x73, 0x64, 0x6b, 0x2f, 0x6e, 0x64, 0x6b, 0x2f, 0x32, 0x39, 0x2e,
  0x30, 0x2e, 0x31, 0x33, 0x31, 0x31, 0x33, 0x34, 0x35, 0x36, 0x2f, 0x74,
  0x6f, 0x6f, 0x6c, 0x63, 0x68, 0x61, 0x69, 0x6e, 0x73, 0x2f, 0x6c, 0x6c,
  0x76, 0x6d, 0x2f, 0x70, 0x72, 0x65, 0x62, 0x75, 0x69, 0x6c, 0x74, 0x2f,
  0x64, 0x61, 0x72, 0x77, 0x69, 0x6e, 0x2d, 0x78, 0x38, 0x36, 0x5f, 0x36,
  0x34, 0x2f, 0x73, 0x79, 0x73, 0x72, 0x6f, 0x6f, 0x74, 0x2f, 0x75, 0x73,
  0x72, 0x2f, 0x69, 0x6e, 0x63, 0x6c, 0x75, 0x64, 0x65, 0x2f, 0x62, 0x69,
  0x74, 0x73, 0x2f, 0x66, 0x6f, 0x72, 0x74, 0x69, 0x66, 0x79, 0x2f, 0x73,
  0x74, 0x72, 0x69, 0x6e, 0x67, 0x2e, 0x68, 0x00, 0x02, 0x00, 0x00, 0x4c,
  0x69, 0x62, 0x72, 0x61, 0x72, 0x79, 0x2f, 0x41, 0x6e, 0x64, 0x72, 0x6f,
  0x69, 0x64, 0x2f, 0x73, 0x64, 0x6b, 0x2f, 0x6e, 0x64, 0x6b, 0x2f, 0x32,
  0x39, 0x2e, 0x30, 0x2e, 0x31, 0x33, 0x31, 0x31, 0x33, 0x34, 0x35, 0x36,
  0x2f, 0x74, 0x6f, 0x6f, 0x6c, 0x63, 0x68, 0x61, 0x69, 0x6e, 0x73, 0x2f,
  0x6c, 0x6c, 0x76, 0x6d, 0x2f, 0x70, 0x72, 0x65, 0x62, 0x75, 0x69, 0x6c,
  0x74, 0x2f, 0x64, 0x61, 0x72, 0x77, 0x69, 0x6e, 0x2d, 0x78, 0x38, 0x36,
  0x5f, 0x36, 0x34, 0x2f, 0x73, 0x79, 0x73, 0x72, 0x6f, 0x6f, 0x74, 0x2f,
  0x75, 0x73, 0x72, 0x2f, 0x69, 0x6e, 0x63, 0x6c, 0x75, 0x64, 0x65, 0x2f,
  0x62, 0x69, 0x74, 0x73, 0x2f, 0x74, 0x69, 0x6d, 0x65, 0x73, 0x70, 0x65,
  0x63, 0x2e, 0x68, 0x00, 0x02, 0x00, 0x00, 0x4c, 0x69, 0x62, 0x72, 0x61,
  0x72, 0x79, 0x2f, 0x41, 0x6e, 0x64, 0x72, 0x6f, 0x69, 0x64, 0x2f, 0x73,
  0x64, 0x6b, 0x2f, 0x6e, 0x64, 0x6b, 0x2f, 0x32, 0x39, 0x2e, 0x30, 0x2e,
  0x31, 0x33, 0x31, 0x31, 0x33, 0x34, 0x35, 0x36, 0x2f, 0x74, 0x6f, 0x6f,
  0x6c, 0x63, 0x68, 0x61, 0x69, 0x6e, 0x73, 0x2f, 0x6c, 0x6c, 0x76, 0x6d,
  0x2f, 0x70, 0x72, 0x65, 0x62, 0x75, 0x69, 0x6c, 0x74, 0x2f, 0x64, 0x61,
  0x72, 0x77, 0x69, 0x6e, 0x2d, 0x78, 0x38, 0x36, 0x5f, 0x36, 0x34, 0x2f,
  0x73, 0x79, 0x73, 0x72, 0x6f, 0x6f, 0x74, 0x2f, 0x75, 0x73, 0x72, 0x2f,
  0x69, 0x6e, 0x63, 0x6c, 0x75, 0x64, 0x65, 0x2f, 0x74, 0x69, 0x6d, 0x65,
  0x2e, 0x68, 0x00, 0x02, 0x00, 0x00, 0x4c, 0x69, 0x62, 0x72, 0x61, 0x72,
  0x79, 0x2f, 0x41, 0x6e, 0x64, 0x72, 0x6f, 0x69, 0x64, 0x2f, 0x73, 0x64,
  0x6b, 0x2f, 0x6e, 0x64, 0x6b, 0x2f, 0x32, 0x39, 0x2e, 0x30, 0x2e, 0x31,
  0x33, 0x31, 0x31, 0x33, 0x34, 0x35, 0x36, 0x2f, 0x74, 0x6f, 0x6f, 0x6c,
  0x63, 0x68, 0x61, 0x69, 0x6e, 0x73, 0x2f, 0x6c, 0x6c, 0x76, 0x6d, 0x2f,
  0x70, 0x72, 0x65, 0x62, 0x75, 0x69, 0x6c, 0x74, 0x2f, 0x64, 0x61, 0x72,
  0x77, 0x69, 0x6e, 0x2d, 0x78, 0x38, 0x36, 0x5f, 0x36, 0x34, 0x2f, 0x73,
  0x79, 0x73, 0x72, 0x6f, 0x6f, 0x74, 0x2f, 0x75, 0x73, 0x72, 0x2f, 0x69,
  0x6e, 0x63, 0x6c, 0x75, 0x64, 0x65, 0x2f, 0x6d, 0x61, 0x6c, 0x6c, 0x6f,
  0x63, 0x2e, 0x68, 0x00, 0x02, 0x00, 0x00, 0x00, 0x00, 0x09, 0x02, 0xe8,
  0x58, 0x00, 0x00, 0x00, 0x00, 0x00, 0x00, 0x03, 0x1b, 0x01, 0x05, 0x05,
  0x0a, 0x08, 0x3e, 0x05, 0x1e, 0xf1, 0x05, 0x05, 0x4b, 0x05, 0x09, 0x03,
  0xfb, 0x00, 0x82, 0x06, 0xba, 0x05, 0x19, 0x06, 0x4d, 0x4b, 0x05, 0x18,
  0x4b, 0x05, 0x19, 0x48, 0x05, 0x14, 0x49, 0x05, 0x19, 0x4c, 0x05, 0x18,
  0x4b, 0x05, 0x19, 0x48, 0x4b, 0x05, 0x18, 0x4b, 0x05, 0x09, 0x4d, 0x06,
  0xba, 0x05, 0x0d, 0x06, 0x4b, 0x06, 0x03, 0xde, 0x7e, 0x4a, 0x05, 0x12,
  0x06, 0x03, 0xa5, 0x01, 0x4a, 0x05, 0x0c, 0x4e, 0x05, 0x18, 0xf5, 0x05,
  0x0c, 0x03, 0xf4, 0x7e, 0x4a, 0x05, 0x18, 0x03, 0x8c, 0x01, 0x4a, 0x05,
  0x0c, 0x03, 0xf4, 0x7e, 0x82, 0x04, 0x05, 0x03, 0x2a, 0x4a, 0x04, 0x01,
  0x05, 0x09, 0x03, 0x58, 0xf2, 0x05, 0x1e, 0x45, 0x05, 0x00, 0x06, 0x03,
  0x63, 0x4a, 0x05, 0x09, 0x06, 0x03, 0x26, 0x4a, 0x05, 0x05, 0x50, 0x05,
  0x09, 0x03, 0x7a, 0x82, 0x05, 0x05, 0x50, 0x05, 0x1e, 0x03, 0x71, 0xf2,
  0x05, 0x12, 0x03, 0x11, 0x4a, 0x05, 0x09, 0x08, 0x75, 0x05, 0x0e, 0x88,
  0x05, 0x15, 0x4c, 0x4b, 0x05, 0x10, 0x48, 0x05, 0x3c, 0x4c, 0x05, 0x05,
  0x4c, 0x05, 0x15, 0x7f, 0x4b, 0x05, 0x05, 0x4c, 0x05, 0x15, 0x7f, 0x05,
  0x14, 0x4c, 0x05, 0x15, 0x81, 0x05, 0x2d, 0x4b, 0x05, 0x05, 0x4b, 0x05,
  0x14, 0x49, 0x05, 0x05, 0x4b, 0x06, 0x03, 0x46, 0x4a, 0x05, 0x09, 0x06,
  0x03, 0x23, 0x82, 0x06, 0x03, 0x5d, 0x08, 0x74, 0x06, 0x03, 0x27, 0x4a,
  0x05, 0x00, 0x06, 0x03, 0x59, 0xf2, 0x05, 0x01, 0x06, 0x0b, 0x03, 0x3c,
  0x08, 0x74, 0x02, 0x10, 0x00, 0x01, 0x01, 0x05, 0x09, 0x0a, 0x00, 0x09,
  0x02, 0x98, 0x5a, 0x00, 0x00, 0x00, 0x00, 0x00, 0x00, 0x03, 0x98, 0x01,
  0x01, 0x06, 0xba, 0x05, 0x19, 0x06, 0x4d, 0x05, 0x18, 0x4c, 0x05, 0x19,
  0x48, 0x05, 0x14, 0x49, 0x05, 0x19, 0x4c, 0x05, 0x18, 0x83, 0x05, 0x19,
  0x48, 0x4b, 0x05, 0x18, 0x4b, 0x05, 0x09, 0xf5, 0x06, 0xba, 0x05, 0x0d,
  0x06, 0x4b, 0x06, 0x4a, 0x05, 0x12, 0x06, 0xbd, 0x06, 0x03, 0xdb, 0x7e,
  0x82, 0x05, 0x0c, 0x06, 0x03, 0xa9, 0x01, 0x4a, 0x05, 0x18, 0xbd, 0x05,
  0x05, 0x4c, 0x05, 0x18, 0x48, 0x05, 0x05, 0x0b, 0x84, 0x02, 0x0c, 0x00,
  0x01, 0x01, 0x00, 0x09, 0x02, 0x30, 0x5b, 0x00, 0x00, 0x00, 0x00, 0x00,
  0x00, 0x03, 0x3d, 0x01, 0x05, 0x05, 0x0a, 0xf4, 0x05, 0x1e, 0xf1, 0x05,
  0x05, 0x4b, 0x04, 0x05, 0x05, 0x0c, 0x81, 0x04, 0x01, 0x05, 0x09, 0xf5,
  0x05, 0x00, 0x06, 0x03, 0xbe, 0x7f, 0x4a, 0x05, 0x1e, 0x06, 0x03, 0x3f,
  0x4a, 0x05, 0x12, 0x52, 0x05, 0x09, 0x08, 0x75, 0x05, 0x0e, 0x87, 0x05,
  0x10, 0x4b, 0x05, 0x15, 0x4b, 0x05, 0x0e, 0x48, 0x05, 0x10, 0x4b, 0x05,
  0x15, 0x4b, 0x05, 0x05, 0x4d, 0x05, 0x0e, 0xed, 0x05, 0x15, 0x4d, 0x05,
  0x10, 0x48, 0x05, 0x3c, 0x4c, 0x05, 0x15, 0x49, 0x05, 0x14, 0x4c, 0x05,
  0x15, 0x49, 0x05, 0x14, 0x4b, 0x05, 0x15, 0x49, 0x05, 0x2d, 0x4b, 0x05,
  0x05, 0x4b, 0x05, 0x14, 0x49, 0x05, 0x05, 0x4b, 0x06, 0x03, 0xae, 0x7f,
  0x4a, 0x05, 0x09, 0x06, 0x03, 0xc3, 0x00, 0x82, 0x06, 0x03, 0xbd, 0x7f,
  0x08, 0x74, 0x06, 0x03, 0xc9, 0x00, 0x4a, 0x06, 0x03, 0xb7, 0x7f, 0x82,
  0x05, 0x01, 0x06, 0x0b, 0x03, 0xd4, 0x00, 0x4a, 0x02, 0x0c, 0x00, 0x01,
  0x01, 0x00, 0x09, 0x02, 0x30, 0x5c, 0x00, 0x00, 0x00, 0x00, 0x00, 0x00,
  0x03, 0xd5, 0x00, 0x01, 0x05, 0x0f, 0x0a, 0x02, 0x2c, 0x13, 0x06, 0x03,
  0xa9, 0x7f, 0x4a, 0x03, 0xd7, 0x00, 0xba, 0x03, 0xa9, 0x7f, 0x4a, 0x03,
  0xd7, 0x00, 0xba, 0x03, 0xa9, 0x7f, 0x4a, 0x03, 0xd7, 0x00, 0xba, 0x03,
  0xa9, 0x7f, 0x4a, 0x03, 0xd7, 0x00, 0xba, 0x03, 0xa9, 0x7f, 0x4a, 0x05,
  0x09, 0x06, 0x03, 0xdb, 0x00, 0x82, 0x83, 0x06, 0x03, 0xa4, 0x7f, 0x08,
  0xac, 0x06, 0x03, 0xdd, 0x00, 0x4a, 0x04, 0x0a, 0x05, 0x0c, 0x03, 0x58,
  0x4a, 0x04, 0x01, 0x05, 0x05, 0x03, 0x2b, 0xba, 0x05, 0x09, 0x03, 0xb6,
  0x7f, 0x4a, 0x05, 0x06, 0x03, 0xcb, 0x00, 0x82, 0x05, 0x16, 0x06, 0x4a,
  0x05, 0x05, 0x06, 0x4b, 0x05, 0x09, 0x03, 0xb4, 0x7f, 0x4a, 0x06, 0x4a,
  0x03, 0x6a, 0x4a, 0x03, 0x16, 0x4a, 0x05, 0x1a, 0x06, 0x4d, 0x05, 0x21,
  0x06, 0x82, 0x05, 0x43, 0x08, 0x3c, 0x05, 0x2b, 0x4a, 0x05, 0x06, 0x06,
  0x03, 0xca, 0x00, 0x4a, 0x05, 0x16, 0x06, 0x82, 0x05, 0x01, 0x06, 0x4d,
  0x06, 0x0b, 0xf2, 0x05, 0x00, 0x03, 0x9a, 0x7f, 0x08, 0x3c, 0x02, 0x04,
  0x00, 0x01, 0x01, 0x00, 0x09, 0x02, 0x60, 0x5d, 0x00, 0x00, 0x00, 0x00,
  0x00, 0x00, 0x03, 0xe7, 0x00, 0x01, 0x05, 0x0f, 0x0a, 0x08, 0x75, 0x05,
  0x0a, 0x87, 0x05, 0x15, 0x06, 0xba, 0x03, 0x92, 0x7f, 0x4a, 0x03, 0xee,
  0x00, 0xba, 0x03, 0x92, 0x7f, 0x4a, 0x03, 0xee, 0x00, 0xba, 0x03, 0x92,
  0x7f, 0x4a, 0x03, 0xee, 0x00, 0xba, 0x05, 0x17, 0x06, 0x03, 0x0a, 0x4a,
  0x05, 0x1b, 0x7e, 0x05, 0x17, 0x4e, 0x05, 0x09, 0x06, 0x4a, 0x05, 0x00,
  0x03, 0x88, 0x7f, 0x82, 0x05, 0x09, 0x06, 0x03, 0xfe, 0x00, 0x4a, 0x06,
  0x03, 0x82, 0x7f, 0x4a, 0x05, 0x17, 0x06, 0x03, 0x86, 0x01, 0x4a, 0x05,
  0x09, 0xbb, 0x04, 0x0a, 0x05, 0x0c, 0x03, 0xae, 0x7f, 0x4a, 0x04, 0x01,
  0x05, 0x05, 0x03, 0xdd, 0x00, 0xf2, 0x05, 0x0b, 0x08, 0x70, 0x05, 0x10,
  0x4b, 0x05, 0x18, 0x4b, 0x05, 0x05, 0x4c, 0x06, 0x03, 0xee, 0x7e, 0x4a,
  0x05, 0x09, 0x06, 0x03, 0xea, 0x00, 0x82, 0x03, 0x1e, 0xf2, 0x03, 0x67,
  0x4a, 0x05, 0x00, 0x06, 0x03, 0x91, 0x7f, 0xf2, 0x05, 0x01, 0x06, 0x0b,
  0x03, 0x94, 0x01, 0xba, 0x05, 0x0f, 0x03, 0x65, 0x08, 0x74, 0x05, 0x14,
  0x83, 0x05, 0x09, 0x4b, 0x05, 0x0f, 0x4e, 0x05, 0x14, 0x83, 0x05, 0x1c,
  0x4b, 0x05, 0x09, 0x4b, 0x50, 0x02, 0x14, 0x00, 0x01, 0x01, 0xc5, 0x01,
  0x00, 0x00, 0x04, 0x00, 0x7d, 0x01, 0x00, 0x00, 0x01, 0x01, 0x01, 0xfb,
  0x0e, 0x0d, 0x00, 0x01, 0x01, 0x01, 0x01, 0x00, 0x00, 0x00, 0x01, 0x00,
  0x00, 0x01, 0x2f, 0x55, 0x73, 0x65, 0x72, 0x73, 0x2f, 0x6b, 0x69, 0x72,
  0x65, 0x72, 0x2f, 0x70, 0x72, 0x6f, 0x6a, 0x65, 0x63, 0x74, 0x73, 0x2f,
  0x61, 0x6e, 0x64, 0x72, 0x6f, 0x69, 0x64, 0x2f, 0x4b, 0x53, 0x65, 0x72,
  0x76, 0x65, 0x72, 0x00, 0x2f, 0x55, 0x73, 0x65, 0x72, 0x73, 0x2f, 0x6b,
  0x69, 0x72, 0x65, 0x72, 0x00, 0x00, 0x73, 0x65, 0x72, 0x76, 0x65, 0x72,
  0x2d, 0x6b, 0x2f, 0x73, 0x72, 0x63, 0x2f, 0x6d, 0x61, 0x69, 0x6e, 0x2f,
  0x63, 0x70, 0x70, 0x2f, 0x63, 0x6f, 0x6d, 0x6d, 0x6f, 0x6e, 0x2f, 0x6c,
  0x6f, 0x67, 0x2e, 0x63, 0x00, 0x01, 0x00, 0x00, 0x73, 0x65, 0x72, 0x76,
  0x65, 0x72, 0x2d, 0x6b, 0x2f, 0x73, 0x72, 0x63, 0x2f, 0x6d, 0x61, 0x69,
  0x6e, 0x2f, 0x63, 0x70, 0x70, 0x2f, 0x63, 0x6f, 0x6d, 0x6d, 0x6f, 0x6e,
  0x2f, 0x6c, 0x6f, 0x67, 0x2e, 0x68, 0x00, 0x01, 0x00, 0x00, 0x4c, 0x69,
  0x62, 0x72, 0x61, 0x72, 0x79, 0x2f, 0x41, 0x6e, 0x64, 0x72, 0x6f, 0x69,
  0x64, 0x2f, 0x73, 0x64, 0x6b, 0x2f, 0x6e, 0x64, 0x6b, 0x2f, 0x32, 0x39,
  0x2e, 0x30, 0x2e, 0x31, 0x33, 0x31, 0x31, 0x33, 0x34, 0x35, 0x36, 0x2f,
  0x74, 0x6f, 0x6f, 0x6c, 0x63, 0x68, 0x61, 0x69, 0x6e, 0x73, 0x2f, 0x6c,
  0x6c, 0x76, 0x6d, 0x2f, 0x70, 0x72, 0x65, 0x62, 0x75, 0x69, 0x6c, 0x74,
  0x2f, 0x64, 0x61, 0x72, 0x77, 0x69, 0x6e, 0x2d, 0x78, 0x38, 0x36, 0x5f,
  0x36, 0x34, 0x2f, 0x73, 0x79, 0x73, 0x72, 0x6f, 0x6f, 0x74, 0x2f, 0x75,
  0x73, 0x72, 0x2f, 0x69, 0x6e, 0x63, 0x6c, 0x75, 0x64, 0x65, 0x2f, 0x61,
  0x6e, 0x64, 0x72, 0x6f, 0x69, 0x64, 0x2f, 0x6c, 0x6f, 0x67, 0x2e, 0x68,
  0x00, 0x02, 0x00, 0x00, 0x4c, 0x69, 0x62, 0x72, 0x61, 0x72, 0x79, 0x2f,
  0x41, 0x6e, 0x64, 0x72, 0x6f, 0x69, 0x64, 0x2f, 0x73, 0x64, 0x6b, 0x2f,
  0x6e, 0x64, 0x6b, 0x2f, 0x32, 0x39, 0x2e, 0x30, 0x2e, 0x31, 0x33, 0x31,
  0x31, 0x33, 0x34, 0x35, 0x36, 0x2f, 0x74, 0x6f, 0x6f, 0x6c, 0x63, 0x68,
  0x61, 0x69, 0x6e, 0x73, 0x2f, 0x6c, 0x6c, 0x76, 0x6d, 0x2f, 0x70, 0x72,
  0x65, 0x62, 0x75, 0x69, 0x6c, 0x74, 0x2f, 0x64, 0x61, 0x72, 0x77, 0x69,
  0x6e, 0x2d, 0x78, 0x38, 0x36, 0x5f, 0x36, 0x34, 0x2f, 0x6c, 0x69, 0x62,
  0x2f, 0x63, 0x6c, 0x61, 0x6e, 0x67, 0x2f, 0x32, 0x30, 0x2f, 0x69, 0x6e,
  0x63, 0x6c, 0x75, 0x64, 0x65, 0x2f, 0x5f, 0x5f, 0x73, 0x74, 0x64, 0x61,
  0x72, 0x67, 0x5f, 0x76, 0x61, 0x5f, 0x6c, 0x69, 0x73, 0x74, 0x2e, 0x68,
  0x00, 0x02, 0x00, 0x00, 0x00, 0x00, 0x09, 0x02, 0xb4, 0x5e, 0x00, 0x00,
  0x00, 0x00, 0x00, 0x00, 0x03, 0x1d, 0x01, 0x05, 0x0e, 0x0a, 0x02, 0x34,
  0x14, 0x06, 0x03, 0x60, 0x08, 0x3c, 0x05, 0x05, 0x06, 0x03, 0x24, 0xba,
  0x86, 0x46, 0x05, 0x1a, 0x08, 0x40, 0x05, 0x05, 0x06, 0x82, 0x05, 0x1a,
  0x4a, 0x05, 0x05, 0x4a, 0x05, 0x01, 0x06, 0x03, 0x0a, 0x82, 0x06, 0x0b,
  0xf2, 0x05, 0x00, 0x03, 0x4e, 0xf2, 0x02, 0x04, 0x00, 0x01, 0x01, 0x00,
  0x00, 0x00, 0x00, 0x00, 0x00, 0x00, 0x00, 0x00, 0x00, 0x00, 0x00, 0x00,
  0x00, 0x00, 0x00, 0x00, 0x00, 0x00, 0x00, 0x00, 0x00, 0x00, 0x00, 0x00,
  0x00, 0x00, 0x00, 0x00, 0x01, 0x00, 0x00, 0x00, 0x04, 0x00, 0xf1, 0xff,
  0x00, 0x00, 0x00, 0x00, 0x00, 0x00, 0x00, 0x00, 0x00, 0x00, 0x00, 0x00,
  0x00, 0x00, 0x00, 0x00, 0x0f, 0x00, 0x00, 0x00, 0x02, 0x00, 0x0d, 0x00,
  0x20, 0x35, 0x00, 0x00, 0x00, 0x00, 0x00, 0x00, 0x10, 0x00, 0x00, 0x00,
  0x00, 0x00, 0x00, 0x00, 0x1c, 0x00, 0x00, 0x00, 0x00, 0x00, 0x0d, 0x00,
  0x20, 0x35, 0x00, 0x00, 0x00, 0x00, 0x00, 0x00, 0x00, 0x00, 0x00, 0x00,
  0x00, 0x00, 0x00, 0x00, 0x1f, 0x00, 0x00, 0x00, 0x02, 0x00, 0x0d, 0x00,
  0x38, 0x35, 0x00, 0x00, 0x00, 0x00, 0x00, 0x00, 0x08, 0x00, 0x00, 0x00,
  0x00, 0x00, 0x00, 0x00, 0x31, 0x00, 0x00, 0x00, 0x00, 0x00, 0x0f, 0x00,
  0x30, 0xa3, 0x00, 0x00, 0x00, 0x00, 0x00, 0x00, 0x00, 0x00, 0x00, 0x00,
  0x00, 0x00, 0x00, 0x00, 0x34, 0x00, 0x00, 0x00, 0x00, 0x00, 0x10, 0x00,
  0xb0, 0xa3, 0x00, 0x00, 0x00, 0x00, 0x00, 0x00, 0x00, 0x00, 0x00, 0x00,
  0x00, 0x00, 0x00, 0x00, 0x37, 0x00, 0x00, 0x00, 0x00, 0x00, 0x10, 0x00,
  0xb8, 0xa3, 0x00, 0x00, 0x00, 0x00, 0x00, 0x00, 0x00, 0x00, 0x00, 0x00,
  0x00, 0x00, 0x00, 0x00, 0x3a, 0x00, 0x00, 0x00, 0x00, 0x00, 0x17, 0x00,
  0xb7, 0x00, 0x00, 0x00, 0x00, 0x00, 0x00, 0x00, 0x00, 0x00, 0x00, 0x00,
  0x00, 0x00, 0x00, 0x00, 0x3d, 0x00, 0x00, 0x00, 0x00, 0x00, 0x0c, 0x00,
  0x40, 0x2c, 0x00, 0x00, 0x00, 0x00, 0x00, 0x00, 0x00, 0x00, 0x00, 0x00,
  0x00, 0x00, 0x00, 0x00, 0x40, 0x00, 0x00, 0x00, 0x01, 0x00, 0x01, 0x00,
  0x38, 0x02, 0x00, 0x00, 0x00, 0x00, 0x00, 0x00, 0x98, 0x00, 0x00, 0x00,
  0x00, 0x00, 0x00, 0x00, 0x53, 0x00, 0x00, 0x00, 0x00, 0x00, 0x01, 0x00,
  0x38, 0x02, 0x00, 0x00, 0x00, 0x00, 0x00, 0x00, 0x00, 0x00, 0x00, 0x00,
  0x00, 0x00, 0x00, 0x00, 0x56, 0x00, 0x00, 0x00, 0x00, 0x00, 0x01, 0x00,
  0x4c, 0x02, 0x00, 0x00, 0x00, 0x00, 0x00, 0x00, 0x00, 0x00, 0x00, 0x00,
  0x00, 0x00, 0x00, 0x00, 0x60, 0x00, 0x00, 0x00, 0x00, 0x00, 0x01, 0x00,
  0x44, 0x02, 0x00, 0x00, 0x00, 0x00, 0x00, 0x00, 0x00, 0x00, 0x00, 0x00,
  0x00, 0x00, 0x00, 0x00, 0x6a, 0x00, 0x00, 0x00, 0x00, 0x00, 0x01, 0x00,
  0xd0, 0x02, 0x00, 0x00, 0x00, 0x00, 0x00, 0x00, 0x00, 0x00, 0x00, 0x00,
  0x00, 0x00, 0x00, 0x00, 0x73, 0x00, 0x00, 0x00, 0x00, 0x00, 0x01, 0x00,
  0x50, 0x02, 0x00, 0x00, 0x00, 0x00, 0x00, 0x00, 0x00, 0x00, 0x00, 0x00,
  0x00, 0x00, 0x00, 0x00, 0x7f, 0x00, 0x00, 0x00, 0x00, 0x00, 0x01, 0x00,
  0x90, 0x02, 0x00, 0x00, 0x00, 0x00, 0x00, 0x00, 0x00, 0x00, 0x00, 0x00,
  0x00, 0x00, 0x00, 0x00, 0xc3, 0x02, 0x00, 0x00, 0x01, 0x02, 0x0f, 0x00,
  0x30, 0xa3, 0x00, 0x00, 0x00, 0x00, 0x00, 0x00, 0x08, 0x00, 0x00, 0x00,
  0x00, 0x00, 0x00, 0x00, 0xdf, 0x02, 0x00, 0x00, 0x02, 0x02, 0x0d, 0x00,
  0x30, 0x35, 0x00, 0x00, 0x00, 0x00, 0x00, 0x00, 0x08, 0x00, 0x00, 0x00,
  0x00, 0x00, 0x00, 0x00, 0xf7, 0x02, 0x00, 0x00, 0x02, 0x02, 0x0d, 0x00,
  0x40, 0x35, 0x00, 0x00, 0x00, 0x00, 0x00, 0x00, 0x14, 0x00, 0x00, 0x00,
  0x00, 0x00, 0x00, 0x00, 0x10, 0x03, 0x00, 0x00, 0x02, 0x02, 0x0d, 0x00,
  0x54, 0x35, 0x00, 0x00, 0x00, 0x00, 0x00, 0x00, 0x1c, 0x00, 0x00, 0x00,
  0x00, 0x00, 0x00, 0x00, 0x24, 0x03, 0x00, 0x00, 0x02, 0x02, 0x0d, 0x00,
  0x70, 0x35, 0x00, 0x00, 0x00, 0x00, 0x00, 0x00, 0x10, 0x00, 0x00, 0x00,
  0x00, 0x00, 0x00, 0x00, 0x90, 0x00, 0x00, 0x00, 0x04, 0x00, 0xf1, 0xff,
  0x00, 0x00, 0x00, 0x00, 0x00, 0x00, 0x00, 0x00, 0x00, 0x00, 0x00, 0x00,
  0x00, 0x00, 0x00, 0x00, 0x9e, 0x00, 0x00, 0x00, 0x00, 0x00, 0x0d, 0x00,
  0x80, 0x35, 0x00, 0x00, 0x00, 0x00, 0x00, 0x00, 0x00, 0x00, 0x00, 0x00,
  0x00, 0x00, 0x00, 0x00, 0xa1, 0x00, 0x00, 0x00, 0x00, 0x00, 0x0d, 0x00,
  0xd0, 0x35, 0x00, 0x00, 0x00, 0x00, 0x00, 0x00, 0x00, 0x00, 0x00, 0x00,
  0x00, 0x00, 0x00, 0x00, 0xa4, 0x00, 0x00, 0x00, 0x00, 0x00, 0x0d, 0x00,
  0x78, 0x37, 0x00, 0x00, 0x00, 0x00, 0x00, 0x00, 0x00, 0x00, 0x00, 0x00,
  0x00, 0x00, 0x00, 0x00, 0xa7, 0x00, 0x00, 0x00, 0x00, 0x00, 0x0d, 0x00,
  0x98, 0x39, 0x00, 0x00, 0x00, 0x00, 0x00, 0x00, 0x00, 0x00, 0x00, 0x00,
  0x00, 0x00, 0x00, 0x00, 0xaa, 0x00, 0x00, 0x00, 0x00, 0x00, 0x0d, 0x00,
  0x64, 0x3b, 0x00, 0x00, 0x00, 0x00, 0x00, 0x00, 0x00, 0x00, 0x00, 0x00,
  0x00, 0x00, 0x00, 0x00, 0xad, 0x00, 0x00, 0x00, 0x00, 0x00, 0x0d, 0x00,
  0x34, 0x3c, 0x00, 0x00, 0x00, 0x00, 0x00, 0x00, 0x00, 0x00, 0x00, 0x00,
  0x00, 0x00, 0x00, 0x00, 0xb0, 0x00, 0x00, 0x00, 0x00, 0x00, 0x0d, 0x00,
  0x00, 0x3d, 0x00, 0x00, 0x00, 0x00, 0x00, 0x00, 0x00, 0x00, 0x00, 0x00,
  0x00, 0x00, 0x00, 0x00, 0xb3, 0x00, 0x00, 0x00, 0x00, 0x00, 0x16, 0x00,
  0x90, 0xe7, 0x00, 0x00, 0x00, 0x00, 0x00, 0x00, 0x00, 0x00, 0x00, 0x00,
  0x00, 0x00, 0x00, 0x00, 0xb6, 0x00, 0x00, 0x00, 0x00, 0x00, 0x0a, 0x00,
  0xdc, 0x1e, 0x00, 0x00, 0x00, 0x00, 0x00, 0x00, 0x00, 0x00, 0x00, 0x00,
  0x00, 0x00, 0x00, 0x00, 0xb9, 0x00, 0x00, 0x00, 0x00, 0x00, 0x18, 0x00,
  0x00, 0x00, 0x00, 0x00, 0x00, 0x00, 0x00, 0x00, 0x00, 0x00, 0x00, 0x00,
  0x00, 0x00, 0x00, 0x00, 0xbc, 0x00, 0x00, 0x00, 0x00, 0x00, 0x19, 0x00,
  0x00, 0x00, 0x00, 0x00, 0x00, 0x00, 0x00, 0x00, 0x00, 0x00, 0x00, 0x00,
  0x00, 0x00, 0x00, 0x00, 0xbf, 0x00, 0x00, 0x00, 0x00, 0x00, 0x1a, 0x00,
  0x00, 0x00, 0x00, 0x00, 0x00, 0x00, 0x00, 0x00, 0x00, 0x00, 0x00, 0x00,
  0x00, 0x00, 0x00, 0x00, 0xc2, 0x00, 0x00, 0x00, 0x00, 0x00, 0x1b, 0x00,
  0x00, 0x00, 0x00, 0x00, 0x00, 0x00, 0x00, 0x00, 0x00, 0x00, 0x00, 0x00,
  0x00, 0x00, 0x00, 0x00, 0xc5, 0x00, 0x00, 0x00, 0x00, 0x00, 0x1c, 0x00,
  0xfb, 0x05, 0x00, 0x00, 0x00, 0x00, 0x00, 0x00, 0x00, 0x00, 0x00, 0x00,
  0x00, 0x00, 0x00, 0x00, 0xc8, 0x00, 0x00, 0x00, 0x00, 0x00, 0x17, 0x00,
  0xb7, 0x00, 0x00, 0x00, 0x00, 0x00, 0x00, 0x00, 0x00, 0x00, 0x00, 0x00,
  0x00, 0x00, 0x00, 0x00, 0xcb, 0x00, 0x00, 0x00, 0x00, 0x00, 0x0c, 0x00,
  0x40, 0x2c, 0x00, 0x00, 0x00, 0x00, 0x00, 0x00, 0x00, 0x00, 0x00, 0x00,
  0x00, 0x00, 0x00, 0x00, 0xce, 0x00, 0x00, 0x00, 0x00, 0x00, 0x1d, 0x00,
  0x00, 0x00, 0x00, 0x00, 0x00, 0x00, 0x00, 0x00, 0x00, 0x00, 0x00, 0x00,
  0x00, 0x00, 0x00, 0x00, 0xd1, 0x00, 0x00, 0x00, 0x04, 0x00, 0xf1, 0xff,
  0x00, 0x00, 0x00, 0x00, 0x00, 0x00, 0x00, 0x00, 0x00, 0x00, 0x00, 0x00,
  0x00, 0x00, 0x00, 0x00, 0xe5, 0x00, 0x00, 0x00, 0x00, 0x00, 0x0d, 0x00,
  0x68, 0x3e, 0x00, 0x00, 0x00, 0x00, 0x00, 0x00, 0x00, 0x00, 0x00, 0x00,
  0x00, 0x00, 0x00, 0x00, 0xe8, 0x00, 0x00, 0x00, 0x00, 0x00, 0x0d, 0x00,
  0xf0, 0x3f, 0x00, 0x00, 0x00, 0x00, 0x00, 0x00, 0x00, 0x00, 0x00, 0x00,
  0x00, 0x00, 0x00, 0x00, 0xeb, 0x00, 0x00, 0x00, 0x00, 0x00, 0x0d, 0x00,
  0x58, 0x40, 0x00, 0x00, 0x00, 0x00, 0x00, 0x00, 0x00, 0x00, 0x00, 0x00,
  0x00, 0x00, 0x00, 0x00, 0xee, 0x00, 0x00, 0x00, 0x00, 0x00, 0x0d, 0x00,
  0xc0, 0x40, 0x00, 0x00, 0x00, 0x00, 0x00, 0x00, 0x00, 0x00, 0x00, 0x00,
  0x00, 0x00, 0x00, 0x00, 0xf1, 0x00, 0x00, 0x00, 0x00, 0x00, 0x0a, 0x00,
  0xdc, 0x1e, 0x00, 0x00, 0x00, 0x00, 0x00, 0x00, 0x00, 0x00, 0x00, 0x00,
  0x00, 0x00, 0x00, 0x00, 0xf4, 0x00, 0x00, 0x00, 0x00, 0x00, 0x18, 0x00,
  0xfe, 0x08, 0x00, 0x00, 0x00, 0x00, 0x00, 0x00, 0x00, 0x00, 0x00, 0x00,
  0x00, 0x00, 0x00, 0x00, 0xf7, 0x00, 0x00, 0x00, 0x00, 0x00, 0x19, 0x00,
  0x98, 0x02, 0x00, 0x00, 0x00, 0x00, 0x00, 0x00, 0x00, 0x00, 0x00, 0x00,
  0x00, 0x00, 0x00, 0x00, 0xfa, 0x00, 0x00, 0x00, 0x00, 0x00, 0x1a, 0x00,
  0x83, 0x12, 0x00, 0x00, 0x00, 0x00, 0x00, 0x00, 0x00, 0x00, 0x00, 0x00,
  0x00, 0x00, 0x00, 0x00, 0xfd, 0x00, 0x00, 0x00, 0x00, 0x00, 0x1b, 0x00,
  0x20, 0x02, 0x00, 0x00, 0x00, 0x00, 0x00, 0x00, 0x00, 0x00, 0x00, 0x00,
  0x00, 0x00, 0x00, 0x00, 0x00, 0x01, 0x00, 0x00, 0x00, 0x00, 0x1c, 0x00,
  0xfb, 0x05, 0x00, 0x00, 0x00, 0x00, 0x00, 0x00, 0x00, 0x00, 0x00, 0x00,
  0x00, 0x00, 0x00, 0x00, 0x03, 0x01, 0x00, 0x00, 0x00, 0x00, 0x17, 0x00,
  0xb7, 0x00, 0x00, 0x00, 0x00, 0x00, 0x00, 0x00, 0x00, 0x00, 0x00, 0x00,
  0x00, 0x00, 0x00, 0x00, 0x06, 0x01, 0x00, 0x00, 0x00, 0x00, 0x0c, 0x00,
  0x40, 0x2c, 0x00, 0x00, 0x00, 0x00, 0x00, 0x00, 0x00, 0x00, 0x00, 0x00,
  0x00, 0x00, 0x00, 0x00, 0x09, 0x01, 0x00, 0x00, 0x00, 0x00, 0x1d, 0x00,
  0x5c, 0x09, 0x00, 0x00, 0x00, 0x00, 0x00, 0x00, 0x00, 0x00, 0x00, 0x00,
  0x00, 0x00, 0x00, 0x00, 0x0c, 0x01, 0x00, 0x00, 0x04, 0x00, 0xf1, 0xff,
  0x00, 0x00, 0x00, 0x00, 0x00, 0x00, 0x00, 0x00, 0x00, 0x00, 0x00, 0x00,
  0x00, 0x00, 0x00, 0x00, 0x23, 0x01, 0x00, 0x00, 0x00, 0x00, 0x0d, 0x00,
  0xf4, 0x41, 0x00, 0x00, 0x00, 0x00, 0x00, 0x00, 0x00, 0x00, 0x00, 0x00,
  0x00, 0x00, 0x00, 0x00, 0x26, 0x01, 0x00, 0x00, 0x00, 0x00, 0x0d, 0x00,
  0x88, 0x42, 0x00, 0x00, 0x00, 0x00, 0x00, 0x00, 0x00, 0x00, 0x00, 0x00,
  0x00, 0x00, 0x00, 0x00, 0x29, 0x01, 0x00, 0x00, 0x00, 0x00, 0x0d, 0x00,
  0x2c, 0x43, 0x00, 0x00, 0x00, 0x00, 0x00, 0x00, 0x00, 0x00, 0x00, 0x00,
  0x00, 0x00, 0x00, 0x00, 0x2c, 0x01, 0x00, 0x00, 0x00, 0x00, 0x0d, 0x00,
  0xa4, 0x43, 0x00, 0x00, 0x00, 0x00, 0x00, 0x00, 0x00, 0x00, 0x00, 0x00,
  0x00, 0x00, 0x00, 0x00, 0x2f, 0x01, 0x00, 0x00, 0x00, 0x00, 0x0d, 0x00,
  0x7c, 0x44, 0x00, 0x00, 0x00, 0x00, 0x00, 0x00, 0x00, 0x00, 0x00, 0x00,
  0x00, 0x00, 0x00, 0x00, 0x32, 0x01, 0x00, 0x00, 0x00, 0x00, 0x0d, 0x00,
  0xe4, 0x44, 0x00, 0x00, 0x00, 0x00, 0x00, 0x00, 0x00, 0x00, 0x00, 0x00,
  0x00, 0x00, 0x00, 0x00, 0x35, 0x01, 0x00, 0x00, 0x01, 0x00, 0x0f, 0x00,
  0x38, 0xa3, 0x00, 0x00, 0x00, 0x00, 0x00, 0x00, 0x28, 0x00, 0x00, 0x00,
  0x00, 0x00, 0x00, 0x00, 0x44, 0x01, 0x00, 0x00, 0x00, 0x00, 0x0a, 0x00,
  0x8f, 0x22, 0x00, 0x00, 0x00, 0x00, 0x00, 0x00, 0x00, 0x00, 0x00, 0x00,
  0x00, 0x00, 0x00, 0x00, 0x47, 0x01, 0x00, 0x00, 0x00, 0x00, 0x0f, 0x00,
  0x38, 0xa3, 0x00, 0x00, 0x00, 0x00, 0x00, 0x00, 0x00, 0x00, 0x00, 0x00,
  0x00, 0x00, 0x00, 0x00, 0x4a, 0x01, 0x00, 0x00, 0x00, 0x00, 0x18, 0x00,
  0x76, 0x11, 0x00, 0x00, 0x00, 0x00, 0x00, 0x00, 0x00, 0x00, 0x00, 0x00,
  0x00, 0x00, 0x00, 0x00, 0x4d, 0x01, 0x00, 0x00, 0x00, 0x00, 0x19, 0x00,
  0x7d, 0x04, 0x00, 0x00, 0x00, 0x00, 0x00, 0x00, 0x00, 0x00, 0x00, 0x00,
  0x00, 0x00, 0x00, 0x00, 0x50, 0x01, 0x00, 0x00, 0x00, 0x00, 0x1a, 0x00,
  0x5d, 0x41, 0x00, 0x00, 0x00, 0x00, 0x00, 0x00, 0x00, 0x00, 0x00, 0x00,
  0x00, 0x00, 0x00, 0x00, 0x53, 0x01, 0x00, 0x00, 0x00, 0x00, 0x1b, 0x00,
  0x70, 0x02, 0x00, 0x00, 0x00, 0x00, 0x00, 0x00, 0x00, 0x00, 0x00, 0x00,
  0x00, 0x00, 0x00, 0x00, 0x56, 0x01, 0x00, 0x00, 0x00, 0x00, 0x1c, 0x00,
  0xfb, 0x05, 0x00, 0x00, 0x00, 0x00, 0x00, 0x00, 0x00, 0x00, 0x00, 0x00,
  0x00, 0x00, 0x00, 0x00, 0x59, 0x01, 0x00, 0x00, 0x00, 0x00, 0x17, 0x00,
  0xb7, 0x00, 0x00, 0x00, 0x00, 0x00, 0x00, 0x00, 0x00, 0x00, 0x00, 0x00,
  0x00, 0x00, 0x00, 0x00, 0x5c, 0x01, 0x00, 0x00, 0x00, 0x00, 0x0c, 0x00,
  0x40, 0x2c, 0x00, 0x00, 0x00, 0x00, 0x00, 0x00, 0x00, 0x00, 0x00, 0x00,
  0x00, 0x00, 0x00, 0x00, 0x5f, 0x01, 0x00, 0x00, 0x00, 0x00, 0x1d, 0x00,
  0xdf, 0x0d, 0x00, 0x00, 0x00, 0x00, 0x00, 0x00, 0x00, 0x00, 0x00, 0x00,
  0x00, 0x00, 0x00, 0x00, 0x62, 0x01, 0x00, 0x00, 0x04, 0x00, 0xf1, 0xff,
  0x00, 0x00, 0x00, 0x00, 0x00, 0x00, 0x00, 0x00, 0x00, 0x00, 0x00, 0x00,
  0x00, 0x00, 0x00, 0x00, 0x70, 0x01, 0x00, 0x00, 0x00, 0x00, 0x0d, 0x00,
  0xf0, 0x44, 0x00, 0x00, 0x00, 0x00, 0x00, 0x00, 0x00, 0x00, 0x00, 0x00,
  0x00, 0x00, 0x00, 0x00, 0x73, 0x01, 0x00, 0x00, 0x00, 0x00, 0x0d, 0x00,
  0xac, 0x45, 0x00, 0x00, 0x00, 0x00, 0x00, 0x00, 0x00, 0x00, 0x00, 0x00,
  0x00, 0x00, 0x00, 0x00, 0x76, 0x01, 0x00, 0x00, 0x00, 0x00, 0x0d, 0x00,
  0x74, 0x48, 0x00, 0x00, 0x00, 0x00, 0x00, 0x00, 0x00, 0x00, 0x00, 0x00,
  0x00, 0x00, 0x00, 0x00, 0x79, 0x01, 0x00, 0x00, 0x02, 0x00, 0x0d, 0x00,
  0x20, 0x4a, 0x00, 0x00, 0x00, 0x00, 0x00, 0x00, 0x9c, 0x00, 0x00, 0x00,
  0x00, 0x00, 0x00, 0x00, 0xa1, 0x01, 0x00, 0x00, 0x00, 0x00, 0x0d, 0x00,
  0xa4, 0x49, 0x00, 0x00, 0x00, 0x00, 0x00, 0x00, 0x00, 0x00, 0x00, 0x00,
  0x00, 0x00, 0x00, 0x00, 0xa4, 0x01, 0x00, 0x00, 0x00, 0x00, 0x0d, 0x00,
  0x20, 0x4a, 0x00, 0x00, 0x00, 0x00, 0x00, 0x00, 0x00, 0x00, 0x00, 0x00,
  0x00, 0x00, 0x00, 0x00, 0xa7, 0x01, 0x00, 0x00, 0x00, 0x00, 0x0d, 0x00,
  0xbc, 0x4a, 0x00, 0x00, 0x00, 0x00, 0x00, 0x00, 0x00, 0x00, 0x00, 0x00,
  0x00, 0x00, 0x00, 0x00, 0xaa, 0x01, 0x00, 0x00, 0x00, 0x00, 0x0d, 0x00,
  0x18, 0x4b, 0x00, 0x00, 0x00, 0x00, 0x00, 0x00, 0x00, 0x00, 0x00, 0x00,
  0x00, 0x00, 0x00, 0x00, 0xad, 0x01, 0x00, 0x00, 0x00, 0x00, 0x0d, 0x00,
  0x10, 0x4d, 0x00, 0x00, 0x00, 0x00, 0x00, 0x00, 0x00, 0x00, 0x00, 0x00,
  0x00, 0x00, 0x00, 0x00, 0xb0, 0x01, 0x00, 0x00, 0x00, 0x00, 0x0d, 0x00,
  0x00, 0x4f, 0x00, 0x00, 0x00, 0x00, 0x00, 0x00, 0x00, 0x00, 0x00, 0x00,
  0x00, 0x00, 0x00, 0x00, 0xb3, 0x01, 0x00, 0x00, 0x00, 0x00, 0x0d, 0x00,
  0x50, 0x4f, 0x00, 0x00, 0x00, 0x00, 0x00, 0x00, 0x00, 0x00, 0x00, 0x00,
  0x00, 0x00, 0x00, 0x00, 0xb6, 0x01, 0x00, 0x00, 0x01, 0x00, 0x0f, 0x00,
  0x60, 0xa3, 0x00, 0x00, 0x00, 0x00, 0x00, 0x00, 0x28, 0x00, 0x00, 0x00,
  0x00, 0x00, 0x00, 0x00, 0xc6, 0x01, 0x00, 0x00, 0x00, 0x00, 0x0a, 0x00,
  0x8c, 0x24, 0x00, 0x00, 0x00, 0x00, 0x00, 0x00, 0x00, 0x00, 0x00, 0x00,
  0x00, 0x00, 0x00, 0x00, 0xc9, 0x01, 0x00, 0x00, 0x00, 0x00, 0x0f, 0x00,
  0x60, 0xa3, 0x00, 0x00, 0x00, 0x00, 0x00, 0x00, 0x00, 0x00, 0x00, 0x00,
  0x00, 0x00, 0x00, 0x00, 0xcc, 0x01, 0x00, 0x00, 0x00, 0x00, 0x18, 0x00,
  0x7c, 0x14, 0x00, 0x00, 0x00, 0x00, 0x00, 0x00, 0x00, 0x00, 0x00, 0x00,
  0x00, 0x00, 0x00, 0x00, 0xcf, 0x01, 0x00, 0x00, 0x00, 0x00, 0x19, 0x00,
  0x14, 0x06, 0x00, 0x00, 0x00, 0x00, 0x00, 0x00, 0x00, 0x00, 0x00, 0x00,
  0x00, 0x00, 0x00, 0x00, 0xd2, 0x01, 0x00, 0x00, 0x00, 0x00, 0x1a, 0x00,
  0xca, 0x47, 0x00, 0x00, 0x00, 0x00, 0x00, 0x00, 0x00, 0x00, 0x00, 0x00,
  0x00, 0x00, 0x00, 0x00, 0xd5, 0x01, 0x00, 0x00, 0x00, 0x00, 0x1b, 0x00,
  0xe0, 0x02, 0x00, 0x00, 0x00, 0x00, 0x00, 0x00, 0x00, 0x00, 0x00, 0x00,
  0x00, 0x00, 0x00, 0x00, 0xd8, 0x01, 0x00, 0x00, 0x00, 0x00, 0x1c, 0x00,
  0xfb, 0x05, 0x00, 0x00, 0x00, 0x00, 0x00, 0x00, 0x00, 0x00, 0x00, 0x00,
  0x00, 0x00, 0x00, 0x00, 0xdb, 0x01, 0x00, 0x00, 0x00, 0x00, 0x17, 0x00,
  0xb7, 0x00, 0x00, 0x00, 0x00, 0x00, 0x00, 0x00, 0x00, 0x00, 0x00, 0x00,
  0x00, 0x00, 0x00, 0x00, 0xde, 0x01, 0x00, 0x00, 0x00, 0x00, 0x0c, 0x00,
  0x40, 0x2c, 0x00, 0x00, 0x00, 0x00, 0x00, 0x00, 0x00, 0x00, 0x00, 0x00,
  0x00, 0x00, 0x00, 0x00, 0xe1, 0x01, 0x00, 0x00, 0x00, 0x00, 0x1d, 0x00,
  0xc5, 0x11, 0x00, 0x00, 0x00, 0x00, 0x00, 0x00, 0x00, 0x00, 0x00, 0x00,
  0x00, 0x00, 0x00, 0x00, 0xe4, 0x01, 0x00, 0x00, 0x04, 0x00, 0xf1, 0xff,
  0x00, 0x00, 0x00, 0x00, 0x00, 0x00, 0x00, 0x00, 0x00, 0x00, 0x00, 0x00,
  0x00, 0x00, 0x00, 0x00, 0xf1, 0x01, 0x00, 0x00, 0x00, 0x00, 0x0d, 0x00,
  0x5c, 0x4f, 0x00, 0x00, 0x00, 0x00, 0x00, 0x00, 0x00, 0x00, 0x00, 0x00,
  0x00, 0x00, 0x00, 0x00, 0xf4, 0x01, 0x00, 0x00, 0x00, 0x00, 0x0d, 0x00,
  0x4c, 0x50, 0x00, 0x00, 0x00, 0x00, 0x00, 0x00, 0x00, 0x00, 0x00, 0x00,
  0x00, 0x00, 0x00, 0x00, 0xf7, 0x01, 0x00, 0x00, 0x00, 0x00, 0x0d, 0x00,
  0xa0, 0x52, 0x00, 0x00, 0x00, 0x00, 0x00, 0x00, 0x00, 0x00, 0x00, 0x00,
  0x00, 0x00, 0x00, 0x00, 0xfa, 0x01, 0x00, 0x00, 0x00, 0x00, 0x0d, 0x00,
  0x84, 0x53, 0x00, 0x00, 0x00, 0x00, 0x00, 0x00, 0x00, 0x00, 0x00, 0x00,
  0x00, 0x00, 0x00, 0x00, 0xfd, 0x01, 0x00, 0x00, 0x00, 0x00, 0x0d, 0x00,
  0x00, 0x54, 0x00, 0x00, 0x00, 0x00, 0x00, 0x00, 0x00, 0x00, 0x00, 0x00,
  0x00, 0x00, 0x00, 0x00, 0x00, 0x02, 0x00, 0x00, 0x00, 0x00, 0x0d, 0x00,
  0x5c, 0x54, 0x00, 0x00, 0x00, 0x00, 0x00, 0x00, 0x00, 0x00, 0x00, 0x00,
  0x00, 0x00, 0x00, 0x00, 0x03, 0x02, 0x00, 0x00, 0x00, 0x00, 0x0d, 0x00,
  0x9c, 0x56, 0x00, 0x00, 0x00, 0x00, 0x00, 0x00, 0x00, 0x00, 0x00, 0x00,
  0x00, 0x00, 0x00, 0x00, 0x06, 0x02, 0x00, 0x00, 0x00, 0x00, 0x0d, 0x00,
  0x8c, 0x58, 0x00, 0x00, 0x00, 0x00, 0x00, 0x00, 0x00, 0x00, 0x00, 0x00,
  0x00, 0x00, 0x00, 0x00, 0x09, 0x02, 0x00, 0x00, 0x00, 0x00, 0x0d, 0x00,
  0xdc, 0x58, 0x00, 0x00, 0x00, 0x00, 0x00, 0x00, 0x00, 0x00, 0x00, 0x00,
  0x00, 0x00, 0x00, 0x00, 0x0c, 0x02, 0x00, 0x00, 0x01, 0x00, 0x0f, 0x00,
  0x88, 0xa3, 0x00, 0x00, 0x00, 0x00, 0x00, 0x00, 0x28, 0x00, 0x00, 0x00,
  0x00, 0x00, 0x00, 0x00, 0x1b, 0x02, 0x00, 0x00, 0x00, 0x00, 0x0a, 0x00,
  0x7f, 0x24, 0x00, 0x00, 0x00, 0x00, 0x00, 0x00, 0x00, 0x00, 0x00, 0x00,
  0x00, 0x00, 0x00, 0x00, 0x1e, 0x02, 0x00, 0x00, 0x00, 0x00, 0x0f, 0x00,
  0x88, 0xa3, 0x00, 0x00, 0x00, 0x00, 0x00, 0x00, 0x00, 0x00, 0x00, 0x00,
  0x00, 0x00, 0x00, 0x00, 0x21, 0x02, 0x00, 0x00, 0x00, 0x00, 0x18, 0x00,
  0xc2, 0x1f, 0x00, 0x00, 0x00, 0x00, 0x00, 0x00, 0x00, 0x00, 0x00, 0x00,
  0x00, 0x00, 0x00, 0x00, 0x24, 0x02, 0x00, 0x00, 0x00, 0x00, 0x19, 0x00,
  0x36, 0x09, 0x00, 0x00, 0x00, 0x00, 0x00, 0x00, 0x00, 0x00, 0x00, 0x00,
  0x00, 0x00, 0x00, 0x00, 0x27, 0x02, 0x00, 0x00, 0x00, 0x00, 0x1a, 0x00,
  0x52, 0x5c, 0x00, 0x00, 0x00, 0x00, 0x00, 0x00, 0x00, 0x00, 0x00, 0x00,
  0x00, 0x00, 0x00, 0x00, 0x2a, 0x02, 0x00, 0x00, 0x00, 0x00, 0x1b, 0x00,
  0xa0, 0x04, 0x00, 0x00, 0x00, 0x00, 0x00, 0x00, 0x00, 0x00, 0x00, 0x00,
  0x00, 0x00, 0x00, 0x00, 0x2d, 0x02, 0x00, 0x00, 0x00, 0x00, 0x1c, 0x00,
  0xfb, 0x05, 0x00, 0x00, 0x00, 0x00, 0x00, 0x00, 0x00, 0x00, 0x00, 0x00,
  0x00, 0x00, 0x00, 0x00, 0x30, 0x02, 0x00, 0x00, 0x00, 0x00, 0x17, 0x00,
  0xb7, 0x00, 0x00, 0x00, 0x00, 0x00, 0x00, 0x00, 0x00, 0x00, 0x00, 0x00,
  0x00, 0x00, 0x00, 0x00, 0x33, 0x02, 0x00, 0x00, 0x00, 0x00, 0x0c, 0x00,
  0x40, 0x2c, 0x00, 0x00, 0x00, 0x00, 0x00, 0x00, 0x00, 0x00, 0x00, 0x00,
  0x00, 0x00, 0x00, 0x00, 0x36, 0x02, 0x00, 0x00, 0x00, 0x00, 0x1d, 0x00,
  0x94, 0x1f, 0x00, 0x00, 0x00, 0x00, 0x00, 0x00, 0x00, 0x00, 0x00, 0x00,
  0x00, 0x00, 0x00, 0x00, 0x39, 0x02, 0x00, 0x00, 0x04, 0x00, 0xf1, 0xff,
  0x00, 0x00, 0x00, 0x00, 0x00, 0x00, 0x00, 0x00, 0x00, 0x00, 0x00, 0x00,
  0x00, 0x00, 0x00, 0x00, 0x42, 0x02, 0x00, 0x00, 0x00, 0x00, 0x0d, 0x00,
  0xe8, 0x58, 0x00, 0x00, 0x00, 0x00, 0x00, 0x00, 0x00, 0x00, 0x00, 0x00,
  0x00, 0x00, 0x00, 0x00, 0x45, 0x02, 0x00, 0x00, 0x00, 0x00, 0x0d, 0x00,
  0x98, 0x5a, 0x00, 0x00, 0x00, 0x00, 0x00, 0x00, 0x00, 0x00, 0x00, 0x00,
  0x00, 0x00, 0x00, 0x00, 0x48, 0x02, 0x00, 0x00, 0x00, 0x00, 0x0d, 0x00,
  0x30, 0x5b, 0x00, 0x00, 0x00, 0x00, 0x00, 0x00, 0x00, 0x00, 0x00, 0x00,
  0x00, 0x00, 0x00, 0x00, 0x4b, 0x02, 0x00, 0x00, 0x00, 0x00, 0x0d, 0x00,
  0x30, 0x5c, 0x00, 0x00, 0x00, 0x00, 0x00, 0x00, 0x00, 0x00, 0x00, 0x00,
  0x00, 0x00, 0x00, 0x00, 0x4e, 0x02, 0x00, 0x00, 0x00, 0x00, 0x0d, 0x00,
  0x60, 0x5d, 0x00, 0x00, 0x00, 0x00, 0x00, 0x00, 0x00, 0x00, 0x00, 0x00,
  0x00, 0x00, 0x00, 0x00, 0x51, 0x02, 0x00, 0x00, 0x00, 0x00, 0x15, 0x00,
  0x88, 0xe7, 0x00, 0x00, 0x00, 0x00, 0x00, 0x00, 0x00, 0x00, 0x00, 0x00,
  0x00, 0x00, 0x00, 0x00, 0x54, 0x02, 0x00, 0x00, 0x00, 0x00, 0x16, 0x00,
  0x08, 0xeb, 0x00, 0x00, 0x00, 0x00, 0x00, 0x00, 0x00, 0x00, 0x00, 0x00,
  0x00, 0x00, 0x00, 0x00, 0x57, 0x02, 0x00, 0x00, 0x00, 0x00, 0x16, 0x00,
  0x10, 0xeb, 0x00, 0x00, 0x00, 0x00, 0x00, 0x00, 0x00, 0x00, 0x00, 0x00,
  0x00, 0x00, 0x00, 0x00, 0x5a, 0x02, 0x00, 0x00, 0x00, 0x00, 0x16, 0x00,
  0x18, 0xeb, 0x00, 0x00, 0x00, 0x00, 0x00, 0x00, 0x00, 0x00, 0x00, 0x00,
  0x00, 0x00, 0x00, 0x00, 0x5d, 0x02, 0x00, 0x00, 0x00, 0x00, 0x16, 0x00,
  0x20, 0xeb, 0x00, 0x00, 0x00, 0x00, 0x00, 0x00, 0x00, 0x00, 0x00, 0x00,
  0x00, 0x00, 0x00, 0x00, 0x60, 0x02, 0x00, 0x00, 0x00, 0x00, 0x16, 0x00,
  0x28, 0xeb, 0x00, 0x00, 0x00, 0x00, 0x00, 0x00, 0x00, 0x00, 0x00, 0x00,
  0x00, 0x00, 0x00, 0x00, 0x63, 0x02, 0x00, 0x00, 0x00, 0x00, 0x0a, 0x00,
  0x93, 0x2a, 0x00, 0x00, 0x00, 0x00, 0x00, 0x00, 0x00, 0x00, 0x00, 0x00,
  0x00, 0x00, 0x00, 0x00, 0x66, 0x02, 0x00, 0x00, 0x00, 0x00, 0x18, 0x00,
  0x20, 0x2a, 0x00, 0x00, 0x00, 0x00, 0x00, 0x00, 0x00, 0x00, 0x00, 0x00,
  0x00, 0x00, 0x00, 0x00, 0x69, 0x02, 0x00, 0x00, 0x00, 0x00, 0x19, 0x00,
  0x1f, 0x0c, 0x00, 0x00, 0x00, 0x00, 0x00, 0x00, 0x00, 0x00, 0x00, 0x00,
  0x00, 0x00, 0x00, 0x00, 0x6c, 0x02, 0x00, 0x00, 0x00, 0x00, 0x1a, 0x00,
  0xe1, 0x6e, 0x00, 0x00, 0x00, 0x00, 0x00, 0x00, 0x00, 0x00, 0x00, 0x00,
  0x00, 0x00, 0x00, 0x00, 0x6f, 0x02, 0x00, 0x00, 0x00, 0x00, 0x1b, 0x00,
  0x20, 0x06, 0x00, 0x00, 0x00, 0x00, 0x00, 0x00, 0x00, 0x00, 0x00, 0x00,
  0x00, 0x00, 0x00, 0x00, 0x72, 0x02, 0x00, 0x00, 0x00, 0x00, 0x1c, 0x00,
  0xfb, 0x05, 0x00, 0x00, 0x00, 0x00, 0x00, 0x00, 0x00, 0x00, 0x00, 0x00,
  0x00, 0x00, 0x00, 0x00, 0x75, 0x02, 0x00, 0x00, 0x00, 0x00, 0x17, 0x00,
  0xb7, 0x00, 0x00, 0x00, 0x00, 0x00, 0x00, 0x00, 0x00, 0x00, 0x00, 0x00,
  0x00, 0x00, 0x00, 0x00, 0x78, 0x02, 0x00, 0x00, 0x00, 0x00, 0x0c, 0x00,
  0x40, 0x2c, 0x00, 0x00, 0x00, 0x00, 0x00, 0x00, 0x00, 0x00, 0x00, 0x00,
  0x00, 0x00, 0x00, 0x00, 0x7b, 0x02, 0x00, 0x00, 0x00, 0x00, 0x1d, 0x00,
  0xda, 0x2d, 0x00, 0x00, 0x00, 0x00, 0x00, 0x00, 0x00, 0x00, 0x00, 0x00,
  0x00, 0x00, 0x00, 0x00, 0x7e, 0x02, 0x00, 0x00, 0x04, 0x00, 0xf1, 0xff,
  0x00, 0x00, 0x00, 0x00, 0x00, 0x00, 0x00, 0x00, 0x00, 0x00, 0x00, 0x00,
  0x00, 0x00, 0x00, 0x00, 0x84, 0x02, 0x00, 0x00, 0x00, 0x00, 0x0d, 0x00,
  0xb4, 0x5e, 0x00, 0x00, 0x00, 0x00, 0x00, 0x00, 0x00, 0x00, 0x00, 0x00,
  0x00, 0x00, 0x00, 0x00, 0x87, 0x02, 0x00, 0x00, 0x01, 0x00, 0x0a, 0x00,
  0xa0, 0x2a, 0x00, 0x00, 0x00, 0x00, 0x00, 0x00, 0x10, 0x00, 0x00, 0x00,
  0x00, 0x00, 0x00, 0x00, 0x9a, 0x02, 0x00, 0x00, 0x00, 0x00, 0x0a, 0x00,
  0xa0, 0x2a, 0x00, 0x00, 0x00, 0x00, 0x00, 0x00, 0x00, 0x00, 0x00, 0x00,
  0x00, 0x00, 0x00, 0x00, 0x9d, 0x02, 0x00, 0x00, 0x00, 0x00, 0x18, 0x00,
  0x91, 0x30, 0x00, 0x00, 0x00, 0x00, 0x00, 0x00, 0x00, 0x00, 0x00, 0x00,
  0x00, 0x00, 0x00, 0x00, 0xa0, 0x02, 0x00, 0x00, 0x00, 0x00, 0x19, 0x00,
  0x37, 0x0e, 0x00, 0x00, 0x00, 0x00, 0x00, 0x00, 0x00, 0x00, 0x00, 0x00,
  0x00, 0x00, 0x00, 0x00, 0xa3, 0x02, 0x00, 0x00, 0x00, 0x00, 0x1a, 0x00,
  0x85, 0x78, 0x00, 0x00, 0x00, 0x00, 0x00, 0x00, 0x00, 0x00, 0x00, 0x00,
  0x00, 0x00, 0x00, 0x00, 0xa6, 0x02, 0x00, 0x00, 0x00, 0x00, 0x1c, 0x00,
  0xfb, 0x05, 0x00, 0x00, 0x00, 0x00, 0x00, 0x00, 0x00, 0x00, 0x00, 0x00,
  0x00, 0x00, 0x00, 0x00, 0xa9, 0x02, 0x00, 0x00, 0x00, 0x00, 0x17, 0x00,
  0xb7, 0x00, 0x00, 0x00, 0x00, 0x00, 0x00, 0x00, 0x00, 0x00, 0x00, 0x00,
  0x00, 0x00, 0x00, 0x00, 0xac, 0x02, 0x00, 0x00, 0x00, 0x00, 0x0c, 0x00,
  0x40, 0x2c, 0x00, 0x00, 0x00, 0x00, 0x00, 0x00, 0x00, 0x00, 0x00, 0x00,
  0x00, 0x00, 0x00, 0x00, 0xaf, 0x02, 0x00, 0x00, 0x00, 0x00, 0x1d, 0x00,
  0xb1, 0x36, 0x00, 0x00, 0x00, 0x00, 0x00, 0x00, 0x00, 0x00, 0x00, 0x00,
  0x00, 0x00, 0x00, 0x00, 0xb2, 0x02, 0x00, 0x00, 0x01, 0x00, 0x0c, 0x00,
  0x40, 0x2c, 0x00, 0x00, 0x00, 0x00, 0x00, 0x00, 0x04, 0x00, 0x00, 0x00,
  0x00, 0x00, 0x00, 0x00, 0xc0, 0x02, 0x00, 0x00, 0x00, 0x00, 0x0c, 0x00,
  0x40, 0x2c, 0x00, 0x00, 0x00, 0x00, 0x00, 0x00, 0x00, 0x00, 0x00, 0x00,
  0x00, 0x00, 0x00, 0x00, 0xb5, 0x08, 0x00, 0x00, 0x00, 0x02, 0x11, 0x00,
  0xc0, 0xa3, 0x00, 0x00, 0x00, 0x00, 0x00, 0x00, 0x00, 0x00, 0x00, 0x00,
  0x00, 0x00, 0x00, 0x00, 0xd0, 0x02, 0x00, 0x00, 0x12, 0x00, 0x00, 0x00,
  0x00, 0x00, 0x00, 0x00, 0x00, 0x00, 0x00, 0x00, 0x00, 0x00, 0x00, 0x00,
  0x00, 0x00, 0x00, 0x00, 0x17, 0x03, 0x00, 0x00, 0x12, 0x00, 0x00, 0x00,
  0x00, 0x00, 0x00, 0x00, 0x00, 0x00, 0x00, 0x00, 0x00, 0x00, 0x00, 0x00,
  0x00, 0x00, 0x00, 0x00, 0x33, 0x03, 0x00, 0x00, 0x12, 0x00, 0x00, 0x00,
  0x00, 0x00, 0x00, 0x00, 0x00, 0x00, 0x00, 0x00, 0x00, 0x00, 0x00, 0x00,
  0x00, 0x00, 0x00, 0x00, 0x45, 0x03, 0x00, 0x00, 0x12, 0x00, 0x0d, 0x00,
  0x80, 0x35, 0x00, 0x00, 0x00, 0x00, 0x00, 0x00, 0x50, 0x00, 0x00, 0x00,
  0x00, 0x00, 0x00, 0x00, 0x54, 0x03, 0x00, 0x00, 0x12, 0x00, 0x0d, 0x00,
  0xe4, 0x44, 0x00, 0x00, 0x00, 0x00, 0x00, 0x00, 0x0c, 0x00, 0x00, 0x00,
  0x00, 0x00, 0x00, 0x00, 0x71, 0x03, 0x00, 0x00, 0x12, 0x00, 0x0d, 0x00,
  0x50, 0x4f, 0x00, 0x00, 0x00, 0x00, 0x00, 0x00, 0x0c, 0x00, 0x00, 0x00,
  0x00, 0x00, 0x00, 0x00, 0x85, 0x03, 0x00, 0x00, 0x12, 0x00, 0x0d, 0x00,
  0xdc, 0x58, 0x00, 0x00, 0x00, 0x00, 0x00, 0x00, 0x0c, 0x00, 0x00, 0x00,
  0x00, 0x00, 0x00, 0x00, 0x98, 0x03, 0x00, 0x00, 0x12, 0x00, 0x0d, 0x00,
  0xb4, 0x5e, 0x00, 0x00, 0x00, 0x00, 0x00, 0x00, 0xb0, 0x00, 0x00, 0x00,
  0x00, 0x00, 0x00, 0x00, 0xa2, 0x03, 0x00, 0x00, 0x12, 0x00, 0x0d, 0x00,
  0xd0, 0x35, 0x00, 0x00, 0x00, 0x00, 0x00, 0x00, 0xa8, 0x01, 0x00, 0x00,
  0x00, 0x00, 0x00, 0x00, 0xb5, 0x03, 0x00, 0x00, 0x11, 0x00, 0x16, 0x00,
  0x90, 0xe7, 0x00, 0x00, 0x00, 0x00, 0x00, 0x00, 0x78, 0x03, 0x00, 0x00,
  0x00, 0x00, 0x00, 0x00, 0xc2, 0x03, 0x00, 0x00, 0x12, 0x00, 0x00, 0x00,
  0x00, 0x00, 0x00, 0x00, 0x00, 0x00, 0x00, 0x00, 0x00, 0x00, 0x00, 0x00,
  0x00, 0x00, 0x00, 0x00, 0xd5, 0x03, 0x00, 0x00, 0x12, 0x00, 0x00, 0x00,
  0x00, 0x00, 0x00, 0x00, 0x00, 0x00, 0x00, 0x00, 0x00, 0x00, 0x00, 0x00,
  0x00, 0x00, 0x00, 0x00, 0xea, 0x03, 0x00, 0x00, 0x12, 0x00, 0x00, 0x00,
  0x00, 0x00, 0x00, 0x00, 0x00, 0x00, 0x00, 0x00, 0x00, 0x00, 0x00, 0x00,
  0x00, 0x00, 0x00, 0x00, 0xf1, 0x03, 0x00, 0x00, 0x12, 0x00, 0x0d, 0x00,
  0x78, 0x37, 0x00, 0x00, 0x00, 0x00, 0x00, 0x00, 0x20, 0x02, 0x00, 0x00,
  0x00, 0x00, 0x00, 0x00, 0x0f, 0x04, 0x00, 0x00, 0x12, 0x00, 0x00, 0x00,
  0x00, 0x00, 0x00, 0x00, 0x00, 0x00, 0x00, 0x00, 0x00, 0x00, 0x00, 0x00,
  0x00, 0x00, 0x00, 0x00, 0x16, 0x04, 0x00, 0x00, 0x12, 0x00, 0x00, 0x00,
  0x00, 0x00, 0x00, 0x00, 0x00, 0x00, 0x00, 0x00, 0x00, 0x00, 0x00, 0x00,
  0x00, 0x00, 0x00, 0x00, 0x1e, 0x04, 0x00, 0x00, 0x12, 0x00, 0x00, 0x00,
  0x00, 0x00, 0x00, 0x00, 0x00, 0x00, 0x00, 0x00, 0x00, 0x00, 0x00, 0x00,
  0x00, 0x00, 0x00, 0x00, 0x31, 0x04, 0x00, 0x00, 0x12, 0x00, 0x00, 0x00,
  0x00, 0x00, 0x00, 0x00, 0x00, 0x00, 0x00, 0x00, 0x00, 0x00, 0x00, 0x00,
  0x00, 0x00, 0x00, 0x00, 0x47, 0x04, 0x00, 0x00, 0x12, 0x00, 0x0d, 0x00,
  0x98, 0x39, 0x00, 0x00, 0x00, 0x00, 0x00, 0x00, 0xcc, 0x01, 0x00, 0x00,
  0x00, 0x00, 0x00, 0x00, 0x54, 0x04, 0x00, 0x00, 0x12, 0x00, 0x00, 0x00,
  0x00, 0x00, 0x00, 0x00, 0x00, 0x00, 0x00, 0x00, 0x00, 0x00, 0x00, 0x00,
  0x00, 0x00, 0x00, 0x00, 0x63, 0x04, 0x00, 0x00, 0x12, 0x00, 0x00, 0x00,
  0x00, 0x00, 0x00, 0x00, 0x00, 0x00, 0x00, 0x00, 0x00, 0x00, 0x00, 0x00,
  0x00, 0x00, 0x00, 0x00, 0x70, 0x04, 0x00, 0x00, 0x12, 0x00, 0x0d, 0x00,
  0x64, 0x3b, 0x00, 0x00, 0x00, 0x00, 0x00, 0x00, 0xd0, 0x00, 0x00, 0x00,
  0x00, 0x00, 0x00, 0x00, 0x7c, 0x04, 0x00, 0x00, 0x12, 0x00, 0x0d, 0x00,
  0x34, 0x3c, 0x00, 0x00, 0x00, 0x00, 0x00, 0x00, 0xcc, 0x00, 0x00, 0x00,
  0x00, 0x00, 0x00, 0x00, 0x95, 0x04, 0x00, 0x00, 0x12, 0x00, 0x0d, 0x00,
  0x00, 0x3d, 0x00, 0x00, 0x00, 0x00, 0x00, 0x00, 0x68, 0x01, 0x00, 0x00,
  0x00, 0x00, 0x00, 0x00, 0xa7, 0x04, 0x00, 0x00, 0x12, 0x00, 0x0d, 0x00,
  0x68, 0x3e, 0x00, 0x00, 0x00, 0x00, 0x00, 0x00, 0x88, 0x01, 0x00, 0x00,
  0x00, 0x00, 0x00, 0x00, 0xe0, 0x04, 0x00, 0x00, 0x12, 0x00, 0x0d, 0x00,
  0xf0, 0x3f, 0x00, 0x00, 0x00, 0x00, 0x00, 0x00, 0x68, 0x00, 0x00, 0x00,
  0x00, 0x00, 0x00, 0x00, 0x0a, 0x05, 0x00, 0x00, 0x12, 0x00, 0x0d, 0x00,
  0x58, 0x40, 0x00, 0x00, 0x00, 0x00, 0x00, 0x00, 0x68, 0x00, 0x00, 0x00,
  0x00, 0x00, 0x00, 0x00, 0x33, 0x05, 0x00, 0x00, 0x12, 0x00, 0x0d, 0x00,
  0xc0, 0x40, 0x00, 0x00, 0x00, 0x00, 0x00, 0x00, 0x34, 0x01, 0x00, 0x00,
  0x00, 0x00, 0x00, 0x00, 0x61, 0x05, 0x00, 0x00, 0x12, 0x00, 0x0d, 0x00,
  0xf4, 0x41, 0x00, 0x00, 0x00, 0x00, 0x00, 0x00, 0x94, 0x00, 0x00, 0x00,
  0x00, 0x00, 0x00, 0x00, 0x77, 0x05, 0x00, 0x00, 0x12, 0x00, 0x0d, 0x00,
  0x88, 0x42, 0x00, 0x00, 0x00, 0x00, 0x00, 0x00, 0xa4, 0x00, 0x00, 0x00,
  0x00, 0x00, 0x00, 0x00, 0x88, 0x05, 0x00, 0x00, 0x12, 0x00, 0x0d, 0x00,
  0xe8, 0x58, 0x00, 0x00, 0x00, 0x00, 0x00, 0x00, 0xb0, 0x01, 0x00, 0x00,
  0x00, 0x00, 0x00, 0x00, 0x93, 0x05, 0x00, 0x00, 0x11, 0x00, 0x15, 0x00,
  0x88, 0xe7, 0x00, 0x00, 0x00, 0x00, 0x00, 0x00, 0x04, 0x00, 0x00, 0x00,
  0x00, 0x00, 0x00, 0x00, 0x9c, 0x05, 0x00, 0x00, 0x11, 0x00, 0x16, 0x00,
  0x08, 0xeb, 0x00, 0x00, 0x00, 0x00, 0x00, 0x00, 0x08, 0x00, 0x00, 0x00,
  0x00, 0x00, 0x00, 0x00, 0xa7, 0x05, 0x00, 0x00, 0x12, 0x00, 0x0d, 0x00,
  0x2c, 0x43, 0x00, 0x00, 0x00, 0x00, 0x00, 0x00, 0x78, 0x00, 0x00, 0x00,
  0x00, 0x00, 0x00, 0x00, 0xb7, 0x05, 0x00, 0x00, 0x12, 0x00, 0x0d, 0x00,
  0x98, 0x5a, 0x00, 0x00, 0x00, 0x00, 0x00, 0x00, 0x98, 0x00, 0x00, 0x00,
  0x00, 0x00, 0x00, 0x00, 0xc3, 0x05, 0x00, 0x00, 0x12, 0x00, 0x0d, 0x00,
  0xa4, 0x43, 0x00, 0x00, 0x00, 0x00, 0x00, 0x00, 0xd8, 0x00, 0x00, 0x00,
  0x00, 0x00, 0x00, 0x00, 0xd9, 0x05, 0x00, 0x00, 0x12, 0x00, 0x0d, 0x00,
  0x30, 0x5c, 0x00, 0x00, 0x00, 0x00, 0x00, 0x00, 0x30, 0x01, 0x00, 0x00,
  0x00, 0x00, 0x00, 0x00, 0xe3, 0x05, 0x00, 0x00, 0x12, 0x00, 0x0d, 0x00,
  0x7c, 0x44, 0x00, 0x00, 0x00, 0x00, 0x00, 0x00, 0x68, 0x00, 0x00, 0x00,
  0x00, 0x00, 0x00, 0x00, 0xf6, 0x05, 0x00, 0x00, 0x12, 0x00, 0x0d, 0x00,
  0xf0, 0x44, 0x00, 0x00, 0x00, 0x00, 0x00, 0x00, 0xbc, 0x00, 0x00, 0x00,
  0x00, 0x00, 0x00, 0x00, 0x0d, 0x06, 0x00, 0x00, 0x12, 0x00, 0x0d, 0x00,
  0xac, 0x45, 0x00, 0x00, 0x00, 0x00, 0x00, 0x00, 0xc8, 0x02, 0x00, 0x00,
  0x00, 0x00, 0x00, 0x00, 0x1f, 0x06, 0x00, 0x00, 0x12, 0x00, 0x00, 0x00,
  0x00, 0x00, 0x00, 0x00, 0x00, 0x00, 0x00, 0x00, 0x00, 0x00, 0x00, 0x00,
  0x00, 0x00, 0x00, 0x00, 0x26, 0x06, 0x00, 0x00, 0x12, 0x00, 0x00, 0x00,
  0x00, 0x00, 0x00, 0x00, 0x00, 0x00, 0x00, 0x00, 0x00, 0x00, 0x00, 0x00,
  0x00, 0x00, 0x00, 0x00, 0x2c, 0x06, 0x00, 0x00, 0x12, 0x00, 0x00, 0x00,
  0x00, 0x00, 0x00, 0x00, 0x00, 0x00, 0x00, 0x00, 0x00, 0x00, 0x00, 0x00,
  0x00, 0x00, 0x00, 0x00, 0x34, 0x06, 0x00, 0x00, 0x12, 0x00, 0x00, 0x00,
  0x00, 0x00, 0x00, 0x00, 0x00, 0x00, 0x00, 0x00, 0x00, 0x00, 0x00, 0x00,
  0x00, 0x00, 0x00, 0x00, 0x3d, 0x06, 0x00, 0x00, 0x12, 0x00, 0x00, 0x00,
  0x00, 0x00, 0x00, 0x00, 0x00, 0x00, 0x00, 0x00, 0x00, 0x00, 0x00, 0x00,
  0x00, 0x00, 0x00, 0x00, 0x4c, 0x06, 0x00, 0x00, 0x12, 0x00, 0x00, 0x00,
  0x00, 0x00, 0x00, 0x00, 0x00, 0x00, 0x00, 0x00, 0x00, 0x00, 0x00, 0x00,
  0x00, 0x00, 0x00, 0x00, 0x53, 0x06, 0x00, 0x00, 0x12, 0x00, 0x00, 0x00,
  0x00, 0x00, 0x00, 0x00, 0x00, 0x00, 0x00, 0x00, 0x00, 0x00, 0x00, 0x00,
  0x00, 0x00, 0x00, 0x00, 0x58, 0x06, 0x00, 0x00, 0x12, 0x00, 0x00, 0x00,
  0x00, 0x00, 0x00, 0x00, 0x00, 0x00, 0x00, 0x00, 0x00, 0x00, 0x00, 0x00,
  0x00, 0x00, 0x00, 0x00, 0x5f, 0x06, 0x00, 0x00, 0x12, 0x00, 0x00, 0x00,
  0x00, 0x00, 0x00, 0x00, 0x00, 0x00, 0x00, 0x00, 0x00, 0x00, 0x00, 0x00,
  0x00, 0x00, 0x00, 0x00, 0x65, 0x06, 0x00, 0x00, 0x12, 0x00, 0x00, 0x00,
  0x00, 0x00, 0x00, 0x00, 0x00, 0x00, 0x00, 0x00, 0x00, 0x00, 0x00, 0x00,
  0x00, 0x00, 0x00, 0x00, 0x76, 0x06, 0x00, 0x00, 0x12, 0x00, 0x0d, 0x00,
  0x74, 0x48, 0x00, 0x00, 0x00, 0x00, 0x00, 0x00, 0x30, 0x01, 0x00, 0x00,
  0x00, 0x00, 0x00, 0x00, 0x87, 0x06, 0x00, 0x00, 0x12, 0x00, 0x00, 0x00,
  0x00, 0x00, 0x00, 0x00, 0x00, 0x00, 0x00, 0x00, 0x00, 0x00, 0x00, 0x00,
  0x00, 0x00, 0x00, 0x00, 0x8e, 0x06, 0x00, 0x00, 0x12, 0x00, 0x0d, 0x00,
  0xa4, 0x49, 0x00, 0x00, 0x00, 0x00, 0x00, 0x00, 0x7c, 0x00, 0x00, 0x00,
  0x00, 0x00, 0x00, 0x00, 0xa7, 0x06, 0x00, 0x00, 0x12, 0x00, 0x00, 0x00,
  0x00, 0x00, 0x00, 0x00, 0x00, 0x00, 0x00, 0x00, 0x00, 0x00, 0x00, 0x00,
  0x00, 0x00, 0x00, 0x00, 0xb1, 0x06, 0x00, 0x00, 0x12, 0x00, 0x0d, 0x00,
  0xbc, 0x4a, 0x00, 0x00, 0x00, 0x00, 0x00, 0x00, 0x5c, 0x00, 0x00, 0x00,
  0x00, 0x00, 0x00, 0x00, 0xc8, 0x06, 0x00, 0x00, 0x12, 0x00, 0x0d, 0x00,
  0x18, 0x4b, 0x00, 0x00, 0x00, 0x00, 0x00, 0x00, 0xf8, 0x01, 0x00, 0x00,
  0x00, 0x00, 0x00, 0x00, 0xe3, 0x06, 0x00, 0x00, 0x12, 0x00, 0x0d, 0x00,
  0x10, 0x4d, 0x00, 0x00, 0x00, 0x00, 0x00, 0x00, 0xf0, 0x01, 0x00, 0x00,
  0x00, 0x00, 0x00, 0x00, 0xff, 0x06, 0x00, 0x00, 0x12, 0x00, 0x00, 0x00,
  0x00, 0x00, 0x00, 0x00, 0x00, 0x00, 0x00, 0x00, 0x00, 0x00, 0x00, 0x00,
  0x00, 0x00, 0x00, 0x00, 0x0c, 0x07, 0x00, 0x00, 0x12, 0x00, 0x00, 0x00,
  0x00, 0x00, 0x00, 0x00, 0x00, 0x00, 0x00, 0x00, 0x00, 0x00, 0x00, 0x00,
  0x00, 0x00, 0x00, 0x00, 0x13, 0x07, 0x00, 0x00, 0x12, 0x00, 0x00, 0x00,
  0x00, 0x00, 0x00, 0x00, 0x00, 0x00, 0x00, 0x00, 0x00, 0x00, 0x00, 0x00,
  0x00, 0x00, 0x00, 0x00, 0x22, 0x07, 0x00, 0x00, 0x12, 0x00, 0x00, 0x00,
  0x00, 0x00, 0x00, 0x00, 0x00, 0x00, 0x00, 0x00, 0x00, 0x00, 0x00, 0x00,
  0x00, 0x00, 0x00, 0x00, 0x29, 0x07, 0x00, 0x00, 0x12, 0x00, 0x00, 0x00,
  0x00, 0x00, 0x00, 0x00, 0x00, 0x00, 0x00, 0x00, 0x00, 0x00, 0x00, 0x00,
  0x00, 0x00, 0x00, 0x00, 0x30, 0x07, 0x00, 0x00, 0x12, 0x00, 0x0d, 0x00,
  0x00, 0x4f, 0x00, 0x00, 0x00, 0x00, 0x00, 0x00, 0x50, 0x00, 0x00, 0x00,
  0x00, 0x00, 0x00, 0x00, 0x44, 0x07, 0x00, 0x00, 0x12, 0x00, 0x0d, 0x00,
  0x5c, 0x4f, 0x00, 0x00, 0x00, 0x00, 0x00, 0x00, 0xf0, 0x00, 0x00, 0x00,
  0x00, 0x00, 0x00, 0x00, 0x5a, 0x07, 0x00, 0x00, 0x12, 0x00, 0x0d, 0x00,
  0x4c, 0x50, 0x00, 0x00, 0x00, 0x00, 0x00, 0x00, 0x54, 0x02, 0x00, 0x00,
  0x00, 0x00, 0x00, 0x00, 0x6b, 0x07, 0x00, 0x00, 0x12, 0x00, 0x00, 0x00,
  0x00, 0x00, 0x00, 0x00, 0x00, 0x00, 0x00, 0x00, 0x00, 0x00, 0x00, 0x00,
  0x00, 0x00, 0x00, 0x00, 0x76, 0x07, 0x00, 0x00, 0x12, 0x00, 0x00, 0x00,
  0x00, 0x00, 0x00, 0x00, 0x00, 0x00, 0x00, 0x00, 0x00, 0x00, 0x00, 0x00,
  0x00, 0x00, 0x00, 0x00, 0x80, 0x07, 0x00, 0x00, 0x12, 0x00, 0x0d, 0x00,
  0xa0, 0x52, 0x00, 0x00, 0x00, 0x00, 0x00, 0x00, 0xe4, 0x00, 0x00, 0x00,
  0x00, 0x00, 0x00, 0x00, 0x90, 0x07, 0x00, 0x00, 0x12, 0x00, 0x0d, 0x00,
  0x84, 0x53, 0x00, 0x00, 0x00, 0x00, 0x00, 0x00, 0x7c, 0x00, 0x00, 0x00,
  0x00, 0x00, 0x00, 0x00, 0xa8, 0x07, 0x00, 0x00, 0x12, 0x00, 0x0d, 0x00,
  0x00, 0x54, 0x00, 0x00, 0x00, 0x00, 0x00, 0x00, 0x5c, 0x00, 0x00, 0x00,
  0x00, 0x00, 0x00, 0x00, 0xbe, 0x07, 0x00, 0x00, 0x12, 0x00, 0x0d, 0x00,
  0x5c, 0x54, 0x00, 0x00, 0x00, 0x00, 0x00, 0x00, 0x40, 0x02, 0x00, 0x00,
  0x00, 0x00, 0x00, 0x00, 0xd8, 0x07, 0x00, 0x00, 0x12, 0x00, 0x0d, 0x00,
  0x9c, 0x56, 0x00, 0x00, 0x00, 0x00, 0x00, 0x00, 0xf0, 0x01, 0x00, 0x00,
  0x00, 0x00, 0x00, 0x00, 0xf3, 0x07, 0x00, 0x00, 0x12, 0x00, 0x00, 0x00,
  0x00, 0x00, 0x00, 0x00, 0x00, 0x00, 0x00, 0x00, 0x00, 0x00, 0x00, 0x00,
  0x00, 0x00, 0x00, 0x00, 0xfd, 0x07, 0x00, 0x00, 0x12, 0x00, 0x0d, 0x00,
  0x8c, 0x58, 0x00, 0x00, 0x00, 0x00, 0x00, 0x00, 0x50, 0x00, 0x00, 0x00,
  0x00, 0x00, 0x00, 0x00, 0x10, 0x08, 0x00, 0x00, 0x11, 0x00, 0x16, 0x00,
  0x10, 0xeb, 0x00, 0x00, 0x00, 0x00, 0x00, 0x00, 0x08, 0x00, 0x00, 0x00,
  0x00, 0x00, 0x00, 0x00, 0x20, 0x08, 0x00, 0x00, 0x11, 0x00, 0x16, 0x00,
  0x18, 0xeb, 0x00, 0x00, 0x00, 0x00, 0x00, 0x00, 0x08, 0x00, 0x00, 0x00,
  0x00, 0x00, 0x00, 0x00, 0x30, 0x08, 0x00, 0x00, 0x11, 0x00, 0x16, 0x00,
  0x20, 0xeb, 0x00, 0x00, 0x00, 0x00, 0x00, 0x00, 0x08, 0x00, 0x00, 0x00,
  0x00, 0x00, 0x00, 0x00, 0x3f, 0x08, 0x00, 0x00, 0x11, 0x00, 0x16, 0x00,
  0x28, 0xeb, 0x00, 0x00, 0x00, 0x00, 0x00, 0x00, 0x08, 0x00, 0x00, 0x00,
  0x00, 0x00, 0x00, 0x00, 0x52, 0x08, 0x00, 0x00, 0x12, 0x00, 0x00, 0x00,
  0x00, 0x00, 0x00, 0x00, 0x00, 0x00, 0x00, 0x00, 0x00, 0x00, 0x00, 0x00,
  0x00, 0x00, 0x00, 0x00, 0x57, 0x08, 0x00, 0x00, 0x12, 0x00, 0x00, 0x00,
  0x00, 0x00, 0x00, 0x00, 0x00, 0x00, 0x00, 0x00, 0x00, 0x00, 0x00, 0x00,
  0x00, 0x00, 0x00, 0x00, 0x61, 0x08, 0x00, 0x00, 0x12, 0x00, 0x00, 0x00,
  0x00, 0x00, 0x00, 0x00, 0x00, 0x00, 0x00, 0x00, 0x00, 0x00, 0x00, 0x00,
  0x00, 0x00, 0x00, 0x00, 0x66, 0x08, 0x00, 0x00, 0x12, 0x00, 0x0d, 0x00,
  0x30, 0x5b, 0x00, 0x00, 0x00, 0x00, 0x00, 0x00, 0x00, 0x01, 0x00, 0x00,
  0x00, 0x00, 0x00, 0x00, 0x72, 0x08, 0x00, 0x00, 0x12, 0x00, 0x00, 0x00,
  0x00, 0x00, 0x00, 0x00, 0x00, 0x00, 0x00, 0x00, 0x00, 0x00, 0x00, 0x00,
  0x00, 0x00, 0x00, 0x00, 0x7b, 0x08, 0x00, 0x00, 0x12, 0x00, 0x00, 0x00,
  0x00, 0x00, 0x00, 0x00, 0x00, 0x00, 0x00, 0x00, 0x00, 0x00, 0x00, 0x00,
  0x00, 0x00, 0x00, 0x00, 0x82, 0x08, 0x00, 0x00, 0x12, 0x00, 0x00, 0x00,
  0x00, 0x00, 0x00, 0x00, 0x00, 0x00, 0x00, 0x00, 0x00, 0x00, 0x00, 0x00,
  0x00, 0x00, 0x00, 0x00, 0x90, 0x08, 0x00, 0x00, 0x12, 0x00, 0x0d, 0x00,
  0x60, 0x5d, 0x00, 0x00, 0x00, 0x00, 0x00, 0x00, 0x54, 0x01, 0x00, 0x00,
  0x00, 0x00, 0x00, 0x00, 0x99, 0x08, 0x00, 0x00, 0x12, 0x00, 0x00, 0x00,
  0x00, 0x00, 0x00, 0x00, 0x00, 0x00, 0x00, 0x00, 0x00, 0x00, 0x00, 0x00,
  0x00, 0x00, 0x00, 0x00, 0xa0, 0x08, 0x00, 0x00, 0x12, 0x00, 0x00, 0x00,
  0x00, 0x00, 0x00, 0x00, 0x00, 0x00, 0x00, 0x00, 0x00, 0x00, 0x00, 0x00,
  0x00, 0x00, 0x00, 0x00, 0x00, 0x2e, 0x6e, 0x6f, 0x74, 0x65, 0x2e, 0x61,
  0x6e, 0x64, 0x72, 0x6f, 0x69, 0x64, 0x2e, 0x69, 0x64, 0x65, 0x6e, 0x74,
  0x00, 0x2e, 0x6e, 0x6f, 0x74, 0x65, 0x2e, 0x67, 0x6e, 0x75, 0x2e, 0x62,
  0x75, 0x69, 0x6c, 0x64, 0x2d, 0x69, 0x64, 0x00, 0x2e, 0x64, 0x79, 0x6e,
  0x73, 0x79, 0x6d, 0x00, 0x2e, 0x67, 0x6e, 0x75, 0x2e, 0x76, 0x65, 0x72,
  0x73, 0x69, 0x6f, 0x6e, 0x00, 0x2e, 0x67, 0x6e, 0x75, 0x2e, 0x76, 0x65,
  0x72, 0x73, 0x69, 0x6f, 0x6e, 0x5f, 0x72, 0x00, 0x2e, 0x67, 0x6e, 0x75,
  0x2e, 0x68, 0x61, 0x73, 0x68, 0x00, 0x2e, 0x64, 0x79, 0x6e, 0x73, 0x74,
  0x72, 0x00, 0x2e, 0x72, 0x65, 0x6c, 0x61, 0x2e, 0x64, 0x79, 0x6e, 0x00,
  0x2e, 0x72, 0x65, 0x6c, 0x61, 0x2e, 0x70, 0x6c, 0x74, 0x00, 0x2e, 0x72,
  0x6f, 0x64, 0x61, 0x74, 0x61, 0x00, 0x2e, 0x65, 0x68, 0x5f, 0x66, 0x72,
  0x61, 0x6d, 0x65, 0x5f, 0x68, 0x64, 0x72, 0x00, 0x2e, 0x65, 0x68, 0x5f,
  0x66, 0x72, 0x61, 0x6d, 0x65, 0x00, 0x2e, 0x74, 0x65, 0x78, 0x74, 0x00,
  0x2e, 0x70, 0x6c, 0x74, 0x00, 0x2e, 0x64, 0x61, 0x74, 0x61, 0x2e, 0x72,
  0x65, 0x6c, 0x2e, 0x72, 0x6f, 0x00, 0x2e, 0x66, 0x69, 0x6e, 0x69, 0x5f,
  0x61, 0x72, 0x72, 0x61, 0x79, 0x00, 0x2e, 0x64, 0x79, 0x6e, 0x61, 0x6d,
  0x69, 0x63, 0x00, 0x2e, 0x67, 0x6f, 0x74, 0x00, 0x2e, 0x67, 0x6f, 0x74,
  0x2e, 0x70, 0x6c, 0x74, 0x00, 0x2e, 0x72, 0x65, 0x6c, 0x72, 0x6f, 0x5f,
  0x70, 0x61, 0x64, 0x64, 0x69, 0x6e, 0x67, 0x00, 0x2e, 0x64, 0x61, 0x74,
  0x61, 0x00, 0x2e, 0x62, 0x73, 0x73, 0x00, 0x2e, 0x63, 0x6f, 0x6d, 0x6d,
  0x65, 0x6e, 0x74, 0x00, 0x2e, 0x64, 0x65, 0x62, 0x75, 0x67, 0x5f, 0x6c,
  0x6f, 0x63, 0x00, 0x2e, 0x64, 0x65, 0x62, 0x75, 0x67, 0x5f, 0x61, 0x62,
  0x62, 0x72, 0x65, 0x76, 0x00, 0x2e, 0x64, 0x65, 0x62, 0x75, 0x67, 0x5f,
  0x69, 0x6e, 0x66, 0x6f, 0x00, 0x2e, 0x64, 0x65, 0x62, 0x75, 0x67, 0x5f,
  0x72, 0x61, 0x6e, 0x67, 0x65, 0x73, 0x00, 0x2e, 0x64, 0x65, 0x62, 0x75,
  0x67, 0x5f, 0x73, 0x74, 0x72, 0x00, 0x2e, 0x64, 0x65, 0x62, 0x75, 0x67,
  0x5f, 0x6c, 0x69, 0x6e, 0x65, 0x00, 0x2e, 0x73, 0x79, 0x6d, 0x74, 0x61,
  0x62, 0x00, 0x2e, 0x73, 0x68, 0x73, 0x74, 0x72, 0x74, 0x61, 0x62, 0x00,
  0x2e, 0x73, 0x74, 0x72, 0x74, 0x61, 0x62, 0x00, 0x00, 0x63, 0x72, 0x74,
  0x62, 0x65, 0x67, 0x69, 0x6e, 0x5f, 0x73, 0x6f, 0x2e, 0x63, 0x00, 0x5f,
  0x5f, 0x6f, 0x6e, 0x5f, 0x64, 0x6c, 0x63, 0x6c, 0x6f, 0x73, 0x65, 0x00,
  0x24, 0x78, 0x00, 0x5f, 0x5f, 0x6f, 0x6e, 0x5f, 0x64, 0x6c, 0x63, 0x6c,
  0x6f, 0x73, 0x65, 0x5f, 0x6c, 0x61, 0x74, 0x65, 0x00, 0x24, 0x64, 0x00,
  0x24, 0x64, 0x00, 0x24, 0x64, 0x00, 0x24, 0x64, 0x00, 0x24, 0x64, 0x00,
  0x6e, 0x6f, 0x74, 0x65, 0x5f, 0x61, 0x6e, 0x64, 0x72, 0x6f, 0x69, 0x64,
  0x5f, 0x69, 0x64, 0x65, 0x6e, 0x74, 0x00, 0x24, 0x64, 0x00, 0x6e, 0x6f,
  0x74, 0x65, 0x5f, 0x64, 0x61, 0x74, 0x61, 0x00, 0x6e, 0x6f, 0x74, 0x65,
  0x5f, 0x6e, 0x61, 0x6d, 0x65, 0x00, 0x6e, 0x6f, 0x74, 0x65, 0x5f, 0x65,
  0x6e, 0x64, 0x00, 0x6e, 0x64, 0x6b, 0x5f, 0x76, 0x65, 0x72, 0x73, 0x69,
  0x6f, 0x6e, 0x00, 0x6e, 0x64, 0x6b, 0x5f, 0x62, 0x75, 0x69, 0x6c, 0x64,
  0x5f, 0x6e, 0x75, 0x6d, 0x62, 0x65, 0x72, 0x00, 0x73, 0x65, 0x72, 0x76,
  0x65, 0x72, 0x5f, 0x63, 0x6f, 0x72, 0x65, 0x2e, 0x63, 0x00, 0x24, 0x78,
  0x00, 0x24, 0x78, 0x00, 0x24, 0x78, 0x00, 0x24, 0x78, 0x00, 0x24, 0x78,
  0x00, 0x24, 0x78, 0x00, 0x24, 0x78, 0x00, 0x24, 0x64, 0x00, 0x24, 0x64,
  0x00, 0x24, 0x64, 0x00, 0x24, 0x64, 0x00, 0x24, 0x64, 0x00, 0x24, 0x64,
  0x00, 0x24, 0x64, 0x00, 0x24, 0x64, 0x00, 0x24, 0x64, 0x00, 0x24, 0x64,
  0x00, 0x73, 0x65, 0x72, 0x76, 0x65, 0x72, 0x5f, 0x6a, 0x6e, 0x69, 0x5f,
  0x62, 0x72, 0x69, 0x64, 0x67, 0x65, 0x2e, 0x63, 0x00, 0x24, 0x78, 0x00,
  0x24, 0x78, 0x00, 0x24, 0x78, 0x00, 0x24, 0x78, 0x00, 0x24, 0x64, 0x00,
  0x24, 0x64, 0x00, 0x24, 0x64, 0x00, 0x24, 0x64, 0x00, 0x24, 0x64, 0x00,
  0x24, 0x64, 0x00, 0x24, 0x64, 0x00, 0x24, 0x64, 0x00, 0x24, 0x64, 0x00,
  0x73, 0x65, 0x72, 0x76, 0x65, 0x72, 0x5f, 0x73, 0x68, 0x61, 0x72, 0x65,
  0x64, 0x5f, 0x6d, 0x65, 0x6d, 0x6f, 0x72, 0x79, 0x2e, 0x63, 0x00, 0x24,
  0x78, 0x00, 0x24, 0x78, 0x00, 0x24, 0x78, 0x00, 0x24, 0x78, 0x00, 0x24,
  0x78, 0x00, 0x24, 0x78, 0x00, 0x73, 0x68, 0x6d, 0x5f, 0x73, 0x65, 0x72,
  0x76, 0x65, 0x72, 0x5f, 0x6f, 0x70, 0x73, 0x00, 0x24, 0x64, 0x00, 0x24,
  0x64, 0x00, 0x24, 0x64, 0x00, 0x24, 0x64, 0x00, 0x24, 0x64, 0x00, 0x24,
  0x64, 0x00, 0x24, 0x64, 0x00, 0x24, 0x64, 0x00, 0x24, 0x64, 0x00, 0x24,
  0x64, 0x00, 0x73, 0x65, 0x72, 0x76, 0x65, 0x72, 0x5f, 0x75, 0x6e, 0x69,
  0x78, 0x2e, 0x63, 0x00, 0x24, 0x78, 0x00, 0x24, 0x78, 0x00, 0x24, 0x78,
  0x00, 0x5f, 0x5a, 0x4c, 0x38, 0x73, 0x6e, 0x70, 0x72, 0x69, 0x6e, 0x74,
  0x66, 0x50, 0x63, 0x55, 0x31, 0x37, 0x70, 0x61, 0x73, 0x73, 0x5f, 0x6f,
  0x62, 0x6a, 0x65, 0x63, 0x74, 0x5f, 0x73, 0x69, 0x7a, 0x65, 0x31, 0x6d,
  0x50, 0x4b, 0x63, 0x7a, 0x00, 0x24, 0x78, 0x00, 0x24, 0x78, 0x00, 0x24,
  0x78, 0x00, 0x24, 0x78, 0x00, 0x24, 0x78, 0x00, 0x24, 0x78, 0x00, 0x24,
  0x78, 0x00, 0x75, 0x6e, 0x69, 0x78, 0x5f, 0x73, 0x65, 0x72, 0x76, 0x65,
  0x72, 0x5f, 0x6f, 0x70, 0x73, 0x00, 0x24, 0x64, 0x00, 0x24, 0x64, 0x00,
  0x24, 0x64, 0x00, 0x24, 0x64, 0x00, 0x24, 0x64, 0x00, 0x24, 0x64, 0x00,
  0x24, 0x64, 0x00, 0x24, 0x64, 0x00, 0x24, 0x64, 0x00, 0x24, 0x64, 0x00,
  0x73, 0x65, 0x72, 0x76, 0x65, 0x72, 0x5f, 0x74, 0x63, 0x70, 0x2e, 0x63,
  0x00, 0x24, 0x78, 0x00, 0x24, 0x78, 0x00, 0x24, 0x78, 0x00, 0x24, 0x78,
  0x00, 0x24, 0x78, 0x00, 0x24, 0x78, 0x00, 0x24, 0x78, 0x00, 0x24, 0x78,
  0x00, 0x24, 0x78, 0x00, 0x74, 0x63, 0x70, 0x5f, 0x73, 0x65, 0x72, 0x76,
  0x65, 0x72, 0x5f, 0x6f, 0x70, 0x73, 0x00, 0x24, 0x64, 0x00, 0x24, 0x64,
  0x00, 0x24, 0x64, 0x00, 0x24, 0x64, 0x00, 0x24, 0x64, 0x00, 0x24, 0x64,
  0x00, 0x24, 0x64, 0x00, 0x24, 0x64, 0x00, 0x24, 0x64, 0x00, 0x24, 0x64,
  0x00, 0x61, 0x73, 0x68, 0x6d, 0x65, 0x6d, 0x2e, 0x63, 0x00, 0x24, 0x78,
  0x00, 0x24, 0x78, 0x00, 0x24, 0x78, 0x00, 0x24, 0x78, 0x00, 0x24, 0x78,
  0x00, 0x24, 0x64, 0x00, 0x24, 0x64, 0x00, 0x24, 0x64, 0x00, 0x24, 0x64,
  0x00, 0x24, 0x64, 0x00, 0x24, 0x64, 0x00, 0x24, 0x64, 0x00, 0x24, 0x64,
  0x00, 0x24, 0x64, 0x00, 0x24, 0x64, 0x00, 0x24, 0x64, 0x00, 0x24, 0x64,
  0x00, 0x24, 0x64, 0x00, 0x24, 0x64, 0x00, 0x24, 0x64, 0x00, 0x6c, 0x6f,
  0x67, 0x2e, 0x63, 0x00, 0x24, 0x78, 0x00, 0x61, 0x6e, 0x64, 0x72, 0x6f,
  0x69, 0x64, 0x5f, 0x6c, 0x6f, 0x67, 0x5f, 0x6c, 0x65, 0x76, 0x65, 0x6c,
  0x73, 0x00, 0x24, 0x64, 0x00, 0x24, 0x64, 0x00, 0x24, 0x64, 0x00, 0x24,
  0x64, 0x00, 0x24, 0x64, 0x00, 0x24, 0x64, 0x00, 0x24, 0x64, 0x00, 0x24,
  0x64, 0x00, 0x5f, 0x5f, 0x46, 0x52, 0x41, 0x4d, 0x45, 0x5f, 0x45, 0x4e,
  0x44, 0x5f, 0x5f, 0x00, 0x24, 0x64, 0x00, 0x5f, 0x5f, 0x64, 0x73, 0x6f,
  0x5f, 0x68, 0x61, 0x6e, 0x64, 0x6c, 0x65, 0x00, 0x5f, 0x5f, 0x63, 0x78,
  0x61, 0x5f, 0x66, 0x69, 0x6e, 0x61, 0x6c, 0x69, 0x7a, 0x65, 0x00, 0x5f,
  0x5f, 0x65, 0x6d, 0x75, 0x74, 0x6c, 0x73, 0x5f, 0x75, 0x6e, 0x72, 0x65,
  0x67, 0x69, 0x73, 0x74, 0x65, 0x72, 0x5f, 0x6b, 0x65, 0x79, 0x00, 0x5f,
  0x5f, 0x61, 0x74, 0x65, 0x78, 0x69, 0x74, 0x5f, 0x68, 0x61, 0x6e, 0x64,
  0x6c, 0x65, 0x72, 0x5f, 0x77, 0x72, 0x61, 0x70, 0x70, 0x65, 0x72, 0x00,
  0x61, 0x74, 0x65, 0x78, 0x69, 0x74, 0x00, 0x5f, 0x5f, 0x63, 0x78, 0x61,
  0x5f, 0x61, 0x74, 0x65, 0x78, 0x69, 0x74, 0x00, 0x70, 0x74, 0x68, 0x72,
  0x65, 0x61, 0x64, 0x5f, 0x61, 0x74, 0x66, 0x6f, 0x72, 0x6b, 0x00, 0x5f,
  0x5f, 0x72, 0x65, 0x67, 0x69, 0x73, 0x74, 0x65, 0x72, 0x5f, 0x61, 0x74,
  0x66, 0x6f, 0x72, 0x6b, 0x00, 0x67, 0x65, 0x74, 0x5f, 0x73, 0x65, 0x72,
  0x76, 0x65, 0x72, 0x5f, 0x6f, 0x70, 0x73, 0x00, 0x67, 0x65, 0x74, 0x5f,
  0x73, 0x68, 0x61, 0x72, 0x65, 0x64, 0x5f, 0x6d, 0x65, 0x6d, 0x6f, 0x72,
  0x79, 0x5f, 0x73, 0x65, 0x72, 0x76, 0x65, 0x72, 0x5f, 0x6f, 0x70, 0x73,
  0x00, 0x67, 0x65, 0x74, 0x5f, 0x75, 0x6e, 0x69, 0x78, 0x5f, 0x73, 0x65,
  0x72, 0x76, 0x65, 0x72, 0x5f, 0x6f, 0x70, 0x73, 0x00, 0x67, 0x65, 0x74,
  0x5f, 0x74, 0x63, 0x70, 0x5f, 0x73, 0x65, 0x72, 0x76, 0x65, 0x72, 0x5f,
  0x6f, 0x70, 0x73, 0x00, 0x6c, 0x6f, 0x67, 0x5f, 0x70, 0x72, 0x69, 0x6e,
  0x74, 0x00, 0x73, 0x65, 0x72, 0x76, 0x65, 0x72, 0x5f, 0x74, 0x68, 0x72,
  0x65, 0x61, 0x64, 0x5f, 0x66, 0x75, 0x6e, 0x63, 0x00, 0x67, 0x5f, 0x73,
  0x65, 0x72, 0x76, 0x65, 0x72, 0x5f, 0x63, 0x74, 0x78, 0x00, 0x70, 0x74,
  0x68, 0x72, 0x65, 0x61, 0x64, 0x5f, 0x6d, 0x75, 0x74, 0x65, 0x78, 0x5f,
  0x6c, 0x6f, 0x63, 0x6b, 0x00, 0x70, 0x74, 0x68, 0x72, 0x65, 0x61, 0x64,
  0x5f, 0x6d, 0x75, 0x74, 0x65, 0x78, 0x5f, 0x75, 0x6e, 0x6c, 0x6f, 0x63,
  0x6b, 0x00, 0x75, 0x73, 0x6c, 0x65, 0x65, 0x70, 0x00, 0x73, 0x65, 0x72,
  0x76, 0x65, 0x72, 0x5f, 0x69, 0x6e, 0x69, 0x74, 0x69, 0x61, 0x6c, 0x69,
  0x7a, 0x65, 0x5f, 0x77, 0x69, 0x74, 0x68, 0x5f, 0x70, 0x61, 0x72, 0x61,
  0x6d, 0x73, 0x00, 0x6d, 0x65, 0x6d, 0x73, 0x65, 0x74, 0x00, 0x73, 0x74,
  0x72, 0x6e, 0x63, 0x70, 0x79, 0x00, 0x70, 0x74, 0x68, 0x72, 0x65, 0x61,
  0x64, 0x5f, 0x6d, 0x75, 0x74, 0x65, 0x78, 0x5f, 0x69, 0x6e, 0x69, 0x74,
  0x00, 0x70, 0x74, 0x68, 0x72, 0x65, 0x61, 0x64, 0x5f, 0x6d, 0x75, 0x74,
  0x65, 0x78, 0x5f, 0x64, 0x65, 0x73, 0x74, 0x72, 0x6f, 0x79, 0x00, 0x73,
  0x65, 0x72, 0x76, 0x65, 0x72, 0x5f, 0x73, 0x74, 0x61, 0x72, 0x74, 0x00,
  0x70, 0x74, 0x68, 0x72, 0x65, 0x61, 0x64, 0x5f, 0x63, 0x72, 0x65, 0x61,
  0x74, 0x65, 0x00, 0x70, 0x74, 0x68, 0x72, 0x65, 0x61, 0x64, 0x5f, 0x6a,
  0x6f, 0x69, 0x6e, 0x00, 0x73, 0x65, 0x72, 0x76, 0x65, 0x72, 0x5f, 0x73,
  0x74, 0x6f, 0x70, 0x00, 0x63, 0x6c, 0x65, 0x61, 0x6e, 0x75, 0x70, 0x5f,
  0x73, 0x65, 0x72, 0x76, 0x65, 0x72, 0x5f, 0x72, 0x65, 0x73, 0x6f, 0x75,
  0x72, 0x63, 0x65, 0x73, 0x00, 0x73, 0x65, 0x72, 0x76, 0x65, 0x72, 0x5f,
  0x77, 0x72, 0x69, 0x74, 0x65, 0x5f, 0x64, 0x61, 0x74, 0x61, 0x00, 0x4a,
  0x61, 0x76, 0x61, 0x5f, 0x63, 0x6f, 0x6d, 0x5f, 0x67, 0x69, 0x74, 0x68,
  0x75, 0x62, 0x5f, 0x6b, 0x69, 0x72, 0x65, 0x72, 0x5f, 0x73, 0x65, 0x72,
  0x76, 0x65, 0x72, 0x5f, 0x53, 0x65, 0x72, 0x76, 0x65, 0x72, 0x5f, 0x69,
  0x6e, 0x69, 0x74, 0x69, 0x61, 0x6c, 0x69, 0x7a, 0x65, 0x57, 0x69, 0x74,
  0x68, 0x50, 0x61, 0x72, 0x61, 0x6d, 0x73, 0x00, 0x4a, 0x61, 0x76, 0x61,
  0x5f, 0x63, 0x6f, 0x6d, 0x5f, 0x67, 0x69, 0x74, 0x68, 0x75, 0x62, 0x5f,
  0x6b, 0x69, 0x72, 0x65, 0x72, 0x5f, 0x73, 0x65, 0x72, 0x76, 0x65, 0x72,
  0x5f, 0x53, 0x65, 0x72, 0x76, 0x65, 0x72, 0x5f, 0x73, 0x74, 0x61, 0x72,
  0x74, 0x00, 0x4a, 0x61, 0x76, 0x61, 0x5f, 0x63, 0x6f, 0x6d, 0x5f, 0x67,
  0x69, 0x74, 0x68, 0x75, 0x62, 0x5f, 0x6b, 0x69, 0x72, 0x65, 0x72, 0x5f,
  0x73, 0x65, 0x72, 0x76, 0x65, 0x72, 0x5f, 0x53, 0x65, 0x72, 0x76, 0x65,
  0x72, 0x5f, 0x73, 0x74, 0x6f, 0x70, 0x00, 0x4a, 0x61, 0x76, 0x61, 0x5f,
  0x63, 0x6f, 0x6d, 0x5f, 0x67, 0x69, 0x74, 0x68, 0x75, 0x62, 0x5f, 0x6b,
  0x69, 0x72, 0x65, 0x72, 0x5f, 0x73, 0x65, 0x72, 0x76, 0x65, 0x72, 0x5f,
  0x53, 0x65, 0x72, 0x76, 0x65, 0x72, 0x5f, 0x77, 0x72, 0x69, 0x74, 0x65,
  0x44, 0x61, 0x74, 0x61, 0x00, 0x73, 0x68, 0x6d, 0x5f, 0x73, 0x65, 0x72,
  0x76, 0x65, 0x72, 0x5f, 0x69, 0x6e, 0x69, 0x74, 0x69, 0x61, 0x6c, 0x69,
  0x7a, 0x65, 0x00, 0x73, 0x68, 0x6d, 0x5f, 0x73, 0x65, 0x72, 0x76, 0x65,
  0x72, 0x5f, 0x73, 0x74, 0x61, 0x72, 0x74, 0x00, 0x61, 0x73, 0x6d, 0x5f,
  0x63, 0x72, 0x65, 0x61, 0x74, 0x65, 0x00, 0x67, 0x5f, 0x61, 0x73, 0x6d,
  0x5f, 0x66, 0x64, 0x00, 0x67, 0x5f, 0x61, 0x73, 0x6d, 0x5f, 0x62, 0x61,
  0x73, 0x65, 0x00, 0x73, 0x68, 0x6d, 0x5f, 0x73, 0x65, 0x72, 0x76, 0x65,
  0x72, 0x5f, 0x73, 0x74, 0x6f, 0x70, 0x00, 0x61, 0x73, 0x6d, 0x5f, 0x63,
  0x6c, 0x65, 0x61, 0x6e, 0x75, 0x70, 0x00, 0x73, 0x68, 0x6d, 0x5f, 0x73,
  0x65, 0x72, 0x76, 0x65, 0x72, 0x5f, 0x77, 0x72, 0x69, 0x74, 0x65, 0x5f,
  0x64, 0x61, 0x74, 0x61, 0x00, 0x61, 0x73, 0x6d, 0x5f, 0x77, 0x72, 0x69,
  0x74, 0x65, 0x00, 0x73, 0x68, 0x6d, 0x5f, 0x73, 0x65, 0x72, 0x76, 0x65,
  0x72, 0x5f, 0x63, 0x6c, 0x65, 0x61, 0x6e, 0x75, 0x70, 0x00, 0x75, 0x6e,
  0x69, 0x78, 0x5f, 0x73, 0x65, 0x72, 0x76, 0x65, 0x72, 0x5f, 0x69, 0x6e,
  0x69, 0x74, 0x69, 0x61, 0x6c, 0x69, 0x7a, 0x65, 0x00, 0x75, 0x6e, 0x69,
  0x78, 0x5f, 0x73, 0x65, 0x72, 0x76, 0x65, 0x72, 0x5f, 0x73, 0x74, 0x61,
  0x72, 0x74, 0x00, 0x73, 0x6f, 0x63, 0x6b, 0x65, 0x74, 0x00, 0x66, 0x63,
  0x6e, 0x74, 0x6c, 0x00, 0x5f, 0x5f, 0x65, 0x72, 0x72, 0x6e, 0x6f, 0x00,
  0x73, 0x74, 0x72, 0x65, 0x72, 0x72, 0x6f, 0x72, 0x00, 0x5f, 0x5f, 0x73,
  0x74, 0x72, 0x6e, 0x63, 0x70, 0x79, 0x5f, 0x63, 0x68, 0x6b, 0x32, 0x00,
  0x73, 0x74, 0x72, 0x6c, 0x65, 0x6e, 0x00, 0x62, 0x69, 0x6e, 0x64, 0x00,
  0x6c, 0x69, 0x73, 0x74, 0x65, 0x6e, 0x00, 0x63, 0x6c, 0x6f, 0x73, 0x65,
  0x00, 0x5f, 0x5f, 0x73, 0x74, 0x61, 0x63, 0x6b, 0x5f, 0x63, 0x68, 0x6b,
  0x5f, 0x66, 0x61, 0x69, 0x6c, 0x00, 0x75, 0x6e, 0x69, 0x78, 0x5f, 0x73,
  0x65, 0x72, 0x76, 0x65, 0x72, 0x5f, 0x73, 0x74, 0x6f, 0x70, 0x00, 0x75,
  0x6e, 0x6c, 0x69, 0x6e, 0x6b, 0x00, 0x75, 0x6e, 0x69, 0x78, 0x5f, 0x73,
  0x65, 0x72, 0x76, 0x65, 0x72, 0x5f, 0x63, 0x6c, 0x6f, 0x73, 0x65, 0x5f,
  0x63, 0x6c, 0x69, 0x65, 0x6e, 0x74, 0x00, 0x76, 0x73, 0x6e, 0x70, 0x72,
  0x69, 0x6e, 0x74, 0x66, 0x00, 0x75, 0x6e, 0x69, 0x78, 0x5f, 0x73, 0x65,
  0x72, 0x76, 0x65, 0x72, 0x5f, 0x77, 0x72, 0x69, 0x74, 0x65, 0x5f, 0x64,
  0x61, 0x74, 0x61, 0x00, 0x75, 0x6e, 0x69, 0x78, 0x5f, 0x73, 0x65, 0x72,
  0x76, 0x65, 0x72, 0x5f, 0x61, 0x63, 0x63, 0x65, 0x70, 0x74, 0x5f, 0x63,
  0x6c, 0x69, 0x65, 0x6e, 0x74, 0x73, 0x00, 0x75, 0x6e, 0x69, 0x78, 0x5f,
  0x73, 0x65, 0x72, 0x76, 0x65, 0x72, 0x5f, 0x73, 0x65, 0x6e, 0x64, 0x5f,
  0x74, 0x6f, 0x5f, 0x63, 0x6c, 0x69, 0x65, 0x6e, 0x74, 0x73, 0x00, 0x5f,
  0x5f, 0x46, 0x44, 0x5f, 0x53, 0x45, 0x54, 0x5f, 0x63, 0x68, 0x6b, 0x00,
  0x73, 0x65, 0x6c, 0x65, 0x63, 0x74, 0x00, 0x5f, 0x5f, 0x46, 0x44, 0x5f,
  0x49, 0x53, 0x53, 0x45, 0x54, 0x5f, 0x63, 0x68, 0x6b, 0x00, 0x61, 0x63,
  0x63, 0x65, 0x70, 0x74, 0x00, 0x73, 0x65, 0x6e, 0x64, 0x74, 0x6f, 0x00,
  0x75, 0x6e, 0x69, 0x78, 0x5f, 0x73, 0x65, 0x72, 0x76, 0x65, 0x72, 0x5f,
  0x63, 0x6c, 0x65, 0x61, 0x6e, 0x75, 0x70, 0x00, 0x74, 0x63, 0x70, 0x5f,
  0x73, 0x65, 0x72, 0x76, 0x65, 0x72, 0x5f, 0x69, 0x6e, 0x69, 0x74, 0x69,
  0x61, 0x6c, 0x69, 0x7a, 0x65, 0x00, 0x74, 0x63, 0x70, 0x5f, 0x73, 0x65,
  0x72, 0x76, 0x65, 0x72, 0x5f, 0x73, 0x74, 0x61, 0x72, 0x74, 0x00, 0x73,
  0x65, 0x74, 0x73, 0x6f, 0x63, 0x6b, 0x6f, 0x70, 0x74, 0x00, 0x69, 0x6e,
  0x65, 0x74, 0x5f, 0x70, 0x74, 0x6f, 0x6e, 0x00, 0x74, 0x63, 0x70, 0x5f,
  0x73, 0x65, 0x72, 0x76, 0x65, 0x72, 0x5f, 0x73, 0x74, 0x6f, 0x70, 0x00,
  0x74, 0x63, 0x70, 0x5f, 0x73, 0x65, 0x72, 0x76, 0x65, 0x72, 0x5f, 0x63,
  0x6c, 0x6f, 0x73, 0x65, 0x5f, 0x63, 0x6c, 0x69, 0x65, 0x6e, 0x74, 0x00,
  0x74, 0x63, 0x70, 0x5f, 0x73, 0x65, 0x72, 0x76, 0x65, 0x72, 0x5f, 0x77,
  0x72, 0x69, 0x74, 0x65, 0x5f, 0x64, 0x61, 0x74, 0x61, 0x00, 0x74, 0x63,
  0x70, 0x5f, 0x73, 0x65, 0x72, 0x76, 0x65, 0x72, 0x5f, 0x61, 0x63, 0x63,
  0x65, 0x70, 0x74, 0x5f, 0x63, 0x6c, 0x69, 0x65, 0x6e, 0x74, 0x73, 0x00,
  0x74, 0x63, 0x70, 0x5f, 0x73, 0x65, 0x72, 0x76, 0x65, 0x72, 0x5f, 0x73,
  0x65, 0x6e, 0x64, 0x5f, 0x74, 0x6f, 0x5f, 0x63, 0x6c, 0x69, 0x65, 0x6e,
  0x74, 0x73, 0x00, 0x69, 0x6e, 0x65, 0x74, 0x5f, 0x6e, 0x74, 0x6f, 0x70,
  0x00, 0x74, 0x63, 0x70, 0x5f, 0x73, 0x65, 0x72, 0x76, 0x65, 0x72, 0x5f,
  0x63, 0x6c, 0x65, 0x61, 0x6e, 0x75, 0x70, 0x00, 0x67, 0x5f, 0x61, 0x73,
  0x6d, 0x5f, 0x74, 0x69, 0x6d, 0x65, 0x73, 0x74, 0x61, 0x6d, 0x70, 0x00,
  0x67, 0x5f, 0x61, 0x73, 0x6d, 0x5f, 0x64, 0x61, 0x74, 0x61, 0x5f, 0x73,
  0x69, 0x7a, 0x65, 0x00, 0x67, 0x5f, 0x61, 0x73, 0x6d, 0x5f, 0x64, 0x61,
  0x74, 0x61, 0x5f, 0x70, 0x74, 0x72, 0x00, 0x67, 0x5f, 0x61, 0x73, 0x6d,
  0x5f, 0x6c, 0x61, 0x73, 0x74, 0x5f, 0x72, 0x65, 0x61, 0x64, 0x5f, 0x74,
  0x73, 0x00, 0x6f, 0x70, 0x65, 0x6e, 0x00, 0x66, 0x74, 0x72, 0x75, 0x6e,
  0x63, 0x61, 0x74, 0x65, 0x00, 0x6d, 0x6d, 0x61, 0x70, 0x00, 0x61, 0x73,
  0x6d, 0x5f, 0x63, 0x6f, 0x6e, 0x6e, 0x65, 0x63, 0x74, 0x00, 0x5f, 0x5f,
  0x6f, 0x70, 0x65, 0x6e, 0x5f, 0x32, 0x00, 0x6d, 0x65, 0x6d, 0x63, 0x70,
  0x79, 0x00, 0x63, 0x6c, 0x6f, 0x63, 0x6b, 0x5f, 0x67, 0x65, 0x74, 0x74,
  0x69, 0x6d, 0x65, 0x00, 0x61, 0x73, 0x6d, 0x5f, 0x72, 0x65, 0x61, 0x64,
  0x00, 0x6d, 0x61, 0x6c, 0x6c, 0x6f, 0x63, 0x00, 0x5f, 0x5f, 0x61, 0x6e,
  0x64, 0x72, 0x6f, 0x69, 0x64, 0x5f, 0x6c, 0x6f, 0x67, 0x5f, 0x76, 0x70,
  0x72, 0x69, 0x6e, 0x74, 0x00, 0x5f, 0x44, 0x59, 0x4e, 0x41, 0x4d, 0x49,
  0x43, 0x00, 0x00, 0x00, 0x00, 0x00, 0x00, 0x00, 0x00, 0x00, 0x00, 0x00,
  0x00, 0x00, 0x00, 0x00, 0x00, 0x00, 0x00, 0x00, 0x00, 0x00, 0x00, 0x00,
  0x00, 0x00, 0x00, 0x00, 0x00, 0x00, 0x00, 0x00, 0x00, 0x00, 0x00, 0x00,
  0x00, 0x00, 0x00, 0x00, 0x00, 0x00, 0x00, 0x00, 0x00, 0x00, 0x00, 0x00,
  0x00, 0x00, 0x00, 0x00, 0x00, 0x00, 0x00, 0x00, 0x00, 0x00, 0x00, 0x00,
  0x00, 0x00, 0x00, 0x00, 0x00, 0x00, 0x00, 0x00, 0x00, 0x00, 0x00, 0x00,
  0x01, 0x00, 0x00, 0x00, 0x07, 0x00, 0x00, 0x00, 0x02, 0x00, 0x00, 0x00,
  0x00, 0x00, 0x00, 0x00, 0x38, 0x02, 0x00, 0x00, 0x00, 0x00, 0x00, 0x00,
  0x38, 0x02, 0x00, 0x00, 0x00, 0x00, 0x00, 0x00, 0x98, 0x00, 0x00, 0x00,
  0x00, 0x00, 0x00, 0x00, 0x00, 0x00, 0x00, 0x00, 0x00, 0x00, 0x00, 0x00,
  0x04, 0x00, 0x00, 0x00, 0x00, 0x00, 0x00, 0x00, 0x00, 0x00, 0x00, 0x00,
  0x00, 0x00, 0x00, 0x00, 0x15, 0x00, 0x00, 0x00, 0x07, 0x00, 0x00, 0x00,
  0x02, 0x00, 0x00, 0x00, 0x00, 0x00, 0x00, 0x00, 0xd0, 0x02, 0x00, 0x00,
  0x00, 0x00, 0x00, 0x00, 0xd0, 0x02, 0x00, 0x00, 0x00, 0x00, 0x00, 0x00,
  0x24, 0x00, 0x00, 0x00, 0x00, 0x00, 0x00, 0x00, 0x00, 0x00, 0x00, 0x00,
  0x00, 0x00, 0x00, 0x00, 0x04, 0x00, 0x00, 0x00, 0x00, 0x00, 0x00, 0x00,
  0x00, 0x00, 0x00, 0x00, 0x00, 0x00, 0x00, 0x00, 0x28, 0x00, 0x00, 0x00,
  0x0b, 0x00, 0x00, 0x00, 0x02, 0x00, 0x00, 0x00, 0x00, 0x00, 0x00, 0x00,
  0xf8, 0x02, 0x00, 0x00, 0x00, 0x00, 0x00, 0x00, 0xf8, 0x02, 0x00, 0x00,
  0x00, 0x00, 0x00, 0x00, 0x58, 0x08, 0x00, 0x00, 0x00, 0x00, 0x00, 0x00,
  0x07, 0x00, 0x00, 0x00, 0x01, 0x00, 0x00, 0x00, 0x08, 0x00, 0x00, 0x00,
  0x00, 0x00, 0x00, 0x00, 0x18, 0x00, 0x00, 0x00, 0x00, 0x00, 0x00, 0x00,
  0x30, 0x00, 0x00, 0x00, 0xff, 0xff, 0xff, 0x6f, 0x02, 0x00, 0x00, 0x00,
  0x00, 0x00, 0x00, 0x00, 0x50, 0x0b, 0x00, 0x00, 0x00, 0x00, 0x00, 0x00,
  0x50, 0x0b, 0x00, 0x00, 0x00, 0x00, 0x00, 0x00, 0xb2, 0x00, 0x00, 0x00,
  0x00, 0x00, 0x00, 0x00, 0x03, 0x00, 0x00, 0x00, 0x00, 0x00, 0x00, 0x00,
  0x02, 0x00, 0x00, 0x00, 0x00, 0x00, 0x00, 0x00, 0x02, 0x00, 0x00, 0x00,
  0x00, 0x00, 0x00, 0x00, 0x3d, 0x00, 0x00, 0x00, 0xfe, 0xff, 0xff, 0x6f,
  0x02, 0x00, 0x00, 0x00, 0x00, 0x00, 0x00, 0x00, 0x04, 0x0c, 0x00, 0x00,
  0x00, 0x00, 0x00, 0x00, 0x04, 0x0c, 0x00, 0x00, 0x00, 0x00, 0x00, 0x00,
  0x20, 0x00, 0x00, 0x00, 0x00, 0x00, 0x00, 0x00, 0x07, 0x00, 0x00, 0x00,
  0x01, 0x00, 0x00, 0x00, 0x04, 0x00, 0x00, 0x00, 0x00, 0x00, 0x00, 0x00,
  0x00, 0x00, 0x00, 0x00, 0x00, 0x00, 0x00, 0x00, 0x4c, 0x00, 0x00, 0x00,
  0xf6, 0xff, 0xff, 0x6f, 0x02, 0x00, 0x00, 0x00, 0x00, 0x00, 0x00, 0x00,
  0x28, 0x0c, 0x00, 0x00, 0x00, 0x00, 0x00, 0x00, 0x28, 0x0c, 0x00, 0x00,
  0x00, 0x00, 0x00, 0x00, 0x80, 0x01, 0x00, 0x00, 0x00, 0x00, 0x00, 0x00,
  0x03, 0x00, 0x00, 0x00, 0x00, 0x00, 0x00, 0x00, 0x08, 0x00, 0x00, 0x00,
  0x00, 0x00, 0x00, 0x00, 0x00, 0x00, 0x00, 0x00, 0x00, 0x00, 0x00, 0x00,
  0x56, 0x00, 0x00, 0x00, 0x03, 0x00, 0x00, 0x00, 0x02, 0x00, 0x00, 0x00,
  0x00, 0x00, 0x00, 0x00, 0xa8, 0x0d, 0x00, 0x00, 0x00, 0x00, 0x00, 0x00,
  0xa8, 0x0d, 0x00, 0x00, 0x00, 0x00, 0x00, 0x00, 0xd6, 0x05, 0x00, 0x00,
  0x00, 0x00, 0x00, 0x00, 0x00, 0x00, 0x00, 0x00, 0x00, 0x00, 0x00, 0x00,
  0x01, 0x00, 0x00, 0x00, 0x00, 0x00, 0x00, 0x00, 0x00, 0x00, 0x00, 0x00,
  0x00, 0x00, 0x00, 0x00, 0x5e, 0x00, 0x00, 0x00, 0x04, 0x00, 0x00, 0x00,
  0x02, 0x00, 0x00, 0x00, 0x00, 0x00, 0x00, 0x00, 0x80, 0x13, 0x00, 0x00,
  0x00, 0x00, 0x00, 0x00, 0x80, 0x13, 0x00, 0x00, 0x00, 0x00, 0x00, 0x00,
  0x70, 0x02, 0x00, 0x00, 0x00, 0x00, 0x00, 0x00, 0x03, 0x00, 0x00, 0x00,
  0x00, 0x00, 0x00, 0x00, 0x08, 0x00, 0x00, 0x00, 0x00, 0x00, 0x00, 0x00,
  0x18, 0x00, 0x00, 0x00, 0x00, 0x00, 0x00, 0x00, 0x68, 0x00, 0x00, 0x00,
  0x04, 0x00, 0x00, 0x00, 0x42, 0x00, 0x00, 0x00, 0x00, 0x00, 0x00, 0x00,
  0xf0, 0x15, 0x00, 0x00, 0x00, 0x00, 0x00, 0x00, 0xf0, 0x15, 0x00, 0x00,
  0x00, 0x00, 0x00, 0x00, 0x70, 0x05, 0x00, 0x00, 0x00, 0x00, 0x00, 0x00,
  0x03, 0x00, 0x00, 0x00, 0x13, 0x00, 0x00, 0x00, 0x08, 0x00, 0x00, 0x00,
  0x00, 0x00, 0x00, 0x00, 0x18, 0x00, 0x00, 0x00, 0x00, 0x00, 0x00, 0x00,
  0x72, 0x00, 0x00, 0x00, 0x01, 0x00, 0x00, 0x00, 0x32, 0x00, 0x00, 0x00,
  0x00, 0x00, 0x00, 0x00, 0x60, 0x1b, 0x00, 0x00, 0x00, 0x00, 0x00, 0x00,
  0x60, 0x1b, 0x00, 0x00, 0x00, 0x00, 0x00, 0x00, 0x50, 0x0f, 0x00, 0x00,
  0x00, 0x00, 0x00, 0x00, 0x00, 0x00, 0x00, 0x00, 0x00, 0x00, 0x00, 0x00,
  0x04, 0x00, 0x00, 0x00, 0x00, 0x00, 0x00, 0x00, 0x00, 0x00, 0x00, 0x00,
  0x00, 0x00, 0x00, 0x00, 0x7a, 0x00, 0x00, 0x00, 0x01, 0x00, 0x00, 0x00,
  0x02, 0x00, 0x00, 0x00, 0x00, 0x00, 0x00, 0x00, 0xb0, 0x2a, 0x00, 0x00,
  0x00, 0x00, 0x00, 0x00, 0xb0, 0x2a, 0x00, 0x00, 0x00, 0x00, 0x00, 0x00,
  0x8c, 0x01, 0x00, 0x00, 0x00, 0x00, 0x00, 0x00, 0x00, 0x00, 0x00, 0x00,
  0x00, 0x00, 0x00, 0x00, 0x04, 0x00, 0x00, 0x00, 0x00, 0x00, 0x00, 0x00,
  0x00, 0x00, 0x00, 0x00, 0x00, 0x00, 0x00, 0x00, 0x88, 0x00, 0x00, 0x00,
  0x01, 0x00, 0x00, 0x00, 0x02, 0x00, 0x00, 0x00, 0x00, 0x00, 0x00, 0x00,
  0x40, 0x2c, 0x00, 0x00, 0x00, 0x00, 0x00, 0x00, 0x40, 0x2c, 0x00, 0x00,
  0x00, 0x00, 0x00, 0x00, 0xe0, 0x08, 0x00, 0x00, 0x00, 0x00, 0x00, 0x00,
  0x00, 0x00, 0x00, 0x00, 0x00, 0x00, 0x00, 0x00, 0x08, 0x00, 0x00, 0x00,
  0x00, 0x00, 0x00, 0x00, 0x00, 0x00, 0x00, 0x00, 0x00, 0x00, 0x00, 0x00,
  0x92, 0x00, 0x00, 0x00, 0x01, 0x00, 0x00, 0x00, 0x06, 0x00, 0x00, 0x00,
  0x00, 0x00, 0x00, 0x00, 0x20, 0x35, 0x00, 0x00, 0x00, 0x00, 0x00, 0x00,
  0x20, 0x35, 0x00, 0x00, 0x00, 0x00, 0x00, 0x00, 0x44, 0x2a, 0x00, 0x00,
  0x00, 0x00, 0x00, 0x00, 0x00, 0x00, 0x00, 0x00, 0x00, 0x00, 0x00, 0x00,
  0x04, 0x00, 0x00, 0x00, 0x00, 0x00, 0x00, 0x00, 0x00, 0x00, 0x00, 0x00,
  0x00, 0x00, 0x00, 0x00, 0x98, 0x00, 0x00, 0x00, 0x01, 0x00, 0x00, 0x00,
  0x06, 0x00, 0x00, 0x00, 0x00, 0x00, 0x00, 0x00, 0x70, 0x5f, 0x00, 0x00,
  0x00, 0x00, 0x00, 0x00, 0x70, 0x5f, 0x00, 0x00, 0x00, 0x00, 0x00, 0x00,
  0xc0, 0x03, 0x00, 0x00, 0x00, 0x00, 0x00, 0x00, 0x00, 0x00, 0x00, 0x00,
  0x00, 0x00, 0x00, 0x00, 0x10, 0x00, 0x00, 0x00, 0x00, 0x00, 0x00, 0x00,
  0x00, 0x00, 0x00, 0x00, 0x00, 0x00, 0x00, 0x00, 0x9d, 0x00, 0x00, 0x00,
  0x01, 0x00, 0x00, 0x00, 0x03, 0x00, 0x00, 0x00, 0x00, 0x00, 0x00, 0x00,
  0x30, 0xa3, 0x00, 0x00, 0x00, 0x00, 0x00, 0x00, 0x30, 0x63, 0x00, 0x00,
  0x00, 0x00, 0x00, 0x00, 0x80, 0x00, 0x00, 0x00, 0x00, 0x00, 0x00, 0x00,
  0x00, 0x00, 0x00, 0x00, 0x00, 0x00, 0x00, 0x00, 0x08, 0x00, 0x00, 0x00,
  0x00, 0x00, 0x00, 0x00, 0x00, 0x00, 0x00, 0x00, 0x00, 0x00, 0x00, 0x00,
  0xaa, 0x00, 0x00, 0x00, 0x0f, 0x00, 0x00, 0x00, 0x03, 0x00, 0x00, 0x00,
  0x00, 0x00, 0x00, 0x00, 0xb0, 0xa3, 0x00, 0x00, 0x00, 0x00, 0x00, 0x00,
  0xb0, 0x63, 0x00, 0x00, 0x00, 0x00, 0x00, 0x00, 0x10, 0x00, 0x00, 0x00,
  0x00, 0x00, 0x00, 0x00, 0x00, 0x00, 0x00, 0x00, 0x00, 0x00, 0x00, 0x00,
  0x08, 0x00, 0x00, 0x00, 0x00, 0x00, 0x00, 0x00, 0x00, 0x00, 0x00, 0x00,
  0x00, 0x00, 0x00, 0x00, 0xb6, 0x00, 0x00, 0x00, 0x06, 0x00, 0x00, 0x00,
  0x03, 0x00, 0x00, 0x00, 0x00, 0x00, 0x00, 0x00, 0xc0, 0xa3, 0x00, 0x00,
  0x00, 0x00, 0x00, 0x00, 0xc0, 0x63, 0x00, 0x00, 0x00, 0x00, 0x00, 0x00,
  0xa0, 0x01, 0x00, 0x00, 0x00, 0x00, 0x00, 0x00, 0x07, 0x00, 0x00, 0x00,
  0x00, 0x00, 0x00, 0x00, 0x08, 0x00, 0x00, 0x00, 0x00, 0x00, 0x00, 0x00,
  0x10, 0x00, 0x00, 0x00, 0x00, 0x00, 0x00, 0x00, 0xbf, 0x00, 0x00, 0x00,
  0x01, 0x00, 0x00, 0x00, 0x03, 0x00, 0x00, 0x00, 0x00, 0x00, 0x00, 0x00,
  0x60, 0xa5, 0x00, 0x00, 0x00, 0x00, 0x00, 0x00, 0x60, 0x65, 0x00, 0x00,
  0x00, 0x00, 0x00, 0x00, 0x40, 0x00, 0x00, 0x00, 0x00, 0x00, 0x00, 0x00,
  0x00, 0x00, 0x00, 0x00, 0x00, 0x00, 0x00, 0x00, 0x08, 0x00, 0x00, 0x00,
  0x00, 0x00, 0x00, 0x00, 0x00, 0x00, 0x00, 0x00, 0x00, 0x00, 0x00, 0x00,
  0xc4, 0x00, 0x00, 0x00, 0x01, 0x00, 0x00, 0x00, 0x03, 0x00, 0x00, 0x00,
  0x00, 0x00, 0x00, 0x00, 0xa0, 0xa5, 0x00, 0x00, 0x00, 0x00, 0x00, 0x00,
  0xa0, 0x65, 0x00, 0x00, 0x00, 0x00, 0x00, 0x00, 0xe8, 0x01, 0x00, 0x00,
  0x00, 0x00, 0x00, 0x00, 0x00, 0x00, 0x00, 0x00, 0x00, 0x00, 0x00, 0x00,
  0x08, 0x00, 0x00, 0x00, 0x00, 0x00, 0x00, 0x00, 0x00, 0x00, 0x00, 0x00,
  0x00, 0x00, 0x00, 0x00, 0xcd, 0x00, 0x00, 0x00, 0x08, 0x00, 0x00, 0x00,
  0x03, 0x00, 0x00, 0x00, 0x00, 0x00, 0x00, 0x00, 0x88, 0xa7, 0x00, 0x00,
  0x00, 0x00, 0x00, 0x00, 0x88, 0x67, 0x00, 0x00, 0x00, 0x00, 0x00, 0x00,
  0x78, 0x08, 0x00, 0x00, 0x00, 0x00, 0x00, 0x00, 0x00, 0x00, 0x00, 0x00,
  0x00, 0x00, 0x00, 0x00, 0x01, 0x00, 0x00, 0x00, 0x00, 0x00, 0x00, 0x00,
  0x00, 0x00, 0x00, 0x00, 0x00, 0x00, 0x00, 0x00, 0xdc, 0x00, 0x00, 0x00,
  0x01, 0x00, 0x00, 0x00, 0x03, 0x00, 0x00, 0x00, 0x00, 0x00, 0x00, 0x00,
  0x88, 0xe7, 0x00, 0x00, 0x00, 0x00, 0x00, 0x00, 0x88, 0x67, 0x00, 0x00,
  0x00, 0x00, 0x00, 0x00, 0x04, 0x00, 0x00, 0x00, 0x00, 0x00, 0x00, 0x00,
  0x00, 0x00, 0x00, 0x00, 0x00, 0x00, 0x00, 0x00, 0x04, 0x00, 0x00, 0x00,
  0x00, 0x00, 0x00, 0x00, 0x00, 0x00, 0x00, 0x00, 0x00, 0x00, 0x00, 0x00,
  0xe2, 0x00, 0x00, 0x00, 0x08, 0x00, 0x00, 0x00, 0x03, 0x00, 0x00, 0x00,
  0x00, 0x00, 0x00, 0x00, 0x90, 0xe7, 0x00, 0x00, 0x00, 0x00, 0x00, 0x00,
  0x8c, 0x67, 0x00, 0x00, 0x00, 0x00, 0x00, 0x00, 0xa0, 0x03, 0x00, 0x00,
  0x00, 0x00, 0x00, 0x00, 0x00, 0x00, 0x00, 0x00, 0x00, 0x00, 0x00, 0x00,
  0x08, 0x00, 0x00, 0x00, 0x00, 0x00, 0x00, 0x00, 0x00, 0x00, 0x00, 0x00,
  0x00, 0x00, 0x00, 0x00, 0xe7, 0x00, 0x00, 0x00, 0x01, 0x00, 0x00, 0x00,
  0x30, 0x00, 0x00, 0x00, 0x00, 0x00, 0x00, 0x00, 0x00, 0x00, 0x00, 0x00,
  0x00, 0x00, 0x00, 0x00, 0x8c, 0x67, 0x00, 0x00, 0x00, 0x00, 0x00, 0x00,
  0x47, 0x01, 0x00, 0x00, 0x00, 0x00, 0x00, 0x00, 0x00, 0x00, 0x00, 0x00,
  0x00, 0x00, 0x00, 0x00, 0x01, 0x00, 0x00, 0x00, 0x00, 0x00, 0x00, 0x00,
  0x01, 0x00, 0x00, 0x00, 0x00, 0x00, 0x00, 0x00, 0xf0, 0x00, 0x00, 0x00,
  0x01, 0x00, 0x00, 0x00, 0x00, 0x00, 0x00, 0x00, 0x00, 0x00, 0x00, 0x00,
  0x00, 0x00, 0x00, 0x00, 0x00, 0x00, 0x00, 0x00, 0xd3, 0x68, 0x00, 0x00,
  0x00, 0x00, 0x00, 0x00, 0x10, 0x31, 0x00, 0x00, 0x00, 0x00, 0x00, 0x00,
  0x00, 0x00, 0x00, 0x00, 0x00, 0x00, 0x00, 0x00, 0x01, 0x00, 0x00, 0x00,
  0x00, 0x00, 0x00, 0x00, 0x00, 0x00, 0x00, 0x00, 0x00, 0x00, 0x00, 0x00,
  0xfb, 0x00, 0x00, 0x00, 0x01, 0x00, 0x00, 0x00, 0x00, 0x00, 0x00, 0x00,
  0x00, 0x00, 0x00, 0x00, 0x00, 0x00, 0x00, 0x00, 0x00, 0x00, 0x00, 0x00,
  0xe3, 0x99, 0x00, 0x00, 0x00, 0x00, 0x00, 0x00, 0x43, 0x0f, 0x00, 0x00,
  0x00, 0x00, 0x00, 0x00, 0x00, 0x00, 0x00, 0x00, 0x00, 0x00, 0x00, 0x00,
  0x01, 0x00, 0x00, 0x00, 0x00, 0x00, 0x00, 0x00, 0x00, 0x00, 0x00, 0x00,
  0x00, 0x00, 0x00, 0x00, 0x09, 0x01, 0x00, 0x00, 0x01, 0x00, 0x00, 0x00,
  0x00, 0x00, 0x00, 0x00, 0x00, 0x00, 0x00, 0x00, 0x00, 0x00, 0x00, 0x00,
  0x00, 0x00, 0x00, 0x00, 0x26, 0xa9, 0x00, 0x00, 0x00, 0x00, 0x00, 0x00,
  0x07, 0x7a, 0x00, 0x00, 0x00, 0x00, 0x00, 0x00, 0x00, 0x00, 0x00, 0x00,
  0x00, 0x00, 0x00, 0x00, 0x01, 0x00, 0x00, 0x00, 0x00, 0x00, 0x00, 0x00,
  0x00, 0x00, 0x00, 0x00, 0x00, 0x00, 0x00, 0x00, 0x15, 0x01, 0x00, 0x00,
  0x01, 0x00, 0x00, 0x00, 0x00, 0x00, 0x00, 0x00, 0x00, 0x00, 0x00, 0x00,
  0x00, 0x00, 0x00, 0x00, 0x00, 0x00, 0x00, 0x00, 0x2d, 0x23, 0x01, 0x00,
  0x00, 0x00, 0x00, 0x00, 0xe0, 0x06, 0x00, 0x00, 0x00, 0x00, 0x00, 0x00,
  0x00, 0x00, 0x00, 0x00, 0x00, 0x00, 0x00, 0x00, 0x01, 0x00, 0x00, 0x00,
  0x00, 0x00, 0x00, 0x00, 0x00, 0x00, 0x00, 0x00, 0x00, 0x00, 0x00, 0x00,
  0x23, 0x01, 0x00, 0x00, 0x01, 0x00, 0x00, 0x00, 0x30, 0x00, 0x00, 0x00,
  0x00, 0x00, 0x00, 0x00, 0x00, 0x00, 0x00, 0x00, 0x00, 0x00, 0x00, 0x00,
  0x0d, 0x2a, 0x01, 0x00, 0x00, 0x00, 0x00, 0x00, 0x7c, 0x25, 0x00, 0x00,
  0x00, 0x00, 0x00, 0x00, 0x00, 0x00, 0x00, 0x00, 0x00, 0x00, 0x00, 0x00,
  0x01, 0x00, 0x00, 0x00, 0x00, 0x00, 0x00, 0x00, 0x01, 0x00, 0x00, 0x00,
  0x00, 0x00, 0x00, 0x00, 0x2e, 0x01, 0x00, 0x00, 0x01, 0x00, 0x00, 0x00,
  0x00, 0x00, 0x00, 0x00, 0x00, 0x00, 0x00, 0x00, 0x00, 0x00, 0x00, 0x00,
  0x00, 0x00, 0x00, 0x00, 0x89, 0x4f, 0x01, 0x00, 0x00, 0x00, 0x00, 0x00,
  0x7a, 0x38, 0x00, 0x00, 0x00, 0x00, 0x00, 0x00, 0x00, 0x00, 0x00, 0x00,
  0x00, 0x00, 0x00, 0x00, 0x01, 0x00, 0x00, 0x00, 0x00, 0x00, 0x00, 0x00,
  0x00, 0x00, 0x00, 0x00, 0x00, 0x00, 0x00, 0x00, 0x3a, 0x01, 0x00, 0x00,
  0x02, 0x00, 0x00, 0x00, 0x00, 0x00, 0x00, 0x00, 0x00, 0x00, 0x00, 0x00,
  0x00, 0x00, 0x00, 0x00, 0x00, 0x00, 0x00, 0x00, 0x08, 0x88, 0x01, 0x00,
  0x00, 0x00, 0x00, 0x00, 0x68, 0x16, 0x00, 0x00, 0x00, 0x00, 0x00, 0x00,
  0x20, 0x00, 0x00, 0x00, 0x97, 0x00, 0x00, 0x00, 0x08, 0x00, 0x00, 0x00,
  0x00, 0x00, 0x00, 0x00, 0x18, 0x00, 0x00, 0x00, 0x00, 0x00, 0x00, 0x00,
  0x42, 0x01, 0x00, 0x00, 0x03, 0x00, 0x00, 0x00, 0x00, 0x00, 0x00, 0x00,
  0x00, 0x00, 0x00, 0x00, 0x00, 0x00, 0x00, 0x00, 0x00, 0x00, 0x00, 0x00,
  0x70, 0x9e, 0x01, 0x00, 0x00, 0x00, 0x00, 0x00, 0x54, 0x01, 0x00, 0x00,
  0x00, 0x00, 0x00, 0x00, 0x00, 0x00, 0x00, 0x00, 0x00, 0x00, 0x00, 0x00,
  0x01, 0x00, 0x00, 0x00, 0x00, 0x00, 0x00, 0x00, 0x00, 0x00, 0x00, 0x00,
  0x00, 0x00, 0x00, 0x00, 0x4c, 0x01, 0x00, 0x00, 0x03, 0x00, 0x00, 0x00,
  0x00, 0x00, 0x00, 0x00, 0x00, 0x00, 0x00, 0x00, 0x00, 0x00, 0x00, 0x00,
  0x00, 0x00, 0x00, 0x00, 0xc4, 0x9f, 0x01, 0x00, 0x00, 0x00, 0x00, 0x00,
  0xbe, 0x08, 0x00, 0x00, 0x00, 0x00, 0x00, 0x00, 0x00, 0x00, 0x00, 0x00,
  0x00, 0x00, 0x00, 0x00, 0x01, 0x00, 0x00, 0x00, 0x00, 0x00, 0x00, 0x00,
  0x00, 0x00, 0x00, 0x00, 0x00, 0x00, 0x00, 0x00
};

unsigned int libserver_k_so_len = 110792;

#endif // LIBSERVER_K_SO_H